CreationDate,Creator,EditDate,Editor,alertpull,basin,gauge,globalid,majorpull,minorpull,objectid,rain_fall,water_level
2026-08-13T05:53:30.381000+00:00,,2026-08-13T05:53:30.381000+00:00,,3,Mahaweli Ganga,Manampitiya,f9551cc7-b5de-4821-a542-d0b7f89bf27e,6,4.3,1475346,0,-0.08
2026-08-13T05:48:48.939000+00:00,,2026-08-13T05:48:48.939000+00:00,,2.5,Nilwala Ganga,Urawa,fd0d5923-b39e-4036-90b6-4f8813452c1d,6,4,1475345,0,0.07
2026-08-13T05:41:05.282000+00:00,,2026-08-13T05:41:05.282000+00:00,,5.2,Kalu Ganga,Rathnapura,a07f40b4-7334-41ae-ac0f-4fa6864769a5,9.5,7.5,1475344,0,1.31
2026-08-13T05:39:38.049000+00:00,,2026-08-13T05:39:38.049000+00:00,,4.5,Heda Oya,Siyambalanduwa,fd5471d4-5c29-440a-8d61-28c0ba2c9074,7,6,1475343,0,0.22
2026-08-13T05:39:26.351000+00:00,,2026-08-13T05:39:26.351000+00:00,,3.5,Gin Ganga,Baddegama,a9bd5e6e-5dc9-4515-bcc2-7db8b45ca03f,5,4,1475342,0,1.25
2026-08-13T05:38:48.247000+00:00,,2026-08-13T05:38:48.247000+00:00,,15,Kelani Ganga,Glencourse,fb35d9e7-9513-42d2-9c16-1ac9eaccae3d,19,15.5,1475341,1.8,10.2
2026-08-13T05:38:32.763000+00:00,,2026-08-13T05:38:32.763000+00:00,,4,Kalu Ganga,Magura,6147e5cb-5b31-4db1-89a4-9ada33c9ffef,7.5,6,1475340,0,1.45
2026-08-13T05:38:21.225000+00:00,,2026-08-13T05:38:21.225000+00:00,,3,Mahaweli Ganga,Thaldena,f2016519-9c09-4da8-93fc-1806fe42916e,5,4,1475339,0,0.2
2026-08-13T05:38:04.780000+00:00,,2026-08-13T05:38:04.780000+00:00,,5,Mahaweli Ganga,Peradeniya,90fc25bd-a296-44c2-a48a-67e7bf58bb5d,9,7,1475338,0,3.22
2026-08-13T05:37:47.289000+00:00,,2026-08-13T05:37:47.289000+00:00,,4,Gin Ganga,Thawalama,850b08d5-22a9-48de-8217-dc8e11ad598d,7.5,6,1475337,0,1.6
2026-08-13T05:37:35.695000+00:00,,2026-08-13T05:37:35.695000+00:00,,4.75,Deduru Oya,Moragaswewa,1c49240a-9837-4e81-8530-3257a85e04e5,7,6,1475336,0,0.01
2026-08-13T05:37:32.862000+00:00,,2026-08-13T05:37:32.862000+00:00,,3,Kelani Ganga,Holombuwa,3a0f8004-0fb3-42ae-a974-40e092627770,6,4,1475335,3.9,0.43
2026-08-13T05:37:29.435000+00:00,,2026-08-13T05:37:29.435000+00:00,,1.4,Nilwala Ganga,Thalgahagoda,3e7b2644-2525-49cd-ad10-dcf7e5df96f1,2.8,1.7,1475334,0,0.33
2026-08-13T05:36:51.005000+00:00,,2026-08-13T05:36:51.005000+00:00,,10,Kalu Ganga,Ellagawa,a5bb6b41-de7e-4a77-b30a-9dc21016fcfe,12.2,10.7,1475333,0.4,4.92
2026-08-13T05:35:55.964000+00:00,,2026-08-13T05:35:55.964000+00:00,,5,Maha Oya,Badalgama,32e9b233-69e0-4a99-9e8d-bd36d9822de5,9.6,6.2,1475332,0,2
2026-08-13T05:34:50.978000+00:00,,2026-08-13T05:34:50.978000+00:00,,3,Kelani Ganga,Kithulgala,7719d3b4-4807-4f8c-a4d1-402b3c32d5d2,6,4,1475331,0,2.08
2026-08-13T05:34:43.011000+00:00,,2026-08-13T05:34:43.011000+00:00,,5,Nilwala Ganga,Panadugama,1e8df2b2-aa45-41ec-a196-d92b8d4c9506,7.5,6,1475330,0,2.71
2026-08-13T05:34:40.092000+00:00,,2026-08-13T05:34:40.092000+00:00,,4,Ma Oya,Yaka Wewa,23f7a98b-7418-482a-b8e8-7f8c3f4ea91a,6,5,1475329,0,0.42
2026-08-13T05:34:32.842000+00:00,,2026-08-13T05:34:32.842000+00:00,,6,Yan Oya,Horowpothana,4e4e61af-25c3-452c-8b64-de2fb87aa5d3,10.5,7.5,1475328,0,1.66
2026-08-13T05:34:22.373000+00:00,,2026-08-13T05:34:22.373000+00:00,,5.5,Maha Oya,Giriulla,834df00c-31cb-48b5-bcf6-df491c8d30fc,7.5,6.5,1475327,0,0.94
2026-08-13T05:34:05.136000+00:00,,2026-08-13T05:34:05.136000+00:00,,4,Maduru Oya,Padiyathalawa,3408ae02-c711-422a-abc6-7c3947fc56b1,6,4.5,1475326,0,0.02
2026-08-13T05:33:48.182000+00:00,,2026-08-13T05:33:48.182000+00:00,,4,Kirindi Oya,Thanamalwila,729b1fa8-bd66-45b8-a632-3f880ca9030e,5.5,5,1475325,0,0.21
2026-08-13T05:33:19.913000+00:00,,2026-08-13T05:33:19.913000+00:00,,4.84,Mee Oya,Galgamuwa,6a6199be-d80e-4a43-8315-ebbc5aad40c2,8,5.94,1475324,0,0.1
2026-08-13T05:33:16.788000+00:00,,2026-08-13T05:33:16.788000+00:00,,4.8,Kelani Ganga,Deraniyagala,ba994cab-ab3f-4b13-aa04-22ba6bb726a0,7,5.8,1475323,4.1,0.8
2026-08-13T05:33:15.198000+00:00,,2026-08-13T05:33:15.198000+00:00,,4,Menik Ganga,Katharagama,fd6d7a96-ec0a-4f45-9190-1cfe3d699fba,6.5,4.6,1475322,0,-0.26
2026-08-13T05:33:10.019000+00:00,,2026-08-13T05:33:10.019000+00:00,,3.5,Mahaweli Ganga,Nawalapitiya,0f27d02b-61d1-4604-908b-18b3ac40d03a,6,5,1475321,0.3,1.54
2026-08-13T05:32:59.260000+00:00,,2026-08-13T05:32:59.260000+00:00,,6.5,Kelani Ganga,Hanwella,449c4eea-f907-45b6-9ccc-30870b65c779,9.5,7.5,1475320,0,1.76
2026-08-13T05:32:52.142000+00:00,,2026-08-13T05:32:52.142000+00:00,,3.3,Aththanagalu Oya,Dunamale,1400c15e-c344-4946-bd5d-834e68ee8f48,5.5,4.4,1475319,0,0.52
2026-08-13T05:32:31.186000+00:00,,2026-08-13T05:32:31.186000+00:00,,1.5,Kelani Ganga,Norwood,8b088e68-0df3-4bae-a13c-1e4dae6fa383,4.5,3,1475318,1.5,0.74
2026-08-13T05:32:22.479000+00:00,,2026-08-13T05:32:22.479000+00:00,,4.4,Kirindi Oya,Wellawaya,bd1a6e89-5561-47a1-8af0-2bfb85f4a64f,5.9,5.4,1475317,0,0.63
2026-08-13T05:32:17.834000+00:00,,2026-08-13T05:32:17.834000+00:00,,5,Kalu Ganga,Kalawellawa (Millakanda),ea9d7b00-f6f0-4919-b09b-1535f3dd590c,8,6.5,1475316,0,2.52
2026-08-13T05:32:00.973000+00:00,,2026-08-13T05:32:00.973000+00:00,,,Gal Oya,Ampara,6c7c2c4a-c34b-46f7-b39f-6266d7d23d7c,,,1475315,0,0
2026-08-13T05:31:58.603000+00:00,,2026-08-13T05:31:58.603000+00:00,,4,Kelani Ganga,Nagalagam Street,3a2ee4c1-0f66-44e9-ba68-dd41de01116c,7,5,1475314,0,1
2026-08-13T05:31:54.958000+00:00,,2026-08-13T05:31:54.958000+00:00,,6.9,Kirindi Oya,Kuda Oya,b45165a6-eadf-489e-9d67-2907c237dc12,8.8,8.4,1475313,0,0.93
2026-08-13T05:31:52.726000+00:00,,2026-08-13T05:31:52.726000+00:00,,5,Mahaweli Ganga,Weraganthota,2d78f2a3-7418-4a6b-98f6-2ba3112403ec,8,6,1475312,0,-3.31
2026-08-13T05:31:18.651000+00:00,,2026-08-13T05:31:18.651000+00:00,,4,Nilwala Ganga,Pitabeddara,c1348c79-49d5-4ae0-ba8c-f7e9cf594671,6.5,5,1475311,0,0.6
2026-08-13T05:31:12.541000+00:00,,2026-08-13T05:31:12.541000+00:00,,5,Malwathu Oya,Thanthirimale,427a81b2-b052-4e34-bca8-7b3e6c81c939,7.8,6.8,1475310,0,0.86
2026-08-13T05:30:56.939000+00:00,,2026-08-13T05:30:56.939000+00:00,,3,Kalu Ganga,Putupaula,9d5e0a66-193a-4d92-af54-8e38d9c7ba24,5,4,1475309,0,0.31
2026-08-13T05:30:47.139000+00:00,,2026-08-13T05:30:47.139000+00:00,,3,Walawe Ganga,Moraketiya,46447fd4-ce3d-4af0-9207-2ae2c6c997ec,7,5,1475308,0,0.67
2026-08-13T05:30:09.151000+00:00,,2026-08-13T05:30:09.151000+00:00,,5,Kumbukkan Oya,Nakkala,4ba4b62d-71fd-424e-87a8-04f25ae3a75d,7.5,6,1475307,0,0.69
2026-08-13T05:12:06.017000+00:00,,2026-08-13T05:12:06.017000+00:00,,2.5,Nilwala Ganga,Urawa,e7628cc0-a4d6-48ba-837e-018f090ed852,6,4,1475306,0,0.08
2026-08-13T04:53:28.949000+00:00,,2026-08-13T04:53:28.949000+00:00,,4.75,Deduru Oya,Moragaswewa,d9c3d796-230b-4193-bf55-e420a71f9e0d,7,6,1475305,0,0
2026-08-13T04:43:37.252000+00:00,,2026-08-13T04:43:37.252000+00:00,,5.2,Kalu Ganga,Rathnapura,b066a6e1-e846-4b54-91c9-e70b6abefe37,9.5,7.5,1475304,0,1.31
2026-08-13T04:39:51.359000+00:00,,2026-08-13T04:39:51.359000+00:00,,3,Mahaweli Ganga,Thaldena,7c77789b-3071-4269-aadf-b2b81510c301,5,4,1475303,0,0.2
2026-08-13T04:39:40.508000+00:00,,2026-08-13T04:39:40.508000+00:00,,5,Malwathu Oya,Thanthirimale,e7a03bc3-9c8f-471d-9be9-770827854ee1,7.8,6.8,1475302,0,0.86
2026-08-13T04:39:18.653000+00:00,,2026-08-13T04:39:18.653000+00:00,,5,Nilwala Ganga,Panadugama,05b4a2ed-0d42-4a7e-a44e-14bb1d14e8f0,7.5,6,1475301,0,2.71
2026-08-13T04:38:34.539000+00:00,,2026-08-13T04:38:34.539000+00:00,,4,Kalu Ganga,Magura,c54081d1-6802-4df7-bb1a-305bf112c869,7.5,6,1475300,0,1.47
2026-08-13T04:37:12.124000+00:00,,2026-08-13T04:37:12.124000+00:00,,15,Kelani Ganga,Glencourse,86e0c977-6c4c-4140-9218-69865224e7f3,19,15.5,1475299,0.5,10.23
2026-08-13T04:36:07.540000+00:00,,2026-08-13T04:36:07.540000+00:00,,4,Menik Ganga,Katharagama,9be2bdd4-aa30-4851-b340-5b8887430d04,6.5,4.6,1475298,0,-0.26
2026-08-13T04:36:06.322000+00:00,,2026-08-13T04:36:06.322000+00:00,,1.4,Nilwala Ganga,Thalgahagoda,42145620-534c-49e0-99c6-90d71f0e042d,2.8,1.7,1475297,0,0.33
2026-08-13T04:35:51.811000+00:00,,2026-08-13T04:35:51.811000+00:00,,5,Mahaweli Ganga,Peradeniya,b6d79944-df43-466c-aeba-478a79f98f21,9,7,1475296,0,3.23
2026-08-13T04:35:46.837000+00:00,,2026-08-13T04:35:46.837000+00:00,,4,Gin Ganga,Thawalama,95d01336-4ded-424d-ad14-e58846565e92,7.5,6,1475295,0,1.57
2026-08-13T04:35:39.939000+00:00,,2026-08-13T04:35:39.939000+00:00,,5,Maha Oya,Badalgama,5459a278-4228-462c-91d4-13d3994045ba,9.6,6.2,1475294,0,2
2026-08-13T04:35:30.556000+00:00,,2026-08-13T04:35:30.556000+00:00,,3.5,Gin Ganga,Baddegama,b62543fd-9e2c-4eb7-8f80-97525a1ed153,5,4,1475293,0,1.27
2026-08-13T04:35:09.748000+00:00,,2026-08-13T04:35:09.748000+00:00,,3,Kelani Ganga,Holombuwa,31da72fa-0248-4cd3-b44d-9fb687614368,6,4,1475292,0,0.43
2026-08-13T04:34:46.741000+00:00,,2026-08-13T04:34:46.741000+00:00,,5,Kalu Ganga,Kalawellawa (Millakanda),f6b3075e-1c9a-425c-9688-a4293c982023,8,6.5,1475291,0,2.46
2026-08-13T04:34:32.788000+00:00,,2026-08-13T04:34:32.788000+00:00,,,Gal Oya,Ampara,f99a83a0-1403-49f9-8b76-f58c6630e132,,,1475290,0,0
2026-08-13T04:34:14.707000+00:00,,2026-08-13T04:34:14.707000+00:00,,4,Maduru Oya,Padiyathalawa,d8192114-85db-4dbd-bef3-810198eb3b6d,6,4.5,1475289,0,0.03
2026-08-13T04:34:09.146000+00:00,,2026-08-13T04:34:09.146000+00:00,,3,Kelani Ganga,Kithulgala,bdb7b96a-ebe5-4e39-87ea-5892c36a0645,6,4,1475288,0.5,2
2026-08-13T04:33:57.027000+00:00,,2026-08-13T04:33:57.027000+00:00,,6.5,Kelani Ganga,Hanwella,4e1899ea-427c-4a0b-86f0-d7a2eaaacd7d,9.5,7.5,1475287,0,1.77
2026-08-13T04:33:55.197000+00:00,,2026-08-13T04:33:55.197000+00:00,,3.5,Mahaweli Ganga,Nawalapitiya,7d9eba44-0488-481a-9d7a-9358cacb8bb4,6,5,1475286,0.2,1.54
2026-08-13T04:33:47.384000+00:00,,2026-08-13T04:33:47.384000+00:00,,4,Kirindi Oya,Thanamalwila,381a8d3c-0a3a-425f-ba0a-2efbd7762f69,5.5,5,1475285,0,0.21
2026-08-13T04:33:29.706000+00:00,,2026-08-13T04:33:29.706000+00:00,,1.5,Kelani Ganga,Norwood,22d286ff-612a-49a6-9ae4-7ef9ccd474b8,4.5,3,1475284,0,0.74
2026-08-13T04:33:04.869000+00:00,,2026-08-13T04:33:04.869000+00:00,,10,Kalu Ganga,Ellagawa,fe827e12-de6f-4239-a7af-383ad2486985,12.2,10.7,1475283,0,4.93
2026-08-13T04:33:03.689000+00:00,,2026-08-13T04:33:03.689000+00:00,,3.3,Aththanagalu Oya,Dunamale,3db0edf5-5a3e-4f52-89d3-c35c0bae75f4,5.5,4.4,1475282,0,0.52
2026-08-13T04:32:55.260000+00:00,,2026-08-13T04:32:55.260000+00:00,,4,Nilwala Ganga,Pitabeddara,f39044f5-3800-4c15-867c-76a24797b4bf,6.5,5,1475281,0,0.62
2026-08-13T04:32:18.864000+00:00,,2026-08-13T04:32:18.864000+00:00,,4.8,Kelani Ganga,Deraniyagala,51ce923d-7e53-42e7-9d91-a5870917ac95,7,5.8,1475280,0,0.85
2026-08-13T04:32:08.999000+00:00,,2026-08-13T04:32:08.999000+00:00,,5.5,Maha Oya,Giriulla,13209e81-02a7-41c4-820f-7a67960d2aed,7.5,6.5,1475279,0,0.94
2026-08-13T04:32:02.150000+00:00,,2026-08-13T04:32:02.150000+00:00,,4,Ma Oya,Yaka Wewa,4d72708f-5890-4279-9297-13ceb0e405ab,6,5,1475278,0,0.42
2026-08-13T04:31:59.359000+00:00,,2026-08-13T04:31:59.359000+00:00,,4.4,Kirindi Oya,Wellawaya,c45fd1fe-fd49-4a9b-9693-564cbb79826a,5.9,5.4,1475277,0,0.63
2026-08-13T04:31:42.438000+00:00,,2026-08-13T04:31:42.438000+00:00,,4,Kelani Ganga,Nagalagam Street,56dd5738-adf2-4370-b158-516ef347d5e7,7,5,1475276,0,0.6
2026-08-13T04:31:34.070000+00:00,,2026-08-13T04:31:34.070000+00:00,,4.84,Mee Oya,Galgamuwa,ba1d0414-fd0f-4e4b-88a0-c5b9dbace500,8,5.94,1475275,0,0.1
2026-08-13T04:31:10.823000+00:00,,2026-08-13T04:31:10.823000+00:00,,3,Kalu Ganga,Putupaula,668bed95-3bdb-47ba-9c5c-891982c88a2c,5,4,1475274,0,0.3
2026-08-13T04:31:01.363000+00:00,,2026-08-13T04:31:01.363000+00:00,,3,Walawe Ganga,Moraketiya,aa12711e-2d9d-4118-b12c-e75c7c1643b3,7,5,1475273,0,0.67
2026-08-13T04:30:52.867000+00:00,,2026-08-13T04:30:52.867000+00:00,,5,Mahaweli Ganga,Weraganthota,919f85c7-b8f6-439e-937e-0f002f982cab,8,6,1475272,0,-3.31
2026-08-13T04:30:30.762000+00:00,,2026-08-13T04:30:30.762000+00:00,,6,Yan Oya,Horowpothana,488166a2-f4f6-4329-89fd-43a3d350b5f1,10.5,7.5,1475271,0,1.66
2026-08-13T04:30:26.765000+00:00,,2026-08-13T04:30:26.765000+00:00,,3,Mahaweli Ganga,Manampitiya,93938efe-64cb-4fea-a718-ecf2199cc9dc,6,4.3,1475270,0,-0.06
2026-08-13T04:30:24.206000+00:00,,2026-08-13T04:30:24.206000+00:00,,5,Kumbukkan Oya,Nakkala,13776e57-c642-40ab-a6fd-ccf27ab55980,7.5,6,1475269,0,0.7
2026-08-13T04:30:04.604000+00:00,,2026-08-13T04:30:04.604000+00:00,,4.5,Heda Oya,Siyambalanduwa,f5cf0b38-6748-4ee3-8542-88ea96871d58,7,6,1475268,0,0.22
2026-08-13T04:29:45.269000+00:00,,2026-08-13T04:29:45.269000+00:00,,6.9,Kirindi Oya,Kuda Oya,c95bea4d-4139-4507-9955-a7d53d63fa07,8.8,8.4,1475267,0,0.93
2026-08-13T03:37:19.678000+00:00,,2026-08-13T03:37:19.678000+00:00,,15,Kelani Ganga,Glencourse,38d99e93-5d27-4556-8ac7-3c06f8a6aee4,19,15.5,1475266,0.8,10.25
2026-08-13T03:37:02.402000+00:00,,2026-08-13T03:37:02.402000+00:00,,1.4,Nilwala Ganga,Thalgahagoda,b5a1a368-2350-44c2-9a40-b3cc17576f13,2.8,1.7,1475265,0,0.33
2026-08-13T03:36:55.268000+00:00,,2026-08-13T03:36:55.268000+00:00,,3.5,Gin Ganga,Baddegama,5a8a4603-9a11-484b-95a4-ed6fe629bc64,5,4,1475264,0,1.29
2026-08-13T03:35:51.579000+00:00,,2026-08-13T03:35:51.579000+00:00,,2.5,Nilwala Ganga,Urawa,cb27c31d-e8ad-4473-ab43-4832e48e37fc,6,4,1475263,0,0.09
2026-08-13T03:35:43.508000+00:00,,2026-08-13T03:35:43.508000+00:00,,4,Kalu Ganga,Magura,87c6e38f-8507-435c-83f1-4c24bb8205a7,7.5,6,1475262,1.7,1.48
2026-08-13T03:35:38.500000+00:00,,2026-08-13T03:35:38.500000+00:00,,5,Maha Oya,Badalgama,6a8d810a-6287-4429-ba29-ca701eabc2df,9.6,6.2,1475261,0,1.98
2026-08-13T03:35:23.245000+00:00,,2026-08-13T03:35:23.245000+00:00,,4.84,Mee Oya,Galgamuwa,ff7448f1-d10e-4aa9-a902-3968b4118e08,8,5.94,1475260,0,0.1
2026-08-13T03:35:14.107000+00:00,,2026-08-13T03:35:14.107000+00:00,,4,Maduru Oya,Padiyathalawa,ed9f5696-cc70-4bde-a8f6-2b3e4ead4f80,6,4.5,1475259,0,0.03
2026-08-13T03:35:05.788000+00:00,,2026-08-13T03:35:05.788000+00:00,,5,Nilwala Ganga,Panadugama,7de70fd9-2ce4-4a75-b3c5-e887f16592bb,7.5,6,1475258,0,2.71
2026-08-13T03:34:54.309000+00:00,,2026-08-13T03:34:54.309000+00:00,,3,Kelani Ganga,Holombuwa,a4ad4766-092e-468d-aaf4-03f40fe2c92b,6,4,1475257,0,0.43
2026-08-13T03:34:19.916000+00:00,,2026-08-13T03:34:19.916000+00:00,,3.5,Mahaweli Ganga,Nawalapitiya,7da0ef08-b6d4-4e4b-9425-9059d6007fe3,6,5,1475256,1.7,1.54
2026-08-13T03:34:18.481000+00:00,,2026-08-13T03:34:18.481000+00:00,,4,Kirindi Oya,Thanamalwila,ff552f70-ff95-4b1d-be6d-27ac8ef3fa60,5.5,5,1475255,0,0.21
2026-08-13T03:34:16.759000+00:00,,2026-08-13T03:34:16.759000+00:00,,3,Kalu Ganga,Putupaula,1acffb1f-110c-441a-8b5e-359e2cc834ef,5,4,1475254,0,0.35
2026-08-13T03:34:07.136000+00:00,,2026-08-13T03:34:07.136000+00:00,,3,Kelani Ganga,Kithulgala,d891e837-0320-4320-993d-77834f34bf2c,6,4,1475253,0,1.86
2026-08-13T03:33:39.588000+00:00,,2026-08-13T03:33:39.588000+00:00,,3.3,Aththanagalu Oya,Dunamale,987654b9-9049-46ad-96ed-eed4f4830ca2,5.5,4.4,1475252,0.2,0.52
2026-08-13T03:33:27.897000+00:00,,2026-08-13T03:33:27.897000+00:00,,6.5,Kelani Ganga,Hanwella,91e85ee1-8c6f-4c62-bb95-6cb016430c70,9.5,7.5,1475251,0,1.77
2026-08-13T03:32:54.075000+00:00,,2026-08-13T03:32:54.075000+00:00,,10,Kalu Ganga,Ellagawa,850ced04-7d63-4ceb-91d1-e35f0fc2205e,12.2,10.7,1475250,0,4.94
2026-08-13T03:32:53.490000+00:00,,2026-08-13T03:32:53.490000+00:00,,3,Mahaweli Ganga,Manampitiya,e2c20357-d9d3-4992-af6a-99cfa3b5075c,6,4.3,1475249,0,-0.04
2026-08-13T03:32:47.833000+00:00,,2026-08-13T03:32:47.833000+00:00,,4,Menik Ganga,Katharagama,3b891329-2368-4326-b5c0-6851f1cde9f7,6.5,4.6,1475248,0,-0.26
2026-08-13T03:32:46.928000+00:00,,2026-08-13T03:32:46.928000+00:00,,4,Ma Oya,Yaka Wewa,211f6aab-1c02-4ec1-907f-5e5cd8c298f3,6,5,1475247,0,0.42
2026-08-13T03:32:44.946000+00:00,,2026-08-13T03:32:44.946000+00:00,,5,Kalu Ganga,Kalawellawa (Millakanda),fe82a7b2-d13e-4c2c-91ea-178feb70bb8d,8,6.5,1475246,0,2.41
2026-08-13T03:32:24.839000+00:00,,2026-08-13T03:32:24.839000+00:00,,4,Gin Ganga,Thawalama,a8403398-165e-4276-a42b-0851c4c6d347,7.5,6,1475245,0,1.58
2026-08-13T03:32:23.474000+00:00,,2026-08-13T03:32:23.474000+00:00,,5.2,Kalu Ganga,Rathnapura,e4e6a145-25e5-4267-ac41-d12a3928d8b8,9.5,7.5,1475244,0,1.32
2026-08-13T03:32:22.088000+00:00,,2026-08-13T03:32:22.088000+00:00,,5.5,Maha Oya,Giriulla,658f5f81-e155-483b-aaf5-d0cfbe678f7c,7.5,6.5,1475243,0,0.94
2026-08-13T03:32:20.947000+00:00,,2026-08-13T03:32:20.947000+00:00,,4.8,Kelani Ganga,Deraniyagala,fa5932dc-547c-4da9-bd0f-6a759979c746,7,5.8,1475242,0,0.85
2026-08-13T03:32:14.008000+00:00,,2026-08-13T03:32:14.008000+00:00,,1.5,Kelani Ganga,Norwood,2b8aa25f-df65-4b16-bcb0-fde6bf02f3b0,4.5,3,1475241,0,0.74
2026-08-13T03:32:05.129000+00:00,,2026-08-13T03:32:05.129000+00:00,,4.4,Kirindi Oya,Wellawaya,d1787b96-6ee6-47f9-a747-6fb523c25159,5.9,5.4,1475240,0,0.63
2026-08-13T03:31:57.741000+00:00,,2026-08-13T03:31:57.741000+00:00,,4,Kelani Ganga,Nagalagam Street,9fb57630-57a7-4711-8075-82e0782be26b,7,5,1475239,0,0.45
2026-08-13T03:31:57.330000+00:00,,2026-08-13T03:31:57.330000+00:00,,5,Mahaweli Ganga,Peradeniya,064949db-66f4-4032-a15a-ae015287c9a6,9,7,1475238,0,3.24
2026-08-13T03:31:56.167000+00:00,,2026-08-13T03:31:56.167000+00:00,,5,Kumbukkan Oya,Nakkala,d9136830-bb2e-44ea-9201-655a9b1a036d,7.5,6,1475237,0,0.72
2026-08-13T03:31:55.296000+00:00,,2026-08-13T03:31:55.296000+00:00,,5,Malwathu Oya,Thanthirimale,2b0ccda7-990f-4620-bfcd-d1d274151431,7.8,6.8,1475236,0,0.86
2026-08-13T03:31:48.384000+00:00,,2026-08-13T03:31:48.384000+00:00,,,Gal Oya,Ampara,39114865-a3d4-4583-8c4f-c455cacf8e5a,,,1475235,0,0
2026-08-13T03:31:45.763000+00:00,,2026-08-13T03:31:45.763000+00:00,,6.9,Kirindi Oya,Kuda Oya,a5e02de3-c42f-49aa-b9f7-c95721c86630,8.8,8.4,1475234,0,0.93
2026-08-13T03:31:21.014000+00:00,,2026-08-13T03:31:21.014000+00:00,,4.75,Deduru Oya,Moragaswewa,0f5833c4-ca71-4be1-a868-6335339bda8c,7,6,1475233,0,0
2026-08-13T03:30:57.579000+00:00,,2026-08-13T03:30:57.579000+00:00,,3,Mahaweli Ganga,Thaldena,8203deed-b375-401b-be76-5019a20e6f2a,5,4,1475232,0,0.2
2026-08-13T03:30:28.061000+00:00,,2026-08-13T03:30:28.061000+00:00,,3,Walawe Ganga,Moraketiya,82158398-3553-4e3c-a8ee-6d2e08ab51cd,7,5,1475231,0,0.66
2026-08-13T03:30:22.804000+00:00,,2026-08-13T03:30:22.804000+00:00,,5,Mahaweli Ganga,Weraganthota,9bf1dfb1-3dec-4451-b938-9dfd8e126f8e,8,6,1475230,0,-3.26
2026-08-13T03:30:19.878000+00:00,,2026-08-13T03:30:19.878000+00:00,,4.5,Heda Oya,Siyambalanduwa,01c2e8bd-f8f3-42f3-af51-969a37f52f51,7,6,1475229,0,0.22
2026-08-13T03:30:11.625000+00:00,,2026-08-13T03:30:11.625000+00:00,,6,Yan Oya,Horowpothana,d5448dd8-6496-4a65-941c-e7f2ba5cdd9d,10.5,7.5,1475228,0,1.66
2026-08-13T03:29:18.039000+00:00,,2026-08-13T03:29:18.039000+00:00,,6,Yan Oya,Horowpothana,8b7c2a31-cd2a-491f-888f-bc4dfb991e36,10.5,7.5,1475227,0,1.66
2026-08-13T02:50:44.119000+00:00,,2026-08-13T02:50:44.119000+00:00,,4.75,Deduru Oya,Moragaswewa,e25b8ca1-117e-4dea-905d-31f17cf1bebd,7,6,1475226,0,0
2026-08-13T02:42:14.113000+00:00,,2026-08-13T02:42:14.113000+00:00,,5,Mahaweli Ganga,Peradeniya,5fd52da7-711a-4803-b402-2d842624f974,9,7,1475225,0,3.24
2026-08-13T02:42:02.809000+00:00,,2026-08-13T02:42:02.809000+00:00,,3.5,Gin Ganga,Baddegama,9bc934ed-b417-4576-a59e-de52bfaa3999,5,4,1475224,0,1.31
2026-08-13T02:40:43.782000+00:00,,2026-08-13T02:40:43.782000+00:00,,4.84,Mee Oya,Galgamuwa,1f029a0b-9597-4b37-b3a4-2b09a4dca40c,8,5.94,1475223,0,0.1
2026-08-13T02:39:47.548000+00:00,,2026-08-13T02:39:47.548000+00:00,,1.4,Nilwala Ganga,Thalgahagoda,a37cac9c-c78d-4aa3-844c-b246d61e7dd2,2.8,1.7,1475222,1,0.36
2026-08-13T02:37:53.822000+00:00,,2026-08-13T02:37:53.822000+00:00,,4,Nilwala Ganga,Pitabeddara,180f5ce5-f0b4-4e05-8bf8-dd68a2901476,6.5,5,1475221,0,0.63
2026-08-13T02:37:40.058000+00:00,,2026-08-13T02:37:40.058000+00:00,,3,Kalu Ganga,Putupaula,bf0b7c09-ff18-402b-b065-c0394f265c0b,5,4,1475220,0,0.43
2026-08-13T02:37:38.904000+00:00,,2026-08-13T02:37:38.904000+00:00,,4,Ma Oya,Yaka Wewa,3a3262a4-cc33-41f1-8be2-a71f0d787cd4,6,5,1475219,0,0.42
2026-08-13T02:37:27.661000+00:00,,2026-08-13T02:37:27.661000+00:00,,5,Nilwala Ganga,Panadugama,960a58ad-9689-4334-b16b-5f18fb48551b,7.5,6,1475218,0,2.7
2026-08-13T02:36:41.359000+00:00,,2026-08-13T02:36:41.359000+00:00,,3,Walawe Ganga,Moraketiya,e36840e1-5e8a-4e0d-a41e-258856b9c05e,7,5,1475217,0,0.65
2026-08-13T02:35:50.988000+00:00,,2026-08-13T02:35:50.988000+00:00,,3,Kelani Ganga,Holombuwa,80694bd2-f86d-489c-9e37-36f6370dad2d,6,4,1475216,0,0.43
2026-08-13T02:35:50.542000+00:00,,2026-08-13T02:35:50.542000+00:00,,15,Kelani Ganga,Glencourse,6ceb4e8f-943b-43d6-83ab-8f7273f0d53b,19,15.5,1475215,0.5,10.27
2026-08-13T02:35:14.024000+00:00,,2026-08-13T02:35:14.024000+00:00,,2.5,Nilwala Ganga,Urawa,bfa9a138-fb7d-4ba8-8c53-7dc62723bdd0,6,4,1475214,0,0.08
2026-08-13T02:34:50.959000+00:00,,2026-08-13T02:34:50.959000+00:00,,4,Gin Ganga,Thawalama,00fff3af-a2df-4f4a-a1ec-50014667b140,7.5,6,1475213,0,1.5
2026-08-13T02:34:43.104000+00:00,,2026-08-13T02:34:43.104000+00:00,,5,Maha Oya,Badalgama,5d2e465d-0d69-482d-b0d9-8dafd32cf4fd,9.6,6.2,1475212,0,1.98
2026-08-13T02:34:19.113000+00:00,,2026-08-13T02:34:19.113000+00:00,,4,Kalu Ganga,Magura,fb775e98-d8a1-4af0-87e8-bf6a7a414014,7.5,6,1475211,0,1.51
2026-08-13T02:34:18.824000+00:00,,2026-08-13T02:34:18.824000+00:00,,6.9,Kirindi Oya,Kuda Oya,3fbdfd97-ac54-4a4e-b640-e91b25ad13fe,8.8,8.4,1475210,0,0.93
2026-08-13T02:33:54.115000+00:00,,2026-08-13T02:33:54.115000+00:00,,3,Kelani Ganga,Kithulgala,799a4943-03d6-43af-ae6e-1f332de402c9,6,4,1475209,0.8,1.9
2026-08-13T02:33:45.234000+00:00,,2026-08-13T02:33:45.234000+00:00,,4.5,Heda Oya,Siyambalanduwa,00155590-ce4b-4de6-868c-e11f170904d3,7,6,1475208,0,0.22
2026-08-13T02:33:41.307000+00:00,,2026-08-13T02:33:41.307000+00:00,,6.5,Kelani Ganga,Hanwella,210b459a-50a9-4eea-8a06-2fab8c3eb45f,9.5,7.5,1475207,0,1.77
2026-08-13T02:33:39.694000+00:00,,2026-08-13T02:33:39.694000+00:00,,4,Kirindi Oya,Thanamalwila,1ac8581a-e173-4959-8962-dc9fbe95b1c3,5.5,5,1475206,0,0.21
2026-08-13T02:33:13.879000+00:00,,2026-08-13T02:33:13.879000+00:00,,3.5,Mahaweli Ganga,Nawalapitiya,2f6b955d-8689-41bc-9de4-3033fe76b9a5,6,5,1475205,0,1.54
2026-08-13T02:33:13.268000+00:00,,2026-08-13T02:33:13.268000+00:00,,3,Mahaweli Ganga,Thaldena,8e0b83cf-fc37-438c-81f9-fae2fc43567d,5,4,1475204,0,0.24
2026-08-13T02:33:08.411000+00:00,,2026-08-13T02:33:08.411000+00:00,,5.2,Kalu Ganga,Rathnapura,79af1667-fcdd-42a9-bcaf-a68f9839f9cd,9.5,7.5,1475203,0,1.35
2026-08-13T02:33:03.756000+00:00,,2026-08-13T02:33:03.756000+00:00,,4.8,Kelani Ganga,Deraniyagala,9f014d5b-d131-4b7c-85cf-aaad8eea2092,7,5.8,1475202,0.5,0.85
2026-08-13T02:32:51.799000+00:00,,2026-08-13T02:32:51.799000+00:00,,1.5,Kelani Ganga,Norwood,fd7f2135-486f-4b3d-8e8f-3df5e06f400a,4.5,3,1475201,0,0.74
2026-08-13T02:32:50.835000+00:00,,2026-08-13T02:32:50.835000+00:00,,10,Kalu Ganga,Ellagawa,d60b5623-0d91-4497-9e0d-5bdc7dfaebb7,12.2,10.7,1475200,0,4.95
2026-08-13T02:32:27.791000+00:00,,2026-08-13T02:32:27.791000+00:00,,5.5,Maha Oya,Giriulla,2868cc27-350b-4e83-bc69-8814906ce02f,7.5,6.5,1475199,0,0.93
2026-08-13T02:32:17.643000+00:00,,2026-08-13T02:32:17.643000+00:00,,3.3,Aththanagalu Oya,Dunamale,db5b4dd7-59bb-4cee-bad2-56da217d9e8e,5.5,4.4,1475198,0,0.52
2026-08-13T02:32:16.030000+00:00,,2026-08-13T02:32:16.030000+00:00,,5,Kalu Ganga,Kalawellawa (Millakanda),a88ff6cb-f7f4-4bd5-b133-7b8a849fce1b,8,6.5,1475197,0,2.45
2026-08-13T02:32:09.504000+00:00,,2026-08-13T02:32:09.504000+00:00,,4,Menik Ganga,Katharagama,d65cdbb5-49d3-4211-9b72-20e46bf8a0f2,6.5,4.6,1475196,0,-0.26
2026-08-13T02:31:49.194000+00:00,,2026-08-13T02:31:49.194000+00:00,,4,Kelani Ganga,Nagalagam Street,b1a7f63e-d111-471c-8e0f-d45f2fd4d0a9,7,5,1475195,0,0.4
2026-08-13T02:31:24.902000+00:00,,2026-08-13T02:31:24.902000+00:00,,5,Malwathu Oya,Thanthirimale,031ffceb-932a-43da-b52f-d8358d01b20d,7.8,6.8,1475194,0,0.86
2026-08-13T02:31:18.352000+00:00,,2026-08-13T02:31:18.352000+00:00,,3,Mahaweli Ganga,Manampitiya,f02ff877-2c65-4d7d-9318-e877307391cf,6,4.3,1475193,0,-0.01
2026-08-13T02:31:12.504000+00:00,,2026-08-13T02:31:12.504000+00:00,,4.4,Kirindi Oya,Wellawaya,f387c051-517f-4ad4-ac8b-233d0ef13643,5.9,5.4,1475192,0,0.63
2026-08-13T02:31:06.759000+00:00,,2026-08-13T02:31:06.759000+00:00,,6,Yan Oya,Horowpothana,cb994ae0-b259-4fab-a030-a67b02254cac,10.5,7.5,1475191,0,1.66
2026-08-13T02:30:57.857000+00:00,,2026-08-13T02:30:57.857000+00:00,,5,Mahaweli Ganga,Weraganthota,ec93ed01-5222-4b94-8c32-5de02e7c7c05,8,6,1475190,0,-3.22
2026-08-13T02:30:46.316000+00:00,,2026-08-13T02:30:46.316000+00:00,,,Gal Oya,Ampara,b44f44dd-97f0-4fe0-a63c-26966ab5cdaf,,,1475189,0,0
2026-08-13T02:30:12.887000+00:00,,2026-08-13T02:30:12.887000+00:00,,5,Kumbukkan Oya,Nakkala,9f8f6c62-aa13-4446-80e1-74e5e783b8df,7.5,6,1475188,0,0.72
2026-08-13T02:29:41.365000+00:00,,2026-08-13T02:29:41.365000+00:00,,10,Kalu Ganga,Ellagawa,3ecec42e-6582-4f67-b552-0d1ec9b87bb4,12.2,10.7,1475187,0,4.95
2026-08-13T02:03:53.612000+00:00,,2026-08-13T02:03:53.612000+00:00,,5,Malwathu Oya,Thanthirimale,84c2e844-7803-4544-ab9a-e94456f39389,7.8,6.8,1475186,0,0.86
2026-08-13T02:00:23.961000+00:00,,2026-08-13T02:00:23.961000+00:00,,3,Mahaweli Ganga,Manampitiya,9befbecd-f17b-4c23-b99d-ac8c685dbc7c,6,4.3,1475185,0,0.01
2026-08-13T01:55:14.875000+00:00,,2026-08-13T01:55:14.875000+00:00,,5,Mahaweli Ganga,Weraganthota,d2fc0069-a3df-4b85-9588-ad825d802444,8,6,1475184,0,-3.12
2026-08-13T01:49:29.113000+00:00,,2026-08-13T01:49:29.113000+00:00,,1.4,Nilwala Ganga,Thalgahagoda,1b9ebbb0-3a6a-4a0c-9b27-d0bd1ee1ec18,2.8,1.7,1475183,0,0.39
2026-08-13T01:45:22.982000+00:00,,2026-08-13T01:45:22.982000+00:00,,2.5,Nilwala Ganga,Urawa,1d4062d0-fc90-4c7d-a716-7579817118ac,6,4,1475182,0,0.08
2026-08-13T01:42:03.058000+00:00,,2026-08-13T01:42:03.058000+00:00,,4,Nilwala Ganga,Pitabeddara,f28e96d8-aeb0-462e-b5bc-95c6f665488d,6.5,5,1475181,0,0.63
2026-08-13T01:41:06.186000+00:00,,2026-08-13T01:41:06.186000+00:00,,4,Gin Ganga,Thawalama,9f3aa296-c641-4edb-b2e5-c7b9d98c16f6,7.5,6,1475180,0,1.5
2026-08-13T01:40:25.823000+00:00,,2026-08-13T01:40:25.823000+00:00,,3,Mahaweli Ganga,Thaldena,7c6f061a-b955-49fb-b615-d21e6f5756d6,5,4,1475179,0,0.25
2026-08-13T01:39:32.603000+00:00,,2026-08-13T01:39:32.603000+00:00,,4,Kalu Ganga,Magura,12b50f21-9087-4816-acd1-9449186385c2,7.5,6,1475178,0,1.55
2026-08-13T01:38:26.355000+00:00,,2026-08-13T01:38:26.355000+00:00,,10,Kalu Ganga,Ellagawa,3900161c-e4b0-4649-972c-73d9b9cd611a,12.2,10.7,1475177,0,4.97
2026-08-13T01:38:16.020000+00:00,,2026-08-13T01:38:16.020000+00:00,,5,Maha Oya,Badalgama,06b047e4-fd90-4ade-b33c-daff2cbc2b5c,9.6,6.2,1475176,0,1.98
2026-08-13T01:37:52.865000+00:00,,2026-08-13T01:37:52.865000+00:00,,4.5,Heda Oya,Siyambalanduwa,b7e39aaf-09f6-4040-b226-adb53b522fe7,7,6,1475175,0,0.22
2026-08-13T01:36:25.026000+00:00,,2026-08-13T01:36:25.026000+00:00,,15,Kelani Ganga,Glencourse,016f6eaa-5af7-44ab-b1e7-dd54816bae0f,19,15.5,1475174,1.8,10.3
2026-08-13T01:35:57.777000+00:00,,2026-08-13T01:35:57.777000+00:00,,3,Kalu Ganga,Putupaula,f7a6aacd-720b-4a38-81b4-5ac363e061d0,5,4,1475173,0.4,0.54
2026-08-13T01:35:50.659000+00:00,,2026-08-13T01:35:50.659000+00:00,,4,Menik Ganga,Katharagama,88bc04e1-17ae-4241-bbc2-e5602e25b68a,6.5,4.6,1475172,0,-0.26
2026-08-13T01:35:31.283000+00:00,,2026-08-13T01:35:31.283000+00:00,,4,Kirindi Oya,Thanamalwila,d12f2a67-92a0-4383-b11e-151a91d6dfa8,5.5,5,1475171,0,0.2
2026-08-13T01:35:19.643000+00:00,,2026-08-13T01:35:19.643000+00:00,,3,Kelani Ganga,Kithulgala,6c1b095a-8b89-4293-90e9-36ff36d8b223,6,4,1475170,0,2.1
2026-08-13T01:35:15.485000+00:00,,2026-08-13T01:35:15.485000+00:00,,5,Mahaweli Ganga,Peradeniya,02e6b7ea-4585-4a8b-9c04-a38a53e58c06,9,7,1475169,0,3.25
2026-08-13T01:34:57.870000+00:00,,2026-08-13T01:34:57.870000+00:00,,3.5,Gin Ganga,Baddegama,385627fb-e990-41de-9282-9f555cd17010,5,4,1475168,0,1.34
2026-08-13T01:34:42.846000+00:00,,2026-08-13T01:34:42.846000+00:00,,6.5,Kelani Ganga,Hanwella,a8749d84-ab76-486c-be72-206325c4914e,9.5,7.5,1475167,0,1.76
2026-08-13T01:34:37.673000+00:00,,2026-08-13T01:34:37.673000+00:00,,5.5,Maha Oya,Giriulla,43d7d734-3fdc-43e7-a55e-810a5d6c9bb3,7.5,6.5,1475166,0,0.93
2026-08-13T01:34:21.830000+00:00,,2026-08-13T01:34:21.830000+00:00,,3.3,Aththanagalu Oya,Dunamale,dd245576-79a7-4e02-8f2f-227a07139545,5.5,4.4,1475165,0.7,0.54
2026-08-13T01:34:03.768000+00:00,,2026-08-13T01:34:03.768000+00:00,,3,Walawe Ganga,Moraketiya,ea4422e6-452a-4e04-bedc-06c17e2005b9,7,5,1475164,0,0.65
2026-08-13T01:34:00.882000+00:00,,2026-08-13T01:34:00.882000+00:00,,4,Ma Oya,Yaka Wewa,c6ca8922-e7fd-40a5-a1de-144b9688022e,6,5,1475163,0,0.42
2026-08-13T01:33:58.174000+00:00,,2026-08-13T01:33:58.174000+00:00,,5.2,Kalu Ganga,Rathnapura,115503a3-2b29-4cc8-80a5-9e753033ea5f,9.5,7.5,1475162,0,1.36
2026-08-13T01:33:54.809000+00:00,,2026-08-13T01:33:54.809000+00:00,,3,Kelani Ganga,Holombuwa,42e124fd-6fca-4924-b1d3-f870f9abd76a,6,4,1475161,0,0.43
2026-08-13T01:33:52.192000+00:00,,2026-08-13T01:33:52.192000+00:00,,5,Nilwala Ganga,Panadugama,bbd765b9-2f27-4556-af5e-6bbce1548358,7.5,6,1475160,0,2.67
2026-08-13T01:33:35.418000+00:00,,2026-08-13T01:33:35.418000+00:00,,3.5,Mahaweli Ganga,Nawalapitiya,23103e74-b19d-418f-9831-261aa4994d97,6,5,1475159,0,1.54
2026-08-13T01:32:55.647000+00:00,,2026-08-13T01:32:55.647000+00:00,,4.4,Kirindi Oya,Wellawaya,4f221dbe-7ec2-409e-8874-8dc91673e1e3,5.9,5.4,1475158,0,0.63
2026-08-13T01:32:44.521000+00:00,,2026-08-13T01:32:44.521000+00:00,,1.5,Kelani Ganga,Norwood,8e5c8c67-2cc5-4715-9c26-de306758820a,4.5,3,1475157,0,0.74
2026-08-13T01:32:41.578000+00:00,,2026-08-13T01:32:41.578000+00:00,,5,Kalu Ganga,Kalawellawa (Millakanda),3210aafe-0b55-4372-a60d-ed3fd7e5d691,8,6.5,1475156,0.8,2.55
2026-08-13T01:32:26.181000+00:00,,2026-08-13T01:32:26.181000+00:00,,4.8,Kelani Ganga,Deraniyagala,cc80c480-eea2-4c8b-b225-1e7efc564ce3,7,5.8,1475155,0,0.86
2026-08-13T01:31:55.492000+00:00,,2026-08-13T01:31:55.492000+00:00,,4,Kelani Ganga,Nagalagam Street,9734c659-b39e-4945-a548-757d09f869fe,7,5,1475154,0,0.65
2026-08-13T01:31:30.599000+00:00,,2026-08-13T01:31:30.599000+00:00,,4.84,Mee Oya,Galgamuwa,97323bb4-b9f2-449e-806b-5d3b1ff926a4,8,5.94,1475153,0,0.09
2026-08-13T01:31:18.341000+00:00,,2026-08-13T01:31:18.341000+00:00,,6.9,Kirindi Oya,Kuda Oya,3d519a33-5469-4c9b-83ae-1930241ce2c8,8.8,8.4,1475152,0,0.93
2026-08-13T01:31:17.548000+00:00,,2026-08-13T01:31:17.548000+00:00,,5,Kumbukkan Oya,Nakkala,57572d89-d4f7-4cf3-b4fa-55d1c80555de,7.5,6,1475151,0,0.7
2026-08-13T01:31:01.934000+00:00,,2026-08-13T01:31:01.934000+00:00,,4.75,Deduru Oya,Moragaswewa,d8d558ac-c06d-45ce-884e-0e466e43aef2,7,6,1475150,0,0
2026-08-13T01:30:50.202000+00:00,,2026-08-13T01:30:50.202000+00:00,,5,Mahaweli Ganga,Weraganthota,9036b085-2314-4ca9-b793-607ad2b96073,8,6,1475149,0,-3.12
2026-08-13T01:30:48.732000+00:00,,2026-08-13T01:30:48.732000+00:00,,6,Yan Oya,Horowpothana,18349bcd-362d-454c-8f52-dcc4cd16dd22,10.5,7.5,1475148,0,1.66
2026-08-13T01:30:46.065000+00:00,,2026-08-13T01:30:46.065000+00:00,,,Gal Oya,Ampara,440d44ec-1f4c-4568-885f-45c42a409e82,,,1475147,0,0
2026-08-13T01:30:22.862000+00:00,,2026-08-13T01:30:22.862000+00:00,,4,Maduru Oya,Padiyathalawa,66278a26-7b26-477b-b10d-43b08717e102,6,4.5,1475146,0,0.03
2026-08-13T01:02:43.854000+00:00,,2026-08-13T01:02:43.854000+00:00,,4.84,Mee Oya,Galgamuwa,8d735d60-80af-4eaf-832e-15b95d4854e2,8,5.94,1475145,0,0.09
2026-08-13T00:40:28.606000+00:00,,2026-08-13T00:40:28.606000+00:00,,5,Nilwala Ganga,Panadugama,647b188d-85e3-41b7-bd6e-077e9417894c,7.5,6,1475144,0,2.65
2026-08-13T00:37:59.968000+00:00,,2026-08-13T00:37:59.968000+00:00,,5,Mahaweli Ganga,Weraganthota,940f486c-89de-45ea-be32-2a77bacc429e,8,6,1475143,0,-3.06
2026-08-13T00:37:48.423000+00:00,,2026-08-13T00:37:48.423000+00:00,,5,Maha Oya,Badalgama,3c1db3dd-3650-4ac8-86d8-efc359ce0aa8,9.6,6.2,1475142,0.2,1.98
2026-08-13T00:37:29.487000+00:00,,2026-08-13T00:37:29.487000+00:00,,1.4,Nilwala Ganga,Thalgahagoda,59ecc803-c508-4474-9ab8-9211f4d06dd1,2.8,1.7,1475141,5.2,0.45
2026-08-13T00:37:22.975000+00:00,,2026-08-13T00:37:22.975000+00:00,,4,Gin Ganga,Thawalama,4da5ec4c-bdd5-4b99-b439-ba4c3db4b8fc,7.5,6,1475140,0,1.52
2026-08-13T00:37:10.029000+00:00,,2026-08-13T00:37:10.029000+00:00,,6.5,Kelani Ganga,Hanwella,d62edfde-c77f-480e-886e-1aead0f635cb,9.5,7.5,1475139,0,1.76
2026-08-13T00:36:28.692000+00:00,,2026-08-13T00:36:28.692000+00:00,,4,Menik Ganga,Katharagama,1b1e7c97-7363-438b-9219-084b43692efb,6.5,4.6,1475138,0,-0.26
2026-08-13T00:35:11.191000+00:00,,2026-08-13T00:35:11.191000+00:00,,5,Maha Oya,Badalgama,edf52f2c-27f1-4360-9427-b59f2546ef11,9.6,6.2,1475137,0,1.98
2026-08-13T00:34:58.958000+00:00,,2026-08-13T00:34:58.958000+00:00,,4,Kalu Ganga,Magura,3391bbdb-2134-4239-a814-5f8e6afd3907,7.5,6,1475136,0,1.58
2026-08-13T00:34:49.418000+00:00,,2026-08-13T00:34:49.418000+00:00,,1.5,Kelani Ganga,Norwood,771adc2a-1d53-4bc1-a312-710e254d3940,4.5,3,1475135,0,0.75
2026-08-13T00:34:30.013000+00:00,,2026-08-13T00:34:30.013000+00:00,,4.75,Deduru Oya,Moragaswewa,41366933-a262-4a93-b2c1-ed15e71ac0b0,7,6,1475134,0,0
2026-08-13T00:34:22.598000+00:00,,2026-08-13T00:34:22.598000+00:00,,15,Kelani Ganga,Glencourse,8a43cb91-860f-4545-b89e-2a021ce9602d,19,15.5,1475133,0,10.29
2026-08-13T00:34:18.136000+00:00,,2026-08-13T00:34:18.136000+00:00,,5,Kumbukkan Oya,Nakkala,0f5d0e5a-c3e1-417b-9ae8-fbb2e988192b,7.5,6,1475132,0,0.64
2026-08-13T00:33:37.280000+00:00,,2026-08-13T00:33:37.280000+00:00,,10,Kalu Ganga,Ellagawa,dec0f03d-d90a-4b71-904f-d854ad3c4160,12.2,10.7,1475131,0,5
2026-08-13T00:33:36.688000+00:00,,2026-08-13T00:33:36.688000+00:00,,3.5,Gin Ganga,Baddegama,ea430503-8a42-4954-a366-9a557fcfa72b,5,4,1475130,3.1,1.36
2026-08-13T00:33:28.078000+00:00,,2026-08-13T00:33:28.078000+00:00,,3,Kelani Ganga,Kithulgala,f8cc3455-8d54-47b7-bd84-3eaa9c9454b1,6,4,1475129,0,2.12
2026-08-13T00:33:15.278000+00:00,,2026-08-13T00:33:15.278000+00:00,,5.2,Kalu Ganga,Rathnapura,79d74160-b8ce-418f-a978-cf4e6cf8706e,9.5,7.5,1475128,0,1.4
2026-08-13T00:33:12.297000+00:00,,2026-08-13T00:33:12.297000+00:00,,4,Ma Oya,Yaka Wewa,a632378b-e137-4533-a1ae-ca29a31b9997,6,5,1475127,0,0.42
2026-08-13T00:33:12.136000+00:00,,2026-08-13T00:33:12.136000+00:00,,4.5,Heda Oya,Siyambalanduwa,bc8c2bd2-4a38-4388-81d7-69856771c78a,7,6,1475126,0,0.22
2026-08-13T00:33:07.693000+00:00,,2026-08-13T00:33:07.693000+00:00,,4,Nilwala Ganga,Pitabeddara,fba510be-998b-4fc8-8acc-4d3bc6a029ca,6.5,5,1475125,1.2,0.63
2026-08-13T00:32:54.196000+00:00,,2026-08-13T00:32:54.196000+00:00,,3.3,Aththanagalu Oya,Dunamale,0e4c4306-6914-4e07-b287-fc7b4ed695e5,5.5,4.4,1475124,0.3,0.55
2026-08-13T00:32:47.080000+00:00,,2026-08-13T00:32:47.080000+00:00,,3.5,Mahaweli Ganga,Nawalapitiya,1d2b8c02-c5b3-4e59-9960-47af9732b4ff,6,5,1475123,0.3,1.54
2026-08-13T00:32:39.788000+00:00,,2026-08-13T00:32:39.788000+00:00,,4,Kelani Ganga,Nagalagam Street,9c2200b3-1fb1-47ef-83d0-073b5f37987f,7,5,1475122,0,1.2
2026-08-13T00:32:28.795000+00:00,,2026-08-13T00:32:28.795000+00:00,,5,Mahaweli Ganga,Peradeniya,71b87fa7-9959-4d8a-99bd-a2fde93f7da2,9,7,1475121,0,3.28
2026-08-13T00:32:21.611000+00:00,,2026-08-13T00:32:21.611000+00:00,,3,Mahaweli Ganga,Manampitiya,fafb433a-eb15-45d5-897b-b6c6a652144b,6,4.3,1475120,0,0.02
2026-08-13T00:32:21.345000+00:00,,2026-08-13T00:32:21.345000+00:00,,3,Kalu Ganga,Putupaula,9656f50f-e17a-48b7-be2c-8a7a25df4177,5,4,1475119,0,0.67
2026-08-13T00:32:10.907000+00:00,,2026-08-13T00:32:10.907000+00:00,,4,Kirindi Oya,Thanamalwila,07c4a6aa-9bee-4339-882c-3f8c7d34f368,5.5,5,1475118,0,0.19
2026-08-13T00:32:09.948000+00:00,,2026-08-13T00:32:09.948000+00:00,,3,Kelani Ganga,Holombuwa,c9cbb037-8e40-45ae-a074-e081c006ce00,6,4,1475117,0,0.43
2026-08-13T00:32:08.276000+00:00,,2026-08-13T00:32:08.276000+00:00,,4.8,Kelani Ganga,Deraniyagala,453a1ce0-1188-40b3-b1d0-2b010163e759,7,5.8,1475116,0,0.86
2026-08-13T00:31:57.812000+00:00,,2026-08-13T00:31:57.812000+00:00,,4.75,Deduru Oya,Moragaswewa,b5b13781-676c-45e9-9dd0-b21633c491ee,7,6,1475115,0,0
2026-08-13T00:31:38.202000+00:00,,2026-08-13T00:31:38.202000+00:00,,3,Walawe Ganga,Moraketiya,c761e8e3-9376-4d31-b57d-e7e1d05dcdb1,7,5,1475114,0,0.65
2026-08-13T00:31:34.452000+00:00,,2026-08-13T00:31:34.452000+00:00,,5.5,Maha Oya,Giriulla,c0590da9-2f3b-493c-80d0-228a59769986,7.5,6.5,1475113,0,0.92
2026-08-13T00:31:33.883000+00:00,,2026-08-13T00:31:33.883000+00:00,,2.5,Nilwala Ganga,Urawa,e7a2b6fc-6ab2-4e7a-8aa9-3a0d2978698a,6,4,1475112,0,0.08
2026-08-13T00:31:22.873000+00:00,,2026-08-13T00:31:22.873000+00:00,,6.9,Kirindi Oya,Kuda Oya,163705dd-cb27-4a97-b80b-6d05c01df7b3,8.8,8.4,1475111,0,0.93
2026-08-13T00:31:21.709000+00:00,,2026-08-13T00:31:21.709000+00:00,,3,Mahaweli Ganga,Thaldena,993b7953-4703-4987-9ff4-3fc67f790c7d,5,4,1475110,0,0.24
2026-08-13T00:31:14.770000+00:00,,2026-08-13T00:31:14.770000+00:00,,4.4,Kirindi Oya,Wellawaya,7cd7bb8b-6017-4c59-a27c-c8118416c909,5.9,5.4,1475109,0,0.61
2026-08-13T00:30:52.703000+00:00,,2026-08-13T00:30:52.703000+00:00,,,Gal Oya,Ampara,98217665-2380-4956-a224-2a8436ba6e55,,,1475108,0,0
2026-08-13T00:30:50.547000+00:00,,2026-08-13T00:30:50.547000+00:00,,6,Yan Oya,Horowpothana,9fda6d33-917c-4e96-ba1f-47314c05885b,10.5,7.5,1475107,0,1.66
2026-08-13T00:30:30.027000+00:00,,2026-08-13T00:30:30.027000+00:00,,4,Maduru Oya,Padiyathalawa,d481ae83-8c5d-402c-b75a-9fc4dcc1f4ab,6,4.5,1475106,0,0.03
2026-08-13T00:30:26.285000+00:00,,2026-08-13T00:30:26.285000+00:00,,5,Kalu Ganga,Kalawellawa (Millakanda),84b4eafd-1517-4887-bc17-9df90d06b462,8,6.5,1475105,0,2.57
2026-08-13T00:28:51.846000+00:00,,2026-08-13T00:28:51.846000+00:00,,4,Maduru Oya,Padiyathalawa,465d0df2-74b0-49cc-a415-5df7638c59c7,6,4.5,1475104,0,0.03
2026-08-13T00:23:25.253000+00:00,,2026-08-13T00:23:25.253000+00:00,,5,Kalu Ganga,Kalawellawa (Millakanda),e8dc96ea-fdb2-48ce-8b13-58cb3e4e17c1,8,6.5,1475103,0,2.71
2026-08-12T23:59:29.780000+00:00,,2026-08-12T23:59:29.780000+00:00,,4,Kalu Ganga,Magura,1f9f83a0-b4de-4d74-a5b8-c6f509fdda5c,7.5,6,1475102,0,1.63
2026-08-12T23:55:59.993000+00:00,,2026-08-12T23:55:59.993000+00:00,,3,Kalu Ganga,Putupaula,3ca56c21-6b65-4091-8368-44ae911958c6,5,4,1475101,0,0.72
2026-08-12T23:54:34.484000+00:00,,2026-08-12T23:54:34.484000+00:00,,3,Kelani Ganga,Kithulgala,34764ed5-eef3-4a16-a061-6213bafc3a41,6,4,1475100,0,2.1
2026-08-12T23:53:06.090000+00:00,,2026-08-12T23:53:06.090000+00:00,,3,Kelani Ganga,Kithulgala,29b167f2-6930-4b30-9a4f-a2a27494c3f8,6,4,1475099,0,5.1
2026-08-12T23:46:08.331000+00:00,,2026-08-12T23:46:08.331000+00:00,,4,Kelani Ganga,Nagalagam Street,61e76100-af45-4bae-b510-2a3e38afc7f9,7,5,1475098,0,1.4
2026-08-12T23:44:43.658000+00:00,,2026-08-12T23:44:43.658000+00:00,,10,Kalu Ganga,Ellagawa,8fa53287-ae5d-4804-baf1-f18331f1153d,12.2,10.7,1475097,0,5.03
2026-08-12T23:43:57.644000+00:00,,2026-08-12T23:43:57.644000+00:00,,2.5,Nilwala Ganga,Urawa,7395a436-e3a5-47f5-b1ba-81d948f67122,6,4,1475096,0,0.07
2026-08-12T23:43:22.915000+00:00,,2026-08-12T23:43:22.915000+00:00,,4,Gin Ganga,Thawalama,7bc37b11-f96d-44f8-ac97-17c00e5e2664,7.5,6,1475095,0,1.52
2026-08-12T23:43:00.266000+00:00,,2026-08-12T23:43:00.266000+00:00,,5.2,Kalu Ganga,Rathnapura,eb6526fc-6774-45a6-982d-5af3160e53b0,9.5,7.5,1475094,0,1.41
2026-08-12T23:42:03.908000+00:00,,2026-08-12T23:42:03.908000+00:00,,4,Nilwala Ganga,Pitabeddara,186ea8da-d14c-4e45-8269-b78acc8ddad2,6.5,5,1475093,0,0.64
2026-08-12T23:41:55.979000+00:00,,2026-08-12T23:41:55.979000+00:00,,4,Kalu Ganga,Magura,b16f3a9e-3827-4807-96a3-23719fde0344,7.5,6,1475092,0,1.68
2026-08-12T23:41:28.316000+00:00,,2026-08-12T23:41:28.316000+00:00,,3,Walawe Ganga,Moraketiya,9ca9ea47-d715-4fdf-bc33-65e244f796ee,7,5,1475091,0,0.65
2026-08-12T23:38:04.812000+00:00,,2026-08-12T23:38:04.812000+00:00,,6.5,Kelani Ganga,Hanwella,d59fe966-1308-4fe0-8233-7d2ceea18081,9.5,7.5,1475090,0,1.77
2026-08-12T23:37:28.017000+00:00,,2026-08-12T23:37:28.017000+00:00,,4,Menik Ganga,Katharagama,6e8742b6-18e6-4fc4-95c0-265013a3d865,6.5,4.6,1475089,0,-0.26
2026-08-12T23:37:20.117000+00:00,,2026-08-12T23:37:20.117000+00:00,,3,Mahaweli Ganga,Thaldena,e6ca8d23-f434-4875-9f92-9110cb848bcb,5,4,1475088,0,0.27
2026-08-12T23:36:31.535000+00:00,,2026-08-12T23:36:31.535000+00:00,,3.5,Gin Ganga,Baddegama,0300e8ee-ba47-4eff-a122-eef048011bc4,5,4,1475087,1.5,1.36
2026-08-12T23:35:52.648000+00:00,,2026-08-12T23:35:52.648000+00:00,,4,Ma Oya,Yaka Wewa,5cc199d9-974b-4810-a2a1-e3e56f99d02a,6,5,1475086,0,0.41
2026-08-12T23:35:42.900000+00:00,,2026-08-12T23:35:42.900000+00:00,,5.5,Maha Oya,Giriulla,baffba0e-3103-4991-b747-69cce7308a3e,7.5,6.5,1475085,0,0.92
2026-08-12T23:33:57.053000+00:00,,2026-08-12T23:33:57.053000+00:00,,15,Kelani Ganga,Glencourse,d2cc6155-5676-4315-af73-a54e4a993b05,19,15.5,1475084,0,10.29
2026-08-12T23:33:45.266000+00:00,,2026-08-12T23:33:45.266000+00:00,,4.5,Heda Oya,Siyambalanduwa,6a7df2b0-a2bb-4dc9-9e27-3d2010ebaf86,7,6,1475083,0,0.22
2026-08-12T23:33:34.508000+00:00,,2026-08-12T23:33:34.508000+00:00,,5,Maha Oya,Badalgama,62b2452c-4727-4034-8a3c-d6750ae9aec0,9.6,6.2,1475082,0,1.98
2026-08-12T23:33:24.985000+00:00,,2026-08-12T23:33:24.985000+00:00,,3.5,Mahaweli Ganga,Nawalapitiya,295ddde5-fc72-4d03-ac89-6dd4d2ccb38e,6,5,1475081,1.7,1.55
2026-08-12T23:33:00.216000+00:00,,2026-08-12T23:33:00.216000+00:00,,5,Mahaweli Ganga,Peradeniya,d257b43f-28d6-49a9-a9c0-9692d6706c66,9,7,1475080,0,3.29
2026-08-12T23:32:35.594000+00:00,,2026-08-12T23:32:35.594000+00:00,,3,Mahaweli Ganga,Manampitiya,8508c271-372d-4a39-902c-f76ddb8be531,6,4.3,1475079,0,0.04
2026-08-12T23:32:29.836000+00:00,,2026-08-12T23:32:29.836000+00:00,,1.5,Kelani Ganga,Norwood,9bda99a4-694c-4936-8139-d7e241b8be66,4.5,3,1475078,0,0.75
2026-08-12T23:32:26.669000+00:00,,2026-08-12T23:32:26.669000+00:00,,3.3,Aththanagalu Oya,Dunamale,c0390332-f836-4421-82e8-1c0af601e571,5.5,4.4,1475077,0,0.55
2026-08-12T23:32:26.304000+00:00,,2026-08-12T23:32:26.304000+00:00,,6,Yan Oya,Horowpothana,0f87506f-b7c3-4ec2-857a-346e14912088,10.5,7.5,1475076,0,1.66
2026-08-12T23:32:20.093000+00:00,,2026-08-12T23:32:20.093000+00:00,,4.8,Kelani Ganga,Deraniyagala,68e9659f-fed1-4c29-a1ac-57f25df85cb3,7,5.8,1475075,0,0.85
2026-08-12T23:32:19.966000+00:00,,2026-08-12T23:32:19.966000+00:00,,6.9,Kirindi Oya,Kuda Oya,54e2c2b0-4523-4851-ab32-c4dd306f39e6,8.8,8.4,1475074,0,0.93
2026-08-12T23:32:18.109000+00:00,,2026-08-12T23:32:18.109000+00:00,,4.75,Deduru Oya,Moragaswewa,92bde1c0-55c8-4a93-adbb-89a2ea2afc95,7,6,1475073,0,0
2026-08-12T23:32:09.590000+00:00,,2026-08-12T23:32:09.590000+00:00,,4,Kalu Ganga,Magura,b20fd5ef-4919-4bfa-b91b-2c24189b6978,7.5,6,1475072,0,1.71
2026-08-12T23:31:59.443000+00:00,,2026-08-12T23:31:59.443000+00:00,,4.4,Kirindi Oya,Wellawaya,63652687-7614-4b97-b64d-2858fb47c3ae,5.9,5.4,1475071,0,0.61
2026-08-12T23:31:29.480000+00:00,,2026-08-12T23:31:29.480000+00:00,,5,Kumbukkan Oya,Nakkala,19dc0c8e-197b-41dd-97ea-6a0ce9fe8b14,7.5,6,1475070,0,0.6
2026-08-12T23:30:49.731000+00:00,,2026-08-12T23:30:49.731000+00:00,,1.4,Nilwala Ganga,Thalgahagoda,d4e09b18-d404-4cbc-9765-608c0216e729,2.8,1.7,1475069,0,0.48
2026-08-12T23:30:40.882000+00:00,,2026-08-12T23:30:40.882000+00:00,,4,Kirindi Oya,Thanamalwila,5ed2f4cf-671d-49e3-8d27-a6617466c410,5.5,5,1475068,0,0.17
2026-08-12T23:30:40.063000+00:00,,2026-08-12T23:30:40.063000+00:00,,,Gal Oya,Ampara,418d0805-9566-4838-82e6-e04654fcd41c,,,1475067,0,0
2026-08-12T23:25:31.453000+00:00,,2026-08-12T23:25:31.453000+00:00,,4,Kalu Ganga,Magura,2e285d4c-f8a7-4589-b79d-112a46619fab,7.5,6,1475066,0,1.73
2026-08-12T23:11:22.944000+00:00,,2026-08-12T23:11:22.944000+00:00,,5,Mahaweli Ganga,Peradeniya,78642b5e-59ab-4f0e-a543-3997a35587e1,9,7,1475065,0,3.29
2026-08-12T22:56:12.121000+00:00,,2026-08-12T22:56:12.121000+00:00,,4,Nilwala Ganga,Pitabeddara,6ed3c2a8-6a85-4c85-82f1-e44ec7923c77,6.5,5,1475064,0,0.64
2026-08-12T22:46:43.207000+00:00,,2026-08-12T22:46:43.207000+00:00,,4,Ma Oya,Yaka Wewa,8052f0df-10bf-4c3a-b65c-c74ed3c29796,6,5,1475063,0,0.42
2026-08-12T22:45:53.553000+00:00,,2026-08-12T22:45:53.553000+00:00,,3,Kelani Ganga,Holombuwa,3144595c-cbea-4cc2-8350-073b3796bde3,6,4,1475062,0,0.44
2026-08-12T22:44:29.689000+00:00,,2026-08-12T22:44:29.689000+00:00,,4.8,Kelani Ganga,Deraniyagala,7a81f221-4862-498d-9541-bb6b736279c5,7,5.8,1475061,0,0.85
2026-08-12T22:44:12.033000+00:00,,2026-08-12T22:44:12.033000+00:00,,4.5,Heda Oya,Siyambalanduwa,262475f3-227f-4ae8-8c4c-fdf3b3fbac12,7,6,1475060,0,0.22
2026-08-12T22:38:29.384000+00:00,,2026-08-12T22:38:29.384000+00:00,,15,Kelani Ganga,Glencourse,50238d7b-e1a9-4a71-be34-d4eab9d28240,19,15.5,1475059,0,10.26
2026-08-12T22:37:59.052000+00:00,,2026-08-12T22:37:59.052000+00:00,,5,Kumbukkan Oya,Nakkala,1c8a9537-5ff5-4a73-aaf6-c20c161c5496,7.5,6,1475058,0,0.61
2026-08-12T22:37:08.728000+00:00,,2026-08-12T22:37:08.728000+00:00,,4,Menik Ganga,Katharagama,3e20d27a-a4b5-4010-9acb-6261a79db140,6.5,4.6,1475057,0,-0.26
2026-08-12T22:36:38.947000+00:00,,2026-08-12T22:36:38.947000+00:00,,10,Kalu Ganga,Ellagawa,83978402-180d-4102-afbe-f4e82734af38,12.2,10.7,1475056,0,5.07
2026-08-12T22:36:29.558000+00:00,,2026-08-12T22:36:29.558000+00:00,,3,Kelani Ganga,Kithulgala,413b408c-0b25-46bf-baea-aa416cb6b2cf,6,4,1475055,0,2.15
2026-08-12T22:36:22.436000+00:00,,2026-08-12T22:36:22.436000+00:00,,5,Kalu Ganga,Kalawellawa (Millakanda),20abf939-b9b4-4919-b2ef-fe918d138655,8,6.5,1475054,0,2.88
2026-08-12T22:35:25.583000+00:00,,2026-08-12T22:35:25.583000+00:00,,4,Kelani Ganga,Nagalagam Street,efd3e269-d8aa-475b-8a48-0c886fba1e35,7,5,1475053,0,1.7
2026-08-12T22:34:53.392000+00:00,,2026-08-12T22:34:53.392000+00:00,,6.5,Kelani Ganga,Hanwella,fa64fb90-22ca-4183-8eb4-d81e51be925b,9.5,7.5,1475052,1.5,1.79
2026-08-12T22:34:25.663000+00:00,,2026-08-12T22:34:25.663000+00:00,,2.5,Nilwala Ganga,Urawa,e277389d-e91e-465a-bff2-1ab262504a42,6,4,1475051,0,0.07
2026-08-12T22:33:20.207000+00:00,,2026-08-12T22:33:20.207000+00:00,,5.5,Maha Oya,Giriulla,09dfad05-19ad-4c62-81b8-e8e09f340c37,7.5,6.5,1475050,0,0.92
2026-08-12T22:33:12.438000+00:00,,2026-08-12T22:33:12.438000+00:00,,3,Mahaweli Ganga,Manampitiya,0bac30f1-3d6a-4c8b-accc-42849944154c,6,4.3,1475049,0,0.04
2026-08-12T22:33:12.238000+00:00,,2026-08-12T22:33:12.238000+00:00,,3,Mahaweli Ganga,Thaldena,ac53ae97-593c-4116-884f-7f1cbeb72c62,5,4,1475048,0,0.28
2026-08-12T22:32:54.870000+00:00,,2026-08-12T22:32:54.870000+00:00,,3.5,Mahaweli Ganga,Nawalapitiya,fa8a0a6f-3d37-4d76-a1f2-ae808de41643,6,5,1475047,0,1.56
2026-08-12T22:32:27.413000+00:00,,2026-08-12T22:32:27.413000+00:00,,1.5,Kelani Ganga,Norwood,a4a7a8d2-3795-4291-90e9-23f21c80c393,4.5,3,1475046,0,0.75
2026-08-12T22:32:26.186000+00:00,,2026-08-12T22:32:26.186000+00:00,,3.3,Aththanagalu Oya,Dunamale,19149cde-5526-4ef1-89ba-48f60a464b38,5.5,4.4,1475045,0.2,0.56
2026-08-12T22:32:17.085000+00:00,,2026-08-12T22:32:17.085000+00:00,,4,Kirindi Oya,Thanamalwila,66278653-f8b3-4bf9-adb1-13df6a6d9b22,5.5,5,1475044,0,0.17
2026-08-12T22:32:13.034000+00:00,,2026-08-12T22:32:13.034000+00:00,,6,Yan Oya,Horowpothana,5511c9d8-4615-4c34-a048-b53fd7d2428d,10.5,7.5,1475043,0,1.66
2026-08-12T22:32:12.843000+00:00,,2026-08-12T22:32:12.843000+00:00,,5,Maha Oya,Badalgama,287e30cc-2fd0-4d26-a94c-af3aa7602fe2,9.6,6.2,1475042,0,1.98
2026-08-12T22:32:04.146000+00:00,,2026-08-12T22:32:04.146000+00:00,,4.75,Deduru Oya,Moragaswewa,e3ecdce8-e47c-44c6-ba9f-0656af9693c9,7,6,1475041,0,0
2026-08-12T22:31:52.198000+00:00,,2026-08-12T22:31:52.198000+00:00,,1.4,Nilwala Ganga,Thalgahagoda,14e69311-f1fb-4066-96cb-f99032fbf6db,2.8,1.7,1475040,2.1,0.4
2026-08-12T22:31:51.885000+00:00,,2026-08-12T22:31:51.885000+00:00,,4.4,Kirindi Oya,Wellawaya,e712ee25-155f-4ef8-9d74-68cc3120d977,5.9,5.4,1475039,0,0.61
2026-08-12T22:31:37.701000+00:00,,2026-08-12T22:31:37.701000+00:00,,3,Walawe Ganga,Moraketiya,c5c4bde5-0205-40c1-92ea-c8f64e7f1020,7,5,1475038,0,0.66
2026-08-12T22:31:22.446000+00:00,,2026-08-12T22:31:22.446000+00:00,,5.2,Kalu Ganga,Rathnapura,a048eb14-c758-45c6-8161-8f1fb35acf16,9.5,7.5,1475037,0,1.42
2026-08-12T22:31:17.165000+00:00,,2026-08-12T22:31:17.165000+00:00,,6.9,Kirindi Oya,Kuda Oya,bcb4a360-96c2-4cc4-85f2-fb933ee2eda6,8.8,8.4,1475036,0,0.93
2026-08-12T22:31:11.622000+00:00,,2026-08-12T22:31:11.622000+00:00,,4,Gin Ganga,Thawalama,ad0d0257-478e-48b3-bbf9-62b59f2971c2,7.5,6,1475035,0,1.55
2026-08-12T22:30:57.933000+00:00,,2026-08-12T22:30:57.933000+00:00,,,Gal Oya,Ampara,0e1f5ede-6f5a-411d-b8a2-1f7e0cefb7e3,,,1475034,0,0
2026-08-12T22:20:41.955000+00:00,,2026-08-12T22:20:41.955000+00:00,,4,Gin Ganga,Thawalama,f6d5fee6-25a8-420d-ba69-25dd59cb08c0,7.5,6,1475033,0,1.58
2026-08-12T22:02:07.039000+00:00,,2026-08-12T22:02:07.039000+00:00,,3,Kalu Ganga,Putupaula,210d2694-90d7-4fe6-99c5-cf76a94f6ca5,5,4,1475032,0,0.62
2026-08-12T21:54:21.095000+00:00,,2026-08-12T21:54:21.095000+00:00,,3.5,Gin Ganga,Baddegama,6a58a30f-fc54-40d1-a020-06f9752a9f40,5,4,1475031,1,1.36
2026-08-12T21:49:34.373000+00:00,,2026-08-12T21:49:34.373000+00:00,,3,Kelani Ganga,Kithulgala,1f2fd76e-c2a0-4ff6-bad7-76012278f1b7,6,4,1475030,0,2.19
2026-08-12T21:46:17.503000+00:00,,2026-08-12T21:46:17.503000+00:00,,4.8,Kelani Ganga,Deraniyagala,f9e5a028-c23d-4ba3-85f8-89cdbfe91d3e,7,5.8,1475029,0,0.86
2026-08-12T21:46:12.432000+00:00,,2026-08-12T21:46:12.432000+00:00,,3,Kelani Ganga,Holombuwa,d96446b3-3214-4db6-8dcd-dda864d3f483,6,4,1475028,0,0.44
2026-08-12T21:43:53.309000+00:00,,2026-08-12T21:43:53.309000+00:00,,4.5,Heda Oya,Siyambalanduwa,e147fe3f-0172-4606-973e-34e14da54d72,7,6,1475027,0,0.23
2026-08-12T21:42:08.726000+00:00,,2026-08-12T21:42:08.726000+00:00,,4,Kalu Ganga,Magura,0e2e4f33-4580-48d4-b6cd-0262132bf8b4,7.5,6,1475026,0,1.75
2026-08-12T21:38:55.112000+00:00,,2026-08-12T21:38:55.112000+00:00,,6.5,Kelani Ganga,Hanwella,86994fde-23da-44b5-8441-cc1dd0e9a47c,9.5,7.5,1475025,0,1.81
2026-08-12T21:37:24.563000+00:00,,2026-08-12T21:37:24.563000+00:00,,10,Kalu Ganga,Ellagawa,7b22e5dc-2cfc-41a7-8bf4-ab42c7f5963b,12.2,10.7,1475024,0,5.07
2026-08-12T21:36:19.553000+00:00,,2026-08-12T21:36:19.553000+00:00,,3,Walawe Ganga,Moraketiya,477fc887-76f4-4349-a2a5-58df559d969d,7,5,1475023,0,0.66
2026-08-12T21:36:11.350000+00:00,,2026-08-12T21:36:11.350000+00:00,,4,Kelani Ganga,Nagalagam Street,3f7a9b4d-ef42-4b7f-960e-29f3f882a0b7,7,5,1475022,0,1.9
2026-08-12T21:36:04.385000+00:00,,2026-08-12T21:36:04.385000+00:00,,4,Menik Ganga,Katharagama,ec425021-d43a-4320-adf3-f8f4cd444171,6.5,4.6,1475021,0,-0.26
2026-08-12T21:35:58.580000+00:00,,2026-08-12T21:35:58.580000+00:00,,5,Mahaweli Ganga,Peradeniya,8671fca6-1d2b-45ae-8ebb-224dfddbac1d,9,7,1475020,0,3.29
2026-08-12T21:35:48.063000+00:00,,2026-08-12T21:35:48.063000+00:00,,3,Mahaweli Ganga,Thaldena,c6248561-321a-49ca-b40b-9b7f38c66f78,5,4,1475019,0,0.3
2026-08-12T21:35:37.793000+00:00,,2026-08-12T21:35:37.793000+00:00,,15,Kelani Ganga,Glencourse,2f96840f-12ae-457e-a2d8-92a1df4037e7,19,15.5,1475018,0,10.25
2026-08-12T21:35:07.222000+00:00,,2026-08-12T21:35:07.222000+00:00,,5,Maha Oya,Badalgama,e84b88ae-a293-4a43-83ea-8d819edf7b61,9.6,6.2,1475017,0,1.98
2026-08-12T21:34:14.181000+00:00,,2026-08-12T21:34:14.181000+00:00,,5,Nilwala Ganga,Panadugama,7c49b02b-93c9-444c-94ef-012362d95f09,7.5,6,1475016,2.3,2.67
2026-08-12T21:34:06.652000+00:00,,2026-08-12T21:34:06.652000+00:00,,1.5,Kelani Ganga,Norwood,42e5b320-2d46-4419-9735-661567397451,4.5,3,1475015,0,0.75
2026-08-12T21:33:57.562000+00:00,,2026-08-12T21:33:57.562000+00:00,,3.5,Mahaweli Ganga,Nawalapitiya,0ae54def-8711-477a-a488-d97ac3edc554,6,5,1475014,0,1.56
2026-08-12T21:33:54.164000+00:00,,2026-08-12T21:33:54.164000+00:00,,4,Ma Oya,Yaka Wewa,6852c65e-fd24-4355-9233-0afb8fa30c5a,6,5,1475013,0,0.42
2026-08-12T21:33:34.724000+00:00,,2026-08-12T21:33:34.724000+00:00,,4.75,Deduru Oya,Moragaswewa,78a17617-a717-443d-a376-e564661f3054,7,6,1475012,0,0.01
2026-08-12T21:33:34.471000+00:00,,2026-08-12T21:33:34.471000+00:00,,5.2,Kalu Ganga,Rathnapura,26723f10-630f-4ec5-bacf-8bf5ee9592b4,9.5,7.5,1475011,0,1.44
2026-08-12T21:33:06.736000+00:00,,2026-08-12T21:33:06.736000+00:00,,3,Mahaweli Ganga,Manampitiya,e7ef1a7f-0fb7-456b-b782-31e6f2e2f9e0,6,4.3,1475010,0,0.04
2026-08-12T21:33:04.194000+00:00,,2026-08-12T21:33:04.194000+00:00,,5.5,Maha Oya,Giriulla,10d55a9d-fe89-44ff-9152-000962afe6ae,7.5,6.5,1475009,0,0.92
2026-08-12T21:32:54.183000+00:00,,2026-08-12T21:32:54.183000+00:00,,3.3,Aththanagalu Oya,Dunamale,d066b129-eb99-4076-9ed4-d3fedddef4bd,5.5,4.4,1475008,0,0.56
2026-08-12T21:32:49.024000+00:00,,2026-08-12T21:32:49.024000+00:00,,5,Kalu Ganga,Kalawellawa (Millakanda),f98d3eca-b758-42f3-98e1-62e135f90240,8,6.5,1475007,0,2.86
2026-08-12T21:32:30.535000+00:00,,2026-08-12T21:32:30.535000+00:00,,6,Yan Oya,Horowpothana,e0c1b232-1f52-4f71-887f-27634f500f69,10.5,7.5,1475006,0,1.67
2026-08-12T21:32:26.337000+00:00,,2026-08-12T21:32:26.337000+00:00,,4,Nilwala Ganga,Pitabeddara,4852692d-bf3f-4e8d-bc49-0c41af64cc24,6.5,5,1475005,0,0.64
2026-08-12T21:32:17.994000+00:00,,2026-08-12T21:32:17.994000+00:00,,4,Kirindi Oya,Thanamalwila,c531052c-3790-4676-8bc3-9d936420af1e,5.5,5,1475004,0,0.18
2026-08-12T21:31:42.368000+00:00,,2026-08-12T21:31:42.368000+00:00,,4,Nilwala Ganga,Pitabeddara,3104fef5-7f1f-456b-98c1-213d14bea48f,6.5,5,1475003,0,0.64
2026-08-12T21:31:26.155000+00:00,,2026-08-12T21:31:26.155000+00:00,,6.9,Kirindi Oya,Kuda Oya,91e4eb4e-6029-4967-b48e-b7da38cfc493,8.8,8.4,1475002,0,0.93
2026-08-12T21:31:22.895000+00:00,,2026-08-12T21:31:22.895000+00:00,,5,Kumbukkan Oya,Nakkala,51ceead3-cb65-4847-90c3-58131db6df09,7.5,6,1475001,0,0.62
2026-08-12T21:31:19.781000+00:00,,2026-08-12T21:31:19.781000+00:00,,,Gal Oya,Ampara,28d711ef-d66c-4cb9-b91e-b3aefae39a8a,,,1475000,0,0
2026-08-12T21:30:24.373000+00:00,,2026-08-12T21:30:24.373000+00:00,,1.4,Nilwala Ganga,Thalgahagoda,4c2e651d-b7bb-421e-9ed7-977537ef7aee,2.8,1.7,1474999,15.5,0.35
2026-08-12T21:30:01.502000+00:00,,2026-08-12T21:30:01.502000+00:00,,4.4,Kirindi Oya,Wellawaya,c70dcce2-24f4-4453-bdc7-71375cfa49d6,5.9,5.4,1474998,,0.61
2026-08-12T21:18:58.498000+00:00,,2026-08-12T21:18:58.498000+00:00,,6.9,Kirindi Oya,Kuda Oya,3779f1ae-ef25-4567-8126-843e668c6104,8.8,8.4,1474997,0,0.93
2026-08-12T20:52:26.944000+00:00,,2026-08-12T20:52:26.944000+00:00,,3,Kelani Ganga,Kithulgala,3cd079b3-0039-457d-b036-95a54c1afd98,6,4,1474996,0,2.19
2026-08-12T20:43:43.347000+00:00,,2026-08-12T20:43:43.347000+00:00,,6.5,Kelani Ganga,Hanwella,0d481c72-86dd-4635-93f3-82483747d308,9.5,7.5,1474995,0,1.81
2026-08-12T20:40:19.580000+00:00,,2026-08-12T20:40:19.580000+00:00,,1.4,Nilwala Ganga,Thalgahagoda,30186fe5-b426-477c-b8ee-66e0de83ce12,2.8,1.7,1474994,0,0.28
2026-08-12T20:39:22.730000+00:00,,2026-08-12T20:39:22.730000+00:00,,2.5,Nilwala Ganga,Urawa,abced8ca-e4f6-4714-bc48-979016f2cf99,6,4,1474993,0,0.07
2026-08-12T20:38:33.024000+00:00,,2026-08-12T20:38:33.024000+00:00,,4,Menik Ganga,Katharagama,0161f20a-ed23-4ef6-b88d-795fe1be770d,6.5,4.6,1474992,0,-0.27
2026-08-12T20:38:29.102000+00:00,,2026-08-12T20:38:29.102000+00:00,,3.5,Gin Ganga,Baddegama,5db88e6c-a7ca-4af3-a853-953d45e1dbc0,5,4,1474991,0,1.36
2026-08-12T20:37:45.437000+00:00,,2026-08-12T20:37:45.437000+00:00,,5.5,Maha Oya,Giriulla,991381d9-75cd-42d9-97e0-819baf423a41,7.5,6.5,1474990,0,0.92
2026-08-12T20:36:47.858000+00:00,,2026-08-12T20:36:47.858000+00:00,,4.8,Kelani Ganga,Deraniyagala,e1e298db-3b97-4511-be6c-b125a4ffd312,7,5.8,1474989,0,0.89
2026-08-12T20:35:58.133000+00:00,,2026-08-12T20:35:58.133000+00:00,,3,Kelani Ganga,Holombuwa,fe54b2b1-5af9-47ca-9c12-4f0b18b8bd90,6,4,1474988,0,0.44
2026-08-12T20:35:22.156000+00:00,,2026-08-12T20:35:22.156000+00:00,,15,Kelani Ganga,Glencourse,1808e4b1-cff7-4029-b8a8-beb8da4c4146,19,15.5,1474987,0,10.23
2026-08-12T20:35:20.029000+00:00,,2026-08-12T20:35:20.029000+00:00,,3,Mahaweli Ganga,Thaldena,8d0d6959-685b-404a-a169-e742e72bc5f5,5,4,1474986,0,0.17
2026-08-12T20:35:18.608000+00:00,,2026-08-12T20:35:18.608000+00:00,,3,Mahaweli Ganga,Thaldena,50638042-8f98-45b1-9d42-400e063c427d,5,4,1474985,0,0.18
2026-08-12T20:34:28.852000+00:00,,2026-08-12T20:34:28.852000+00:00,,3.5,Mahaweli Ganga,Nawalapitiya,c7dfe8f1-7606-4c55-9623-fba552ed1d88,6,5,1474984,0,1.57
2026-08-12T20:34:09.731000+00:00,,2026-08-12T20:34:09.731000+00:00,,5,Kalu Ganga,Kalawellawa (Millakanda),08948eda-f6d3-4568-8dfb-10bb49a5e3ac,8,6.5,1474983,0,2.84
2026-08-12T20:33:19.849000+00:00,,2026-08-12T20:33:19.849000+00:00,,4.4,Kirindi Oya,Wellawaya,a2fa520b-1cf4-431c-adef-12192070919c,5.9,5.4,1474982,0,0.61
2026-08-12T20:32:56.689000+00:00,,2026-08-12T20:32:56.689000+00:00,,3.3,Aththanagalu Oya,Dunamale,2240992f-4abc-4585-b247-cc425750c881,5.5,4.4,1474981,0,0.56
2026-08-12T20:32:55.784000+00:00,,2026-08-12T20:32:55.784000+00:00,,1.5,Kelani Ganga,Norwood,92b57b4c-de65-4b29-b784-2177a96f8bb0,4.5,3,1474980,0,0.75
2026-08-12T20:32:55.193000+00:00,,2026-08-12T20:32:55.193000+00:00,,3,Mahaweli Ganga,Manampitiya,981a282d-f570-4be8-a363-c291f6504236,6,4.3,1474979,0,0.02
2026-08-12T20:32:50.901000+00:00,,2026-08-12T20:32:50.901000+00:00,,4,Maduru Oya,Padiyathalawa,5814cd66-cf7e-4c7e-b809-adb9d6d1cec3,6,4.5,1474978,0,0.03
2026-08-12T20:32:45.182000+00:00,,2026-08-12T20:32:45.182000+00:00,,3,Walawe Ganga,Moraketiya,7d95fb16-0701-41ba-a3e0-2b16f1efa5ae,7,5,1474977,0,0.64
2026-08-12T20:32:40.408000+00:00,,2026-08-12T20:32:40.408000+00:00,,5,Maha Oya,Badalgama,99ea5d36-bf1f-4f5a-a21b-aba4716c0d83,9.6,6.2,1474976,0,1.98
2026-08-12T20:32:35.535000+00:00,,2026-08-12T20:32:35.535000+00:00,,4,Kelani Ganga,Nagalagam Street,b4157a60-1d99-4f81-8ba1-d665ecb52124,7,5,1474975,0,1.8
2026-08-12T20:32:27.145000+00:00,,2026-08-12T20:32:27.145000+00:00,,5,Mahaweli Ganga,Peradeniya,19584c6a-eedc-4e7e-a81e-7aa8d0795484,9,7,1474974,0,3.3
2026-08-12T20:32:06.006000+00:00,,2026-08-12T20:32:06.006000+00:00,,4,Kirindi Oya,Thanamalwila,aa9092e4-9863-407d-bd99-d33950d64c06,5.5,5,1474973,0,0.18
2026-08-12T20:32:03.967000+00:00,,2026-08-12T20:32:03.967000+00:00,,4.75,Deduru Oya,Moragaswewa,c6224b79-6843-4e7a-8775-9d3cdf3174a0,7,6,1474972,0,0.01
2026-08-12T20:31:56.127000+00:00,,2026-08-12T20:31:56.127000+00:00,,4,Gin Ganga,Thawalama,7eed19f9-ed3e-4590-b589-1cb9e150b3b6,7.5,6,1474971,0,1.61
2026-08-12T20:31:42.962000+00:00,,2026-08-12T20:31:42.962000+00:00,,6,Yan Oya,Horowpothana,99a5f876-4e4e-4f1d-9a2d-7a88f5214ed3,10.5,7.5,1474970,0,1.67
2026-08-12T20:31:36.818000+00:00,,2026-08-12T20:31:36.818000+00:00,,10,Kalu Ganga,Ellagawa,82277d42-8775-4240-91db-5369ceed3bf6,12.2,10.7,1474968,0,5.08
2026-08-12T20:31:36.649000+00:00,,2026-08-12T20:31:36.649000+00:00,,5.2,Kalu Ganga,Rathnapura,25f833fa-77ac-4462-b246-54df9144feef,9.5,7.5,1474969,0,1.46
2026-08-12T20:30:57.463000+00:00,,2026-08-12T20:30:57.463000+00:00,,,Gal Oya,Ampara,385629a1-bd13-4c0e-8692-3742d443128e,,,1474967,0,0
2026-08-12T20:30:51.582000+00:00,,2026-08-12T20:30:51.582000+00:00,,5,Kumbukkan Oya,Nakkala,690c77ee-a614-4a8c-b2d0-c66b9fab4dfa,7.5,6,1474966,0,0.63
2026-08-12T19:53:26.849000+00:00,,2026-08-12T19:53:26.849000+00:00,,5,Mahaweli Ganga,Peradeniya,784c64eb-46d5-4dd3-babf-76c9574f1ab2,9,7,1474965,0,3.32
2026-08-12T19:53:03.538000+00:00,,2026-08-12T19:53:03.538000+00:00,,4,Kelani Ganga,Nagalagam Street,b52d5646-d93d-49e3-955c-e801f2640d38,7,5,1474964,0,1.6
2026-08-12T19:52:54.446000+00:00,,2026-08-12T19:52:54.446000+00:00,,4.8,Kelani Ganga,Deraniyagala,6f985230-9e1e-4f69-969a-fccdf518ec84,7,5.8,1474963,0,0.89
2026-08-12T19:49:50.423000+00:00,,2026-08-12T19:49:50.423000+00:00,,3,Kelani Ganga,Kithulgala,8047f8ac-93ef-4369-895d-4c4194032ea3,6,4,1474962,0,2.2
2026-08-12T19:49:49.237000+00:00,,2026-08-12T19:49:49.237000+00:00,,3.5,Gin Ganga,Baddegama,56047dfb-06e1-42a1-aafd-294f35f885eb,5,4,1474961,0,1.36
2026-08-12T19:45:44.299000+00:00,,2026-08-12T19:45:44.299000+00:00,,4,Gin Ganga,Thawalama,ded41a8d-ee99-4ecf-85e2-761803f61b9d,7.5,6,1474960,0,1.63
2026-08-12T19:42:44.772000+00:00,,2026-08-12T19:42:44.772000+00:00,,6.5,Kelani Ganga,Hanwella,3f3418e2-16b4-4f15-974e-74e01dcf6384,9.5,7.5,1474959,0,1.82
2026-08-12T19:42:19.848000+00:00,,2026-08-12T19:42:19.848000+00:00,,3,Kelani Ganga,Holombuwa,c8b946b3-37c5-4406-9dab-5b41346f6392,6,4,1474958,0,0.44
2026-08-12T19:37:50.080000+00:00,,2026-08-12T19:37:50.080000+00:00,,5.2,Kalu Ganga,Rathnapura,bc8b320b-fb07-4866-8586-9890eda2ead5,9.5,7.5,1474957,0,1.49
2026-08-12T19:37:05.313000+00:00,,2026-08-12T19:37:05.313000+00:00,,3,Walawe Ganga,Moraketiya,2595f1d1-ccdb-4225-b020-6299cb21d586,7,5,1474956,0,0.67
2026-08-12T19:36:07.428000+00:00,,2026-08-12T19:36:07.428000+00:00,,3,Kalu Ganga,Putupaula,96ac1953-5cac-4c61-98f6-365f407de23f,5,4,1474955,0,0.52
2026-08-12T19:35:40.384000+00:00,,2026-08-12T19:35:40.384000+00:00,,15,Kelani Ganga,Glencourse,029fbd76-3c9f-4793-b9b8-2eb92bc39518,19,15.5,1474954,0,10.25
2026-08-12T19:34:13.101000+00:00,,2026-08-12T19:34:13.101000+00:00,,4,Menik Ganga,Katharagama,bc04b6a4-d9b1-4549-80d2-d2d53f44252f,6.5,4.6,1474953,0,-0.27
2026-08-12T19:34:07.838000+00:00,,2026-08-12T19:34:07.838000+00:00,,4.75,Deduru Oya,Moragaswewa,bb3a98cd-cf2d-4fa4-ae18-db55d5b60a18,7,6,1474952,0,0.01
2026-08-12T19:33:56.615000+00:00,,2026-08-12T19:33:56.615000+00:00,,3.5,Mahaweli Ganga,Nawalapitiya,396ada95-5aad-4f9c-aead-600b078aa9c0,6,5,1474951,0,1.57
2026-08-12T19:33:53.735000+00:00,,2026-08-12T19:33:53.735000+00:00,,5.5,Maha Oya,Giriulla,034787b4-2698-4038-bd36-678c4aad5e72,7.5,6.5,1474950,0,0.92
2026-08-12T19:33:24.494000+00:00,,2026-08-12T19:33:24.494000+00:00,,4.75,Deduru Oya,Moragaswewa,0f7cf0f7-c218-45b7-a50a-2e15329e8929,7,6,1474949,0,0
2026-08-12T19:33:22.014000+00:00,,2026-08-12T19:33:22.014000+00:00,,5,Maha Oya,Badalgama,5f737fae-ccb5-4a18-857e-be73b33eea8a,9.6,6.2,1474948,0,1.98
2026-08-12T19:33:14.341000+00:00,,2026-08-12T19:33:14.341000+00:00,,4,Maduru Oya,Padiyathalawa,ada34ba9-44ed-4b78-859c-5aa7e514294a,6,4.5,1474947,0,0.03
2026-08-12T19:33:01.107000+00:00,,2026-08-12T19:33:01.107000+00:00,,3,Mahaweli Ganga,Manampitiya,e54476f0-be94-4117-8931-e94ca06668dd,6,4.3,1474946,0,0
2026-08-12T19:32:54.093000+00:00,,2026-08-12T19:32:54.093000+00:00,,1.5,Kelani Ganga,Norwood,8f201b7d-48c3-4ff1-b09a-9652efaee8aa,4.5,3,1474945,0,0.76
2026-08-12T19:32:36.575000+00:00,,2026-08-12T19:32:36.575000+00:00,,3.3,Aththanagalu Oya,Dunamale,6e948b20-4c4b-4193-82eb-90d16bab55b3,5.5,4.4,1474944,0,0.56
2026-08-12T19:32:18.149000+00:00,,2026-08-12T19:32:18.149000+00:00,,4,Kirindi Oya,Thanamalwila,04b56f0d-f629-4d53-a1a8-2496f69a38d7,5.5,5,1474943,0,0.18
2026-08-12T19:31:55.144000+00:00,,2026-08-12T19:31:55.144000+00:00,,5,Kalu Ganga,Kalawellawa (Millakanda),b762ba4b-d128-4d55-9179-8f907a04f702,8,6.5,1474942,0,2.81
2026-08-12T19:31:10.161000+00:00,,2026-08-12T19:31:10.161000+00:00,,5,Kumbukkan Oya,Nakkala,535db404-1843-42ff-a633-592f4037283f,7.5,6,1474941,0,0.63
2026-08-12T19:31:09.880000+00:00,,2026-08-12T19:31:09.880000+00:00,,10,Kalu Ganga,Ellagawa,446e1481-6083-4abb-960d-517af4c75594,12.2,10.7,1474940,0,5.08
2026-08-12T19:31:00.871000+00:00,,2026-08-12T19:31:00.871000+00:00,,4.5,Heda Oya,Siyambalanduwa,ce8a23f5-683d-4184-8808-1140265cf9ce,7,6,1474939,0,0.24
2026-08-12T19:30:44.157000+00:00,,2026-08-12T19:30:44.157000+00:00,,1.4,Nilwala Ganga,Thalgahagoda,fc51b179-5ed7-4d56-a113-90bd7c84f337,2.8,1.7,1474938,3.5,0.3
2026-08-12T19:30:42.586000+00:00,,2026-08-12T19:30:42.586000+00:00,,,Gal Oya,Ampara,36290bed-f764-4a86-b42e-7931b4c409ca,,,1474937,0,0
2026-08-12T19:30:22.109000+00:00,,2026-08-12T19:30:22.109000+00:00,,4.4,Kirindi Oya,Wellawaya,ca563ced-d8ad-4910-93d9-8c02b489db4e,5.9,5.4,1474936,0,0.62
2026-08-12T18:54:09.744000+00:00,,2026-08-12T18:54:09.744000+00:00,,10,Kalu Ganga,Ellagawa,4a38d4e2-3ab9-47a3-ba66-dab1699dab25,12.2,10.7,1474935,0,5.08
2026-08-12T18:52:18.360000+00:00,,2026-08-12T18:52:18.360000+00:00,,5,Nilwala Ganga,Panadugama,71698e56-0a1d-44ea-bd0a-821fb91e38d8,7.5,6,1474934,0,2.68
2026-08-12T18:52:07.751000+00:00,,2026-08-12T18:52:07.751000+00:00,,4,Kalu Ganga,Magura,e01b4227-7ac0-4dd8-b9d4-e976d170599e,7.5,6,1474933,0,1.77
2026-08-12T18:49:03.886000+00:00,,2026-08-12T18:49:03.886000+00:00,,1.4,Nilwala Ganga,Thalgahagoda,79060e2b-80ca-41c7-9fa5-8a5ce34cc2be,2.8,1.7,1474932,0,0.3
2026-08-12T18:42:23.048000+00:00,,2026-08-12T18:42:23.048000+00:00,,3,Kelani Ganga,Holombuwa,7ce4d9ea-9ac9-45eb-ac76-e84303557d74,6,4,1474931,0,0.44
2026-08-12T18:38:38.168000+00:00,,2026-08-12T18:38:38.168000+00:00,,6.5,Kelani Ganga,Hanwella,26960d72-060a-4446-9b7d-faaaa5509af7,9.5,7.5,1474930,0,1.82
2026-08-12T18:38:23.259000+00:00,,2026-08-12T18:38:23.259000+00:00,,3,Kalu Ganga,Putupaula,4083c6f8-8e8d-4b6e-8d6a-57c08374d03c,5,4,1474929,0,0.49
2026-08-12T18:37:29.721000+00:00,,2026-08-12T18:37:29.721000+00:00,,3,Mahaweli Ganga,Thaldena,fdf1821e-4aa0-478c-87b4-494edb5438b4,5,4,1474928,0,0.19
2026-08-12T18:36:48.706000+00:00,,2026-08-12T18:36:48.706000+00:00,,3,Kelani Ganga,Kithulgala,aa7574e0-ca9f-46ec-986f-380dc4a4c5be,6,4,1474927,0,2.25
2026-08-12T18:36:16.606000+00:00,,2026-08-12T18:36:16.606000+00:00,,4,Gin Ganga,Thawalama,772700da-2205-488a-9815-fac717a3aec0,7.5,6,1474926,0,1.65
2026-08-12T18:36:00.180000+00:00,,2026-08-12T18:36:00.180000+00:00,,3,Walawe Ganga,Moraketiya,4e557d0e-c79e-4b35-8ae4-d5a221d60d09,7,5,1474925,0,0.68
2026-08-12T18:35:22.943000+00:00,,2026-08-12T18:35:22.943000+00:00,,4,Menik Ganga,Katharagama,9c1ce88a-9931-4b6b-9e82-961e82f21d9b,6.5,4.6,1474924,0,-0.27
2026-08-12T18:35:03.492000+00:00,,2026-08-12T18:35:03.492000+00:00,,4,Kelani Ganga,Nagalagam Street,d906b8f6-aace-4d43-b75d-bf4f38929351,7,5,1474923,0,1.3
2026-08-12T18:34:41.035000+00:00,,2026-08-12T18:34:41.035000+00:00,,3.5,Mahaweli Ganga,Nawalapitiya,ba6bb48b-fd80-4a8e-85ca-803213c37be9,6,5,1474922,0.2,1.59
2026-08-12T18:34:36.436000+00:00,,2026-08-12T18:34:36.436000+00:00,,5.2,Kalu Ganga,Rathnapura,af94b6ac-f135-4c08-8175-a6e183a5c8fd,9.5,7.5,1474921,0,1.52
2026-08-12T18:34:35.056000+00:00,,2026-08-12T18:34:35.056000+00:00,,15,Kelani Ganga,Glencourse,9d3eda9a-6b67-4a50-b29d-e6bbc6cd03d8,19,15.5,1474920,0,10.28
2026-08-12T18:34:16.543000+00:00,,2026-08-12T18:34:16.543000+00:00,,5.5,Maha Oya,Giriulla,7978037d-58f3-423f-aab0-86c8dcee21f5,7.5,6.5,1474919,0,0.93
2026-08-12T18:34:11.800000+00:00,,2026-08-12T18:34:11.800000+00:00,,5,Maha Oya,Badalgama,e7f1753b-b29a-4619-bbe0-b67bf9b05ca2,9.6,6.2,1474918,0,1.98
2026-08-12T18:33:32.769000+00:00,,2026-08-12T18:33:32.769000+00:00,,4.8,Kelani Ganga,Deraniyagala,329880d7-defa-4c54-b28a-0aa3c2f703c5,7,5.8,1474917,0,0.92
2026-08-12T18:33:27.038000+00:00,,2026-08-12T18:33:27.038000+00:00,,5,Mahaweli Ganga,Peradeniya,52e5c0c0-0f6c-48e8-a551-dab1df870fac,9,7,1474916,0,3.32
2026-08-12T18:33:13.667000+00:00,,2026-08-12T18:33:13.667000+00:00,,1.5,Kelani Ganga,Norwood,3cb275e2-6891-468e-b5f0-8122ac74f52f,4.5,3,1474915,0,0.76
2026-08-12T18:33:08.769000+00:00,,2026-08-12T18:33:08.769000+00:00,,3.5,Gin Ganga,Baddegama,85d4d501-1f59-423a-aff6-7ec029f916bf,5,4,1474914,0,1.36
2026-08-12T18:33:06.744000+00:00,,2026-08-12T18:33:06.744000+00:00,,4.75,Deduru Oya,Moragaswewa,e756c602-bbb6-4b7e-a35b-6d16675b644c,7,6,1474913,0,0.01
2026-08-12T18:32:58.330000+00:00,,2026-08-12T18:32:58.330000+00:00,,4,Kirindi Oya,Thanamalwila,b9d88cc9-9e9c-4c34-a7cf-9ce98d37f172,5.5,5,1474912,0,0.18
2026-08-12T18:32:40.028000+00:00,,2026-08-12T18:32:40.028000+00:00,,,Gal Oya,Ampara,2a61ff24-8a69-4347-9e67-be18ef51aa8a,,,1474911,0,0
2026-08-12T18:32:32.726000+00:00,,2026-08-12T18:32:32.726000+00:00,,4.5,Heda Oya,Siyambalanduwa,e52a0869-a97e-4c42-8f72-cc12e2cef11c,7,6,1474910,0,0.24
2026-08-12T18:32:29.026000+00:00,,2026-08-12T18:32:29.026000+00:00,,3,Mahaweli Ganga,Manampitiya,3aaa1914-b78e-4c1b-bfa3-055e16a7b223,6,4.3,1474909,0,-0.05
2026-08-12T18:32:21.162000+00:00,,2026-08-12T18:32:21.162000+00:00,,3.3,Aththanagalu Oya,Dunamale,58fe52dd-0f73-422a-a8ae-03d7c240a48b,5.5,4.4,1474908,0,0.56
2026-08-12T18:31:56.312000+00:00,,2026-08-12T18:31:56.312000+00:00,,5,Kalu Ganga,Kalawellawa (Millakanda),e2b7de1f-e6cb-4fb0-9cd8-a96c25c45827,8,6.5,1474907,0,2.8
2026-08-12T18:31:44.675000+00:00,,2026-08-12T18:31:44.675000+00:00,,6.9,Kirindi Oya,Kuda Oya,88b4aca2-102d-41fd-b538-50595e94be95,8.8,8.4,1474906,0,0.93
2026-08-12T18:31:35.390000+00:00,,2026-08-12T18:31:35.390000+00:00,,4,Maduru Oya,Padiyathalawa,c8728144-a614-494e-95b4-2f314b69c135,6,4.5,1474905,0,0.03
2026-08-12T18:31:31.416000+00:00,,2026-08-12T18:31:31.416000+00:00,,4,Ma Oya,Yaka Wewa,6ccafd32-b385-4d12-bfc7-73473b19f63f,6,5,1474904,0,0.42
2026-08-12T18:31:16.180000+00:00,,2026-08-12T18:31:16.180000+00:00,,5,Kumbukkan Oya,Nakkala,d0dd9d96-5ef6-48b8-b391-8545c3c52724,7.5,6,1474903,0,0.64
2026-08-12T18:30:13.200000+00:00,,2026-08-12T18:30:13.200000+00:00,,6,Yan Oya,Horowpothana,fe62e254-5399-4dbb-ac34-a92300cffe17,10.5,7.5,1474902,0,1.67
2026-08-12T18:30:11.143000+00:00,,2026-08-12T18:30:11.143000+00:00,,4.4,Kirindi Oya,Wellawaya,98ee9a87-bfa8-405d-a4b4-6ae19e0e76b5,5.9,5.4,1474901,0,0.62
2026-08-12T17:58:10.140000+00:00,,2026-08-12T17:58:10.140000+00:00,,5,Kalu Ganga,Kalawellawa (Millakanda),8e9e4aee-0df4-4698-b941-a4a99712bf0d,8,6.5,1474900,0,2.78
2026-08-12T17:48:28.489000+00:00,,2026-08-12T17:48:28.489000+00:00,,5,Nilwala Ganga,Panadugama,aaf03015-d8c4-4562-88d2-5b1ffc40aabb,7.5,6,1474899,0,2.68
2026-08-12T17:38:55.153000+00:00,,2026-08-12T17:38:55.153000+00:00,,15,Kelani Ganga,Glencourse,bbaa0294-ba99-4117-a2b9-64ef9573f400,19,15.5,1474898,0,10.32
2026-08-12T17:38:38.630000+00:00,,2026-08-12T17:38:38.630000+00:00,,3,Kelani Ganga,Holombuwa,93d3d087-57d2-428b-8c65-3e83bc10fbbc,6,4,1474897,0,0.44
2026-08-12T17:38:19.563000+00:00,,2026-08-12T17:38:19.563000+00:00,,3,Kalu Ganga,Putupaula,3ba090ff-9fed-4f33-aaeb-ac728bbaebf8,5,4,1474896,0,0.45
2026-08-12T17:38:17.610000+00:00,,2026-08-12T17:38:17.610000+00:00,,3,Kelani Ganga,Kithulgala,edf24cac-b9d4-4a53-8da8-1db1971a2b39,6,4,1474895,0,2.27
2026-08-12T17:37:36.661000+00:00,,2026-08-12T17:37:36.661000+00:00,,2.5,Nilwala Ganga,Urawa,4aed6a6e-11a4-4767-acf0-21b891721d3e,6,4,1474894,0,0.07
2026-08-12T17:36:30.227000+00:00,,2026-08-12T17:36:30.227000+00:00,,4,Nilwala Ganga,Pitabeddara,6422e714-d155-43ff-ad19-7b3e8e2bea89,6.5,5,1474893,0,0.66
2026-08-12T17:36:29.024000+00:00,,2026-08-12T17:36:29.024000+00:00,,4,Menik Ganga,Katharagama,de1e5acb-595d-45d8-be99-335cb01d2a2b,6.5,4.6,1474892,0,-0.27
2026-08-12T17:35:52.768000+00:00,,2026-08-12T17:35:52.768000+00:00,,4,Kalu Ganga,Magura,df38012f-2834-4db5-a286-7c65bd4bb950,7.5,6,1474891,0,1.78
2026-08-12T17:35:51.006000+00:00,,2026-08-12T17:35:51.006000+00:00,,3.5,Gin Ganga,Baddegama,25e97c73-6493-4fac-a5b2-a742f1291646,5,4,1474890,0,1.38
2026-08-12T17:35:47.880000+00:00,,2026-08-12T17:35:47.880000+00:00,,4.8,Kelani Ganga,Deraniyagala,6dcac9b2-d238-4ca1-9cad-752cc9ce3aaf,7,5.8,1474889,0,0.94
2026-08-12T17:35:14.225000+00:00,,2026-08-12T17:35:14.225000+00:00,,4,Kelani Ganga,Nagalagam Street,2e79094c-d7d9-4991-9d6c-17c63cbd840d,7,5,1474888,0,0.9
2026-08-12T17:34:51.251000+00:00,,2026-08-12T17:34:51.251000+00:00,,6.9,Kirindi Oya,Kuda Oya,58f561c1-d53a-4c7f-86a8-aae5b506a880,8.8,8.4,1474887,0,0.93
2026-08-12T17:34:42.934000+00:00,,2026-08-12T17:34:42.934000+00:00,,5.5,Maha Oya,Giriulla,25b648eb-4b3d-40d7-8da0-c71436cb0f66,7.5,6.5,1474886,0,0.93
2026-08-12T17:34:40.631000+00:00,,2026-08-12T17:34:40.631000+00:00,,1.5,Kelani Ganga,Norwood,595b0b72-be25-46e9-afcc-104be4dbbf3c,4.5,3,1474885,0,0.76
2026-08-12T17:34:30.541000+00:00,,2026-08-12T17:34:30.541000+00:00,,10,Kalu Ganga,Ellagawa,6e7cd60a-5258-41b9-8c2f-3cd71dda03d2,12.2,10.7,1474884,0,5.08
2026-08-12T17:34:27.991000+00:00,,2026-08-12T17:34:27.991000+00:00,,5,Mahaweli Ganga,Peradeniya,3b7e9cfd-d65e-4e89-9a57-4921107d4478,9,7,1474883,0,3.33
2026-08-12T17:34:13.445000+00:00,,2026-08-12T17:34:13.445000+00:00,,5,Maha Oya,Badalgama,52411076-8317-41d2-9cf8-9892a23e8afa,9.6,6.2,1474882,0,1.99
2026-08-12T17:34:10.848000+00:00,,2026-08-12T17:34:10.848000+00:00,,3.5,Mahaweli Ganga,Nawalapitiya,8a10079c-d896-412b-8ee2-0b647895760c,6,5,1474881,0,1.59
2026-08-12T17:33:38.262000+00:00,,2026-08-12T17:33:38.262000+00:00,,3,Mahaweli Ganga,Manampitiya,55f97c80-c750-416f-80c3-d43b00e6a1d5,6,4.3,1474880,0,-0.07
2026-08-12T17:33:25.408000+00:00,,2026-08-12T17:33:25.408000+00:00,,5,Kumbukkan Oya,Nakkala,cbd21830-027d-4662-89d5-9e51ff218f9e,7.5,6,1474879,0,0.64
2026-08-12T17:32:45.607000+00:00,,2026-08-12T17:32:45.607000+00:00,,6.5,Kelani Ganga,Hanwella,c17d8474-e4ba-446b-92f2-81c1b0aa641a,9.5,7.5,1474878,0,1.82
2026-08-12T17:32:42.873000+00:00,,2026-08-12T17:32:42.873000+00:00,,3,Mahaweli Ganga,Thaldena,b92b582b-61a2-4031-b791-3294b624fb40,5,4,1474877,0,0.2
2026-08-12T17:32:25.325000+00:00,,2026-08-12T17:32:25.325000+00:00,,5.2,Kalu Ganga,Rathnapura,39430904-f841-492b-a339-6ea5f353d450,9.5,7.5,1474876,0,1.55
2026-08-12T17:32:18.146000+00:00,,2026-08-12T17:32:18.146000+00:00,,3.3,Aththanagalu Oya,Dunamale,524aa20c-844a-4546-a165-64ccba022087,5.5,4.4,1474875,0,0.57
2026-08-12T17:31:54.010000+00:00,,2026-08-12T17:31:54.010000+00:00,,4.75,Deduru Oya,Moragaswewa,02bac646-b074-4704-a341-b30da285ce20,7,6,1474874,0,0.01
2026-08-12T17:31:53.927000+00:00,,2026-08-12T17:31:53.927000+00:00,,4,Kirindi Oya,Thanamalwila,9eb381cc-3445-4a25-be23-721791841e56,5.5,5,1474873,0,0.18
2026-08-12T17:31:46.944000+00:00,,2026-08-12T17:31:46.944000+00:00,,4,Ma Oya,Yaka Wewa,a42790dc-cee5-496c-a943-7fb1f8e321b5,6,5,1474872,0,0.42
2026-08-12T17:31:06.793000+00:00,,2026-08-12T17:31:06.793000+00:00,,4,Maduru Oya,Padiyathalawa,6d801cda-a04b-4c72-8e8a-68920cf465a3,6,4.5,1474871,0,0.03
2026-08-12T17:30:58.431000+00:00,,2026-08-12T17:30:58.431000+00:00,,4,Gin Ganga,Thawalama,dbe89f32-2c72-4cb6-893c-757f8ed2acf2,7.5,6,1474870,0,1.68
2026-08-12T17:30:56.855000+00:00,,2026-08-12T17:30:56.855000+00:00,,4.5,Heda Oya,Siyambalanduwa,497f1ced-4f88-44e3-b833-71e5d44c7c79,7,6,1474869,0,0.25
2026-08-12T17:30:44.799000+00:00,,2026-08-12T17:30:44.799000+00:00,,6,Yan Oya,Horowpothana,49cfefc6-293b-42c1-9819-d405dd081e7b,10.5,7.5,1474868,0,1.67
2026-08-12T17:30:39.814000+00:00,,2026-08-12T17:30:39.814000+00:00,,1.4,Nilwala Ganga,Thalgahagoda,1083be8f-a732-4fa3-8f8b-5d15ca60e136,2.8,1.7,1474867,0,0.32
2026-08-12T17:30:26.463000+00:00,,2026-08-12T17:30:26.463000+00:00,,,Gal Oya,Ampara,835f063e-b911-4907-b3c4-eea23bbc4c6f,,,1474866,0,0
2026-08-12T17:30:09.135000+00:00,,2026-08-12T17:30:09.135000+00:00,,4.4,Kirindi Oya,Wellawaya,c96e85fe-0ec8-405e-882d-be9c4b1e0b7d,5.9,5.4,1474865,0,0.62
2026-08-12T16:49:25.041000+00:00,,2026-08-12T16:49:25.041000+00:00,,1.4,Nilwala Ganga,Thalgahagoda,583189e7-65a2-4a93-97f7-710e68a2bd4d,2.8,1.7,1474864,0,0.36
2026-08-12T16:48:21.388000+00:00,,2026-08-12T16:48:21.388000+00:00,,3,Kalu Ganga,Putupaula,54d3d1dc-8249-4f2d-b0c0-ab867ac51c1e,5,4,1474863,0,0.49
2026-08-12T16:45:23.722000+00:00,,2026-08-12T16:45:23.722000+00:00,,5,Kalu Ganga,Kalawellawa (Millakanda),593edb95-dc8a-47d7-8ce5-9fdd864d9fa4,8,6.5,1474862,0,2.76
2026-08-12T16:42:19.928000+00:00,,2026-08-12T16:42:19.928000+00:00,,3.3,Aththanagalu Oya,Dunamale,7db7e61a-cc81-4364-a757-544300bd4eeb,5.5,4.4,1474861,0,0.57
2026-08-12T16:41:52.787000+00:00,,2026-08-12T16:41:52.787000+00:00,,5,Nilwala Ganga,Panadugama,4e10258c-6825-40dd-9b9a-3a4fd6b9b080,7.5,6,1474860,0,2.69
2026-08-12T16:40:26.028000+00:00,,2026-08-12T16:40:26.028000+00:00,,4,Kalu Ganga,Magura,75dbbbbe-e387-4465-afd2-e8b6cc48fb3e,7.5,6,1474859,0,1.76
2026-08-12T16:40:02.972000+00:00,,2026-08-12T16:40:02.972000+00:00,,5.2,Kalu Ganga,Rathnapura,8d9e14fc-c587-475c-9d5f-d25b22f19d3a,9.5,7.5,1474858,0,1.55
2026-08-12T16:39:41.207000+00:00,,2026-08-12T16:39:41.207000+00:00,,4,Gin Ganga,Thawalama,27af3c0b-1849-4eab-9098-b4f77e75a60c,7.5,6,1474857,0,1.71
2026-08-12T16:37:50.941000+00:00,,2026-08-12T16:37:50.941000+00:00,,5.5,Maha Oya,Giriulla,08f50b59-22a2-441e-885d-4e193b83fd45,7.5,6.5,1474856,0,0.93
2026-08-12T16:37:25.077000+00:00,,2026-08-12T16:37:25.077000+00:00,,3,Kelani Ganga,Kithulgala,f14f1f8f-a23b-4d49-8f5d-3cd3fcd3f825,6,4,1474855,0,2.2
2026-08-12T16:36:58.385000+00:00,,2026-08-12T16:36:58.385000+00:00,,4.75,Deduru Oya,Moragaswewa,f0eb471e-a4c6-4d73-965c-b76def1dcc10,7,6,1474854,0,0.01
2026-08-12T16:36:45.770000+00:00,,2026-08-12T16:36:45.770000+00:00,,4,Nilwala Ganga,Pitabeddara,c59450bc-30e4-464f-aa16-78113508f98c,6.5,5,1474853,0,0.66
2026-08-12T16:36:22.876000+00:00,,2026-08-12T16:36:22.876000+00:00,,2.5,Nilwala Ganga,Urawa,8a3f7738-21e7-43f6-99c9-af34d735e5ba,6,4,1474852,0,0.07
2026-08-12T16:36:15.191000+00:00,,2026-08-12T16:36:15.191000+00:00,,3,Walawe Ganga,Moraketiya,3f0b1276-3dd9-4a9b-8b42-ccc31e12f627,7,5,1474851,0,0.68
2026-08-12T16:35:51.698000+00:00,,2026-08-12T16:35:51.698000+00:00,,15,Kelani Ganga,Glencourse,3e44e821-d252-4887-9e94-8aec98c60391,19,15.5,1474850,0,10.33
2026-08-12T16:35:09.872000+00:00,,2026-08-12T16:35:09.872000+00:00,,3.5,Mahaweli Ganga,Nawalapitiya,83e215de-ebd0-4a97-be6b-9c735e052f34,6,5,1474849,0,1.59
2026-08-12T16:34:27.921000+00:00,,2026-08-12T16:34:27.921000+00:00,,10,Kalu Ganga,Ellagawa,d69d92e0-3b58-469c-b924-b70295a89afd,12.2,10.7,1474848,0,5.09
2026-08-12T16:34:06.692000+00:00,,2026-08-12T16:34:06.692000+00:00,,4,Menik Ganga,Katharagama,454e6f56-39c3-4e93-84f6-84f68c035068,6.5,4.6,1474847,0,-0.27
2026-08-12T16:34:02.541000+00:00,,2026-08-12T16:34:02.541000+00:00,,5,Maha Oya,Badalgama,cf9343dc-0e8b-4f61-add4-c6f4c942341d,9.6,6.2,1474846,0,1.99
2026-08-12T16:33:07.003000+00:00,,2026-08-12T16:33:07.003000+00:00,,6.5,Kelani Ganga,Hanwella,d696447c-6461-44ae-b9a2-d5c5b5132105,9.5,7.5,1474845,0,1.83
2026-08-12T16:32:58.945000+00:00,,2026-08-12T16:32:58.945000+00:00,,1.5,Kelani Ganga,Norwood,075030bb-84ed-43a0-9c91-ffd7081c128b,4.5,3,1474844,0,0.76
2026-08-12T16:32:50.325000+00:00,,2026-08-12T16:32:50.325000+00:00,,4.8,Kelani Ganga,Deraniyagala,d459f230-f4c1-4e8a-a25a-8cfcc13474dc,7,5.8,1474843,0,0.96
2026-08-12T16:32:48.079000+00:00,,2026-08-12T16:32:48.079000+00:00,,3,Mahaweli Ganga,Thaldena,ed34bf7d-e861-4870-8b52-b49da531ec5c,5,4,1474842,0,0.21
2026-08-12T16:32:42.550000+00:00,,2026-08-12T16:32:42.550000+00:00,,3,Kelani Ganga,Holombuwa,130da57c-1da3-42b3-86d3-6c15a978cee6,6,4,1474841,0,0.44
2026-08-12T16:32:40.383000+00:00,,2026-08-12T16:32:40.383000+00:00,,3,Mahaweli Ganga,Manampitiya,ee3f57e9-b11a-4719-8a2f-6bfeb2a07301,6,4.3,1474840,0,-0.09
2026-08-12T16:32:35.129000+00:00,,2026-08-12T16:32:35.129000+00:00,,4.5,Heda Oya,Siyambalanduwa,e844210a-6e62-4b99-9a15-49a77eaae28f,7,6,1474839,0,0.25
2026-08-12T16:32:05.978000+00:00,,2026-08-12T16:32:05.978000+00:00,,4,Kirindi Oya,Thanamalwila,cb15bedd-f296-455e-a5e2-abb9367a5855,5.5,5,1474838,0,0.19
2026-08-12T16:32:01.152000+00:00,,2026-08-12T16:32:01.152000+00:00,,4,Kelani Ganga,Nagalagam Street,c972f5e5-2079-446c-9d0d-989b58ed9736,7,5,1474837,0,0.7
2026-08-12T16:31:58.297000+00:00,,2026-08-12T16:31:58.297000+00:00,,3.5,Gin Ganga,Baddegama,b294e25e-71e1-4b96-8819-27f1aefcab49,5,4,1474836,0,1.38
2026-08-12T16:31:53.866000+00:00,,2026-08-12T16:31:53.866000+00:00,,4.4,Kirindi Oya,Wellawaya,0834e856-ca41-4eaa-991e-05aa0d3619cb,5.9,5.4,1474835,0,0.62
2026-08-12T16:31:50.340000+00:00,,2026-08-12T16:31:50.340000+00:00,,4,Ma Oya,Yaka Wewa,f89a3d3f-fca3-46fb-b4bc-e77e97ede2d8,6,5,1474834,0,0.42
2026-08-12T16:31:30.820000+00:00,,2026-08-12T16:31:30.820000+00:00,,4.75,Deduru Oya,Moragaswewa,fe4c037e-16f2-4cf5-86e1-a7630d9d49fa,7,6,1474833,0,0.01
2026-08-12T16:31:23.518000+00:00,,2026-08-12T16:31:23.518000+00:00,,6.9,Kirindi Oya,Kuda Oya,65380715-4886-43fe-9c72-16a2a1febe97,8.8,8.4,1474832,0,0.93
2026-08-12T16:31:22.107000+00:00,,2026-08-12T16:31:22.107000+00:00,,5,Mahaweli Ganga,Peradeniya,be87ed07-d64f-43b9-900b-1ee05f9b3a15,9,7,1474831,0,3.32
2026-08-12T16:31:12.120000+00:00,,2026-08-12T16:31:12.120000+00:00,,4,Maduru Oya,Padiyathalawa,6d7dc90d-fcc8-49fd-9efd-770d5b9d6033,6,4.5,1474830,0,0.03
2026-08-12T16:31:11.423000+00:00,,2026-08-12T16:31:11.423000+00:00,,5,Kumbukkan Oya,Nakkala,f8f6d7e4-7750-4abb-81dd-3200cff59715,7.5,6,1474829,0,0.65
2026-08-12T16:31:10.047000+00:00,,2026-08-12T16:31:10.047000+00:00,,6,Yan Oya,Horowpothana,2ce90151-7739-4a2e-b341-4fed58f607a2,10.5,7.5,1474828,0,1.67
2026-08-12T16:26:23.880000+00:00,,2026-08-12T16:26:23.880000+00:00,,3,Kelani Ganga,Holombuwa,35559c34-e7c8-424c-a611-f595c7fb7eb1,6,4,1474827,0,0.44
2026-08-12T15:58:55.268000+00:00,,2026-08-12T15:58:55.268000+00:00,,4.75,Deduru Oya,Moragaswewa,91673dbb-f970-4552-9538-3940f9c14ddb,7,6,1474826,0,0
2026-08-12T15:52:58.274000+00:00,,2026-08-12T15:52:58.274000+00:00,,5.2,Kalu Ganga,Rathnapura,bb4b50b7-a0a8-452b-a9fd-ed6fbaa4da1b,9.5,7.5,1474825,0,0.65
2026-08-12T15:51:35.660000+00:00,,2026-08-12T15:51:35.660000+00:00,,3,Kelani Ganga,Holombuwa,c61f0484-14c1-4778-a6c7-1f6f0584197f,6,4,1474824,0,0.44
2026-08-12T15:44:53.001000+00:00,,2026-08-12T15:44:53.001000+00:00,,5,Kalu Ganga,Kalawellawa (Millakanda),356a13e1-9ec2-4ace-931f-86a953643851,8,6.5,1474823,0,2.74
2026-08-12T15:38:58.354000+00:00,,2026-08-12T15:38:58.354000+00:00,,5,Nilwala Ganga,Panadugama,d6fe513e-f426-454f-8f3c-807415fc5600,7.5,6,1474822,0,2.69
2026-08-12T15:37:44.314000+00:00,,2026-08-12T15:37:44.314000+00:00,,2.5,Nilwala Ganga,Urawa,839506cf-83d0-4719-bd7d-e55c206cc8f8,6,4,1474821,0,0.07
2026-08-12T15:37:22.458000+00:00,,2026-08-12T15:37:22.458000+00:00,,15,Kelani Ganga,Glencourse,3dd62547-f917-4172-8375-13bc793ec322,19,15.5,1474820,0,10.33
2026-08-12T15:37:16.135000+00:00,,2026-08-12T15:37:16.135000+00:00,,3,Kelani Ganga,Kithulgala,766097d3-e548-4f4e-b7ba-76f379d67081,6,4,1474819,0,2.18
2026-08-12T15:35:30.037000+00:00,,2026-08-12T15:35:30.037000+00:00,,5.2,Kalu Ganga,Rathnapura,93d6ef3d-112b-4115-92fa-5e4a248db3ca,9.5,7.5,1474818,0,1.56
2026-08-12T15:35:11.134000+00:00,,2026-08-12T15:35:11.134000+00:00,,4,Menik Ganga,Katharagama,87be610b-bdd8-442a-8be1-c1e2d34e74f1,6.5,4.6,1474817,0,-0.27
2026-08-12T15:35:03.390000+00:00,,2026-08-12T15:35:03.390000+00:00,,3,Kelani Ganga,Holombuwa,4d312788-b0c9-4210-b6cf-e035f6b3ddf5,6,4,1474816,0,0.44
2026-08-12T15:34:59.568000+00:00,,2026-08-12T15:34:59.568000+00:00,,3,Walawe Ganga,Moraketiya,2bd9f8cc-b785-4029-a498-6a1ca4465618,7,5,1474815,0,0.68
2026-08-12T15:34:57.368000+00:00,,2026-08-12T15:34:57.368000+00:00,,3,Kalu Ganga,Putupaula,1d49081a-5b7d-4e4d-8da5-6511bd39c3c2,5,4,1474814,0,0.55
2026-08-12T15:34:22.003000+00:00,,2026-08-12T15:34:22.003000+00:00,,4,Kelani Ganga,Nagalagam Street,dae23aff-4671-460d-a3b0-251b152c85e7,7,5,1474813,0,0.7
2026-08-12T15:34:09.940000+00:00,,2026-08-12T15:34:09.940000+00:00,,10,Kalu Ganga,Ellagawa,b4a66acf-f465-4335-bd58-c46d4a51b739,12.2,10.7,1474812,0,5.1
2026-08-12T15:33:54.531000+00:00,,2026-08-12T15:33:54.531000+00:00,,4,Ma Oya,Yaka Wewa,38d246c5-2575-4e90-8b6c-85617431264a,6,5,1474811,0,0.42
2026-08-12T15:33:44.713000+00:00,,2026-08-12T15:33:44.713000+00:00,,5.5,Maha Oya,Giriulla,93cec599-82bd-456c-b67f-2d3b7e5dba9b,7.5,6.5,1474810,0,0.93
2026-08-12T15:33:44.200000+00:00,,2026-08-12T15:33:44.200000+00:00,,6.5,Kelani Ganga,Hanwella,a7aa0dd5-c5d2-4abd-9ac6-ef6560d9f4ce,9.5,7.5,1474809,0,1.85
2026-08-12T15:33:34.843000+00:00,,2026-08-12T15:33:34.843000+00:00,,4.8,Kelani Ganga,Deraniyagala,cf4bc1f6-d0eb-47ab-b419-55937558ceb0,7,5.8,1474808,0,1
2026-08-12T15:33:22.055000+00:00,,2026-08-12T15:33:22.055000+00:00,,4.75,Deduru Oya,Moragaswewa,167fd75b-ebb3-4533-980e-610d20a8e32e,7,6,1474807,0,0
2026-08-12T15:33:20.953000+00:00,,2026-08-12T15:33:20.953000+00:00,,4.5,Heda Oya,Siyambalanduwa,6149d2e8-5e1b-47bd-a912-dcee250111dd,7,6,1474806,0,0.22
2026-08-12T15:33:17.836000+00:00,,2026-08-12T15:33:17.836000+00:00,,3.5,Mahaweli Ganga,Nawalapitiya,378d5c9f-310b-43ee-9c3d-4e7fb4b8184e,6,5,1474805,0,1.6
2026-08-12T15:32:37.001000+00:00,,2026-08-12T15:32:37.001000+00:00,,3.5,Gin Ganga,Baddegama,56e191be-ed3e-4c39-b59a-1b6b39a2a615,5,4,1474804,0,1.4
2026-08-12T15:32:35.914000+00:00,,2026-08-12T15:32:35.914000+00:00,,5,Kumbukkan Oya,Nakkala,135ad470-89d1-4247-9219-cd99f7abd0a1,7.5,6,1474803,0,0.65
2026-08-12T15:32:33.956000+00:00,,2026-08-12T15:32:33.956000+00:00,,4,Kirindi Oya,Thanamalwila,e6fcd96f-31d1-47fd-b5da-2b66b72e7db0,5.5,5,1474802,0,0.19
2026-08-12T15:32:33.199000+00:00,,2026-08-12T15:32:33.199000+00:00,,1.5,Kelani Ganga,Norwood,6f6aef64-e443-46f6-bd2b-64b871720103,4.5,3,1474801,0,0.76
2026-08-12T15:32:29.861000+00:00,,2026-08-12T15:32:29.861000+00:00,,3,Mahaweli Ganga,Thaldena,3dee7921-10ba-45a2-b04e-8544ee07804a,5,4,1474800,0,0.2
2026-08-12T15:32:21.381000+00:00,,2026-08-12T15:32:21.381000+00:00,,3.3,Aththanagalu Oya,Dunamale,fa7b6d3c-4a80-4564-b5d6-08ef088b7c63,5.5,4.4,1474799,0,0.57
2026-08-12T15:32:14.232000+00:00,,2026-08-12T15:32:14.232000+00:00,,3,Mahaweli Ganga,Manampitiya,a04a4e9c-36e5-4985-a1db-464c4d485324,6,4.3,1474798,0,-0.1
2026-08-12T15:32:12.060000+00:00,,2026-08-12T15:32:12.060000+00:00,,5,Maha Oya,Badalgama,c9c38039-d92a-4084-9dab-94993939a739,9.6,6.2,1474797,0,1.99
2026-08-12T15:31:26.995000+00:00,,2026-08-12T15:31:26.995000+00:00,,6.9,Kirindi Oya,Kuda Oya,8b87d5e1-e478-4d6c-a45d-6b1950a4eb34,8.8,8.4,1474796,0,0.93
2026-08-12T15:31:20.846000+00:00,,2026-08-12T15:31:20.846000+00:00,,4,Kalu Ganga,Magura,61de3d17-8855-439e-9b61-d548000da76e,7.5,6,1474795,0,1.74
2026-08-12T15:31:17.851000+00:00,,2026-08-12T15:31:17.851000+00:00,,6,Yan Oya,Horowpothana,fad4e6bf-ece0-4b45-8174-2a7f42284e94,10.5,7.5,1474794,0,1.67
2026-08-12T15:31:16.437000+00:00,,2026-08-12T15:31:16.437000+00:00,,5,Mahaweli Ganga,Peradeniya,977c0636-bd6a-481b-885d-c3955dcd8687,9,7,1474793,0,3.31
2026-08-12T15:30:53.003000+00:00,,2026-08-12T15:30:53.003000+00:00,,,Gal Oya,Ampara,83277338-c6fb-472b-b1aa-d429514fe5d5,,,1474792,0,0
2026-08-12T15:30:37.006000+00:00,,2026-08-12T15:30:37.006000+00:00,,4,Gin Ganga,Thawalama,9788b4dd-242a-44ac-b12a-ab85a5ae493f,7.5,6,1474791,0,1.75
2026-08-12T15:30:31.977000+00:00,,2026-08-12T15:30:31.977000+00:00,,1.4,Nilwala Ganga,Thalgahagoda,6b08d7b9-2b1c-4079-940d-02fe47512ccf,2.8,1.7,1474790,0,0.4
2026-08-12T15:30:11.515000+00:00,,2026-08-12T15:30:11.515000+00:00,,4.4,Kirindi Oya,Wellawaya,beb30678-5aa7-447a-8948-05bdb221de69,5.9,5.4,1474789,0,0.62
2026-08-12T15:30:09.789000+00:00,,2026-08-12T15:30:09.789000+00:00,,4,Maduru Oya,Padiyathalawa,a4e23c39-de87-401a-8acd-34a2c26e3f3c,6,4.5,1474788,0,0.03
2026-08-12T14:53:58.142000+00:00,,2026-08-12T14:53:58.142000+00:00,,6,Yan Oya,Horowpothana,a5abff60-719b-4a31-abe6-39851a622432,10.5,7.5,1474787,0,1.67
2026-08-12T14:51:02.271000+00:00,,2026-08-12T14:51:02.271000+00:00,,4,Menik Ganga,Katharagama,1a42737b-0b6e-4d7c-a3e7-96e0074d67a4,6.5,4.6,1474786,0,-0.27
2026-08-12T14:46:59.463000+00:00,,2026-08-12T14:46:59.463000+00:00,,1.4,Nilwala Ganga,Thalgahagoda,52d76cb1-19ca-4f15-9472-0e065634d631,2.8,1.7,1474785,0,0.42
2026-08-12T14:42:09.766000+00:00,,2026-08-12T14:42:09.766000+00:00,,3.5,Gin Ganga,Baddegama,9b087bfe-1539-41f9-b20e-f7401cca8919,5,4,1474784,0,1.4
2026-08-12T14:42:05.469000+00:00,,2026-08-12T14:42:05.469000+00:00,,4,Gin Ganga,Thawalama,c1433691-0354-419c-add9-af41d4f3270d,7.5,6,1474783,0,1.78
2026-08-12T14:41:26.034000+00:00,,2026-08-12T14:41:26.034000+00:00,,5.5,Maha Oya,Giriulla,c092c59e-33d9-4d41-80ff-ad16dbf2025c,7.5,6.5,1474782,0,0.93
2026-08-12T14:40:09.527000+00:00,,2026-08-12T14:40:09.527000+00:00,,4,Kalu Ganga,Magura,e303b742-188f-44e6-9ffe-b7d097bbbc62,7.5,6,1474781,0,1.71
2026-08-12T14:38:34.308000+00:00,,2026-08-12T14:38:34.308000+00:00,,5,Nilwala Ganga,Panadugama,c6941d38-fd4a-4f60-852b-d727a00fe5fb,7.5,6,1474780,0,2.7
2026-08-12T14:38:03.328000+00:00,,2026-08-12T14:38:03.328000+00:00,,2.5,Nilwala Ganga,Urawa,ba80d273-1bdb-445b-9574-f149db18d224,6,4,1474779,0,0.07
2026-08-12T14:37:37.694000+00:00,,2026-08-12T14:37:37.694000+00:00,,3,Kelani Ganga,Holombuwa,f6393b37-f1b1-480c-816a-9815f905ab28,6,4,1474778,0,0.44
2026-08-12T14:37:11.580000+00:00,,2026-08-12T14:37:11.580000+00:00,,4.5,Heda Oya,Siyambalanduwa,d756af5c-c3be-4e14-9bff-b54ef82718c8,7,6,1474777,0,0.19
2026-08-12T14:36:47.402000+00:00,,2026-08-12T14:36:47.402000+00:00,,3,Kelani Ganga,Kithulgala,beaeb7f1-2eb6-43a8-9202-f5e3639b6fd8,6,4,1474776,0,2.17
2026-08-12T14:36:35.400000+00:00,,2026-08-12T14:36:35.400000+00:00,,4,Maduru Oya,Padiyathalawa,73a4ab26-4c20-4a5c-9687-472cab880962,6,4.5,1474775,0,0.03
2026-08-12T14:36:16.548000+00:00,,2026-08-12T14:36:16.548000+00:00,,15,Kelani Ganga,Glencourse,c4c0d351-213e-4c26-bddd-92080b57b96d,19,15.5,1474774,0,10.33
2026-08-12T14:36:00.935000+00:00,,2026-08-12T14:36:00.935000+00:00,,5,Kalu Ganga,Kalawellawa (Millakanda),c52236e0-646b-487f-9656-ad745965e059,8,6.5,1474773,0,2.73
2026-08-12T14:35:24.627000+00:00,,2026-08-12T14:35:24.627000+00:00,,1.5,Kelani Ganga,Norwood,a09c99d2-e867-4440-8650-f3c064d820bd,4.5,3,1474772,0,0.74
2026-08-12T14:35:22.589000+00:00,,2026-08-12T14:35:22.589000+00:00,,4,Menik Ganga,Katharagama,e73f6dad-7109-49d2-b97b-b3862c023070,6.5,4.6,1474771,0,-0.21
2026-08-12T14:34:47.386000+00:00,,2026-08-12T14:34:47.386000+00:00,,3,Kalu Ganga,Putupaula,ad2cf707-11d9-4451-80a1-99e2ed8cd67b,5,4,1474770,0,0.64
2026-08-12T14:34:27.494000+00:00,,2026-08-12T14:34:27.494000+00:00,,4,Ma Oya,Yaka Wewa,3995f248-df6a-45ed-9c51-4f84ac34d75a,6,5,1474769,0,0.42
2026-08-12T14:34:26.864000+00:00,,2026-08-12T14:34:26.864000+00:00,,4,Nilwala Ganga,Pitabeddara,6280f888-4329-484f-bf9d-17c7c91c912a,6.5,5,1474768,0,0.63
2026-08-12T14:34:03.284000+00:00,,2026-08-12T14:34:03.284000+00:00,,5,Maha Oya,Badalgama,0b4ad73a-f651-4a13-a28e-acdf0fef83b6,9.6,6.2,1474767,0,1.99
2026-08-12T14:33:58.999000+00:00,,2026-08-12T14:33:58.999000+00:00,,10,Kalu Ganga,Ellagawa,3b0222f2-6ce1-464c-a851-d341a4f131fd,12.2,10.7,1474766,0,5.1
2026-08-12T14:33:48.915000+00:00,,2026-08-12T14:33:48.915000+00:00,,4,Ma Oya,Yaka Wewa,16171c04-aa8b-4a39-9cfd-1757206b8182,6,5,1474765,0,0.42
2026-08-12T14:33:47.438000+00:00,,2026-08-12T14:33:47.438000+00:00,,4,Ma Oya,Yaka Wewa,f62faf2e-eda3-4e8f-bfdd-a7f0c6106bcd,6,5,1474764,0,0.42
2026-08-12T14:33:40.608000+00:00,,2026-08-12T14:33:40.608000+00:00,,4.8,Kelani Ganga,Deraniyagala,04a355a9-ea7e-40d4-958d-43ce9ad893c8,7,5.8,1474763,0,1.08
2026-08-12T14:33:09.039000+00:00,,2026-08-12T14:33:09.039000+00:00,,6.5,Kelani Ganga,Hanwella,5989a019-c391-46d5-bdcc-ae576781e72d,9.5,7.5,1474762,0,1.88
2026-08-12T14:33:07.120000+00:00,,2026-08-12T14:33:07.120000+00:00,,4,Kelani Ganga,Nagalagam Street,f86e7be5-14ed-4fd7-bf30-7007d2daed26,7,5,1474761,0,0.9
2026-08-12T14:33:04.624000+00:00,,2026-08-12T14:33:04.624000+00:00,,3,Walawe Ganga,Moraketiya,08795c97-f228-419c-9bfb-1d0a6b44f878,7,5,1474760,0,0.68
2026-08-12T14:32:58.141000+00:00,,2026-08-12T14:32:58.141000+00:00,,3,Mahaweli Ganga,Thaldena,ef4ab13a-fc89-47e6-b731-320d78c85dbc,5,4,1474759,0,0.23
2026-08-12T14:32:54.866000+00:00,,2026-08-12T14:32:54.866000+00:00,,5,Kumbukkan Oya,Nakkala,e494e2f2-3601-4488-bacc-b705f8069340,7.5,6,1474758,0,0.65
2026-08-12T14:32:49.553000+00:00,,2026-08-12T14:32:49.553000+00:00,,3.5,Mahaweli Ganga,Nawalapitiya,66fbc3d5-0bb3-4467-9389-738197fc0e7e,6,5,1474757,0,1.6
2026-08-12T14:32:22.112000+00:00,,2026-08-12T14:32:22.112000+00:00,,3.3,Aththanagalu Oya,Dunamale,ee5c43ec-3b01-46f6-b199-d54e250afbfb,5.5,4.4,1474756,0,0.57
2026-08-12T14:32:18.294000+00:00,,2026-08-12T14:32:18.294000+00:00,,5,Mahaweli Ganga,Peradeniya,2b92144f-0846-46d3-b5ba-37a2201f5441,9,7,1474755,0,3.31
2026-08-12T14:32:14.368000+00:00,,2026-08-12T14:32:14.368000+00:00,,4,Kirindi Oya,Thanamalwila,9697c298-47f3-4a31-809a-802e7e0861ab,5.5,5,1474754,0,0.19
2026-08-12T14:31:40.709000+00:00,,2026-08-12T14:31:40.709000+00:00,,3,Mahaweli Ganga,Manampitiya,2209caf8-d382-4833-ae2f-7dd082e29faf,6,4.3,1474753,0,-0.1
2026-08-12T14:31:36.715000+00:00,,2026-08-12T14:31:36.715000+00:00,,4.75,Deduru Oya,Moragaswewa,cb4dff5a-3ad1-4b13-893e-d939632ea9c2,7,6,1474752,0,0
2026-08-12T14:31:15.573000+00:00,,2026-08-12T14:31:15.573000+00:00,,6.9,Kirindi Oya,Kuda Oya,58b8848d-ee19-4770-9a48-7fec3b2fd4a1,8.8,8.4,1474751,0,0.93
2026-08-12T14:31:11.290000+00:00,,2026-08-12T14:31:11.290000+00:00,,,Gal Oya,Ampara,88b2a9b3-512b-48e1-b14d-d7099307ab73,,,1474750,0,0
2026-08-12T14:30:36.739000+00:00,,2026-08-12T14:30:36.739000+00:00,,4.4,Kirindi Oya,Wellawaya,4d13201b-7081-4c46-a1fe-7ae8b7024d81,5.9,5.4,1474749,0,0.62
2026-08-12T14:30:32.066000+00:00,,2026-08-12T14:30:32.066000+00:00,,5.2,Kalu Ganga,Rathnapura,19eb947b-ee5e-4923-8c74-0dfbffea4260,9.5,7.5,1474748,0,1.53
2026-08-12T13:44:26.743000+00:00,,2026-08-12T13:44:26.743000+00:00,,1.4,Nilwala Ganga,Thalgahagoda,cce60365-62b2-4ef7-8507-d9e3dc1a4c87,2.8,1.7,1474747,0,0.46
2026-08-12T13:43:50.394000+00:00,,2026-08-12T13:43:50.394000+00:00,,4,Nilwala Ganga,Pitabeddara,4c06b1a8-7d61-4577-9b7c-216e48a012c8,6.5,5,1474746,0,0.6
2026-08-12T13:43:21.905000+00:00,,2026-08-12T13:43:21.905000+00:00,,5,Nilwala Ganga,Panadugama,9219ca84-be45-4467-ba00-b053dbe5074e,7.5,6,1474745,0,2.7
2026-08-12T13:42:40.837000+00:00,,2026-08-12T13:42:40.837000+00:00,,2.5,Nilwala Ganga,Urawa,19abe719-dd32-420a-b726-9345745bfed5,6,4,1474744,0,0.07
2026-08-12T13:42:38.280000+00:00,,2026-08-12T13:42:38.280000+00:00,,3,Kelani Ganga,Holombuwa,b25a8f50-f68f-4430-b39d-ab90af20fa92,6,4,1474743,0,0.44
2026-08-12T13:41:26.945000+00:00,,2026-08-12T13:41:26.945000+00:00,,4,Gin Ganga,Thawalama,1a78e5c1-8838-4311-848f-9f07e3d17410,7.5,6,1474742,0,1.81
2026-08-12T13:39:13.598000+00:00,,2026-08-12T13:39:13.598000+00:00,,5.2,Kalu Ganga,Rathnapura,54b42e03-49c9-4b6e-bfe1-6c3689c93fc8,9.5,7.5,1474741,0,1.52
2026-08-12T13:37:24.325000+00:00,,2026-08-12T13:37:24.325000+00:00,,4,Kirindi Oya,Thanamalwila,a2f4e9a4-16cf-4c11-8c68-b3d31245681c,5.5,5,1474740,0,0.2
2026-08-12T13:36:37.196000+00:00,,2026-08-12T13:36:37.196000+00:00,,15,Kelani Ganga,Glencourse,040d6514-657c-4f0b-a17a-e10f257e850b,19,15.5,1474739,0,10.3
2026-08-12T13:36:15.167000+00:00,,2026-08-12T13:36:15.167000+00:00,,5,Maha Oya,Badalgama,412fa5fc-7bd7-49ff-b73e-07e8a2a58a49,9.6,6.2,1474738,0,1.99
2026-08-12T13:35:45.400000+00:00,,2026-08-12T13:35:45.400000+00:00,,4,Kalu Ganga,Magura,b37a8f00-554d-43f6-88d2-4c036eec47bd,7.5,6,1474737,0,1.68
2026-08-12T13:35:36.628000+00:00,,2026-08-12T13:35:36.628000+00:00,,10,Kalu Ganga,Ellagawa,85098d77-4ebf-4b94-9437-378e1c011614,12.2,10.7,1474736,0,5.13
2026-08-12T13:35:34.075000+00:00,,2026-08-12T13:35:34.075000+00:00,,6.5,Kelani Ganga,Hanwella,f0f98b10-ccfd-492c-a177-78f64f860883,9.5,7.5,1474735,0,1.91
2026-08-12T13:35:19.646000+00:00,,2026-08-12T13:35:19.646000+00:00,,4.75,Deduru Oya,Moragaswewa,576391ab-358f-4ca4-ab3f-47cc379048fd,7,6,1474734,0,0
2026-08-12T13:35:05.156000+00:00,,2026-08-12T13:35:05.156000+00:00,,5.5,Maha Oya,Giriulla,59f899c3-bb18-4f3d-80fb-926710f363b1,7.5,6.5,1474733,0,0.93
2026-08-12T13:34:44.970000+00:00,,2026-08-12T13:34:44.970000+00:00,,4,Menik Ganga,Katharagama,24ef0191-40d2-4e85-bbec-f696c57325ba,6.5,4.6,1474732,0,-0.27
2026-08-12T13:34:29.447000+00:00,,2026-08-12T13:34:29.447000+00:00,,3.5,Gin Ganga,Baddegama,47affcae-7ddf-4d96-b34c-25ec3b277280,5,4,1474731,0,1.4
2026-08-12T13:34:22.001000+00:00,,2026-08-12T13:34:22.001000+00:00,,4,Kelani Ganga,Nagalagam Street,e27b89e5-40c0-4ec3-9bc3-da6fb336f8d3,7,5,1474730,0,1.2
2026-08-12T13:33:58.776000+00:00,,2026-08-12T13:33:58.776000+00:00,,3.5,Mahaweli Ganga,Nawalapitiya,84f068d4-20a5-40aa-9a0c-97c50b2df4d8,6,5,1474729,0,1.61
2026-08-12T13:33:17.070000+00:00,,2026-08-12T13:33:17.070000+00:00,,3,Mahaweli Ganga,Thaldena,7cade457-2305-48cb-a05a-69799a407e70,5,4,1474728,0,0.19
2026-08-12T13:33:17.060000+00:00,,2026-08-12T13:33:17.060000+00:00,,3,Walawe Ganga,Moraketiya,7e2eb31d-45b4-47c4-aec7-95a56dc00952,7,5,1474727,0,0.69
2026-08-12T13:33:11.838000+00:00,,2026-08-12T13:33:11.838000+00:00,,1.5,Kelani Ganga,Norwood,74a03abf-858f-4f70-80e4-36433683c87f,4.5,3,1474726,0,0.78
2026-08-12T13:32:59.446000+00:00,,2026-08-12T13:32:59.446000+00:00,,3,Kelani Ganga,Kithulgala,ed657777-6ee7-480f-a8d1-199984fadbdd,6,4,1474725,0,2.07
2026-08-12T13:32:33.726000+00:00,,2026-08-12T13:32:33.726000+00:00,,3,Kalu Ganga,Putupaula,54847725-41ff-4fb0-a07a-0aaf31d06e6a,5,4,1474724,0,0.71
2026-08-12T13:32:19.975000+00:00,,2026-08-12T13:32:19.975000+00:00,,3.3,Aththanagalu Oya,Dunamale,f8c3a326-6e87-4e60-8ba8-1b74b924b15b,5.5,4.4,1474723,0,0.57
2026-08-12T13:32:17.330000+00:00,,2026-08-12T13:32:17.330000+00:00,,5,Mahaweli Ganga,Peradeniya,d55e873c-7d19-46ed-8aec-c71dd97554f4,9,7,1474722,0,3.3
2026-08-12T13:32:05.176000+00:00,,2026-08-12T13:32:05.176000+00:00,,4.8,Kelani Ganga,Deraniyagala,c7572125-6810-4ef5-bf90-2fca0214239f,7,5.8,1474721,0,1.15
2026-08-12T13:31:37.193000+00:00,,2026-08-12T13:31:37.193000+00:00,,6.9,Kirindi Oya,Kuda Oya,40459aab-239c-4d76-9287-433e30f04004,8.8,8.4,1474720,0,0.93
2026-08-12T13:31:32.922000+00:00,,2026-08-12T13:31:32.922000+00:00,,3,Mahaweli Ganga,Manampitiya,0f51c98f-4970-4d00-bc73-a26031b0c418,6,4.3,1474719,0,-0.1
2026-08-12T13:31:09.887000+00:00,,2026-08-12T13:31:09.887000+00:00,,5,Kumbukkan Oya,Nakkala,56622941-d58e-4600-8dc0-6cd66ca77409,7.5,6,1474718,0,0.65
2026-08-12T13:31:06.752000+00:00,,2026-08-12T13:31:06.752000+00:00,,5,Kalu Ganga,Kalawellawa (Millakanda),3237ff3c-2965-4383-b901-6deb76627272,8,6.5,1474717,0,2.72
2026-08-12T13:31:03.420000+00:00,,2026-08-12T13:31:03.420000+00:00,,6,Yan Oya,Horowpothana,8fc37c45-db02-4b9c-8403-090229d6aeb6,10.5,7.5,1474716,0,1.67
2026-08-12T13:30:45.218000+00:00,,2026-08-12T13:30:45.218000+00:00,,4,Maduru Oya,Padiyathalawa,7e2e80b7-72ee-454e-b98c-46b600e9f165,6,4.5,1474715,0,0.03
2026-08-12T13:30:42.664000+00:00,,2026-08-12T13:30:42.664000+00:00,,4.5,Heda Oya,Siyambalanduwa,bfeca6a0-78f7-4153-8bd8-7bab1e28dbe6,7,6,1474714,0,0.19
2026-08-12T13:30:37.141000+00:00,,2026-08-12T13:30:37.141000+00:00,,,Gal Oya,Ampara,fe640d85-8c7f-43ad-894f-0b2819a55122,,,1474713,0,0
2026-08-12T13:30:13.564000+00:00,,2026-08-12T13:30:13.564000+00:00,,4.4,Kirindi Oya,Wellawaya,1b2449a0-8bdb-4933-84ae-261e2ecb7f3b,5.9,5.4,1474712,0,0.63
2026-08-12T13:03:05.474000+00:00,,2026-08-12T13:03:05.474000+00:00,,1.4,Nilwala Ganga,Thalgahagoda,e5911a3c-e794-4dcd-8c04-205498df2ead,2.8,1.7,1474711,0,0.46
2026-08-12T12:40:13.066000+00:00,,2026-08-12T12:40:13.066000+00:00,,5,Nilwala Ganga,Panadugama,24c33bca-90a0-43da-b6d0-25aecf1eabe2,7.5,6,1474710,0,2.69
2026-08-12T12:39:02.005000+00:00,,2026-08-12T12:39:02.005000+00:00,,2.5,Nilwala Ganga,Urawa,f92e8284-b869-459a-a887-90696226f695,6,4,1474709,0,0.07
2026-08-12T12:35:42.835000+00:00,,2026-08-12T12:35:42.835000+00:00,,4.84,Mee Oya,Galgamuwa,9ba7fa40-4de1-418f-94c8-dd8b4c896b48,8,5.94,1474708,0,0.07
2026-08-12T12:35:27.198000+00:00,,2026-08-12T12:35:27.198000+00:00,,4.5,Heda Oya,Siyambalanduwa,db68f5fa-a9f8-4b7c-8342-fe3a837b55a7,7,6,1474707,0,0.19
2026-08-12T12:35:14.884000+00:00,,2026-08-12T12:35:14.884000+00:00,,1.5,Kelani Ganga,Norwood,c49eb366-0aed-49eb-8423-e21834ab9eee,4.5,3,1474706,0,0.78
2026-08-12T12:34:51.160000+00:00,,2026-08-12T12:34:51.160000+00:00,,4,Kelani Ganga,Nagalagam Street,b6511d6d-c96b-4d7f-8c8e-37cce0bf1d0a,7,5,1474705,0,1.5
2026-08-12T12:34:28.281000+00:00,,2026-08-12T12:34:28.281000+00:00,,3.5,Gin Ganga,Baddegama,0522e758-af8a-4e9a-bea8-370cf84eb8e6,5,4,1474704,0,1.4
2026-08-12T12:34:18.317000+00:00,,2026-08-12T12:34:18.317000+00:00,,1.5,Kelani Ganga,Norwood,41737c20-2dee-4242-8669-600333e353ad,4.5,3,1474703,0,0.78
2026-08-12T12:34:09.276000+00:00,,2026-08-12T12:34:09.276000+00:00,,3,Kelani Ganga,Kithulgala,ac7acf49-e805-4876-aecc-077af8ed28c9,6,4,1474702,0,1.94
2026-08-12T12:34:05.165000+00:00,,2026-08-12T12:34:05.165000+00:00,,5,Kumbukkan Oya,Nakkala,844aceb8-b83c-4f1b-9bbd-d67addec6d1a,7.5,6,1474701,0,0.64
2026-08-12T12:33:52.475000+00:00,,2026-08-12T12:33:52.475000+00:00,,15,Kelani Ganga,Glencourse,db88322e-8f7c-41fa-b146-1428c86b0680,19,15.5,1474700,0,10.3
2026-08-12T12:33:44.034000+00:00,,2026-08-12T12:33:44.034000+00:00,,3.5,Mahaweli Ganga,Nawalapitiya,0d5349e4-092e-4fc7-a194-c6d1a5e10f8d,6,5,1474699,1.5,1.63
2026-08-12T12:33:39.020000+00:00,,2026-08-12T12:33:39.020000+00:00,,4,Menik Ganga,Katharagama,575a1665-2eaa-4a72-a224-a4cf4be521d4,6.5,4.6,1474698,0,-0.27
2026-08-12T12:33:11.214000+00:00,,2026-08-12T12:33:11.214000+00:00,,3,Mahaweli Ganga,Manampitiya,cda1432a-5b02-4e9c-965b-b208d4a977fa,6,4.3,1474697,0,-0.1
2026-08-12T12:33:10.553000+00:00,,2026-08-12T12:33:10.553000+00:00,,4.75,Deduru Oya,Moragaswewa,cbb6bde3-a1a0-4c16-8266-8d23c1364084,7,6,1474696,0,0
2026-08-12T12:33:02.483000+00:00,,2026-08-12T12:33:02.483000+00:00,,4.8,Kelani Ganga,Deraniyagala,92476108-b679-457f-9c25-8917e433c67f,7,5.8,1474695,0,1.04
2026-08-12T12:33:01.266000+00:00,,2026-08-12T12:33:01.266000+00:00,,4,Gin Ganga,Thawalama,cb00ab8c-c096-4149-ba97-36f8b70572e7,7.5,6,1474694,0,1.79
2026-08-12T12:32:55.909000+00:00,,2026-08-12T12:32:55.909000+00:00,,3,Walawe Ganga,Moraketiya,2671ffb0-7085-4b15-ad66-7843fc72c47b,7,5,1474693,0,0.69
2026-08-12T12:32:47.034000+00:00,,2026-08-12T12:32:47.034000+00:00,,3,Mahaweli Ganga,Thaldena,4dbbe04d-b1ef-4dbf-98fb-65bf97342932,5,4,1474692,0,0.19
2026-08-12T12:32:45.817000+00:00,,2026-08-12T12:32:45.817000+00:00,,4,Kirindi Oya,Thanamalwila,5dae431d-b73d-4ed6-90ef-a9eab867ee5e,5.5,5,1474691,0,0.2
2026-08-12T12:32:42.877000+00:00,,2026-08-12T12:32:42.877000+00:00,,4,Ma Oya,Yaka Wewa,da7f5b9e-fe30-4407-962e-c9133cbfb32f,6,5,1474690,0,0.42
2026-08-12T12:32:31.549000+00:00,,2026-08-12T12:32:31.549000+00:00,,3,Kelani Ganga,Holombuwa,1ec9056c-7f85-4dfd-b1db-bd37637c1b11,6,4,1474689,0,0.44
2026-08-12T12:32:29.238000+00:00,,2026-08-12T12:32:29.238000+00:00,,,Gal Oya,Ampara,01e327bf-a08e-47bd-93d3-395947057a62,,,1474688,25.7,0
2026-08-12T12:32:27.545000+00:00,,2026-08-12T12:32:27.545000+00:00,,5,Mahaweli Ganga,Peradeniya,a0bc12fa-7809-4b9e-81e1-46ab899424cb,9,7,1474687,0,3.3
2026-08-12T12:32:25.931000+00:00,,2026-08-12T12:32:25.931000+00:00,,6.5,Kelani Ganga,Hanwella,ac97002f-7762-4759-b300-52c78ba16b3d,9.5,7.5,1474686,0,1.94
2026-08-12T12:32:08.325000+00:00,,2026-08-12T12:32:08.325000+00:00,,5.5,Maha Oya,Giriulla,9a739738-ca24-40ce-92e1-2fa1e21d1b04,7.5,6.5,1474685,0,0.93
2026-08-12T12:32:08.048000+00:00,,2026-08-12T12:32:08.048000+00:00,,4,Maduru Oya,Padiyathalawa,d7523210-7a65-48ae-aff7-6aaf188466d1,6,4.5,1474684,0.1,0.03
2026-08-12T12:32:05.536000+00:00,,2026-08-12T12:32:05.536000+00:00,,5.2,Kalu Ganga,Rathnapura,7f782f73-df65-40d2-8918-f9fec6ad2f90,9.5,7.5,1474683,0,1.5
2026-08-12T12:31:59.410000+00:00,,2026-08-12T12:31:59.410000+00:00,,3.3,Aththanagalu Oya,Dunamale,8c261b4b-d71a-461c-8673-a37e6569eaa3,5.5,4.4,1474682,0,0.6
2026-08-12T12:31:57.824000+00:00,,2026-08-12T12:31:57.824000+00:00,,4,Kalu Ganga,Magura,6c27acc8-6bfb-4d8f-9e93-6dae22e7f62d,7.5,6,1474681,0,1.65
2026-08-12T12:31:43.625000+00:00,,2026-08-12T12:31:43.625000+00:00,,5,Maha Oya,Badalgama,548af1b2-967e-4cab-b694-37ea032a6387,9.6,6.2,1474680,0,1.99
2026-08-12T12:31:39.795000+00:00,,2026-08-12T12:31:39.795000+00:00,,5,Malwathu Oya,Thanthirimale,a695b2b9-0a42-463f-a806-a5ce7fad6d6a,7.8,6.8,1474679,0,0.91
2026-08-12T12:31:21.234000+00:00,,2026-08-12T12:31:21.234000+00:00,,6.9,Kirindi Oya,Kuda Oya,9cbec9dc-04e1-4dac-adb8-01510304e8b1,8.8,8.4,1474678,0,0.93
2026-08-12T12:31:18.631000+00:00,,2026-08-12T12:31:18.631000+00:00,,10,Kalu Ganga,Ellagawa,e188635e-e821-4e16-9804-a9027c7668d7,12.2,10.7,1474677,0,5.16
2026-08-12T12:31:11.567000+00:00,,2026-08-12T12:31:11.567000+00:00,,3,Kalu Ganga,Putupaula,c71d2cf5-3737-478f-960a-4cf6ea623de7,5,4,1474676,0,0.75
2026-08-12T12:31:06.615000+00:00,,2026-08-12T12:31:06.615000+00:00,,6,Yan Oya,Horowpothana,94fbac16-6d55-4fc1-8558-f52e9942d29e,10.5,7.5,1474675,0,1.67
2026-08-12T12:30:29.386000+00:00,,2026-08-12T12:30:29.386000+00:00,,4,Nilwala Ganga,Pitabeddara,4b1d599a-4fb0-4fb9-ac5f-e2da9b7ed2f1,6.5,5,1474674,0,0.57
2026-08-12T12:30:12.724000+00:00,,2026-08-12T12:30:12.724000+00:00,,4.4,Kirindi Oya,Wellawaya,c32c1c27-7157-4c39-bf9b-d50eb7796cb5,5.9,5.4,1474673,0,0.63
2026-08-12T12:29:23.295000+00:00,,2026-08-12T12:29:23.295000+00:00,,5,Kalu Ganga,Kalawellawa (Millakanda),a96c8198-6097-4826-ab41-157f10a08cd5,8,6.5,1474672,0,2.71
2026-08-12T12:05:14.992000+00:00,,2026-08-12T12:05:14.992000+00:00,,1.5,Kelani Ganga,Norwood,c4d0efce-0429-46b4-8b45-64e1b1918410,4.5,3,1474671,0,0.77
2026-08-12T12:05:13.658000+00:00,,2026-08-12T12:05:13.658000+00:00,,1.5,Kelani Ganga,Norwood,b75453e9-c939-45c4-b285-78e0d7bfafc3,4.5,3,1474670,0,0.77
2026-08-12T11:41:29.346000+00:00,,2026-08-12T11:41:29.346000+00:00,,5,Kalu Ganga,Kalawellawa (Millakanda),b38e7879-27d4-4e95-b510-a0c3753c3578,8,6.5,1474669,0,2.7
2026-08-12T11:40:50.883000+00:00,,2026-08-12T11:40:50.883000+00:00,,5,Mahaweli Ganga,Peradeniya,4b9b0756-5a8d-4cd3-8846-ded94a9c8394,9,7,1474668,0,3.33
2026-08-12T11:40:09.242000+00:00,,2026-08-12T11:40:09.242000+00:00,,10,Kalu Ganga,Ellagawa,4c5c02a1-a5e6-458e-86ac-bad08c9a9269,12.2,10.7,1474667,1.9,5.19
2026-08-12T11:39:04.736000+00:00,,2026-08-12T11:39:04.736000+00:00,,3,Walawe Ganga,Moraketiya,3143d1ae-4992-4541-b703-991df6de2718,7,5,1474666,0,0.7
2026-08-12T11:38:25.056000+00:00,,2026-08-12T11:38:25.056000+00:00,,5,Nilwala Ganga,Panadugama,88660404-3ff8-402e-b6c5-24f15194eaee,7.5,6,1474665,0,2.67
2026-08-12T11:36:31.201000+00:00,,2026-08-12T11:36:31.201000+00:00,,4.84,Mee Oya,Galgamuwa,c137073f-1a5a-4ab1-8acb-b9e17ec901b8,8,5.94,1474664,0,0.07
2026-08-12T11:36:24.643000+00:00,,2026-08-12T11:36:24.643000+00:00,,15,Kelani Ganga,Glencourse,050ec438-d8f1-4870-bab3-6f47a2964cb0,19,15.5,1474663,0,10.34
2026-08-12T11:36:23.250000+00:00,,2026-08-12T11:36:23.250000+00:00,,4,Gin Ganga,Thawalama,2dc0a24c-205b-498c-b70e-a5195d60a8bb,7.5,6,1474662,0,1.75
2026-08-12T11:36:21.344000+00:00,,2026-08-12T11:36:21.344000+00:00,,4,Kelani Ganga,Nagalagam Street,21b83187-2054-41d0-bed2-de69a89b007d,7,5,1474661,0,1.9
2026-08-12T11:36:05.198000+00:00,,2026-08-12T11:36:05.198000+00:00,,4,Nilwala Ganga,Pitabeddara,17dc88df-e983-4cf3-a5ab-76d61861ccd7,6.5,5,1474660,1.5,0.57
2026-08-12T11:35:48.256000+00:00,,2026-08-12T11:35:48.256000+00:00,,4,Kalu Ganga,Magura,7df5aa80-62d8-4d36-9738-645686b7456f,7.5,6,1474659,0,1.61
2026-08-12T11:35:04.678000+00:00,,2026-08-12T11:35:04.678000+00:00,,2.5,Nilwala Ganga,Urawa,46d14e61-e1a2-4c6f-bf5d-13c1c2057fec,6,4,1474658,0,0.08
2026-08-12T11:34:57.243000+00:00,,2026-08-12T11:34:57.243000+00:00,,3,Mahaweli Ganga,Manampitiya,622fc598-fe61-4a60-ae6b-042cf5646a29,6,4.3,1474657,0,-0.09
2026-08-12T11:34:46.136000+00:00,,2026-08-12T11:34:46.136000+00:00,,3,Mahaweli Ganga,Thaldena,b3cd5259-bf19-49ea-b240-07eecef40000,5,4,1474656,0,0.21
2026-08-12T11:34:13.407000+00:00,,2026-08-12T11:34:13.407000+00:00,,3,Kelani Ganga,Kithulgala,74a894cd-ff96-404b-892f-a22b76bd5364,6,4,1474655,0,2.05
2026-08-12T11:34:12.453000+00:00,,2026-08-12T11:34:12.453000+00:00,,3,Kelani Ganga,Holombuwa,c0607b03-88b5-4b8a-b7ea-6d3340c1e365,6,4,1474654,0,0.44
2026-08-12T11:34:02.048000+00:00,,2026-08-12T11:34:02.048000+00:00,,3.5,Gin Ganga,Baddegama,ee175100-001d-47d1-bcf2-cfbe15dbbb9a,5,4,1474653,0,1.39
2026-08-12T11:34:00.100000+00:00,,2026-08-12T11:34:00.100000+00:00,,4,Menik Ganga,Katharagama,1733ed02-6ba3-450d-9013-0c5876b76e10,6.5,4.6,1474652,0,-0.27
2026-08-12T11:33:49.612000+00:00,,2026-08-12T11:33:49.612000+00:00,,4.8,Kelani Ganga,Deraniyagala,25516baf-4c70-457a-95b2-bd6550f5940e,7,5.8,1474651,0,0.95
2026-08-12T11:33:46.871000+00:00,,2026-08-12T11:33:46.871000+00:00,,6.5,Kelani Ganga,Hanwella,026094ad-de86-45d1-aa62-62e862688118,9.5,7.5,1474650,0,1.96
2026-08-12T11:33:30.038000+00:00,,2026-08-12T11:33:30.038000+00:00,,3.5,Mahaweli Ganga,Nawalapitiya,566a309d-53b4-4124-a199-2cc6f1f42a75,6,5,1474649,0,1.65
2026-08-12T11:33:27.878000+00:00,,2026-08-12T11:33:27.878000+00:00,,4.75,Deduru Oya,Moragaswewa,3410ab2d-9d7b-4e42-88a3-1e154f0de107,7,6,1474648,0,0
2026-08-12T11:32:51.512000+00:00,,2026-08-12T11:32:51.512000+00:00,,3,Kalu Ganga,Putupaula,ca5371f3-7a37-4c7c-a31c-835114610f6f,5,4,1474647,0.5,0.81
2026-08-12T11:32:39.441000+00:00,,2026-08-12T11:32:39.441000+00:00,,3.3,Aththanagalu Oya,Dunamale,8ee39049-a3eb-49c3-9f36-b5cd2daac0a2,5.5,4.4,1474646,0,0.63
2026-08-12T11:32:38.337000+00:00,,2026-08-12T11:32:38.337000+00:00,,5,Maha Oya,Badalgama,1100f664-d597-4264-9fa4-e3f0c5a1d0f3,9.6,6.2,1474645,0,1.99
2026-08-12T11:32:30.070000+00:00,,2026-08-12T11:32:30.070000+00:00,,4.5,Heda Oya,Siyambalanduwa,21797302-5de2-4370-8102-4fb3391d7c83,7,6,1474644,0,0.19
2026-08-12T11:32:23.128000+00:00,,2026-08-12T11:32:23.128000+00:00,,4,Kirindi Oya,Thanamalwila,14f4fad9-e3bc-4bcc-b3db-377cdb020844,5.5,5,1474643,0,0.22
2026-08-12T11:32:16.469000+00:00,,2026-08-12T11:32:16.469000+00:00,,5.2,Kalu Ganga,Rathnapura,71861201-cb7b-4e9e-9971-00567a0cdafc,9.5,7.5,1474642,0,1.5
2026-08-12T11:31:55.741000+00:00,,2026-08-12T11:31:55.741000+00:00,,5.5,Maha Oya,Giriulla,ae0d7fed-8f50-44c5-b6da-f015d0af78cc,7.5,6.5,1474641,0,0.93
2026-08-12T11:31:50.327000+00:00,,2026-08-12T11:31:50.327000+00:00,,6.9,Kirindi Oya,Kuda Oya,84d46927-4ccf-4c8d-aa9b-a1859a0fc644,8.8,8.4,1474640,0,0.93
2026-08-12T11:31:45.237000+00:00,,2026-08-12T11:31:45.237000+00:00,,,Gal Oya,Ampara,9b0fea7b-a980-452c-85f7-fefd5e126b34,,,1474639,15,0
2026-08-12T11:31:44.913000+00:00,,2026-08-12T11:31:44.913000+00:00,,4,Ma Oya,Yaka Wewa,72df36bf-6a63-464e-8f04-d1396bbfc335,6,5,1474638,0,0.41
2026-08-12T11:31:41.956000+00:00,,2026-08-12T11:31:41.956000+00:00,,4.4,Kirindi Oya,Wellawaya,4d7232e8-b624-4ee4-afdb-41b8c3069084,5.9,5.4,1474637,0,0.63
2026-08-12T11:31:24.811000+00:00,,2026-08-12T11:31:24.811000+00:00,,1.4,Nilwala Ganga,Thalgahagoda,7463426d-bd12-4b73-b305-c8521e4239fa,2.8,1.7,1474636,0,0.49
2026-08-12T11:31:18.024000+00:00,,2026-08-12T11:31:18.024000+00:00,,6,Yan Oya,Horowpothana,f5028435-8d93-4dc0-80c1-37ce52d9d6b3,10.5,7.5,1474635,0,1.67
2026-08-12T11:30:52.074000+00:00,,2026-08-12T11:30:52.074000+00:00,,5,Kumbukkan Oya,Nakkala,f722e5af-33cc-47d7-b14a-4af75eb2cb69,7.5,6,1474634,0,0.63
2026-08-12T11:30:33.784000+00:00,,2026-08-12T11:30:33.784000+00:00,,5,Malwathu Oya,Thanthirimale,a414adf9-7e25-4ffd-8ff0-d398ec4c005c,7.8,6.8,1474633,0,0.91
2026-08-12T11:30:21.160000+00:00,,2026-08-12T11:30:21.160000+00:00,,5,Mahaweli Ganga,Weraganthota,fcc43729-10f3-4c98-b089-d6407c834346,8,6,1474632,0,-3.22
2026-08-12T10:52:41.291000+00:00,,2026-08-12T10:52:41.291000+00:00,,5,Maha Oya,Badalgama,729bbe03-8126-4566-a7f2-5b0085b286a8,9.6,6.2,1474631,0,2
2026-08-12T10:50:47.542000+00:00,,2026-08-12T10:50:47.542000+00:00,,5,Kalu Ganga,Kalawellawa (Millakanda),4604b0fb-c595-4d75-ae93-7ba51cef91b3,8,6.5,1474630,0,2.69
2026-08-12T10:47:33.367000+00:00,,2026-08-12T10:47:33.367000+00:00,,5,Nilwala Ganga,Panadugama,07abc65b-754e-44a7-9ef9-3296e250c4b5,7.5,6,1474629,0,2.67
2026-08-12T10:43:45.855000+00:00,,2026-08-12T10:43:45.855000+00:00,,4,Kalu Ganga,Magura,5e40e9eb-f217-4593-bf2e-ac99e3a95bd6,7.5,6,1474628,0,1.61
2026-08-12T10:42:03.224000+00:00,,2026-08-12T10:42:03.224000+00:00,,10,Kalu Ganga,Ellagawa,ed346993-ec9d-4c90-9371-11ce11efba62,12.2,10.7,1474627,0,5.22
2026-08-12T10:40:57.884000+00:00,,2026-08-12T10:40:57.884000+00:00,,5,Mahaweli Ganga,Peradeniya,f6b078b3-ae4d-4e9d-8478-6a1985240096,9,7,1474626,0,3.34
2026-08-12T10:38:15.648000+00:00,,2026-08-12T10:38:15.648000+00:00,,4.84,Mee Oya,Galgamuwa,8e4c0bb6-9ef9-4df5-a97a-fecb211cfb3a,8,5.94,1474625,0,0.07
2026-08-12T10:38:00.329000+00:00,,2026-08-12T10:38:00.329000+00:00,,3,Kelani Ganga,Holombuwa,aeef3400-7a83-43ad-947b-ebd2d5443bbc,6,4,1474624,0,0.44
2026-08-12T10:37:48.469000+00:00,,2026-08-12T10:37:48.469000+00:00,,1.5,Kelani Ganga,Norwood,8df1d6ce-8a3a-403a-a897-de1b48e5dd10,4.5,3,1474623,0,0.77
2026-08-12T10:37:01.870000+00:00,,2026-08-12T10:37:01.870000+00:00,,5.2,Kalu Ganga,Rathnapura,e43194ea-018c-4c15-b8b6-7ed89377453c,9.5,7.5,1474622,0,1.49
2026-08-12T10:36:22.438000+00:00,,2026-08-12T10:36:22.438000+00:00,,4,Nilwala Ganga,Pitabeddara,b7c9cef7-50a8-4059-82c5-641631879941,6.5,5,1474621,0,0.58
2026-08-12T10:36:15.846000+00:00,,2026-08-12T10:36:15.846000+00:00,,5,Maha Oya,Badalgama,74900342-dbc5-49f5-ad29-d19b44880275,9.6,6.2,1474620,0,2
2026-08-12T10:36:11.272000+00:00,,2026-08-12T10:36:11.272000+00:00,,1.4,Nilwala Ganga,Thalgahagoda,dd476648-eecd-4532-90bb-f7015effb835,2.8,1.7,1474619,0,0.48
2026-08-12T10:35:39.041000+00:00,,2026-08-12T10:35:39.041000+00:00,,4,Gin Ganga,Thawalama,bd34bb29-7214-411a-bd41-fcb2ac82d849,7.5,6,1474618,0,1.76
2026-08-12T10:35:35.047000+00:00,,2026-08-12T10:35:35.047000+00:00,,4,Maduru Oya,Padiyathalawa,e153aac3-ac8a-4e70-bc45-61f9d5ee235c,6,4.5,1474617,0,0.03
2026-08-12T10:35:29.690000+00:00,,2026-08-12T10:35:29.690000+00:00,,3,Walawe Ganga,Moraketiya,f552ca6e-deec-4b10-8365-4144163632af,7,5,1474616,0,0.71
2026-08-12T10:35:22.095000+00:00,,2026-08-12T10:35:22.095000+00:00,,3,Kalu Ganga,Putupaula,21b54cb2-b302-4990-af46-2ec97cd277b5,5,4,1474615,0,0.86
2026-08-12T10:35:17.752000+00:00,,2026-08-12T10:35:17.752000+00:00,,2.5,Nilwala Ganga,Urawa,7962aa7d-3ede-4deb-a86b-02f9f3abc8ea,6,4,1474614,0,0.08
2026-08-12T10:34:25.689000+00:00,,2026-08-12T10:34:25.689000+00:00,,3,Kelani Ganga,Kithulgala,d8c487a5-aedd-4bcf-be90-de21459d74a0,6,4,1474613,0,2.19
2026-08-12T10:34:09.756000+00:00,,2026-08-12T10:34:09.756000+00:00,,4.5,Heda Oya,Siyambalanduwa,c3f59bcb-9068-4de2-b635-5df0d42ae83d,7,6,1474612,3.4,0.19
2026-08-12T10:34:09.557000+00:00,,2026-08-12T10:34:09.557000+00:00,,3,Mahaweli Ganga,Thaldena,fe1766fb-0ca6-4209-b043-2e334c54f81c,5,4,1474611,0,0.18
2026-08-12T10:33:42.553000+00:00,,2026-08-12T10:33:42.553000+00:00,,3.5,Mahaweli Ganga,Nawalapitiya,8ed9737c-61b4-4ba7-8d08-2f4f6d77d276,6,5,1474610,0,1.67
2026-08-12T10:33:25.015000+00:00,,2026-08-12T10:33:25.015000+00:00,,4.8,Kelani Ganga,Deraniyagala,edc69dbf-9a89-466f-9019-cd41cd8a7e12,7,5.8,1474609,0,0.91
2026-08-12T10:33:18.356000+00:00,,2026-08-12T10:33:18.356000+00:00,,6.5,Kelani Ganga,Hanwella,929c6858-5594-4b60-973f-c0a976bc14e7,9.5,7.5,1474608,0,1.96
2026-08-12T10:33:15.973000+00:00,,2026-08-12T10:33:15.973000+00:00,,4.4,Kirindi Oya,Wellawaya,66dee3f4-864a-410a-bc30-9bc18ac9cc2a,5.9,5.4,1474607,0,0.63
2026-08-12T10:33:09.439000+00:00,,2026-08-12T10:33:09.439000+00:00,,4,Kelani Ganga,Nagalagam Street,0f2b46b2-2b9c-452b-95c3-5c9333b0deb6,7,5,1474606,0,2.2
2026-08-12T10:33:08.031000+00:00,,2026-08-12T10:33:08.031000+00:00,,6.9,Kirindi Oya,Kuda Oya,dafd0133-73d5-4724-b6c1-9d662c675ddf,8.8,8.4,1474605,0,0.93
2026-08-12T10:32:57.084000+00:00,,2026-08-12T10:32:57.084000+00:00,,15,Kelani Ganga,Glencourse,0df189cb-465d-4629-856b-07dd43bd4f1c,19,15.5,1474604,0,10.37
2026-08-12T10:32:51.748000+00:00,,2026-08-12T10:32:51.748000+00:00,,4.75,Deduru Oya,Moragaswewa,3fddd2e3-61f0-4c54-8193-247a91cfb7fe,7,6,1474603,0,0.01
2026-08-12T10:32:41.776000+00:00,,2026-08-12T10:32:41.776000+00:00,,4,Menik Ganga,Katharagama,0e476d9e-47e0-47f2-a052-9bdc12a030af,6.5,4.6,1474602,0,-0.27
2026-08-12T10:32:24.056000+00:00,,2026-08-12T10:32:24.056000+00:00,,3.5,Gin Ganga,Baddegama,1f0c6c05-ac61-4a75-91c2-d3c2cd123f62,5,4,1474601,0,1.36
2026-08-12T10:32:16.084000+00:00,,2026-08-12T10:32:16.084000+00:00,,3.3,Aththanagalu Oya,Dunamale,c9ffc9af-a71c-47e0-8f5a-75817a2287ab,5.5,4.4,1474600,0,0.63
2026-08-12T10:32:09.719000+00:00,,2026-08-12T10:32:09.719000+00:00,,4,Kirindi Oya,Thanamalwila,a8730498-7359-46b8-a4c0-24c556685852,5.5,5,1474599,0,0.24
2026-08-12T10:32:09.170000+00:00,,2026-08-12T10:32:09.170000+00:00,,5.5,Maha Oya,Giriulla,e47c600b-d85a-417d-a505-fc6d03486877,7.5,6.5,1474598,0,0.93
2026-08-12T10:31:55.919000+00:00,,2026-08-12T10:31:55.919000+00:00,,4,Ma Oya,Yaka Wewa,62345d21-eeaa-4b32-9a62-8b424803e594,6,5,1474597,0,0.41
2026-08-12T10:31:51.680000+00:00,,2026-08-12T10:31:51.680000+00:00,,,Gal Oya,Ampara,4b541a02-2171-44d5-b24b-ff45d5a1947a,,,1474596,0,0
2026-08-12T10:31:46.138000+00:00,,2026-08-12T10:31:46.138000+00:00,,5,Mahaweli Ganga,Weraganthota,77026cca-f809-4734-a2ba-49ba4f47b864,8,6,1474595,0,-3.19
2026-08-12T10:31:19.186000+00:00,,2026-08-12T10:31:19.186000+00:00,,6,Yan Oya,Horowpothana,99e55e5a-5869-4e55-a7fd-9f9c2ed47415,10.5,7.5,1474594,0,1.67
2026-08-12T10:30:42.494000+00:00,,2026-08-12T10:30:42.494000+00:00,,3,Mahaweli Ganga,Manampitiya,fdeffe82-4028-4f0e-9070-bfdec7d6c810,6,4.3,1474593,0,-0.07
2026-08-12T10:30:38.255000+00:00,,2026-08-12T10:30:38.255000+00:00,,5,Malwathu Oya,Thanthirimale,df688f70-fdc8-47be-a146-a08d2279af2b,7.8,6.8,1474592,0,0.91
2026-08-12T10:30:22.045000+00:00,,2026-08-12T10:30:22.045000+00:00,,5,Kumbukkan Oya,Nakkala,fa20e8de-adf7-428f-a14b-5a92449f9da2,7.5,6,1474591,4.5,0.62
2026-08-12T10:27:34.186000+00:00,,2026-08-12T10:27:34.186000+00:00,,5,Mahaweli Ganga,Weraganthota,be93f40c-c18c-41dd-a52d-38cd27670237,8,6,1474590,0,-3.19
2026-08-12T09:43:16.303000+00:00,,2026-08-12T09:43:16.303000+00:00,,5,Nilwala Ganga,Panadugama,ed3b7f7c-63a8-40f4-836b-e72d34de6407,7.5,6,1474589,0,2.66
2026-08-12T09:42:51.522000+00:00,,2026-08-12T09:42:51.522000+00:00,,5,Kalu Ganga,Kalawellawa (Millakanda),6dd3a00b-3569-40e4-b9c3-6c63dd91bd09,8,6.5,1474588,0,2.6
2026-08-12T09:42:18.454000+00:00,,2026-08-12T09:42:18.454000+00:00,,1.4,Nilwala Ganga,Thalgahagoda,a6855090-4bc3-4cb5-8528-e7f407e8129e,2.8,1.7,1474587,0,0.47
2026-08-12T09:39:11.658000+00:00,,2026-08-12T09:39:11.658000+00:00,,1.5,Kelani Ganga,Norwood,5e04484f-b8be-415e-94e5-bacec18dbe05,4.5,3,1474586,0,0.77
2026-08-12T09:38:03.988000+00:00,,2026-08-12T09:38:03.988000+00:00,,5,Nilwala Ganga,Panadugama,21a8381d-d826-45df-8120-5ef67956e443,7.5,6,1474585,0,2.66
2026-08-12T09:36:27.571000+00:00,,2026-08-12T09:36:27.571000+00:00,,3,Walawe Ganga,Moraketiya,9d1e4d01-1d79-4b7a-a8b5-430431c82716,7,5,1474584,0,0.71
2026-08-12T09:36:22.316000+00:00,,2026-08-12T09:36:22.316000+00:00,,3,Kelani Ganga,Holombuwa,c85b36aa-dda3-40db-99ae-5685ae2c5e10,6,4,1474583,0,0.44
2026-08-12T09:35:53.644000+00:00,,2026-08-12T09:35:53.644000+00:00,,3.5,Mahaweli Ganga,Nawalapitiya,09d6323c-166c-4190-9dbd-d1fdd33f7a32,6,5,1474582,0,1.66
2026-08-12T09:35:45.634000+00:00,,2026-08-12T09:35:45.634000+00:00,,5.2,Kalu Ganga,Rathnapura,16ec9480-ea0e-4ce6-9c23-3e6e23482864,9.5,7.5,1474581,0,1.5
2026-08-12T09:35:26.952000+00:00,,2026-08-12T09:35:26.952000+00:00,,6,Yan Oya,Horowpothana,10187082-712d-47f2-8b65-6fe249ed1a59,10.5,7.5,1474580,0,1.67
2026-08-12T09:35:01.088000+00:00,,2026-08-12T09:35:01.088000+00:00,,5,Mahaweli Ganga,Weraganthota,eb9501ec-a524-4f42-8e76-b6c6a8be832b,8,6,1474579,0,-3.11
2026-08-12T09:35:00.326000+00:00,,2026-08-12T09:35:00.326000+00:00,,4.84,Mee Oya,Galgamuwa,05588692-a789-4ebb-8828-8d4f98d91051,8,5.94,1474578,0,0.07
2026-08-12T09:34:58.399000+00:00,,2026-08-12T09:34:58.399000+00:00,,15,Kelani Ganga,Glencourse,43a16904-4eab-4136-ad64-8b2a7d4c7e99,19,15.5,1474577,0,10.45
2026-08-12T09:34:56.879000+00:00,,2026-08-12T09:34:56.879000+00:00,,5,Maha Oya,Badalgama,9bfda402-394f-4d75-a8d4-af416b559b15,9.6,6.2,1474576,0,2
2026-08-12T09:34:43.307000+00:00,,2026-08-12T09:34:43.307000+00:00,,3,Kelani Ganga,Kithulgala,065f2a06-a492-4b0a-a2fb-ddee85f43655,6,4,1474575,0,2.25
2026-08-12T09:34:40.190000+00:00,,2026-08-12T09:34:40.190000+00:00,,4,Menik Ganga,Katharagama,7f04c70c-8435-4cf9-bf4d-0c0bc50a541b,6.5,4.6,1474574,0,-0.27
2026-08-12T09:34:31.108000+00:00,,2026-08-12T09:34:31.108000+00:00,,10,Kalu Ganga,Ellagawa,d7b3b448-0b47-4168-a834-d9fce04e8e1e,12.2,10.7,1474573,0,5.24
2026-08-12T09:34:27.036000+00:00,,2026-08-12T09:34:27.036000+00:00,,4.5,Heda Oya,Siyambalanduwa,666885ae-042e-4f29-83c9-8dfba38190f8,7,6,1474572,0.8,0.19
2026-08-12T09:33:58.440000+00:00,,2026-08-12T09:33:58.440000+00:00,,5,Kumbukkan Oya,Nakkala,78deb5e6-5a5e-483c-82c0-f8e08fadc8c7,7.5,6,1474571,9.5,0.58
2026-08-12T09:33:47.966000+00:00,,2026-08-12T09:33:47.966000+00:00,,6.9,Kirindi Oya,Kuda Oya,4610d36f-a289-4c6f-b4a1-68d540a7562b,8.8,8.4,1474570,0,0.93
2026-08-12T09:33:46.688000+00:00,,2026-08-12T09:33:46.688000+00:00,,4.8,Kelani Ganga,Deraniyagala,e236d388-4f77-4d8e-9051-5201eb19dca9,7,5.8,1474569,0,0.91
2026-08-12T09:33:33.501000+00:00,,2026-08-12T09:33:33.501000+00:00,,5,Mahaweli Ganga,Peradeniya,003e8b6b-8d1d-4516-9b48-699c3eecfd0e,9,7,1474568,0,3.34
2026-08-12T09:33:09.813000+00:00,,2026-08-12T09:33:09.813000+00:00,,3.5,Gin Ganga,Baddegama,6265637c-6303-46af-8028-b17f19f8359a,5,4,1474567,0,1.35
2026-08-12T09:33:09.170000+00:00,,2026-08-12T09:33:09.170000+00:00,,3,Kalu Ganga,Putupaula,10141849-fdc1-4d0e-ac1e-b2012e0c353d,5,4,1474566,0,0.85
2026-08-12T09:33:08.222000+00:00,,2026-08-12T09:33:08.222000+00:00,,4.75,Deduru Oya,Moragaswewa,7c069cb1-b97f-4bbb-8a62-4090ffb5933b,7,6,1474565,0,0.01
2026-08-12T09:33:03.825000+00:00,,2026-08-12T09:33:03.825000+00:00,,3.3,Aththanagalu Oya,Dunamale,8153b5ad-13f0-44c1-9782-5fe45a3b096d,5.5,4.4,1474564,0,0.63
2026-08-12T09:33:01.956000+00:00,,2026-08-12T09:33:01.956000+00:00,,6.5,Kelani Ganga,Hanwella,5bf584ed-626d-4e67-afc0-4565112e697f,9.5,7.5,1474563,0,1.96
2026-08-12T09:32:55.424000+00:00,,2026-08-12T09:32:55.424000+00:00,,4,Gin Ganga,Thawalama,384b431a-8876-48b0-ba60-988a198cde9a,7.5,6,1474562,0,1.78
2026-08-12T09:32:52.294000+00:00,,2026-08-12T09:32:52.294000+00:00,,3,Mahaweli Ganga,Thaldena,d9e34990-12ab-40a3-8ee7-421caee2302a,5,4,1474561,0,0.2
2026-08-12T09:32:51.159000+00:00,,2026-08-12T09:32:51.159000+00:00,,4,Kelani Ganga,Nagalagam Street,3947cbba-4fbf-41ad-b604-c8557c226ec7,7,5,1474560,0,2.4
2026-08-12T09:32:25.486000+00:00,,2026-08-12T09:32:25.486000+00:00,,4,Kirindi Oya,Thanamalwila,2c6ac48f-11ad-4646-8351-4878846b5e36,5.5,5,1474559,0,0.24
2026-08-12T09:32:23.189000+00:00,,2026-08-12T09:32:23.189000+00:00,,5,Malwathu Oya,Thanthirimale,546552d1-1360-40d1-8cbc-421e22d40835,7.8,6.8,1474558,0,0.91
2026-08-12T09:32:07.883000+00:00,,2026-08-12T09:32:07.883000+00:00,,4.4,Kirindi Oya,Wellawaya,f8309c54-dc16-45ad-bf79-998295e8e095,5.9,5.4,1474557,0,0.64
2026-08-12T09:32:05.277000+00:00,,2026-08-12T09:32:05.277000+00:00,,4,Maduru Oya,Padiyathalawa,17f24d6a-a8ce-4adb-9dad-a24c3e101753,6,4.5,1474556,0,0.04
2026-08-12T09:31:51.764000+00:00,,2026-08-12T09:31:51.764000+00:00,,,Gal Oya,Ampara,f049da41-4039-43f0-adde-1a8518ffdcf6,,,1474555,0,0
2026-08-12T09:31:41.955000+00:00,,2026-08-12T09:31:41.955000+00:00,,4,Ma Oya,Yaka Wewa,0af834db-a1ca-4ad0-ab97-4d01c4689442,6,5,1474554,0,0.41
2026-08-12T09:31:33.161000+00:00,,2026-08-12T09:31:33.161000+00:00,,5.5,Maha Oya,Giriulla,94069afc-0507-4980-97de-1953b1277117,7.5,6.5,1474553,0,0.94
2026-08-12T09:31:11.842000+00:00,,2026-08-12T09:31:11.842000+00:00,,4,Kalu Ganga,Magura,619f5825-3ead-4c24-813c-e7622a8baa43,7.5,6,1474552,0,1.61
2026-08-12T09:30:53.304000+00:00,,2026-08-12T09:30:53.304000+00:00,,4,Nilwala Ganga,Pitabeddara,1a8f3884-ede4-4d7f-ab60-b7ef626f73f8,6.5,5,1474551,0,0.58
2026-08-12T09:30:49.736000+00:00,,2026-08-12T09:30:49.736000+00:00,,3,Mahaweli Ganga,Manampitiya,8d8e86ea-6b6b-42ff-b44b-c72b039ae0ca,6,4.3,1474550,0,-0.07
2026-08-12T08:54:28.001000+00:00,,2026-08-12T08:54:28.001000+00:00,,5,Kalu Ganga,Kalawellawa (Millakanda),c71b99d5-8a98-4bfe-8def-5239a9f0d32f,8,6.5,1474549,0,2.56
2026-08-12T08:45:46.791000+00:00,,2026-08-12T08:45:46.791000+00:00,,3.3,Aththanagalu Oya,Dunamale,413f1f8f-9eee-422a-ab40-c686b57a4125,5.5,4.4,1474548,0,0.64
2026-08-12T08:45:07.944000+00:00,,2026-08-12T08:45:07.944000+00:00,,5,Nilwala Ganga,Panadugama,0149e2fa-d5f9-4a91-bfd2-167cbda183b5,7.5,6,1474547,0,2.64
2026-08-12T08:41:11.132000+00:00,,2026-08-12T08:41:11.132000+00:00,,3,Kelani Ganga,Holombuwa,4479451f-c790-41dd-8c0e-e9b09717e6fb,6,4,1474546,0,0.44
2026-08-12T08:39:40.583000+00:00,,2026-08-12T08:39:40.583000+00:00,,5,Nilwala Ganga,Panadugama,e8ab3306-5bca-4a70-86b3-9dc30f32025f,7.5,6,1474545,0,2.64
2026-08-12T08:39:28.873000+00:00,,2026-08-12T08:39:28.873000+00:00,,4,Kalu Ganga,Magura,b598df68-dfc8-4598-abca-371fcda5c957,7.5,6,1474544,0,1.61
2026-08-12T08:39:21.092000+00:00,,2026-08-12T08:39:21.092000+00:00,,4.4,Kirindi Oya,Wellawaya,3692eabc-3130-48c0-a224-dc5244a6691a,5.9,5.4,1474543,0,0.64
2026-08-12T08:38:44.395000+00:00,,2026-08-12T08:38:44.395000+00:00,,5,Mahaweli Ganga,Peradeniya,7490df4f-a922-4246-899e-d48ae2e8def7,9,7,1474542,0,3.33
2026-08-12T08:36:59.386000+00:00,,2026-08-12T08:36:59.386000+00:00,,4,Nilwala Ganga,Pitabeddara,2a6527cd-5137-44c8-8792-10f0e81b337d,6.5,5,1474541,0,0.58
2026-08-12T08:35:00.538000+00:00,,2026-08-12T08:35:00.538000+00:00,,4,Gin Ganga,Thawalama,586ecc7a-65b2-43fc-a3c4-5161371727ff,7.5,6,1474540,0,1.77
2026-08-12T08:34:41.449000+00:00,,2026-08-12T08:34:41.449000+00:00,,1.5,Kelani Ganga,Norwood,3b1c9ca6-1738-4006-80b7-a5df90bc8d11,4.5,3,1474539,0,0.77
2026-08-12T08:34:36.898000+00:00,,2026-08-12T08:34:36.898000+00:00,,3.5,Gin Ganga,Baddegama,17be7416-e7c4-4af8-8700-20e348fd34c6,5,4,1474538,0,1.33
2026-08-12T08:34:34.935000+00:00,,2026-08-12T08:34:34.935000+00:00,,4.75,Deduru Oya,Moragaswewa,c59f23d3-4e6f-4b6a-9c04-2ae4c26b0645,7,6,1474537,0,0.01
2026-08-12T08:34:22.351000+00:00,,2026-08-12T08:34:22.351000+00:00,,2.5,Nilwala Ganga,Urawa,52b0d5ab-50d1-49f7-97c8-190a65debddf,6,4,1474536,0,0.09
2026-08-12T08:34:22.337000+00:00,,2026-08-12T08:34:22.337000+00:00,,3,Mahaweli Ganga,Thaldena,52d9a07b-71ab-4b0a-b9d9-62a8da902292,5,4,1474535,0,0.2
2026-08-12T08:34:21.987000+00:00,,2026-08-12T08:34:21.987000+00:00,,3,Mahaweli Ganga,Manampitiya,3b746c39-e408-4849-a948-70bbb3890a9d,6,4.3,1474534,0,-0.07
2026-08-12T08:34:02.171000+00:00,,2026-08-12T08:34:02.171000+00:00,,3,Kelani Ganga,Kithulgala,a2948e3d-94f8-41ef-b3c7-856f03ddb429,6,4,1474533,0.6,2.2
2026-08-12T08:34:01.562000+00:00,,2026-08-12T08:34:01.562000+00:00,,3.5,Mahaweli Ganga,Nawalapitiya,8ad54619-0470-47dd-ad73-95b1a8ca80de,6,5,1474532,0,1.62
2026-08-12T08:33:49.235000+00:00,,2026-08-12T08:33:49.235000+00:00,,6.9,Kirindi Oya,Kuda Oya,cb2d969a-047f-4810-9a3a-3cbf8dc67acd,8.8,8.4,1474531,0,0.94
2026-08-12T08:33:35.115000+00:00,,2026-08-12T08:33:35.115000+00:00,,3,Kalu Ganga,Putupaula,ce0c8dcb-d762-4950-ba57-02b815566a36,5,4,1474530,0,0.8
2026-08-12T08:33:22.587000+00:00,,2026-08-12T08:33:22.587000+00:00,,6.5,Kelani Ganga,Hanwella,f62da07a-9419-498b-b2b0-4d532a4aff01,9.5,7.5,1474529,0,1.96
2026-08-12T08:33:21.153000+00:00,,2026-08-12T08:33:21.153000+00:00,,4,Menik Ganga,Katharagama,151423df-5274-4d25-a9d2-bc80e7899719,6.5,4.6,1474528,0,-0.27
2026-08-12T08:33:18.775000+00:00,,2026-08-12T08:33:18.775000+00:00,,15,Kelani Ganga,Glencourse,7a04e402-9518-4ab4-a759-4a3aaf386400,19,15.5,1474527,0,10.46
2026-08-12T08:33:11.625000+00:00,,2026-08-12T08:33:11.625000+00:00,,5,Maha Oya,Badalgama,ed5d7c7d-a84e-4b17-a983-71d6e88e00dc,9.6,6.2,1474526,0,2
2026-08-12T08:33:01.413000+00:00,,2026-08-12T08:33:01.413000+00:00,,4.4,Kirindi Oya,Wellawaya,9ca84bb3-882c-4558-aee2-18fbfd423df0,5.9,5.4,1474525,0,0.64
2026-08-12T08:32:59.667000+00:00,,2026-08-12T08:32:59.667000+00:00,,3,Walawe Ganga,Moraketiya,50ac8b89-7806-4aad-9b40-b4816945dc15,7,5,1474524,0,0.72
2026-08-12T08:32:42.311000+00:00,,2026-08-12T08:32:42.311000+00:00,,10,Kalu Ganga,Ellagawa,131ed6e6-0974-4798-87a0-39996c7504a5,12.2,10.7,1474523,0,5.25
2026-08-12T08:32:39.321000+00:00,,2026-08-12T08:32:39.321000+00:00,,5.2,Kalu Ganga,Rathnapura,656f3b3f-cc76-41d3-92e9-8d447ec8a434,9.5,7.5,1474522,0,1.52
2026-08-12T08:32:31.435000+00:00,,2026-08-12T08:32:31.435000+00:00,,4,Kelani Ganga,Nagalagam Street,e7dbd5a9-c08b-4105-be5a-89a3e427a3cb,7,5,1474521,0,2.45
2026-08-12T08:32:30.074000+00:00,,2026-08-12T08:32:30.074000+00:00,,4.5,Heda Oya,Siyambalanduwa,d45afe1d-5c94-4337-823a-f7b216e5554c,7,6,1474520,0,0.19
2026-08-12T08:32:22.178000+00:00,,2026-08-12T08:32:22.178000+00:00,,5,Kumbukkan Oya,Nakkala,a11ef77e-75a0-4c26-8351-bdd0f9512ce2,7.5,6,1474519,0,0.58
2026-08-12T08:32:14.222000+00:00,,2026-08-12T08:32:14.222000+00:00,,4.8,Kelani Ganga,Deraniyagala,592be4c5-24f2-497f-9ae9-f650dcae3ffa,7,5.8,1474518,0,0.91
2026-08-12T08:32:03.616000+00:00,,2026-08-12T08:32:03.616000+00:00,,5.5,Maha Oya,Giriulla,90e56ec8-a54e-498d-a554-d43e440e42b9,7.5,6.5,1474517,0,0.93
2026-08-12T08:31:53.741000+00:00,,2026-08-12T08:31:53.741000+00:00,,4.84,Mee Oya,Galgamuwa,8b2f753d-381e-4360-acdf-64884097fe7a,8,5.94,1474516,0,0.07
2026-08-12T08:31:52.492000+00:00,,2026-08-12T08:31:52.492000+00:00,,4,Kirindi Oya,Thanamalwila,9c2521bf-0c50-41e3-bb65-c35c858a575d,5.5,5,1474515,0,0.25
2026-08-12T08:31:33.719000+00:00,,2026-08-12T08:31:33.719000+00:00,,4,Ma Oya,Yaka Wewa,37510fcd-55fe-45aa-b138-fe710caf4f44,6,5,1474514,0,0.41
2026-08-12T08:31:31.464000+00:00,,2026-08-12T08:31:31.464000+00:00,,6,Yan Oya,Horowpothana,f05c98d3-1902-4851-9990-315783374487,10.5,7.5,1474513,0,1.67
2026-08-12T08:31:29.161000+00:00,,2026-08-12T08:31:29.161000+00:00,,5,Mahaweli Ganga,Weraganthota,354c16f2-2885-4589-8418-7299cfbef9b3,8,6,1474512,0,-3.01
2026-08-12T08:31:11.148000+00:00,,2026-08-12T08:31:11.148000+00:00,,4,Maduru Oya,Padiyathalawa,41c68f31-0662-4c5a-87f1-63c5bbc684a2,6,4.5,1474511,0,0.04
2026-08-12T08:30:57.742000+00:00,,2026-08-12T08:30:57.742000+00:00,,5,Malwathu Oya,Thanthirimale,dcb467a9-3e8f-4961-905b-8d4ddc396987,7.8,6.8,1474510,0,0.91
2026-08-12T08:30:39.528000+00:00,,2026-08-12T08:30:39.528000+00:00,,,Gal Oya,Ampara,6dcb19d4-d58d-4a2d-9de9-ea4af8ea2c45,,,1474509,0,0
2026-08-12T08:30:12.292000+00:00,,2026-08-12T08:30:12.292000+00:00,,1.4,Nilwala Ganga,Thalgahagoda,60268565-2584-465d-9505-d2ee0892dfc1,2.8,1.7,1474508,0,0.43
2026-08-12T08:28:26.576000+00:00,,2026-08-12T08:28:26.576000+00:00,,5,Malwathu Oya,Thanthirimale,e2ba4a22-71d6-407f-b471-856febb4da73,7.8,6.8,1474507,0,0.91
2026-08-12T08:07:26.806000+00:00,,2026-08-12T08:07:26.806000+00:00,,6.9,Kirindi Oya,Kuda Oya,b0ed4f8b-15bf-4b14-9022-730df7d98b7c,8.8,8.4,1474506,0,0.94
2026-08-12T07:43:15.077000+00:00,,2026-08-12T07:43:15.077000+00:00,,5,Mahaweli Ganga,Peradeniya,b66380a1-ab1d-42a0-b395-a19a5ecba058,9,7,1474505,0,3.33
2026-08-12T07:40:43.439000+00:00,,2026-08-12T07:40:43.439000+00:00,,4.84,Mee Oya,Galgamuwa,9c77ce0a-809c-4aa7-aa4f-fa67ac192877,8,5.94,1474504,0,0.06
2026-08-12T07:38:41.311000+00:00,,2026-08-12T07:38:41.311000+00:00,,5.5,Maha Oya,Giriulla,3132b799-337b-48a7-8b61-838b27e75bf5,7.5,6.5,1474503,0,0.94
2026-08-12T07:38:35.907000+00:00,,2026-08-12T07:38:35.907000+00:00,,3,Kelani Ganga,Holombuwa,da701fc1-416b-4ec4-807e-7c5ae3e560be,6,4,1474502,0,0.44
2026-08-12T07:37:53.351000+00:00,,2026-08-12T07:37:53.351000+00:00,,10,Kalu Ganga,Ellagawa,a7e14eb5-d938-4cee-bf0a-71dba02446e7,12.2,10.7,1474501,0,5.26
2026-08-12T07:37:47.437000+00:00,,2026-08-12T07:37:47.437000+00:00,,3,Mahaweli Ganga,Thaldena,19e7294f-d243-4c38-b954-cf0693238b62,5,4,1474500,0,0.22
2026-08-12T07:37:23.178000+00:00,,2026-08-12T07:37:23.178000+00:00,,3,Walawe Ganga,Moraketiya,639c0025-b0d7-48fd-9294-32d4b5efc2b1,7,5,1474499,0,0.72
2026-08-12T07:37:17.680000+00:00,,2026-08-12T07:37:17.680000+00:00,,4,Kalu Ganga,Magura,7abb0c5b-f09f-4026-a13b-dad27786de86,7.5,6,1474498,0,1.63
2026-08-12T07:36:35.346000+00:00,,2026-08-12T07:36:35.346000+00:00,,1.4,Nilwala Ganga,Thalgahagoda,62ba7366-75ba-4e38-8ea6-82263a24fae0,2.8,1.7,1474497,0,0.39
2026-08-12T07:36:26.352000+00:00,,2026-08-12T07:36:26.352000+00:00,,4,Nilwala Ganga,Pitabeddara,255a66bc-4f2d-4bab-8f0e-21c1e7ad678f,6.5,5,1474496,0,0.59
2026-08-12T07:36:12.694000+00:00,,2026-08-12T07:36:12.694000+00:00,,5,Nilwala Ganga,Panadugama,4000a776-8eaa-41ec-b566-6a235257c6aa,7.5,6,1474495,0,2.65
2026-08-12T07:35:22.543000+00:00,,2026-08-12T07:35:22.543000+00:00,,6,Yan Oya,Horowpothana,023091ed-7fa7-4f0e-a4aa-c06fc2bef70e,10.5,7.5,1474494,0,1.67
2026-08-12T07:35:18.143000+00:00,,2026-08-12T07:35:18.143000+00:00,,3.5,Mahaweli Ganga,Nawalapitiya,9e99af51-12de-4108-91d7-d754baff263c,6,5,1474493,0.9,1.61
2026-08-12T07:35:16.571000+00:00,,2026-08-12T07:35:16.571000+00:00,,5,Kalu Ganga,Kalawellawa (Millakanda),40256fed-40c4-458f-aa69-4889f029a472,8,6.5,1474492,0,2.46
2026-08-12T07:35:01.537000+00:00,,2026-08-12T07:35:01.537000+00:00,,3,Kelani Ganga,Kithulgala,0a2978a8-0d7b-4ac3-a9a8-b1bd9462fd82,6,4,1474491,0.8,2.17
2026-08-12T07:34:51.413000+00:00,,2026-08-12T07:34:51.413000+00:00,,5.2,Kalu Ganga,Rathnapura,e1c8af9e-f0ff-41e0-8a53-3139ce86909e,9.5,7.5,1474490,0,1.56
2026-08-12T07:34:37.877000+00:00,,2026-08-12T07:34:37.877000+00:00,,3.5,Gin Ganga,Baddegama,abdadcf7-63c6-4759-b64a-f50dd772d414,5,4,1474489,0,1.31
2026-08-12T07:34:35.412000+00:00,,2026-08-12T07:34:35.412000+00:00,,4,Menik Ganga,Katharagama,c596266e-5913-4af8-ac80-6e87e1dc19c8,6.5,4.6,1474488,0,-0.26
2026-08-12T07:34:22.076000+00:00,,2026-08-12T07:34:22.076000+00:00,,4.8,Kelani Ganga,Deraniyagala,e2ffc8f5-f840-46db-8ab3-06f75f54dc98,7,5.8,1474487,0,0.86
2026-08-12T07:34:05.668000+00:00,,2026-08-12T07:34:05.668000+00:00,,6.5,Kelani Ganga,Hanwella,316ae010-1c6f-4ec9-a039-80f6e8d0ceda,9.5,7.5,1474486,0,1.96
2026-08-12T07:33:40.798000+00:00,,2026-08-12T07:33:40.798000+00:00,,1.5,Kelani Ganga,Norwood,fb4362c1-fe86-4af1-8af7-a62be4a537d2,4.5,3,1474485,0,0.78
2026-08-12T07:33:40.049000+00:00,,2026-08-12T07:33:40.049000+00:00,,4,Gin Ganga,Thawalama,6f90dfe4-40ae-4bdc-84b2-6834d6493ced,7.5,6,1474484,0,1.75
2026-08-12T07:33:31.427000+00:00,,2026-08-12T07:33:31.427000+00:00,,4,Ma Oya,Yaka Wewa,7eccc23d-87c7-4047-af4f-7b8ee4afa872,6,5,1474483,0,0.41
2026-08-12T07:33:10.271000+00:00,,2026-08-12T07:33:10.271000+00:00,,15,Kelani Ganga,Glencourse,2a711b65-bb37-449f-9736-ca4b23454f75,19,15.5,1474482,0,10.48
2026-08-12T07:33:02.723000+00:00,,2026-08-12T07:33:02.723000+00:00,,4,Kelani Ganga,Nagalagam Street,25187951-6c5c-4512-9695-4f2a2b81787e,7,5,1474481,0,2.3
2026-08-12T07:32:56.595000+00:00,,2026-08-12T07:32:56.595000+00:00,,4.75,Deduru Oya,Moragaswewa,1f36529a-e97d-40a6-b9bf-71b4fe95c4d4,7,6,1474480,0,0.01
2026-08-12T07:32:43.737000+00:00,,2026-08-12T07:32:43.737000+00:00,,5,Maha Oya,Badalgama,ba73852f-6256-401b-95fa-6b49e3ac50a9,9.6,6.2,1474479,0,2
2026-08-12T07:32:21.256000+00:00,,2026-08-12T07:32:21.256000+00:00,,3.3,Aththanagalu Oya,Dunamale,78f121ae-4b2f-43f8-bed6-3c53fa9d194d,5.5,4.4,1474478,0,0.64
2026-08-12T07:32:19.632000+00:00,,2026-08-12T07:32:19.632000+00:00,,2.5,Nilwala Ganga,Urawa,7c79beb4-8ce8-42d3-8673-f14a29ee2480,6,4,1474477,0,0.09
2026-08-12T07:32:13.633000+00:00,,2026-08-12T07:32:13.633000+00:00,,3,Kalu Ganga,Putupaula,4a739905-9652-4b7e-81f2-66782fe94ede,5,4,1474476,0,0.69
2026-08-12T07:32:11.331000+00:00,,2026-08-12T07:32:11.331000+00:00,,4.4,Kirindi Oya,Wellawaya,ae20e627-c1d1-406a-9fd9-fcb375640923,5.9,5.4,1474475,0,0.64
2026-08-12T07:31:49.284000+00:00,,2026-08-12T07:31:49.284000+00:00,,4,Maduru Oya,Padiyathalawa,ff2d9f65-0192-4a27-82e8-fa9cda5f6769,6,4.5,1474474,0,0.04
2026-08-12T07:31:43.277000+00:00,,2026-08-12T07:31:43.277000+00:00,,,Gal Oya,Ampara,63755a83-4671-4339-a984-e8bde39a4a3e,,,1474473,0,0
2026-08-12T07:31:10.182000+00:00,,2026-08-12T07:31:10.182000+00:00,,3,Mahaweli Ganga,Manampitiya,43a0b1ab-96c9-4fa8-9a0b-f358e15a765c,6,4.3,1474472,0,-0.06
2026-08-12T07:31:09.482000+00:00,,2026-08-12T07:31:09.482000+00:00,,4.5,Heda Oya,Siyambalanduwa,41fffcb0-94aa-4d4c-b041-d9dbd471f654,7,6,1474471,0,0.19
2026-08-12T07:30:47.331000+00:00,,2026-08-12T07:30:47.331000+00:00,,5,Mahaweli Ganga,Weraganthota,4f25de27-0599-41cd-a8be-5d8f219b919c,8,6,1474470,0,-2.95
2026-08-12T07:30:35.399000+00:00,,2026-08-12T07:30:35.399000+00:00,,5,Kumbukkan Oya,Nakkala,bbe06768-a8b2-4711-990e-e85e9ea8b0f3,7.5,6,1474469,0,0.58
2026-08-12T07:30:30.084000+00:00,,2026-08-12T07:30:30.084000+00:00,,4,Kirindi Oya,Thanamalwila,2e8e8852-0791-40ea-bf51-a3bcf254f2c8,5.5,5,1474468,0,0.25
2026-08-12T06:41:29.260000+00:00,,2026-08-12T06:41:29.260000+00:00,,6,Yan Oya,Horowpothana,576111fc-ef69-43f1-a86c-166f3436da4d,10.5,7.5,1474467,0,1.67
2026-08-12T06:41:23.406000+00:00,,2026-08-12T06:41:23.406000+00:00,,5,Nilwala Ganga,Panadugama,7f367c3a-d6b0-4756-a8f4-54f075e0730f,7.5,6,1474466,0,2.65
2026-08-12T06:39:43.735000+00:00,,2026-08-12T06:39:43.735000+00:00,,3,Kelani Ganga,Kithulgala,72f496e3-12e5-4ab5-a94d-7557a1f35507,6,4,1474465,0.8,2.18
2026-08-12T06:39:28.022000+00:00,,2026-08-12T06:39:28.022000+00:00,,2.5,Nilwala Ganga,Urawa,14c471b4-819e-4555-91b4-a9547bbfeaf3,6,4,1474464,0,0.09
2026-08-12T06:38:01.246000+00:00,,2026-08-12T06:38:01.246000+00:00,,4,Kalu Ganga,Magura,e1b487f5-6102-4135-a922-c1b35802e2b3,7.5,6,1474463,0,1.63
2026-08-12T06:37:20.764000+00:00,,2026-08-12T06:37:20.764000+00:00,,3,Kelani Ganga,Holombuwa,49af1a09-5c36-4ad6-8024-0d72846ec2a2,6,4,1474462,0,0.44
2026-08-12T06:37:11.338000+00:00,,2026-08-12T06:37:11.338000+00:00,,3.5,Gin Ganga,Baddegama,49c9de42-131e-4af5-b76f-dbbfa8f69c15,5,4,1474461,0,1.3
2026-08-12T06:36:56.848000+00:00,,2026-08-12T06:36:56.848000+00:00,,5,Kalu Ganga,Kalawellawa (Millakanda),e8a6e1e1-51ce-4fa9-a8eb-56563af9a460,8,6.5,1474460,0,2.32
2026-08-12T06:36:18.555000+00:00,,2026-08-12T06:36:18.555000+00:00,,4.75,Deduru Oya,Moragaswewa,bc7d39ac-4cfd-4e0c-9cdf-d0b632aa9b6f,7,6,1474459,0,0.01
2026-08-12T06:35:44.388000+00:00,,2026-08-12T06:35:44.388000+00:00,,4.4,Kirindi Oya,Wellawaya,d5347402-559b-4faa-a088-4329b673da33,5.9,5.4,1474458,0,0.63
2026-08-12T06:35:42.200000+00:00,,2026-08-12T06:35:42.200000+00:00,,3,Walawe Ganga,Moraketiya,726f66c3-9ea4-4d28-888b-da847bb36033,7,5,1474457,0,0.72
2026-08-12T06:34:56.600000+00:00,,2026-08-12T06:34:56.600000+00:00,,4,Menik Ganga,Katharagama,6a8a13c7-8390-44e8-bfd4-81d69469b23b,6.5,4.6,1474456,0,-0.26
2026-08-12T06:34:24.839000+00:00,,2026-08-12T06:34:24.839000+00:00,,5.2,Kalu Ganga,Rathnapura,661b152b-d3b2-42f0-b412-8ced2c00f242,9.5,7.5,1474455,0,1.61
2026-08-12T06:34:24.178000+00:00,,2026-08-12T06:34:24.178000+00:00,,4.84,Mee Oya,Galgamuwa,6fbb5a69-d07e-40f3-b411-ba77f28b99a9,8,5.94,1474454,0,0.06
2026-08-12T06:34:21.752000+00:00,,2026-08-12T06:34:21.752000+00:00,,1.5,Kelani Ganga,Norwood,9c999a0c-9946-448a-90e6-70e724dd172e,4.5,3,1474453,0,0.78
2026-08-12T06:33:54.278000+00:00,,2026-08-12T06:33:54.278000+00:00,,5.5,Maha Oya,Giriulla,95fc2e9c-6c1c-49e9-bd94-1056eebbd7ce,7.5,6.5,1474452,0,0.94
2026-08-12T06:33:52.924000+00:00,,2026-08-12T06:33:52.924000+00:00,,3,Walawe Ganga,Moraketiya,a8c09949-60dd-4cbd-9b8b-c3c6cef05c84,7,5,1474451,0,0.72
2026-08-12T06:33:48.001000+00:00,,2026-08-12T06:33:48.001000+00:00,,15,Kelani Ganga,Glencourse,e1f660e5-fedc-4397-bdcd-d8d7874decf8,19,15.5,1474450,0,10.49
2026-08-12T06:33:32.052000+00:00,,2026-08-12T06:33:32.052000+00:00,,3.5,Mahaweli Ganga,Nawalapitiya,9db26962-1fc5-4e6b-8ff7-c7d954f9f6c9,6,5,1474449,0.7,1.62
2026-08-12T06:33:11.338000+00:00,,2026-08-12T06:33:11.338000+00:00,,4,Ma Oya,Yaka Wewa,cbfd3c0c-4565-479f-aeec-0070b7ba189b,6,5,1474448,0,0.41
2026-08-12T06:33:10.888000+00:00,,2026-08-12T06:33:10.888000+00:00,,4,Nilwala Ganga,Pitabeddara,f12f53f9-f552-42b1-a516-def7547636d8,6.5,5,1474447,0,0.59
2026-08-12T06:33:09.935000+00:00,,2026-08-12T06:33:09.935000+00:00,,3,Mahaweli Ganga,Thaldena,9f67941f-33f1-4cf5-a709-c3a85fd288df,5,4,1474446,0,0.19
2026-08-12T06:33:08.429000+00:00,,2026-08-12T06:33:08.429000+00:00,,5,Maha Oya,Badalgama,16f88d62-52f7-4157-865b-932942f2c305,9.6,6.2,1474445,0,2
2026-08-12T06:32:54.644000+00:00,,2026-08-12T06:32:54.644000+00:00,,6.5,Kelani Ganga,Hanwella,7d0505e9-7eb9-4b80-b75b-dcfd41565bf3,9.5,7.5,1474444,0,1.96
2026-08-12T06:32:48.244000+00:00,,2026-08-12T06:32:48.244000+00:00,,4,Maduru Oya,Padiyathalawa,91c627c1-9130-43e7-a5f7-7bf868adb5d8,6,4.5,1474443,0,0.04
2026-08-12T06:32:45.683000+00:00,,2026-08-12T06:32:45.683000+00:00,,4,Gin Ganga,Thawalama,9f3f0992-8e34-4228-b7cf-22faf967ff6a,7.5,6,1474442,0,1.67
2026-08-12T06:32:42.810000+00:00,,2026-08-12T06:32:42.810000+00:00,,4,Kelani Ganga,Nagalagam Street,8a0eccbe-0b3b-4df3-ab48-a7a8558fd9dc,7,5,1474441,0,1.9
2026-08-12T06:32:39.138000+00:00,,2026-08-12T06:32:39.138000+00:00,,4.8,Kelani Ganga,Deraniyagala,07f1ca2b-a939-4761-8ad3-7e1c982d6ee9,7,5.8,1474440,1.6,0.72
2026-08-12T06:32:32.914000+00:00,,2026-08-12T06:32:32.914000+00:00,,4.5,Heda Oya,Siyambalanduwa,2300bfca-f64c-4660-bc53-30b9db350f82,7,6,1474439,0,0.19
2026-08-12T06:32:32.631000+00:00,,2026-08-12T06:32:32.631000+00:00,,5,Malwathu Oya,Thanthirimale,fb40cc3e-c846-49be-b66d-490c57826727,7.8,6.8,1474438,0,0.91
2026-08-12T06:32:21.589000+00:00,,2026-08-12T06:32:21.589000+00:00,,4,Kirindi Oya,Thanamalwila,caebde7a-9c3e-4a35-bf73-5d0465932eaa,5.5,5,1474437,0,0.25
2026-08-12T06:32:19.458000+00:00,,2026-08-12T06:32:19.458000+00:00,,10,Kalu Ganga,Ellagawa,84a0580c-7e3f-457b-84f5-a5eb63507a36,12.2,10.7,1474436,0,5.27
2026-08-12T06:32:18.754000+00:00,,2026-08-12T06:32:18.754000+00:00,,3,Mahaweli Ganga,Manampitiya,6fe6d995-51f6-42c7-bf95-21492e97269d,6,4.3,1474435,0,-0.06
2026-08-12T06:32:18.724000+00:00,,2026-08-12T06:32:18.724000+00:00,,3.3,Aththanagalu Oya,Dunamale,89edaf44-39b6-41de-b465-46660949424f,5.5,4.4,1474434,0,0.64
2026-08-12T06:32:15.861000+00:00,,2026-08-12T06:32:15.861000+00:00,,1.4,Nilwala Ganga,Thalgahagoda,2de215cd-ad2a-46a3-a032-ef0b38e1fef5,2.8,1.7,1474433,0,0.34
2026-08-12T06:32:15.760000+00:00,,2026-08-12T06:32:15.760000+00:00,,3,Kalu Ganga,Putupaula,19a3face-fd58-44eb-8fd5-618c761aab9e,5,4,1474432,0,0.57
2026-08-12T06:31:54.405000+00:00,,2026-08-12T06:31:54.405000+00:00,,6.9,Kirindi Oya,Kuda Oya,fc61e5fb-eaf0-4d09-b912-5eb479165baf,8.8,8.4,1474431,0,0.94
2026-08-12T06:31:24.134000+00:00,,2026-08-12T06:31:24.134000+00:00,,5,Mahaweli Ganga,Peradeniya,faad5b80-ae5d-4be6-96a0-d2ce0ee747d8,9,7,1474430,0.5,3.34
2026-08-12T06:31:00.809000+00:00,,2026-08-12T06:31:00.809000+00:00,,,Gal Oya,Ampara,20271159-03ad-4210-915b-7a030c0d73fa,,,1474429,0,0
2026-08-12T06:30:37.201000+00:00,,2026-08-12T06:30:37.201000+00:00,,5,Kumbukkan Oya,Nakkala,7cf032f8-4cac-450b-85b6-059977771ccb,7.5,6,1474428,0,0.58
2026-08-12T06:30:14.998000+00:00,,2026-08-12T06:30:14.998000+00:00,,5,Mahaweli Ganga,Weraganthota,3e6aa885-bf39-4758-91b8-c503223a9275,8,6,1474427,0,-2.98
2026-08-12T05:54:15.056000+00:00,,2026-08-12T05:54:15.056000+00:00,,1.5,Kelani Ganga,Norwood,6f23fc10-93a0-4933-aebe-6af049139569,4.5,3,1474426,0.3,0.78
2026-08-12T05:46:21.205000+00:00,,2026-08-12T05:46:21.205000+00:00,,4.84,Mee Oya,Galgamuwa,8cb1e95f-d67f-4ebe-bd26-752e7b680794,8,5.94,1474425,0,0.06
2026-08-12T05:42:41.781000+00:00,,2026-08-12T05:42:41.781000+00:00,,4.75,Deduru Oya,Moragaswewa,0dd03aa2-b5cc-42d4-a8f5-445e5c1a356a,7,6,1474424,0,0.01
2026-08-12T05:42:23.997000+00:00,,2026-08-12T05:42:23.997000+00:00,,4.75,Deduru Oya,Moragaswewa,fff24def-dafd-423e-a342-5b7f245eddca,7,6,1474423,0,0.01
2026-08-12T05:40:46.267000+00:00,,2026-08-12T05:40:46.267000+00:00,,5,Mahaweli Ganga,Weraganthota,21f4667d-22ac-4b7b-abba-e8b53d921695,8,6,1474422,0,-3.29
2026-08-12T05:40:33.754000+00:00,,2026-08-12T05:40:33.754000+00:00,,2.5,Nilwala Ganga,Urawa,198abade-90fc-422b-b41b-42dcc899751a,6,4,1474421,0,0.09
2026-08-12T05:40:05.856000+00:00,,2026-08-12T05:40:05.856000+00:00,,3,Kelani Ganga,Holombuwa,871667cd-5c8a-43c3-95ed-526a1ecddb9d,6,4,1474420,0,0.44
2026-08-12T05:39:32.255000+00:00,,2026-08-12T05:39:32.255000+00:00,,,Gal Oya,Ampara,92bc7ad0-31c1-42d1-8cdd-951f69068c64,,,1474419,0,0
2026-08-12T05:38:16.350000+00:00,,2026-08-12T05:38:16.350000+00:00,,5,Nilwala Ganga,Panadugama,80ac797e-62b4-428d-a5a2-ce6fbcc85460,7.5,6,1474418,1.9,2.65
2026-08-12T05:38:03.373000+00:00,,2026-08-12T05:38:03.373000+00:00,,4,Nilwala Ganga,Pitabeddara,6b70cf99-1ec1-4a6b-ae39-ceefbf75f119,6.5,5,1474417,1.7,0.59
2026-08-12T05:37:32.305000+00:00,,2026-08-12T05:37:32.305000+00:00,,3,Kalu Ganga,Putupaula,49f09d06-1039-4afb-b802-0093f1d06d0d,5,4,1474416,0,0.46
2026-08-12T05:36:28.932000+00:00,,2026-08-12T05:36:28.932000+00:00,,3.5,Gin Ganga,Baddegama,34b4b7a7-27a0-42c1-81d4-24441d6579e9,5,4,1474415,0,1.3
2026-08-12T05:36:14.001000+00:00,,2026-08-12T05:36:14.001000+00:00,,3,Kelani Ganga,Kithulgala,905f0f2e-b65e-4c5d-b79a-e78429204ada,6,4,1474414,2.6,2.23
2026-08-12T05:36:11.422000+00:00,,2026-08-12T05:36:11.422000+00:00,,4,Kalu Ganga,Magura,9aaf070b-be23-4467-af63-3b09fc42bd72,7.5,6,1474413,0,1.61
2026-08-12T05:35:54.624000+00:00,,2026-08-12T05:35:54.624000+00:00,,4,Gin Ganga,Thawalama,e62ee235-49cf-4a1b-bdb4-cfb6c978035e,7.5,6,1474412,2.1,1.68
2026-08-12T05:34:53.737000+00:00,,2026-08-12T05:34:53.737000+00:00,,4,Maduru Oya,Padiyathalawa,2b321c76-668e-4140-922f-09647b8e09ef,6,4.5,1474411,0,0.05
2026-08-12T05:34:50.282000+00:00,,2026-08-12T05:34:50.282000+00:00,,3,Walawe Ganga,Moraketiya,380045ab-e293-4c06-bdfc-dcbb9aaebb71,7,5,1474410,0,0.72
2026-08-12T05:34:49.178000+00:00,,2026-08-12T05:34:49.178000+00:00,,4,Menik Ganga,Katharagama,99b2b65e-6c19-49ed-b44e-b8ffcae7d51e,6.5,4.6,1474409,0,-0.26
2026-08-12T05:34:40.175000+00:00,,2026-08-12T05:34:40.175000+00:00,,10,Kalu Ganga,Ellagawa,5a851de1-711a-4e7a-b7c2-a7da64dea6b6,12.2,10.7,1474408,0,5.27
2026-08-12T05:34:33.072000+00:00,,2026-08-12T05:34:33.072000+00:00,,5,Mahaweli Ganga,Peradeniya,f0b86838-39b2-4ba6-8dc8-60b25a565a47,9,7,1474407,0,3.34
2026-08-12T05:34:21.927000+00:00,,2026-08-12T05:34:21.927000+00:00,,3,Mahaweli Ganga,Manampitiya,70ddcbd3-6364-4d8a-bc4c-d833b276795b,6,4.3,1474406,0,-0.06
2026-08-12T05:34:20.814000+00:00,,2026-08-12T05:34:20.814000+00:00,,5,Kalu Ganga,Kalawellawa (Millakanda),fe657f18-da09-47fa-8a20-2e0f6e7773ea,8,6.5,1474405,0,2.2
2026-08-12T05:34:06.246000+00:00,,2026-08-12T05:34:06.246000+00:00,,6.5,Kelani Ganga,Hanwella,7cfd672d-9808-4a87-a285-8b5a6aa0d624,9.5,7.5,1474404,0,1.96
2026-08-12T05:33:35.825000+00:00,,2026-08-12T05:33:35.825000+00:00,,4.8,Kelani Ganga,Deraniyagala,cd4ff08c-fdc9-4226-a88d-cb615af00009,7,5.8,1474403,0,0.86
2026-08-12T05:33:19.821000+00:00,,2026-08-12T05:33:19.821000+00:00,,3.5,Mahaweli Ganga,Nawalapitiya,b08c85ce-a10b-4e5b-a326-0e74d79e28d8,6,5,1474402,0,1.63
2026-08-12T05:33:15.098000+00:00,,2026-08-12T05:33:15.098000+00:00,,5.2,Kalu Ganga,Rathnapura,16d7a472-0d07-48f4-ae7e-cfd34e7373fa,9.5,7.5,1474401,0,1.65
2026-08-12T05:32:35.114000+00:00,,2026-08-12T05:32:35.114000+00:00,,15,Kelani Ganga,Glencourse,74b107a7-ec99-4168-97ba-bf3e335aa8cd,19,15.5,1474400,0,10.5
2026-08-12T05:32:34.909000+00:00,,2026-08-12T05:32:34.909000+00:00,,6.9,Kirindi Oya,Kuda Oya,e1ff77cb-10b1-4809-a968-f3f2dfde26f8,8.8,8.4,1474399,0,0.94
2026-08-12T05:32:28.212000+00:00,,2026-08-12T05:32:28.212000+00:00,,4.5,Heda Oya,Siyambalanduwa,7e2d88bc-1490-4789-a786-e1738cebfb29,7,6,1474398,0,0.19
2026-08-12T05:32:10.792000+00:00,,2026-08-12T05:32:10.792000+00:00,,5,Maha Oya,Badalgama,f0d62021-7397-4ab9-8e3c-9ce480c39a95,9.6,6.2,1474397,0,2
2026-08-12T05:31:52.919000+00:00,,2026-08-12T05:31:52.919000+00:00,,4,Ma Oya,Yaka Wewa,5077e3cb-8cb2-4160-8a70-16857f029639,6,5,1474396,0,0.41
2026-08-12T05:31:40.900000+00:00,,2026-08-12T05:31:40.900000+00:00,,3.3,Aththanagalu Oya,Dunamale,90314b7f-addd-4d5a-adc1-8e82ed3fd2dd,5.5,4.4,1474395,0,0.64
2026-08-12T05:31:35.550000+00:00,,2026-08-12T05:31:35.550000+00:00,,4,Kelani Ganga,Nagalagam Street,82800917-d5e5-4e0a-b832-864ab0c2cd7b,7,5,1474394,0,1.5
2026-08-12T05:31:35.469000+00:00,,2026-08-12T05:31:35.469000+00:00,,4.4,Kirindi Oya,Wellawaya,485da382-3eab-417b-9485-fb5a2fa20659,5.9,5.4,1474393,0,0.63
2026-08-12T05:31:33.990000+00:00,,2026-08-12T05:31:33.990000+00:00,,4,Kirindi Oya,Thanamalwila,8f3dc162-6970-4930-b1bd-7ef15ea81b82,5.5,5,1474392,0,0.26
2026-08-12T05:31:29.944000+00:00,,2026-08-12T05:31:29.944000+00:00,,5.5,Maha Oya,Giriulla,b3e9030d-f139-4ee8-af9a-1ec850b25408,7.5,6.5,1474391,0,0.94
2026-08-12T05:31:16.841000+00:00,,2026-08-12T05:31:16.841000+00:00,,6,Yan Oya,Horowpothana,3e6ba0b5-d2cb-4af2-90d4-97e72563779b,10.5,7.5,1474390,0,1.67
2026-08-12T05:30:57.693000+00:00,,2026-08-12T05:30:57.693000+00:00,,1.4,Nilwala Ganga,Thalgahagoda,c4a8585e-6951-4b6e-a491-bbea51c32ae5,2.8,1.7,1474389,0,0.35
2026-08-12T05:30:56.258000+00:00,,2026-08-12T05:30:56.258000+00:00,,3,Mahaweli Ganga,Thaldena,4db655b2-d05d-4715-bb3a-2638a35c7356,5,4,1474388,0,0.27
2026-08-12T05:30:50.590000+00:00,,2026-08-12T05:30:50.590000+00:00,,5,Malwathu Oya,Thanthirimale,25948f93-4825-46e4-916b-5c65769da693,7.8,6.8,1474387,0,0.91
2026-08-12T05:30:09.842000+00:00,,2026-08-12T05:30:09.842000+00:00,,5,Kumbukkan Oya,Nakkala,9cd81644-d32d-4c94-a7b4-0868637ae60e,7.5,6,1474386,0,0.58
2026-08-12T04:57:18.372000+00:00,,2026-08-12T04:57:18.372000+00:00,,5,Malwathu Oya,Thanthirimale,65b744f6-0826-441e-8c26-1fc44b11a584,7.8,6.8,1474385,0,0.91
2026-08-12T04:53:34.948000+00:00,,2026-08-12T04:53:34.948000+00:00,,6.9,Kirindi Oya,Kuda Oya,bbf27024-ce05-40d4-b651-0fad4b3a4c38,8.8,8.4,1474384,0,0.94
2026-08-12T04:51:44.605000+00:00,,2026-08-12T04:51:44.605000+00:00,,4,Kalu Ganga,Magura,f7ddfc45-6106-44e1-adfb-1da00663fb9a,7.5,6,1474383,0,1.57
2026-08-12T04:45:14.532000+00:00,,2026-08-12T04:45:14.532000+00:00,,2.5,Nilwala Ganga,Urawa,419221b7-ad6f-4066-a98f-162cac084c85,6,4,1474382,1.8,0.1
2026-08-12T04:42:34.518000+00:00,,2026-08-12T04:42:34.518000+00:00,,3,Kelani Ganga,Kithulgala,28ddcaeb-839c-4438-99e0-f6c5883ca5e0,6,4,1474381,0,2.22
2026-08-12T04:40:05.059000+00:00,,2026-08-12T04:40:05.059000+00:00,,3,Kelani Ganga,Holombuwa,5a428edb-6460-47f6-a64a-1d16387ba423,6,4,1474380,1.4,0.44
2026-08-12T04:39:24.367000+00:00,,2026-08-12T04:39:24.367000+00:00,,5,Kalu Ganga,Kalawellawa (Millakanda),b89e6090-50ca-4256-9908-e9c92bfccae9,8,6.5,1474379,0,2.22
2026-08-12T04:38:48.185000+00:00,,2026-08-12T04:38:48.185000+00:00,,4.5,Heda Oya,Siyambalanduwa,6bc53360-62d7-4419-835e-d31297284a18,7,6,1474378,0,0.2
2026-08-12T04:37:36.611000+00:00,,2026-08-12T04:37:36.611000+00:00,,3,Walawe Ganga,Moraketiya,b9ce1517-614c-4a3c-97d4-56735f862d60,7,5,1474377,0,0.72
2026-08-12T04:37:07.546000+00:00,,2026-08-12T04:37:07.546000+00:00,,3.5,Mahaweli Ganga,Nawalapitiya,a21536c0-e05b-41cc-ba4e-ddd233fba323,6,5,1474376,0,1.63
2026-08-12T04:36:46.923000+00:00,,2026-08-12T04:36:46.923000+00:00,,15,Kelani Ganga,Glencourse,fe00bb05-d4ee-426b-af8b-8834a920cc61,19,15.5,1474375,0.5,10.51
2026-08-12T04:36:37.904000+00:00,,2026-08-12T04:36:37.904000+00:00,,4,Maduru Oya,Padiyathalawa,0a2eb20e-4d39-4ed1-b2e7-b7963b7e9d6b,6,4.5,1474374,0,0.05
2026-08-12T04:35:59.905000+00:00,,2026-08-12T04:35:59.905000+00:00,,4,Nilwala Ganga,Pitabeddara,dfedb169-77ec-4635-bf35-c04bfaa91f86,6.5,5,1474373,0,0.62
2026-08-12T04:35:45.034000+00:00,,2026-08-12T04:35:45.034000+00:00,,5,Nilwala Ganga,Panadugama,7106c14b-39c6-4977-a133-ec7e87dab82c,7.5,6,1474372,0,2.64
2026-08-12T04:35:29.689000+00:00,,2026-08-12T04:35:29.689000+00:00,,10,Kalu Ganga,Ellagawa,7df16cf6-56ff-4caa-9473-676d1581c8ee,12.2,10.7,1474371,0,5.28
2026-08-12T04:35:28.703000+00:00,,2026-08-12T04:35:28.703000+00:00,,5.5,Maha Oya,Giriulla,ecea95ea-5bf2-4aa1-9db8-0b3ec74dc51e,7.5,6.5,1474370,0,0.95
2026-08-12T04:35:28.091000+00:00,,2026-08-12T04:35:28.091000+00:00,,4,Gin Ganga,Thawalama,96bf7c0c-fe76-42b9-8e80-b0ac6fe4cdc7,7.5,6,1474369,16.5,1.68
2026-08-12T04:35:19.468000+00:00,,2026-08-12T04:35:19.468000+00:00,,5,Maha Oya,Badalgama,c623688f-c45a-4fe4-a375-57204d43a9df,9.6,6.2,1474368,0,2
2026-08-12T04:35:03.467000+00:00,,2026-08-12T04:35:03.467000+00:00,,3.5,Gin Ganga,Baddegama,c98f5049-547a-4483-8d2a-1311ddcdb161,5,4,1474367,0,1.32
2026-08-12T04:34:54.589000+00:00,,2026-08-12T04:34:54.589000+00:00,,5.2,Kalu Ganga,Rathnapura,5c4c4c06-0251-4adb-9049-12643aa1080a,9.5,7.5,1474366,0,1.67
2026-08-12T04:34:14.362000+00:00,,2026-08-12T04:34:14.362000+00:00,,4.8,Kelani Ganga,Deraniyagala,b560a4f3-c9e6-4538-9fa5-109b0d679e98,7,5.8,1474365,0,0.95
2026-08-12T04:34:10.067000+00:00,,2026-08-12T04:34:10.067000+00:00,,4,Menik Ganga,Katharagama,431c40be-d37b-40c8-9f17-636acc8dbacd,6.5,4.6,1474364,0,-0.26
2026-08-12T04:34:06.908000+00:00,,2026-08-12T04:34:06.908000+00:00,,6,Yan Oya,Horowpothana,75145985-3de9-47e8-b2ce-c87e366cbb80,10.5,7.5,1474363,0,1.67
2026-08-12T04:33:29.576000+00:00,,2026-08-12T04:33:29.576000+00:00,,4.84,Mee Oya,Galgamuwa,1db5bc9d-c125-413c-9250-05cdf96e21e9,8,5.94,1474362,0,0.06
2026-08-12T04:33:27.620000+00:00,,2026-08-12T04:33:27.620000+00:00,,6.5,Kelani Ganga,Hanwella,b69985ab-0c0f-4ebc-805b-2d6a47e48298,9.5,7.5,1474361,0,1.96
2026-08-12T04:33:10.491000+00:00,,2026-08-12T04:33:10.491000+00:00,,3,Mahaweli Ganga,Manampitiya,3ee06089-0d28-4ed1-8aad-33b80374ae16,6,4.3,1474360,0,-0.04
2026-08-12T04:33:04.158000+00:00,,2026-08-12T04:33:04.158000+00:00,,4.4,Kirindi Oya,Wellawaya,06164388-46f4-40d2-aa79-fdf45040bec8,5.9,5.4,1474359,0,0.63
2026-08-12T04:33:03.119000+00:00,,2026-08-12T04:33:03.119000+00:00,,5,Mahaweli Ganga,Peradeniya,e107b242-edce-422a-973f-3b42858d6922,9,7,1474358,0,3.34
2026-08-12T04:32:58.961000+00:00,,2026-08-12T04:32:58.961000+00:00,,3,Kalu Ganga,Putupaula,38e98c80-4cc1-41b4-b5a6-4cb38fb7464c,5,4,1474357,0,0.41
2026-08-12T04:32:55.489000+00:00,,2026-08-12T04:32:55.489000+00:00,,4,Kelani Ganga,Nagalagam Street,9347ec38-f20a-4939-86c8-540c13a773bd,7,5,1474356,0,1.1
2026-08-12T04:32:43.936000+00:00,,2026-08-12T04:32:43.936000+00:00,,1.5,Kelani Ganga,Norwood,4c9b8632-e8cf-4fe3-99c6-ebfbe62d716c,4.5,3,1474355,0,0.78
2026-08-12T04:32:41.946000+00:00,,2026-08-12T04:32:41.946000+00:00,,4,Ma Oya,Yaka Wewa,d8d44678-eeaf-4ba7-a76a-e3a405702ddf,6,5,1474354,0,0.41
2026-08-12T04:32:05.259000+00:00,,2026-08-12T04:32:05.259000+00:00,,4,Kirindi Oya,Thanamalwila,46482b81-e283-4904-b167-a26e72955070,5.5,5,1474353,0,0.26
2026-08-12T04:31:25.246000+00:00,,2026-08-12T04:31:25.246000+00:00,,3.3,Aththanagalu Oya,Dunamale,507f4bc3-eeb2-4ac8-95a3-ee5aaad8f9dc,5.5,4.4,1474352,0,0.65
2026-08-12T04:30:58.062000+00:00,,2026-08-12T04:30:58.062000+00:00,,,Gal Oya,Ampara,05a69079-b50a-4a8b-a7be-5cfd6a75db59,,,1474351,0,0
2026-08-12T04:30:55.767000+00:00,,2026-08-12T04:30:55.767000+00:00,,3,Mahaweli Ganga,Thaldena,029f07de-96e4-4abb-95cd-108bec1c1072,5,4,1474350,0,0.24
2026-08-12T04:30:40.238000+00:00,,2026-08-12T04:30:40.238000+00:00,,5,Mahaweli Ganga,Weraganthota,f4c9b8d9-a5f0-4f61-9030-991fa4b13533,8,6,1474349,0,-3.33
2026-08-12T04:30:36.757000+00:00,,2026-08-12T04:30:36.757000+00:00,,1.4,Nilwala Ganga,Thalgahagoda,11f1d588-27da-48f8-9b08-27073c191017,2.8,1.7,1474348,0,0.36
2026-08-12T04:30:26.069000+00:00,,2026-08-12T04:30:26.069000+00:00,,5,Kumbukkan Oya,Nakkala,3775fc9b-31ec-4f8e-9241-c792707679c0,7.5,6,1474347,0,0.58
2026-08-12T04:27:01.516000+00:00,,2026-08-12T04:27:01.516000+00:00,,5,Mahaweli Ganga,Weraganthota,8d761cb3-573d-4006-9bb6-f5e3d42776ee,8,6,1474346,0,-3.33
2026-08-12T03:49:59.951000+00:00,,2026-08-12T03:49:59.951000+00:00,,5,Nilwala Ganga,Panadugama,6a5b3bf3-4b79-44db-a967-e383e5bd387d,7.5,6,1474345,0,2.65
2026-08-12T03:40:23.071000+00:00,,2026-08-12T03:40:23.071000+00:00,,4,Nilwala Ganga,Pitabeddara,5771733d-8bf3-4a5e-b91c-59f3adbac08a,6.5,5,1474344,0,2.65
2026-08-12T03:40:04.704000+00:00,,2026-08-12T03:40:04.704000+00:00,,4,Maduru Oya,Padiyathalawa,12980042-0c69-4996-ab52-662c356a5b8f,6,4.5,1474343,0,0.05
2026-08-12T03:39:04.892000+00:00,,2026-08-12T03:39:04.892000+00:00,,4,Kalu Ganga,Magura,12828105-771d-43e4-8145-7902c8f5d121,7.5,6,1474342,0,1.55
2026-08-12T03:37:32.441000+00:00,,2026-08-12T03:37:32.441000+00:00,,4.84,Mee Oya,Galgamuwa,2995a7d3-b08f-485f-b348-fd55dc42a028,8,5.94,1474341,0,0.06
2026-08-12T03:37:10.691000+00:00,,2026-08-12T03:37:10.691000+00:00,,3,Kelani Ganga,Holombuwa,da9ec4e3-a90a-4f86-864e-47e56c326daa,5,3.4,1474340,0,0.44
2026-08-12T03:36:19.900000+00:00,,2026-08-12T03:36:19.900000+00:00,,2.5,Nilwala Ganga,Urawa,0b272cff-9ea4-441b-baba-3b2c38de0ab8,6,4,1474339,0,0.1
2026-08-12T03:36:02.898000+00:00,,2026-08-12T03:36:02.898000+00:00,,3,Kelani Ganga,Kithulgala,8d0b3252-6e56-4262-a0bf-7daf6a98d00e,6,4,1474338,0,2.25
2026-08-12T03:35:49.095000+00:00,,2026-08-12T03:35:49.095000+00:00,,3.5,Gin Ganga,Baddegama,9ee92a44-c696-4b1a-9aad-882d2b3e2695,5,4,1474337,0,1.34
2026-08-12T03:35:29.750000+00:00,,2026-08-12T03:35:29.750000+00:00,,1.5,Kelani Ganga,Norwood,4626e141-6361-4e71-978e-42acb4c8d318,4.5,3,1474336,0,0.78
2026-08-12T03:35:18.056000+00:00,,2026-08-12T03:35:18.056000+00:00,,4,Menik Ganga,Katharagama,edf85052-ff30-4668-a374-6eaefbe977d0,6.5,4.6,1474335,0,-0.26
2026-08-12T03:34:40.635000+00:00,,2026-08-12T03:34:40.635000+00:00,,6.5,Kelani Ganga,Hanwella,ded6f126-1a13-4aed-a936-c44d2bd4e0c9,9.5,7.5,1474334,0,1.96
2026-08-12T03:34:32.498000+00:00,,2026-08-12T03:34:32.498000+00:00,,10,Kalu Ganga,Ellagawa,d8af6cfb-e208-4955-ba06-c1b0ae9498d8,12.2,10.7,1474333,0,5.3
2026-08-12T03:34:11.498000+00:00,,2026-08-12T03:34:11.498000+00:00,,15,Kelani Ganga,Glencourse,56e3c8f1-966b-47f0-9cb6-1f27aba10256,19,15.5,1474332,0,10.52
2026-08-12T03:33:55.086000+00:00,,2026-08-12T03:33:55.086000+00:00,,3,Mahaweli Ganga,Thaldena,de79cb09-86cc-4049-a497-075283d18de6,5,4,1474331,0,0.27
2026-08-12T03:33:41.675000+00:00,,2026-08-12T03:33:41.675000+00:00,,5,Kalu Ganga,Kalawellawa (Millakanda),3f1146ab-1687-4ee0-a25c-a56a132ae792,8,6.5,1474330,0,2.26
2026-08-12T03:33:38.019000+00:00,,2026-08-12T03:33:38.019000+00:00,,4.8,Kelani Ganga,Deraniyagala,5c686fad-a913-4b73-8f41-d989603e9eaf,7,5.8,1474329,0,0.95
2026-08-12T03:33:29.700000+00:00,,2026-08-12T03:33:29.700000+00:00,,4,Nilwala Ganga,Pitabeddara,3854c894-3051-461a-ab2c-82bbdca202b9,6.5,5,1474328,5.3,0.6
2026-08-12T03:33:17.360000+00:00,,2026-08-12T03:33:17.360000+00:00,,4.75,Deduru Oya,Moragaswewa,79db8af8-5f39-47d9-8c23-47ec0f5bd95c,7,6,1474327,0,0.02
2026-08-12T03:33:17.109000+00:00,,2026-08-12T03:33:17.109000+00:00,,3,Kalu Ganga,Putupaula,91184f65-91f1-437b-b090-23a0afeaae6b,5,4,1474326,0,0.43
2026-08-12T03:33:06.298000+00:00,,2026-08-12T03:33:06.298000+00:00,,4.4,Kirindi Oya,Wellawaya,5f085dde-ea28-40f1-88f1-3b5fb610aeb2,5.9,5.4,1474325,0,0.63
2026-08-12T03:32:56.235000+00:00,,2026-08-12T03:32:56.235000+00:00,,4.5,Heda Oya,Siyambalanduwa,66f0e339-a1d0-4de8-8d37-85267b3ea109,7,6,1474324,0,0.21
2026-08-12T03:32:45.480000+00:00,,2026-08-12T03:32:45.480000+00:00,,4,Kelani Ganga,Nagalagam Street,1df6ee05-f800-4f4a-8a30-7bc509489e3d,7,5,1474323,0,0.8
2026-08-12T03:32:43.751000+00:00,,2026-08-12T03:32:43.751000+00:00,,3,Mahaweli Ganga,Manampitiya,56600a2d-e0f2-4aa4-bbdc-8427a16feb85,6,4.3,1474322,0,-0.02
2026-08-12T03:32:37.545000+00:00,,2026-08-12T03:32:37.545000+00:00,,5.2,Kalu Ganga,Rathnapura,3cc3e6d8-cc1d-40e8-9117-28dc73c375d0,9.5,7.5,1474321,0,1.72
2026-08-12T03:32:36.642000+00:00,,2026-08-12T03:32:36.642000+00:00,,6,Yan Oya,Horowpothana,2c32f7cb-736e-4224-8047-b58f342387be,10.5,7.5,1474320,0,1.67
2026-08-12T03:32:34.008000+00:00,,2026-08-12T03:32:34.008000+00:00,,4,Gin Ganga,Thawalama,0bbc7e25-59e7-498c-823a-ff410fa3e44c,7.5,6,1474319,0,1.68
2026-08-12T03:32:22.935000+00:00,,2026-08-12T03:32:22.935000+00:00,,4,Ma Oya,Yaka Wewa,d625dee8-2b10-4a2f-8692-9a411e90899d,6,5,1474318,0,0.41
2026-08-12T03:32:18.242000+00:00,,2026-08-12T03:32:18.242000+00:00,,4,Kirindi Oya,Thanamalwila,b13fd409-08c5-45e3-b544-469b43e06ad9,5.5,5,1474317,0,0.26
2026-08-12T03:32:15.694000+00:00,,2026-08-12T03:32:15.694000+00:00,,5.5,Maha Oya,Giriulla,b3df0c9b-b7be-4715-a453-3f43c4090503,7.5,6.5,1474316,0,0.95
2026-08-12T03:32:14.300000+00:00,,2026-08-12T03:32:14.300000+00:00,,5,Malwathu Oya,Thanthirimale,f2766fb2-7727-4d75-8481-dd9d2951c154,7.8,6.8,1474315,0,0.92
2026-08-12T03:32:08.706000+00:00,,2026-08-12T03:32:08.706000+00:00,,5,Maha Oya,Badalgama,5e30032a-4bfc-4a0e-acf2-790bb4c573c3,9.6,6.2,1474314,0,2
2026-08-12T03:32:08.099000+00:00,,2026-08-12T03:32:08.099000+00:00,,6.9,Kirindi Oya,Kuda Oya,b2e53df4-79dd-47dc-99a0-cdd29a87e8d9,8.8,8.4,1474313,0,0.93
2026-08-12T03:32:05.003000+00:00,,2026-08-12T03:32:05.003000+00:00,,5,Kumbukkan Oya,Nakkala,9015e661-2c52-48c9-999e-0e7e470c28a2,7.5,6,1474312,0,0.58
2026-08-12T03:31:45.602000+00:00,,2026-08-12T03:31:45.602000+00:00,,,Gal Oya,Ampara,07e74195-8461-42b3-b258-621f39f9ce9f,,,1474311,0,0
2026-08-12T03:31:36.246000+00:00,,2026-08-12T03:31:36.246000+00:00,,5,Mahaweli Ganga,Peradeniya,9b2f3235-69d0-437c-8742-c71aad30a578,9,7,1474310,0,3.35
2026-08-12T03:31:10.929000+00:00,,2026-08-12T03:31:10.929000+00:00,,3,Walawe Ganga,Moraketiya,80d59c0a-1f13-4756-a47d-98c82cf3f66f,7,5,1474309,0,0.72
2026-08-12T03:31:00.002000+00:00,,2026-08-12T03:31:00.002000+00:00,,1.4,Nilwala Ganga,Thalgahagoda,733bd8cb-21ab-4292-a85c-6c0cc64526e5,2.8,1.7,1474308,0,0.38
2026-08-12T03:30:40.153000+00:00,,2026-08-12T03:30:40.153000+00:00,,5,Mahaweli Ganga,Weraganthota,70fd5374-bbdc-474e-9dbe-869fac16b477,8,6,1474307,0,-3.29
2026-08-12T02:52:42.155000+00:00,,2026-08-12T02:52:42.155000+00:00,,2.5,Nilwala Ganga,Urawa,daba3cf3-781b-499d-b57f-2f11479cc7a7,6,4,1474306,0,0.1
2026-08-12T02:48:36.577000+00:00,,2026-08-12T02:48:36.577000+00:00,,4,Kalu Ganga,Magura,88c3c846-4969-4560-ae75-a1668e7b2a4f,7.5,6,1474305,0,1.53
2026-08-12T02:42:55.869000+00:00,,2026-08-12T02:42:55.869000+00:00,,3.5,Gin Ganga,Baddegama,46bedd3d-1f68-4b4f-b322-2c5dafa25643,5,4,1474304,2.5,1.36
2026-08-12T02:40:38.075000+00:00,,2026-08-12T02:40:38.075000+00:00,,3,Kelani Ganga,Holombuwa,c4d909b5-c521-4970-a3c0-c75c6bb6e5b4,5,3.4,1474303,0,0.44
2026-08-12T02:38:45.366000+00:00,,2026-08-12T02:38:45.366000+00:00,,1.4,Nilwala Ganga,Thalgahagoda,664f76a9-1a16-4f52-b9d5-022fe44019aa,2.8,1.7,1474302,0,0.4
2026-08-12T02:38:27.973000+00:00,,2026-08-12T02:38:27.973000+00:00,,5,Kalu Ganga,Kalawellawa (Millakanda),c0c166db-8ade-411d-9b20-01378acc1c8b,8,6.5,1474301,0,2.34
2026-08-12T02:38:09.132000+00:00,,2026-08-12T02:38:09.132000+00:00,,3,Walawe Ganga,Moraketiya,b513cd72-5923-4bbd-b524-a1d5f7923c8f,7,5,1474300,0,0.72
2026-08-12T02:37:17.704000+00:00,,2026-08-12T02:37:17.704000+00:00,,4.84,Mee Oya,Galgamuwa,5cd4baa7-260f-4576-844a-21a9ac37494e,8,5.94,1474299,0,0.06
2026-08-12T02:36:58.982000+00:00,,2026-08-12T02:36:58.982000+00:00,,5,Nilwala Ganga,Panadugama,48d91692-b4d1-42ae-be1e-21c20e838d91,7.5,6,1474298,0,2.65
2026-08-12T02:36:47.220000+00:00,,2026-08-12T02:36:47.220000+00:00,,10,Kalu Ganga,Ellagawa,d99d6f38-bc11-49be-b50d-85438390989c,12.2,10.7,1474297,0.5,5.3
2026-08-12T02:36:09.059000+00:00,,2026-08-12T02:36:09.059000+00:00,,4,Gin Ganga,Thawalama,61480cba-44b0-483f-a6d0-53e3185185a1,7.5,6,1474296,0,1.7
2026-08-12T02:35:48.827000+00:00,,2026-08-12T02:35:48.827000+00:00,,4.75,Deduru Oya,Moragaswewa,4cc40670-841f-4f82-a74a-ee659e8c4a65,7,6,1474295,0,0.02
2026-08-12T02:35:37.420000+00:00,,2026-08-12T02:35:37.420000+00:00,,5,Mahaweli Ganga,Peradeniya,c7701b99-5da9-4242-819f-6d864730ece9,9,7,1474294,0,3.35
2026-08-12T02:35:36.525000+00:00,,2026-08-12T02:35:36.525000+00:00,,4.5,Heda Oya,Siyambalanduwa,045aa7ec-8a18-4871-9a2b-e0ced998df5a,7,6,1474293,0,0.21
2026-08-12T02:35:06.434000+00:00,,2026-08-12T02:35:06.434000+00:00,,4,Menik Ganga,Katharagama,1b6a9f15-e678-4c31-87b6-4312bdba8421,6.5,4.6,1474292,0,-0.26
2026-08-12T02:34:15.306000+00:00,,2026-08-12T02:34:15.306000+00:00,,5,Malwathu Oya,Thanthirimale,cfdee626-ef29-44c8-8775-86a39073f656,7.8,6.8,1474291,0,0.92
2026-08-12T02:33:58.771000+00:00,,2026-08-12T02:33:58.771000+00:00,,4,Ma Oya,Yaka Wewa,4d74f66d-ddd6-4dbc-bfa8-e656a7b77ae6,6,5,1474290,0,0.41
2026-08-12T02:33:56.689000+00:00,,2026-08-12T02:33:56.689000+00:00,,3,Mahaweli Ganga,Thaldena,f920823e-e8fe-4f4e-a07f-68948d4f7b48,5,4,1474289,0,0.28
2026-08-12T02:33:28.184000+00:00,,2026-08-12T02:33:28.184000+00:00,,6,Yan Oya,Horowpothana,ea5e5b86-0268-4fe0-9279-ae18febdd045,10.5,7.5,1474288,0,1.67
2026-08-12T02:33:24.714000+00:00,,2026-08-12T02:33:24.714000+00:00,,6.5,Kelani Ganga,Hanwella,c9afe949-d0c4-4276-9f1c-869e800b6aca,9.5,7.5,1474287,0,1.95
2026-08-12T02:33:12.420000+00:00,,2026-08-12T02:33:12.420000+00:00,,5.2,Kalu Ganga,Rathnapura,889922f5-dd0e-41cd-b16e-d45332918b65,9.5,7.5,1474286,0,1.74
2026-08-12T02:33:08.247000+00:00,,2026-08-12T02:33:08.247000+00:00,,3.3,Aththanagalu Oya,Dunamale,ec4ddf42-6b9f-451e-a813-1ad051dbfcaa,5.5,4.4,1474285,0,0.65
2026-08-12T02:32:58.819000+00:00,,2026-08-12T02:32:58.819000+00:00,,4.4,Kirindi Oya,Wellawaya,7547e59a-a883-4d20-bce1-1f5bff7cbf85,5.9,5.4,1474284,0,0.63
2026-08-12T02:32:54.627000+00:00,,2026-08-12T02:32:54.627000+00:00,,1.5,Kelani Ganga,Norwood,4eb36cef-4589-430a-845e-9639d1a29eab,4.5,3,1474283,0,0.79
2026-08-12T02:32:50.282000+00:00,,2026-08-12T02:32:50.282000+00:00,,4.8,Kelani Ganga,Deraniyagala,280e1bc7-8e8b-4011-bf94-cea7137a3728,7,5.8,1474282,0,0.95
2026-08-12T02:32:47.726000+00:00,,2026-08-12T02:32:47.726000+00:00,,5,Maha Oya,Badalgama,4c7d01bd-6e9b-49cd-a03a-46c622454d79,9.6,6.2,1474281,0,2
2026-08-12T02:32:27.324000+00:00,,2026-08-12T02:32:27.324000+00:00,,15,Kelani Ganga,Glencourse,2bd7af4a-644c-4786-8930-b2c9de24fccf,19,15.5,1474280,0,10.51
2026-08-12T02:32:14.128000+00:00,,2026-08-12T02:32:14.128000+00:00,,3,Kalu Ganga,Putupaula,64eea9a1-776f-4614-b862-bb0a1d87e2dc,5,4,1474279,5.5,0.5
2026-08-12T02:32:10.510000+00:00,,2026-08-12T02:32:10.510000+00:00,,5.5,Maha Oya,Giriulla,492b16d0-8750-4c95-9698-20b6cc49fb4f,7.5,6.5,1474278,0,0.95
2026-08-12T02:31:58.514000+00:00,,2026-08-12T02:31:58.514000+00:00,,3.5,Mahaweli Ganga,Nawalapitiya,0722f15c-cf28-4778-8def-20fc4c1322c5,6,5,1474277,0.3,1.65
2026-08-12T02:31:51.456000+00:00,,2026-08-12T02:31:51.456000+00:00,,4,Kelani Ganga,Nagalagam Street,d0e2668e-8a4a-4195-871e-c46bb53ea966,7,5,1474276,0,0.7
2026-08-12T02:31:41.892000+00:00,,2026-08-12T02:31:41.892000+00:00,,4,Kirindi Oya,Thanamalwila,0237d9be-50f6-4311-89e9-e212bb1f3476,5.5,5,1474275,0,0.27
2026-08-12T02:31:33.217000+00:00,,2026-08-12T02:31:33.217000+00:00,,3,Kelani Ganga,Kithulgala,4efe86b7-001a-46f7-bebf-ef341f795fff,6,4,1474274,0,2.27
2026-08-12T02:31:19.802000+00:00,,2026-08-12T02:31:19.802000+00:00,,6.9,Kirindi Oya,Kuda Oya,7ed9ec15-3c6b-4240-b0a4-7938299cd53f,8.8,8.4,1474273,0,0.92
2026-08-12T02:31:14.888000+00:00,,2026-08-12T02:31:14.888000+00:00,,3,Mahaweli Ganga,Manampitiya,7da8af15-1039-4169-8455-5f7431920661,6,4.3,1474272,0,0.01
2026-08-12T02:31:02.686000+00:00,,2026-08-12T02:31:02.686000+00:00,,5,Mahaweli Ganga,Weraganthota,000bad74-8d1c-4636-868e-8e1bff5e67d8,8,6,1474271,0,-3.22
2026-08-12T02:30:48.986000+00:00,,2026-08-12T02:30:48.986000+00:00,,,Gal Oya,Ampara,04b6fee0-0262-4ab9-af9c-a9e025c182c5,,,1474270,0,0
2026-08-12T02:30:14.127000+00:00,,2026-08-12T02:30:14.127000+00:00,,5,Kumbukkan Oya,Nakkala,f7d63214-4d75-43e8-b953-5cb45b949e3f,7.5,6,1474269,0,0.58
2026-08-12T02:30:12.876000+00:00,,2026-08-12T02:30:12.876000+00:00,,4,Nilwala Ganga,Pitabeddara,80444e12-369f-47a3-b589-48618e9a5ee8,6.5,5,1474268,1.5,0.62
2026-08-12T02:30:02.095000+00:00,,2026-08-12T02:30:02.095000+00:00,,5.2,Kalu Ganga,Rathnapura,660d0c97-d00d-4336-89c9-64576642eb4d,9.5,7.5,1474267,0,1.74
2026-08-12T02:16:28.111000+00:00,,2026-08-12T02:16:28.111000+00:00,,4.4,Kirindi Oya,Wellawaya,14903051-6419-40a7-ae93-b88fca6c6ea2,5.9,5.4,1474266,0,0.63
2026-08-12T01:59:38.153000+00:00,,2026-08-12T01:59:38.153000+00:00,,4,Nilwala Ganga,Pitabeddara,e30f95ec-c9a3-4cef-b4fc-55ff39a00a04,6.5,5,1474265,0,0.65
2026-08-12T01:58:32.493000+00:00,,2026-08-12T01:58:32.493000+00:00,,5,Kalu Ganga,Kalawellawa (Millakanda),1f32b88f-be58-4422-9adf-4a10da80b64b,8,6.5,1474264,0,2.45
2026-08-12T01:53:00.621000+00:00,,2026-08-12T01:53:00.621000+00:00,,2.5,Nilwala Ganga,Urawa,898ab9ae-1bdb-4d0e-89de-a2ad23ec0654,6,4,1474263,0,0.1
2026-08-12T01:52:00.006000+00:00,,2026-08-12T01:52:00.006000+00:00,,4.84,Mee Oya,Galgamuwa,dba27e24-87d4-4237-a44b-ad7ae97389ef,8,5.94,1474262,0,0.05
2026-08-12T01:50:10.272000+00:00,,2026-08-12T01:50:10.272000+00:00,,5,Nilwala Ganga,Panadugama,093565ce-a13d-4da7-bbbc-64472fa8010d,7.5,6,1474261,0,2.66
2026-08-12T01:46:16.047000+00:00,,2026-08-12T01:46:16.047000+00:00,,4.75,Deduru Oya,Moragaswewa,d5321bbd-d900-4e62-bef8-9f6233ab3d76,7,6,1474260,0,0.02
2026-08-12T01:42:10.003000+00:00,,2026-08-12T01:42:10.003000+00:00,,5.2,Kalu Ganga,Rathnapura,db23459c-052d-4c95-8d7a-7c011ea4db2c,9.5,7.5,1474259,0,1.77
2026-08-12T01:40:18.683000+00:00,,2026-08-12T01:40:18.683000+00:00,,4,Kalu Ganga,Magura,1b3128cf-a7a3-43f4-93c8-022b0ff51e3e,7.5,6,1474258,3.2,1.54
2026-08-12T01:38:57.687000+00:00,,2026-08-12T01:38:57.687000+00:00,,3,Mahaweli Ganga,Thaldena,747b62fd-ca1a-481f-b231-3a24b46014cf,5,4,1474257,0,0.29
2026-08-12T01:36:57.623000+00:00,,2026-08-12T01:36:57.623000+00:00,,3,Kalu Ganga,Putupaula,e0363873-6765-4a2d-ad33-ae05a0d0c8e7,5,4,1474256,0.6,0.58
2026-08-12T01:36:17.353000+00:00,,2026-08-12T01:36:17.353000+00:00,,3,Walawe Ganga,Moraketiya,dc636b0d-f95e-40df-950a-c24d143ac06c,7,5,1474255,0,0.72
2026-08-12T01:35:31.474000+00:00,,2026-08-12T01:35:31.474000+00:00,,5,Mahaweli Ganga,Peradeniya,8d7184aa-77bc-4208-8591-c94e7e1b88d3,9,7,1474254,0,3.35
2026-08-12T01:35:09.296000+00:00,,2026-08-12T01:35:09.296000+00:00,,15,Kelani Ganga,Glencourse,1abceef9-e67e-432e-bcd0-a544fcd3e129,19,15.5,1474253,0,10.51
2026-08-12T01:34:47.801000+00:00,,2026-08-12T01:34:47.801000+00:00,,4.5,Heda Oya,Siyambalanduwa,d0363537-ec7f-4c31-9e0f-1b5bc53579c8,7,6,1474252,0,0.22
2026-08-12T01:34:18.364000+00:00,,2026-08-12T01:34:18.364000+00:00,,4,Menik Ganga,Katharagama,99c1d59f-4a72-4c2f-a2d7-bd41a94678d0,6.5,4.6,1474251,0,-0.26
2026-08-12T01:34:18.201000+00:00,,2026-08-12T01:34:18.201000+00:00,,5,Maha Oya,Badalgama,5ab5115e-d66c-4121-bd05-caf8e88af32e,9.6,6.2,1474250,0,2
2026-08-12T01:33:36.978000+00:00,,2026-08-12T01:33:36.978000+00:00,,4.8,Kelani Ganga,Deraniyagala,50fe66a9-03c6-4dc0-9c66-e9b231f369d2,7,5.8,1474249,0,0.96
2026-08-12T01:33:34.105000+00:00,,2026-08-12T01:33:34.105000+00:00,,3,Kelani Ganga,Holombuwa,d4d14ef3-82be-4311-a480-afdf9273bd4a,5,3.4,1474248,0,0.45
2026-08-12T01:33:31.954000+00:00,,2026-08-12T01:33:31.954000+00:00,,5,Malwathu Oya,Thanthirimale,c60f27bb-9ff1-4260-b28f-27f7e60cd271,7.8,6.8,1474247,0,0.92
2026-08-12T01:33:28.068000+00:00,,2026-08-12T01:33:28.068000+00:00,,1.5,Kelani Ganga,Norwood,0449a8b8-24a9-44d0-a457-f2473ac7a803,4.5,3,1474246,0,0.79
2026-08-12T01:33:27.667000+00:00,,2026-08-12T01:33:27.667000+00:00,,3,Kelani Ganga,Kithulgala,e1054f95-bd11-4d36-a1a8-c53bc8b04130,6,4,1474245,0,2.3
2026-08-12T01:33:26.891000+00:00,,2026-08-12T01:33:26.891000+00:00,,4,Gin Ganga,Thawalama,a3782bcc-60a1-4ff4-896d-d969781fba83,7.5,6,1474244,0,1.68
2026-08-12T01:33:09.547000+00:00,,2026-08-12T01:33:09.547000+00:00,,6.5,Kelani Ganga,Hanwella,6aae80c7-c09e-4887-8bc2-c3663e239de4,9.5,7.5,1474243,0,1.94
2026-08-12T01:32:46.904000+00:00,,2026-08-12T01:32:46.904000+00:00,,4,Kelani Ganga,Nagalagam Street,29f99e24-6a01-465b-93e5-15e984825345,7,5,1474242,0,0.8
2026-08-12T01:32:33.156000+00:00,,2026-08-12T01:32:33.156000+00:00,,10,Kalu Ganga,Ellagawa,ecd84a92-2cca-4fde-ba40-56d00710d48f,12.2,10.7,1474241,0,5.26
2026-08-12T01:32:15.308000+00:00,,2026-08-12T01:32:15.308000+00:00,,4.75,Deduru Oya,Moragaswewa,973325c6-b491-4e3d-b040-ab8312d25e65,7,6,1474240,0,0.02
2026-08-12T01:32:01.954000+00:00,,2026-08-12T01:32:01.954000+00:00,,3.5,Mahaweli Ganga,Nawalapitiya,272f073f-0c84-4496-a244-2243dad278ab,6,5,1474239,0.2,1.65
2026-08-12T01:31:52.147000+00:00,,2026-08-12T01:31:52.147000+00:00,,4,Ma Oya,Yaka Wewa,cbd0f067-4a66-491b-8eea-6c0b130d4f23,6,5,1474238,0,0.41
2026-08-12T01:31:40.424000+00:00,,2026-08-12T01:31:40.424000+00:00,,3.3,Aththanagalu Oya,Dunamale,0ab2c732-1678-4bd6-a345-c1aeebf58510,5.5,4.4,1474237,0,0.65
2026-08-12T01:31:39.027000+00:00,,2026-08-12T01:31:39.027000+00:00,,5.5,Maha Oya,Giriulla,8e89ec0d-831d-4956-8c45-53ef6f3f255a,7.5,6.5,1474236,0,0.95
2026-08-12T01:31:33.459000+00:00,,2026-08-12T01:31:33.459000+00:00,,3,Mahaweli Ganga,Manampitiya,07add675-8178-4857-acf5-2dedcd4766ec,6,4.3,1474235,0,0.04
2026-08-12T01:31:14.619000+00:00,,2026-08-12T01:31:14.619000+00:00,,4,Maduru Oya,Padiyathalawa,5dc3f5f5-c5d8-43ac-abe2-9e29bc5bd4bd,6,4.5,1474234,0,0.05
2026-08-12T01:31:12.726000+00:00,,2026-08-12T01:31:12.726000+00:00,,4,Kirindi Oya,Thanamalwila,dbb3ecde-ecce-4c4c-808f-5d0e2bab76de,5.5,5,1474233,0,0.29
2026-08-12T01:31:11.524000+00:00,,2026-08-12T01:31:11.524000+00:00,,,Gal Oya,Ampara,6172d9e0-75d2-402e-9b26-52918c5b7f4a,,,1474232,0,0
2026-08-12T01:31:09.216000+00:00,,2026-08-12T01:31:09.216000+00:00,,3.5,Gin Ganga,Baddegama,304b5742-ca63-47cb-8c73-28b082232462,5,4,1474231,0,1.38
2026-08-12T01:30:21.482000+00:00,,2026-08-12T01:30:21.482000+00:00,,1.4,Nilwala Ganga,Thalgahagoda,b1bb0cd8-6be6-44b5-ae6e-94731f9c1199,2.8,1.7,1474230,0,0.41
2026-08-12T01:30:09.777000+00:00,,2026-08-12T01:30:09.777000+00:00,,5,Kumbukkan Oya,Nakkala,836cdc38-9752-491d-ad0e-85a1fa3c1ccd,7.5,6,1474229,0,0.57
2026-08-12T01:30:08.701000+00:00,,2026-08-12T01:30:08.701000+00:00,,5,Mahaweli Ganga,Weraganthota,8b9501cc-eef0-41cc-b497-806917e197ed,8,6,1474228,0,-3.12
2026-08-12T01:02:32.971000+00:00,,2026-08-12T01:02:32.971000+00:00,,4.84,Mee Oya,Galgamuwa,fb5a3e5c-984b-4b69-ad3a-a8eb76d1096b,8,5.94,1474227,0,0.05
2026-08-12T00:44:17.281000+00:00,,2026-08-12T00:44:17.281000+00:00,,3.5,Gin Ganga,Baddegama,c51fea2b-49aa-4b9a-8003-d02b3af06f99,5,4,1474226,0,1.38
2026-08-12T00:43:13.802000+00:00,,2026-08-12T00:43:13.802000+00:00,,1.4,Nilwala Ganga,Thalgahagoda,db2a0ba2-209a-4f25-89ee-af48b878d8c9,2.8,1.7,1474225,0,0.43
2026-08-12T00:39:44.302000+00:00,,2026-08-12T00:39:44.302000+00:00,,10,Kalu Ganga,Ellagawa,44232b21-21bc-4a4c-8301-d74a19e88f48,12.2,10.7,1474224,0,5.19
2026-08-12T00:38:15.045000+00:00,,2026-08-12T00:38:15.045000+00:00,,4.75,Deduru Oya,Moragaswewa,99e7da11-8f77-4da9-9b4b-16b22c2fc6ec,7,6,1474223,0,0.02
2026-08-12T00:38:10.938000+00:00,,2026-08-12T00:38:10.938000+00:00,,3,Kelani Ganga,Holombuwa,f631ae7f-6494-40b3-adcd-a4f97f599888,5,3.4,1474222,0,0.44
2026-08-12T00:37:54.035000+00:00,,2026-08-12T00:37:54.035000+00:00,,5,Kalu Ganga,Kalawellawa (Millakanda),b16a0987-4518-4772-9cb6-1e5e0e1f61b2,8,6.5,1474221,0,2.5
2026-08-12T00:36:48.633000+00:00,,2026-08-12T00:36:48.633000+00:00,,3.5,Gin Ganga,Baddegama,3c8822c1-d620-47f6-bafc-9607087a6a98,5,4,1474220,0,1.38
2026-08-12T00:36:46.744000+00:00,,2026-08-12T00:36:46.744000+00:00,,4,Kirindi Oya,Thanamalwila,363f9f9d-fc93-4380-9e06-e16ee39d2e23,5.5,5,1474219,0,0.32
2026-08-12T00:36:36.909000+00:00,,2026-08-12T00:36:36.909000+00:00,,5,Maha Oya,Badalgama,8090dcc4-51db-438d-8055-db6f28119464,9.6,6.2,1474218,0,2
2026-08-12T00:36:09.514000+00:00,,2026-08-12T00:36:09.514000+00:00,,4,Kelani Ganga,Nagalagam Street,55f17eb8-8897-44bd-9566-d4c7c2b0283f,7,5,1474217,0,1
2026-08-12T00:35:58.079000+00:00,,2026-08-12T00:35:58.079000+00:00,,15,Kelani Ganga,Glencourse,af5ef0ff-e4cb-4726-aebd-f607c9d6d462,19,15.5,1474216,0,10.51
2026-08-12T00:35:22.667000+00:00,,2026-08-12T00:35:22.667000+00:00,,5,Nilwala Ganga,Panadugama,2df12c7f-6aa0-4ff8-ae7f-ec16bdab014d,7.5,6,1474215,0,2.66
2026-08-12T00:35:17.951000+00:00,,2026-08-12T00:35:17.951000+00:00,,2.5,Nilwala Ganga,Urawa,14f028fc-1107-4191-b654-0351d3481228,6,4,1474214,0,0.1
2026-08-12T00:34:49.890000+00:00,,2026-08-12T00:34:49.890000+00:00,,4,Kalu Ganga,Magura,c9cb7691-5e5b-463f-8163-125779f76826,7.5,6,1474213,0,1.55
2026-08-12T00:34:34.721000+00:00,,2026-08-12T00:34:34.721000+00:00,,4,Gin Ganga,Thawalama,4ba05fa9-32c6-4fc5-8af3-a6a3ccd2c394,7.5,6,1474212,1.3,1.63
2026-08-12T00:34:18.870000+00:00,,2026-08-12T00:34:18.870000+00:00,,2.5,Nilwala Ganga,Urawa,3c6ca7e2-33b1-4635-9432-aa0967c70cba,6,4,1474211,0,0.1
2026-08-12T00:34:08.778000+00:00,,2026-08-12T00:34:08.778000+00:00,,6.9,Kirindi Oya,Kuda Oya,acb8dc41-19e7-456d-a1f1-8f950507b55c,8.8,8.4,1474210,0,0.92
2026-08-12T00:33:46.193000+00:00,,2026-08-12T00:33:46.193000+00:00,,4,Maduru Oya,Padiyathalawa,f90d66c5-1a4e-4ba3-a6d5-fb41e819c699,6,4.5,1474209,0,0.05
2026-08-12T00:33:45.262000+00:00,,2026-08-12T00:33:45.262000+00:00,,4.4,Kirindi Oya,Wellawaya,eeb3f551-40cb-4f4e-9132-6a69ac8ef01a,5.9,5.4,1474208,0,0.63
2026-08-12T00:33:39.082000+00:00,,2026-08-12T00:33:39.082000+00:00,,1.5,Kelani Ganga,Norwood,6f93809f-f0f2-45a5-b882-2e13c062b2e6,4.5,3,1474207,0.3,0.79
2026-08-12T00:33:37.680000+00:00,,2026-08-12T00:33:37.680000+00:00,,3.5,Mahaweli Ganga,Nawalapitiya,90eb7741-046d-4908-9e78-22855e840e0f,6,5,1474206,0.8,1.66
2026-08-12T00:33:37.611000+00:00,,2026-08-12T00:33:37.611000+00:00,,1.5,Kelani Ganga,Norwood,ad2e7248-1c5c-4a0d-abc6-fcc0486054d2,4.5,3,1474205,0,0.79
2026-08-12T00:33:08.961000+00:00,,2026-08-12T00:33:08.961000+00:00,,4,Menik Ganga,Katharagama,88059b0e-218d-4835-9ec5-9fad575b2eb6,6.5,4.6,1474204,0,-0.26
2026-08-12T00:33:04.420000+00:00,,2026-08-12T00:33:04.420000+00:00,,5.5,Maha Oya,Giriulla,4b182390-6a28-4cfb-b4ca-7f9d04baadd0,7.5,6.5,1474203,0,0.96
2026-08-12T00:33:02.737000+00:00,,2026-08-12T00:33:02.737000+00:00,,4,Nilwala Ganga,Pitabeddara,48f86ff3-63dd-4059-bee6-bf2fe18a45c8,6.5,5,1474202,0,0.66
2026-08-12T00:33:01.869000+00:00,,2026-08-12T00:33:01.869000+00:00,,4.5,Heda Oya,Siyambalanduwa,ab7c22f6-4df2-40cc-b000-a90d6e003868,7,6,1474201,0,0.22
2026-08-12T00:33:01.739000+00:00,,2026-08-12T00:33:01.739000+00:00,,4.8,Kelani Ganga,Deraniyagala,9237fc88-1181-416b-bbfd-39b2245d9b0f,7,5.8,1474200,0,0.98
2026-08-12T00:32:54.599000+00:00,,2026-08-12T00:32:54.599000+00:00,,5.2,Kalu Ganga,Rathnapura,7f0f3832-7c78-4ad4-89a6-daf4f9543c6d,9.5,7.5,1474199,0.6,1.81
2026-08-12T00:32:49.117000+00:00,,2026-08-12T00:32:49.117000+00:00,,3.3,Aththanagalu Oya,Dunamale,35c00e3d-ca98-4463-99eb-6376dc29cb66,5.5,4.4,1474198,0,0.65
2026-08-12T00:32:40.088000+00:00,,2026-08-12T00:32:40.088000+00:00,,4,Ma Oya,Yaka Wewa,932642d9-3f86-4e53-9979-ba85b19d2ebb,6,5,1474197,0,0.41
2026-08-12T00:32:36.223000+00:00,,2026-08-12T00:32:36.223000+00:00,,5,Mahaweli Ganga,Peradeniya,fae607d8-c82e-4381-986b-26278f7572c3,9,7,1474196,0,3.35
2026-08-12T00:32:17.588000+00:00,,2026-08-12T00:32:17.588000+00:00,,3,Kelani Ganga,Kithulgala,b5699167-40c0-43be-9c0c-ace434d93e54,6,4,1474195,0,2.29
2026-08-12T00:32:07.935000+00:00,,2026-08-12T00:32:07.935000+00:00,,6.5,Kelani Ganga,Hanwella,c14eefc3-af59-4229-b8a7-1cf6cbf50e14,9.5,7.5,1474194,0,1.92
2026-08-12T00:31:34.203000+00:00,,2026-08-12T00:31:34.203000+00:00,,,Gal Oya,Ampara,4013e79b-dca0-4157-b048-b5bbccf3185e,,,1474193,0,0
2026-08-12T00:31:27.581000+00:00,,2026-08-12T00:31:27.581000+00:00,,3,Mahaweli Ganga,Thaldena,14f33574-b51e-45be-8405-c17d116da97e,5,4,1474192,0,0.31
2026-08-12T00:31:17.759000+00:00,,2026-08-12T00:31:17.759000+00:00,,5,Kumbukkan Oya,Nakkala,d2864bcd-18da-4e65-8ee4-73adec2ad2da,7.5,6,1474191,0,0.57
2026-08-12T00:30:48.615000+00:00,,2026-08-12T00:30:48.615000+00:00,,3,Mahaweli Ganga,Manampitiya,a1cb88fc-4efc-4648-8066-324c9f62fd8e,6,4.3,1474190,0,0.03
2026-08-12T00:30:37.254000+00:00,,2026-08-12T00:30:37.254000+00:00,,3,Kalu Ganga,Putupaula,4038b717-1f27-4d15-b9a5-6ddec9ee08f6,5,4,1474189,0,0.69
2026-08-12T00:30:34.852000+00:00,,2026-08-12T00:30:34.852000+00:00,,3,Walawe Ganga,Moraketiya,655a8d21-88e6-4695-a93e-3fe37a5b9041,7,5,1474188,0,0.74
2026-08-12T00:30:30.329000+00:00,,2026-08-12T00:30:30.329000+00:00,,6,Yan Oya,Horowpothana,37287d79-42f0-4c95-a381-0443352ba4b1,10.5,7.5,1474187,0,1.67
2026-08-12T00:30:19.168000+00:00,,2026-08-12T00:30:19.168000+00:00,,5,Mahaweli Ganga,Weraganthota,e9118e88-5bb2-452c-bf34-7a119f904cc7,8,6,1474186,0,-3.05
2026-08-11T23:51:08.591000+00:00,,2026-08-11T23:51:08.591000+00:00,,3.5,Mahaweli Ganga,Nawalapitiya,2c741c17-6eb2-40df-9abf-358357ab32ba,6,5,1474185,0,1.67
2026-08-11T23:44:02.789000+00:00,,2026-08-11T23:44:02.789000+00:00,,2.5,Nilwala Ganga,Urawa,05bc71a7-d00b-4223-a43d-fb2a7f2174e2,6,4,1474184,0,0.1
2026-08-11T23:42:41.529000+00:00,,2026-08-11T23:42:41.529000+00:00,,4,Menik Ganga,Katharagama,259f8b43-f3ce-4f61-bd98-0d4f6d72fc7a,6.5,4.6,1474183,0,-0.26
2026-08-11T23:39:20.475000+00:00,,2026-08-11T23:39:20.475000+00:00,,3.5,Gin Ganga,Baddegama,e5089d3d-32fd-495f-a25a-9ed472b2b8a9,5,4,1474182,1.3,1.38
2026-08-11T23:39:16.386000+00:00,,2026-08-11T23:39:16.386000+00:00,,5.2,Kalu Ganga,Rathnapura,e401488f-5bfd-4492-853c-ff4cf04c484a,9.5,7.5,1474181,0,1.83
2026-08-11T23:39:09.574000+00:00,,2026-08-11T23:39:09.574000+00:00,,15,Kelani Ganga,Glencourse,a46a9b4e-e44c-407f-8c71-ac77ab8df63d,19,15.5,1474180,0.5,10.51
2026-08-11T23:38:58.586000+00:00,,2026-08-11T23:38:58.586000+00:00,,4,Kalu Ganga,Magura,44f64535-ff1a-4711-9a16-8a4cfb356cda,7.5,6,1474179,0,1.56
2026-08-11T23:38:06.164000+00:00,,2026-08-11T23:38:06.164000+00:00,,4,Nilwala Ganga,Pitabeddara,f04f31bf-f2a1-4dc8-b3fd-fcaeacbde175,6.5,5,1474178,0,0.68
2026-08-11T23:37:54.547000+00:00,,2026-08-11T23:37:54.547000+00:00,,3,Kalu Ganga,Putupaula,16319f58-e359-4d64-ba5e-8c80d80a6944,5,4,1474177,0,0.73
2026-08-11T23:37:11.061000+00:00,,2026-08-11T23:37:11.061000+00:00,,4,Gin Ganga,Thawalama,f20ac2c9-9b48-449e-80ac-ef1081b8315c,7.5,6,1474176,0,1.59
2026-08-11T23:36:40.149000+00:00,,2026-08-11T23:36:40.149000+00:00,,4,Kirindi Oya,Thanamalwila,39c26ca3-539e-4c0b-80b1-43dae8c732be,5.5,5,1474175,0,0.34
2026-08-11T23:36:39.299000+00:00,,2026-08-11T23:36:39.299000+00:00,,3,Kelani Ganga,Holombuwa,84858cf4-1053-4cb6-bba9-a971abf8679e,5,3.4,1474174,0,0.44
2026-08-11T23:36:33.588000+00:00,,2026-08-11T23:36:33.588000+00:00,,4,Kelani Ganga,Nagalagam Street,b6b38f69-3b43-4bb8-a251-0902680997aa,7,5,1474173,0,1.3
2026-08-11T23:36:01.719000+00:00,,2026-08-11T23:36:01.719000+00:00,,5,Kumbukkan Oya,Nakkala,8026d0af-6104-4522-9d6e-48ea68e1d768,7.5,6,1474172,0,0.57
2026-08-11T23:35:57.547000+00:00,,2026-08-11T23:35:57.547000+00:00,,5,Maha Oya,Badalgama,91592daf-5de2-4ee6-845a-574ee1edfd01,9.6,6.2,1474171,0,2.01
2026-08-11T23:35:15.037000+00:00,,2026-08-11T23:35:15.037000+00:00,,3,Mahaweli Ganga,Thaldena,616accae-7539-43cb-9ead-d9aba87d43e9,5,4,1474170,0,0.33
2026-08-11T23:34:34.741000+00:00,,2026-08-11T23:34:34.741000+00:00,,4.4,Kirindi Oya,Wellawaya,631cc326-470f-4fef-908e-a19e80e4e472,5.9,5.4,1474169,0,0.62
2026-08-11T23:34:20.514000+00:00,,2026-08-11T23:34:20.514000+00:00,,4.8,Kelani Ganga,Deraniyagala,7422047e-4d11-474f-9e62-7eb99c8b880b,7,5.8,1474168,0,1.02
2026-08-11T23:33:46.162000+00:00,,2026-08-11T23:33:46.162000+00:00,,5.5,Maha Oya,Giriulla,35b09eed-683c-445c-8137-b175c3c7347b,7.5,6.5,1474167,0,0.96
2026-08-11T23:33:38.049000+00:00,,2026-08-11T23:33:38.049000+00:00,,5,Nilwala Ganga,Panadugama,92a102bf-671e-4699-bb2d-e2dabdc5835d,7.5,6,1474166,0,2.66
2026-08-11T23:33:02.793000+00:00,,2026-08-11T23:33:02.793000+00:00,,4.5,Heda Oya,Siyambalanduwa,db57ee88-1351-4d0a-a674-e77c20116146,7,6,1474165,0,0.23
2026-08-11T23:33:01.334000+00:00,,2026-08-11T23:33:01.334000+00:00,,6,Yan Oya,Horowpothana,561b931f-eab2-4439-a344-5c0e4dac8f9e,10.5,7.5,1474164,0,1.67
2026-08-11T23:32:48.519000+00:00,,2026-08-11T23:32:48.519000+00:00,,3,Walawe Ganga,Moraketiya,b3bf2b89-88f7-4108-9205-4aa20e07a764,7,5,1474163,0,0.77
2026-08-11T23:32:43.353000+00:00,,2026-08-11T23:32:43.353000+00:00,,6.5,Kelani Ganga,Hanwella,b63589f8-c718-44ba-bddf-70669487b156,9.5,7.5,1474162,0,1.89
2026-08-11T23:32:41.507000+00:00,,2026-08-11T23:32:41.507000+00:00,,5,Mahaweli Ganga,Peradeniya,90b85d18-9b38-4973-adc5-12e2006adafd,9,7,1474161,0.2,3.35
2026-08-11T23:32:38.325000+00:00,,2026-08-11T23:32:38.325000+00:00,,3,Kelani Ganga,Kithulgala,82d3b47a-4687-4dde-8642-ce879b6bab79,6,4,1474160,0,2.29
2026-08-11T23:32:27.818000+00:00,,2026-08-11T23:32:27.818000+00:00,,3.3,Aththanagalu Oya,Dunamale,daae0ddb-cc52-46af-b8a0-b9a7d7a6cf12,5.5,4.4,1474159,0,0.66
2026-08-11T23:31:47.142000+00:00,,2026-08-11T23:31:47.142000+00:00,,10,Kalu Ganga,Ellagawa,23b6d526-b2f6-4bd6-8e41-481c4491ae29,12.2,10.7,1474158,0,5.14
2026-08-11T23:31:35.793000+00:00,,2026-08-11T23:31:35.793000+00:00,,4,Ma Oya,Yaka Wewa,2882f2c6-66e5-4fa2-adce-5ab9f6050928,6,5,1474157,0,0.41
2026-08-11T23:31:00.925000+00:00,,2026-08-11T23:31:00.925000+00:00,,1.4,Nilwala Ganga,Thalgahagoda,be973eb8-4558-4170-934f-b0cfeb89a964,2.8,1.7,1474156,0,0.43
2026-08-11T23:30:57.209000+00:00,,2026-08-11T23:30:57.209000+00:00,,,Gal Oya,Ampara,63e09d66-4d58-4eed-8277-2c61b6d9983c,,,1474155,0,0
2026-08-11T23:30:56.402000+00:00,,2026-08-11T23:30:56.402000+00:00,,4.75,Deduru Oya,Moragaswewa,7cbe5880-4354-426d-99d4-785f0008e1f6,7,6,1474154,0,0.03
2026-08-11T23:30:32.281000+00:00,,2026-08-11T23:30:32.281000+00:00,,3,Mahaweli Ganga,Manampitiya,6b180c0b-f033-4219-9afb-0a61f5e99f0f,6,4.3,1474153,0,0
2026-08-11T23:21:17.110000+00:00,,2026-08-11T23:21:17.110000+00:00,,4,Ma Oya,Yaka Wewa,1a3cf86f-dd17-47c4-b8e3-7f00b10f7991,6,5,1474152,0,0.41
2026-08-11T23:08:04.406000+00:00,,2026-08-11T23:08:04.406000+00:00,,4,Kalu Ganga,Magura,5181afe6-1dcd-4bcd-8926-44c2e2de763d,7.5,6,1474151,0,1.57
2026-08-11T22:53:54.644000+00:00,,2026-08-11T22:53:54.644000+00:00,,5.2,Kalu Ganga,Rathnapura,0b881cb6-61b0-4f75-a009-289e21f50189,9.5,7.5,1474150,0,1.87
2026-08-11T22:50:38.018000+00:00,,2026-08-11T22:50:38.018000+00:00,,4,Kirindi Oya,Thanamalwila,16414904-26dc-4c4e-bc94-91ce0abc1f6b,5.5,5,1474149,0,0.35
2026-08-11T22:45:44.242000+00:00,,2026-08-11T22:45:44.242000+00:00,,3.5,Gin Ganga,Baddegama,0ccf1f9a-96c3-4f8b-b184-d9747f1b6b33,5,4,1474148,0,1.38
2026-08-11T22:41:36.502000+00:00,,2026-08-11T22:41:36.502000+00:00,,3,Kelani Ganga,Holombuwa,55f6d463-fc87-41ff-b0e5-72d583896771,5,3.4,1474147,0,0.45
2026-08-11T22:40:42.782000+00:00,,2026-08-11T22:40:42.782000+00:00,,5,Nilwala Ganga,Panadugama,fa3903f6-ba68-4cc0-b971-75d47774b8f3,7.5,6,1474146,0,2.67
2026-08-11T22:38:50.515000+00:00,,2026-08-11T22:38:50.515000+00:00,,6.5,Kelani Ganga,Hanwella,83a4dc33-5008-4a0b-ada6-60afd84c16ad,9.5,7.5,1474145,0,1.85
2026-08-11T22:38:33.230000+00:00,,2026-08-11T22:38:33.230000+00:00,,3,Kalu Ganga,Putupaula,252a9c0d-35b1-4399-ba66-d8a2c2f24d7f,5,4,1474144,0,0.75
2026-08-11T22:37:40.415000+00:00,,2026-08-11T22:37:40.415000+00:00,,4,Kelani Ganga,Nagalagam Street,d62a8cf9-167d-4a25-a079-8de51c47308a,7,5,1474143,0,1.6
2026-08-11T22:37:39.210000+00:00,,2026-08-11T22:37:39.210000+00:00,,5,Kalu Ganga,Kalawellawa (Millakanda),b29fdb60-573d-4eef-85c6-7298f84b2f4c,8,6.5,1474142,0,2.7
2026-08-11T22:36:57.277000+00:00,,2026-08-11T22:36:57.277000+00:00,,5,Maha Oya,Badalgama,d2cf503c-1e7e-459d-99c0-f7ea3153b21f,9.6,6.2,1474141,0,2.01
2026-08-11T22:36:35.580000+00:00,,2026-08-11T22:36:35.580000+00:00,,2.5,Nilwala Ganga,Urawa,a1cc8a7e-6b00-417f-8328-ef47d650e900,6,4,1474140,0,0.1
2026-08-11T22:36:04.776000+00:00,,2026-08-11T22:36:04.776000+00:00,,3,Mahaweli Ganga,Thaldena,023bab91-dbeb-4a30-84db-5575ff58e49c,5,4,1474139,0,0.37
2026-08-11T22:35:59.579000+00:00,,2026-08-11T22:35:59.579000+00:00,,15,Kelani Ganga,Glencourse,f1e30128-f256-457d-9f9f-8e52c757a76a,19,15.5,1474138,0,10.51
2026-08-11T22:35:55.811000+00:00,,2026-08-11T22:35:55.811000+00:00,,4.4,Kirindi Oya,Wellawaya,c1915f6b-e9bb-42f2-a3f2-ea66356a209a,5.9,5.4,1474137,0,0.62
2026-08-11T22:35:36.579000+00:00,,2026-08-11T22:35:36.579000+00:00,,4,Gin Ganga,Thawalama,1806ceb2-d5a3-4393-8c12-ddbddbb909c3,7.5,6,1474136,0,1.6
2026-08-11T22:34:25.739000+00:00,,2026-08-11T22:34:25.739000+00:00,,3.5,Mahaweli Ganga,Nawalapitiya,b9f7b164-3431-4682-bc88-835cc4aac319,6,5,1474135,0.3,1.67
2026-08-11T22:33:56.749000+00:00,,2026-08-11T22:33:56.749000+00:00,,5,Mahaweli Ganga,Peradeniya,f5164597-24e7-4c16-a031-527c6184b877,9,7,1474134,0,3.34
2026-08-11T22:33:31.466000+00:00,,2026-08-11T22:33:31.466000+00:00,,5.5,Maha Oya,Giriulla,677cff3a-68e4-4f94-931a-1d494be62fb2,7.5,6.5,1474133,0,0.96
2026-08-11T22:33:25.954000+00:00,,2026-08-11T22:33:25.954000+00:00,,6,Yan Oya,Horowpothana,7d692ca1-cc87-4019-aeda-1901fe61ebd2,10.5,7.5,1474132,0,1.67
2026-08-11T22:33:12.028000+00:00,,2026-08-11T22:33:12.028000+00:00,,4,Menik Ganga,Katharagama,840e86bb-e9ff-4f5c-8cd1-00bbecd30658,6.5,4.6,1474131,0,-0.26
2026-08-11T22:33:08.808000+00:00,,2026-08-11T22:33:08.808000+00:00,,10,Kalu Ganga,Ellagawa,4f78e62b-e555-4f43-b0d5-78b995cec281,12.2,10.7,1474130,1.3,5.14
2026-08-11T22:33:02.013000+00:00,,2026-08-11T22:33:02.013000+00:00,,1.4,Nilwala Ganga,Thalgahagoda,e02f3f36-bf8a-4cd6-9fa6-cf8f2b486a32,2.8,1.7,1474129,0,0.38
2026-08-11T22:32:54.502000+00:00,,2026-08-11T22:32:54.502000+00:00,,1.5,Kelani Ganga,Norwood,061f3772-8dca-4faf-9fd6-20cd58843f7d,4.5,3,1474128,0,0.79
2026-08-11T22:32:47.476000+00:00,,2026-08-11T22:32:47.476000+00:00,,3.3,Aththanagalu Oya,Dunamale,7891c057-c85e-4a46-9c65-77a909e81ad2,5.5,4.4,1474127,0,0.66
2026-08-11T22:32:24.305000+00:00,,2026-08-11T22:32:24.305000+00:00,,3,Kelani Ganga,Kithulgala,1341b09c-fe05-4673-b15b-eb039fc81b5a,6,4,1474126,0,2.3
2026-08-11T22:32:12.869000+00:00,,2026-08-11T22:32:12.869000+00:00,,4.8,Kelani Ganga,Deraniyagala,141c96bd-a216-4379-bfac-9b759b247ef7,7,5.8,1474125,0,1.04
2026-08-11T22:32:08.520000+00:00,,2026-08-11T22:32:08.520000+00:00,,6.5,Kelani Ganga,Hanwella,b0a29a53-8a91-4595-ae9d-b7eabe25ce9b,9.5,7.5,1474124,0,1.85
2026-08-11T22:32:04.482000+00:00,,2026-08-11T22:32:04.482000+00:00,,4.75,Deduru Oya,Moragaswewa,691756be-aeed-4a9a-bc9a-1656db22c91a,7,6,1474123,0,0.03
2026-08-11T22:31:58.932000+00:00,,2026-08-11T22:31:58.932000+00:00,,6.9,Kirindi Oya,Kuda Oya,0342e290-29e1-420d-a5f7-88bf9a0859e8,8.8,8.4,1474122,0,0.92
2026-08-11T22:31:22.771000+00:00,,2026-08-11T22:31:22.771000+00:00,,3,Walawe Ganga,Moraketiya,c84e1ea7-9a75-4816-b196-6fd026ed824a,7,5,1474121,0,0.76
2026-08-11T22:31:22.371000+00:00,,2026-08-11T22:31:22.371000+00:00,,4.5,Heda Oya,Siyambalanduwa,13ac7da7-765e-4424-916e-115741c6c83a,7,6,1474120,0,0.24
2026-08-11T22:30:57.718000+00:00,,2026-08-11T22:30:57.718000+00:00,,5,Kumbukkan Oya,Nakkala,96580182-41a7-40e6-af3a-eeb20d5c8c92,7.5,6,1474119,0,0.57
2026-08-11T22:30:39.790000+00:00,,2026-08-11T22:30:39.790000+00:00,,3,Mahaweli Ganga,Manampitiya,b1b28193-6d10-4436-910f-d8ba6b009799,6,4.3,1474118,0,0
2026-08-11T22:30:39.106000+00:00,,2026-08-11T22:30:39.106000+00:00,,,Gal Oya,Ampara,d1aff1f1-b624-425b-812a-1362163f8aeb,,,1474117,0,0
2026-08-11T21:46:06.427000+00:00,,2026-08-11T21:46:06.427000+00:00,,5,Kalu Ganga,Kalawellawa (Millakanda),4efb0e72-d200-4dec-b06e-16ec65b76509,8,6.5,1474116,0,2.72
2026-08-11T21:43:55.813000+00:00,,2026-08-11T21:43:55.813000+00:00,,3,Kalu Ganga,Putupaula,e14e9311-29c5-4ccc-b1ef-81a97d972b45,5,4,1474115,0,0.61
2026-08-11T21:40:13.675000+00:00,,2026-08-11T21:40:13.675000+00:00,,3,Kelani Ganga,Holombuwa,85b68d7a-efe0-43d4-8a31-9536eb48c943,5,3.4,1474114,0,0.45
2026-08-11T21:39:55.666000+00:00,,2026-08-11T21:39:55.666000+00:00,,5.2,Kalu Ganga,Rathnapura,0c61f31c-8dba-47d8-9821-90f4240ef166,9.5,7.5,1474113,0,1.93
2026-08-11T21:38:12.310000+00:00,,2026-08-11T21:38:12.310000+00:00,,10,Kalu Ganga,Ellagawa,4fe72592-bc54-46fd-ab71-1acfeb6f171a,12.2,10.7,1474112,0,5.12
2026-08-11T21:37:16.195000+00:00,,2026-08-11T21:37:16.195000+00:00,,15,Kelani Ganga,Glencourse,f4c5198d-0cf5-426a-8b65-81e8dd8a3cf4,19,15.5,1474111,0,10.49
2026-08-11T21:37:04.987000+00:00,,2026-08-11T21:37:04.987000+00:00,,4,Nilwala Ganga,Pitabeddara,e7b00dd6-7c05-4339-91ad-2ba4e839f988,6.5,5,1474110,0,0.68
2026-08-11T21:37:03.739000+00:00,,2026-08-11T21:37:03.739000+00:00,,4,Nilwala Ganga,Pitabeddara,ec796df4-1edd-45b6-88ce-c79af823c5ad,6.5,5,1474109,0,0.68
2026-08-11T21:36:36.032000+00:00,,2026-08-11T21:36:36.032000+00:00,,3,Walawe Ganga,Moraketiya,a72d4c39-6959-4665-9533-b7a259a3b39c,7,5,1474108,0,0.76
2026-08-11T21:36:20.481000+00:00,,2026-08-11T21:36:20.481000+00:00,,4,Kirindi Oya,Thanamalwila,39a46f27-dbc8-4075-a60a-55e2de3c5e54,5.5,5,1474107,0,0.34
2026-08-11T21:36:11.750000+00:00,,2026-08-11T21:36:11.750000+00:00,,3.5,Mahaweli Ganga,Nawalapitiya,1518e785-4061-4577-b674-95efa5ef54dc,6,5,1474106,1.6,1.69
2026-08-11T21:36:08.823000+00:00,,2026-08-11T21:36:08.823000+00:00,,5,Maha Oya,Badalgama,dea909a5-07c0-4c38-a5a4-b5ca4a4a43bd,9.6,6.2,1474105,0,2.02
2026-08-11T21:35:53.492000+00:00,,2026-08-11T21:35:53.492000+00:00,,3.5,Gin Ganga,Baddegama,658e10a0-823f-464a-9015-3b5cb9c6494a,5,4,1474104,0,1.38
2026-08-11T21:35:31.213000+00:00,,2026-08-11T21:35:31.213000+00:00,,4.4,Kirindi Oya,Wellawaya,b8c430eb-3ca9-4559-b240-c4c136fcb126,5.9,5.4,1474103,0,0.64
2026-08-11T21:35:28.637000+00:00,,2026-08-11T21:35:28.637000+00:00,,4,Ma Oya,Yaka Wewa,60442fdd-69c9-4ab3-8483-793de532d371,6,5,1474102,0,0.41
2026-08-11T21:35:23.013000+00:00,,2026-08-11T21:35:23.013000+00:00,,3,Mahaweli Ganga,Thaldena,325b5f16-bdc1-49a9-979d-47b35b59f3f6,5,4,1474101,0,0.4
2026-08-11T21:35:21.526000+00:00,,2026-08-11T21:35:21.526000+00:00,,3,Mahaweli Ganga,Thaldena,f8a4b656-c1c8-42e7-b910-36a5e2206d50,5,4,1474100,0,0.43
2026-08-11T21:35:19.796000+00:00,,2026-08-11T21:35:19.796000+00:00,,4,Kalu Ganga,Magura,c3f7f40f-a7cd-4496-8e73-e30715f819b8,7.5,6,1474099,4.6,1.57
2026-08-11T21:35:18.234000+00:00,,2026-08-11T21:35:18.234000+00:00,,4,Kalu Ganga,Magura,ad74ebfc-17cf-487a-ad9a-a8dcfb49ef87,7.5,6,1474098,2.1,1.55
2026-08-11T21:34:51.095000+00:00,,2026-08-11T21:34:51.095000+00:00,,4,Kelani Ganga,Nagalagam Street,ccc6ae1d-1d92-44b5-a281-0d2603cc744b,7,5,1474097,0,1.7
2026-08-11T21:34:39.377000+00:00,,2026-08-11T21:34:39.377000+00:00,,6.5,Kelani Ganga,Hanwella,90450ecc-1baf-4feb-b230-7663ead4c6e3,9.5,7.5,1474096,0,1.8
2026-08-11T21:34:17.142000+00:00,,2026-08-11T21:34:17.142000+00:00,,4,Kalu Ganga,Magura,a9f858fd-2bcb-47c1-aaa5-12b2ede047d1,7.5,6,1474095,0,1.54
2026-08-11T21:34:16.867000+00:00,,2026-08-11T21:34:16.867000+00:00,,5,Nilwala Ganga,Panadugama,303fd373-fa77-45db-b59a-fc2f077fb3bc,7.5,6,1474094,0,2.67
2026-08-11T21:34:11.298000+00:00,,2026-08-11T21:34:11.298000+00:00,,4,Gin Ganga,Thawalama,61018244-5254-48f3-b0a5-24b39d9eb468,7.5,6,1474093,0.5,1.61
2026-08-11T21:34:06.754000+00:00,,2026-08-11T21:34:06.754000+00:00,,5,Mahaweli Ganga,Peradeniya,3f32d911-3592-4430-8cc6-1aa5954a9112,9,7,1474092,0.2,3.35
2026-08-11T21:33:34.893000+00:00,,2026-08-11T21:33:34.893000+00:00,,4.5,Heda Oya,Siyambalanduwa,98e84445-5b85-4fb4-a6a7-e257fed8dad2,7,6,1474091,0,0.24
2026-08-11T21:33:34.025000+00:00,,2026-08-11T21:33:34.025000+00:00,,6.9,Kirindi Oya,Kuda Oya,c50b5960-123d-47c8-b913-2bbc178b692c,8.8,8.4,1474090,0,0.92
2026-08-11T21:33:28.669000+00:00,,2026-08-11T21:33:28.669000+00:00,,1.4,Nilwala Ganga,Thalgahagoda,bb2b6279-741b-45e9-962f-aac2a9165c68,2.8,1.7,1474089,0,0.36
2026-08-11T21:33:26.498000+00:00,,2026-08-11T21:33:26.498000+00:00,,5.5,Maha Oya,Giriulla,8f773ca3-36f2-4cc1-8523-81eda1dbcf1e,7.5,6.5,1474088,0,0.96
2026-08-11T21:33:19.128000+00:00,,2026-08-11T21:33:19.128000+00:00,,3,Kelani Ganga,Kithulgala,f0ab8460-117b-44be-b689-54daface2c6a,6,4,1474087,0,2.31
2026-08-11T21:33:09.489000+00:00,,2026-08-11T21:33:09.489000+00:00,,4.75,Deduru Oya,Moragaswewa,3695ffff-0eea-476a-bab7-541619536604,7,6,1474086,0,0.03
2026-08-11T21:33:05.070000+00:00,,2026-08-11T21:33:05.070000+00:00,,2.5,Nilwala Ganga,Urawa,7e89f652-9bb3-43c2-b4f8-46ee99c42347,6,4,1474085,0,0.11
2026-08-11T21:33:04.726000+00:00,,2026-08-11T21:33:04.726000+00:00,,4,Menik Ganga,Katharagama,d6deae8e-e0ba-43bd-ad95-01ba5e906900,6.5,4.6,1474084,0,-0.26
2026-08-11T21:33:04.415000+00:00,,2026-08-11T21:33:04.415000+00:00,,1.5,Kelani Ganga,Norwood,f80d911e-0455-4810-b4f9-2fe243d66af6,4.5,3,1474083,0,0.79
2026-08-11T21:32:45.590000+00:00,,2026-08-11T21:32:45.590000+00:00,,2.5,Nilwala Ganga,Urawa,fd09c9aa-64e9-4032-808d-42898f8f6363,6,4,1474082,0,0.11
2026-08-11T21:32:40.545000+00:00,,2026-08-11T21:32:40.545000+00:00,,3.3,Aththanagalu Oya,Dunamale,f9b3681b-d8ac-4223-90b6-475bdd2c6547,5.5,4.4,1474081,0,0.66
2026-08-11T21:32:09.333000+00:00,,2026-08-11T21:32:09.333000+00:00,,4.8,Kelani Ganga,Deraniyagala,1615a174-e274-428f-be6d-ff11408d64ea,7,5.8,1474080,0,1.04
2026-08-11T21:31:40.664000+00:00,,2026-08-11T21:31:40.664000+00:00,,4,Maduru Oya,Padiyathalawa,8439badb-01ae-4028-abc8-c68fa9f16e1a,6,4.5,1474079,0,0.05
2026-08-11T21:31:39.130000+00:00,,2026-08-11T21:31:39.130000+00:00,,6,Yan Oya,Horowpothana,10fcecbe-0e12-4ee8-9ce4-6c2b12a78982,10.5,7.5,1474078,0,1.67
2026-08-11T21:31:36.308000+00:00,,2026-08-11T21:31:36.308000+00:00,,3,Mahaweli Ganga,Manampitiya,4eb8cf8f-6639-4331-a680-ede0d9d57323,6,4.3,1474077,0,0
2026-08-11T21:31:17.108000+00:00,,2026-08-11T21:31:17.108000+00:00,,5,Kumbukkan Oya,Nakkala,6eb5a8de-b346-488c-8b0f-680994695279,7.5,6,1474076,0,0.57
2026-08-11T21:30:43.895000+00:00,,2026-08-11T21:30:43.895000+00:00,,,Gal Oya,Ampara,02653a4b-78d6-42e0-9219-fa7e700568cb,,,1474075,0,0
2026-08-11T21:21:33.256000+00:00,,2026-08-11T21:21:33.256000+00:00,,3,Kalu Ganga,Putupaula,a8d8f893-71bd-410a-9e36-8fe8ce80f54e,5,4,1474074,0,0.54
2026-08-11T20:50:09.200000+00:00,,2026-08-11T20:50:09.200000+00:00,,4,Gin Ganga,Thawalama,64f8bcc5-fa8c-43e2-b4e6-7cf6157d0773,7.5,6,1474073,0.5,1.61
2026-08-11T20:40:10.470000+00:00,,2026-08-11T20:40:10.470000+00:00,,4,Kelani Ganga,Nagalagam Street,5322f3ab-2fdf-4f3b-a0cb-627c549dabee,7,5,1474072,0,1.7
2026-08-11T20:38:59.101000+00:00,,2026-08-11T20:38:59.101000+00:00,,4,Menik Ganga,Katharagama,68ca35fc-219c-429a-9d48-5daef2e4cc6b,6.5,4.6,1474071,0,-0.26
2026-08-11T20:38:21.533000+00:00,,2026-08-11T20:38:21.533000+00:00,,15,Kelani Ganga,Glencourse,69d881c4-c2d3-4c7d-b704-1d8469648066,19,15.5,1474070,1,10.47
2026-08-11T20:37:41.448000+00:00,,2026-08-11T20:37:41.448000+00:00,,3.5,Gin Ganga,Baddegama,12916f41-f1e1-466f-8bba-b8fb458a4193,5,4,1474069,2,1.38
2026-08-11T20:37:23.092000+00:00,,2026-08-11T20:37:23.092000+00:00,,3,Walawe Ganga,Moraketiya,18b0bb0c-91ea-4d0a-a916-2f8116891355,7,5,1474068,0,0.76
2026-08-11T20:37:08.902000+00:00,,2026-08-11T20:37:08.902000+00:00,,6.9,Kirindi Oya,Kuda Oya,ee5e9bf8-9ef3-4e37-be9b-8eef198ff985,8.8,8.4,1474067,0,0.92
2026-08-11T20:36:26.515000+00:00,,2026-08-11T20:36:26.515000+00:00,,4,Kelani Ganga,Nagalagam Street,863f705a-bd38-4cd5-8ef7-e9c0c7a7a968,7,5,1474066,0,1.7
2026-08-11T20:36:13.758000+00:00,,2026-08-11T20:36:13.758000+00:00,,4.4,Kirindi Oya,Wellawaya,b4ddf12c-6f36-416e-87db-dc84d11c629d,5.9,5.4,1474065,0,0.64
2026-08-11T20:36:09.372000+00:00,,2026-08-11T20:36:09.372000+00:00,,4,Ma Oya,Yaka Wewa,8de7842d-54f3-4ca2-b8a7-756e9d61475b,6,5,1474064,0,0.41
2026-08-11T20:35:23.214000+00:00,,2026-08-11T20:35:23.214000+00:00,,1.5,Kelani Ganga,Norwood,219409ae-68d4-413d-93d8-e0b93caed86f,4.5,3,1474063,0,0.79
2026-08-11T20:35:22.117000+00:00,,2026-08-11T20:35:22.117000+00:00,,1.5,Kelani Ganga,Norwood,9d91356d-7a66-4b2b-85da-dca86ac6d77f,4.5,3,1474062,0,0.79
2026-08-11T20:35:04.419000+00:00,,2026-08-11T20:35:04.419000+00:00,,3,Kelani Ganga,Holombuwa,c64be625-b1b6-4b26-aaea-4a0b66173131,5,3.4,1474061,0,0.45
2026-08-11T20:34:03.958000+00:00,,2026-08-11T20:34:03.958000+00:00,,5,Mahaweli Ganga,Peradeniya,87bc617a-c07b-47a3-b315-2294a6e65122,9,7,1474060,0,3.35
2026-08-11T20:34:01.299000+00:00,,2026-08-11T20:34:01.299000+00:00,,5.2,Kalu Ganga,Rathnapura,2ccb1b07-4c57-4d44-baf6-76c47e6af061,9.5,7.5,1474059,0,1.97
2026-08-11T20:33:49.211000+00:00,,2026-08-11T20:33:49.211000+00:00,,3,Kelani Ganga,Kithulgala,ac3cf1bf-9045-4efb-b743-b1daf3283eb7,6,4,1474058,0,2.32
2026-08-11T20:33:30.491000+00:00,,2026-08-11T20:33:30.491000+00:00,,5.5,Maha Oya,Giriulla,9f03335d-cd33-46ff-b83e-ef6a83da12e9,7.5,6.5,1474057,0,0.96
2026-08-11T20:33:16.714000+00:00,,2026-08-11T20:33:16.714000+00:00,,6,Yan Oya,Horowpothana,b69c2dd9-4ffb-4005-b77a-9263752375a0,10.5,7.5,1474056,0,1.67
2026-08-11T20:33:11.110000+00:00,,2026-08-11T20:33:11.110000+00:00,,5,Maha Oya,Badalgama,e0eac00c-2fc2-4bb7-a17e-e7ac9d9543d9,9.6,6.2,1474055,0,2.02
2026-08-11T20:33:01.619000+00:00,,2026-08-11T20:33:01.619000+00:00,,4.8,Kelani Ganga,Deraniyagala,71303474-a15c-4bb9-ac3d-2f12c9446d5d,7,5.8,1474054,0,1.06
2026-08-11T20:32:48.742000+00:00,,2026-08-11T20:32:48.742000+00:00,,5,Nilwala Ganga,Panadugama,7dbf9230-e3d2-45f4-8f14-0896319df380,7.5,6,1474053,0,2.68
2026-08-11T20:32:48.129000+00:00,,2026-08-11T20:32:48.129000+00:00,,3.5,Mahaweli Ganga,Nawalapitiya,5f9aa5b9-4bfd-4580-b368-6edb6e0dfd71,6,5,1474052,1.7,1.7
2026-08-11T20:32:40.378000+00:00,,2026-08-11T20:32:40.378000+00:00,,3.3,Aththanagalu Oya,Dunamale,13781a6c-a366-4494-8351-51c00ab7da1b,5.5,4.4,1474051,0.2,0.66
2026-08-11T20:32:31.776000+00:00,,2026-08-11T20:32:31.776000+00:00,,6.5,Kelani Ganga,Hanwella,575b2e26-d10c-462e-b61a-46a99b1c3eb1,9.5,7.5,1474050,0,1.81
2026-08-11T20:32:21.155000+00:00,,2026-08-11T20:32:21.155000+00:00,,4.5,Heda Oya,Siyambalanduwa,60cbf2f7-cec6-4e5c-9210-bb7360117070,7,6,1474049,0,0.24
2026-08-11T20:32:20.404000+00:00,,2026-08-11T20:32:20.404000+00:00,,10,Kalu Ganga,Ellagawa,8324a361-8a4d-4512-a71e-7873fa3bb7da,12.2,10.7,1474048,0,5.11
2026-08-11T20:32:18.038000+00:00,,2026-08-11T20:32:18.038000+00:00,,3.5,Mahaweli Ganga,Nawalapitiya,48b6462a-94da-441f-97a9-edcff3fc2f1a,6,5,1474047,0,1.7
2026-08-11T20:31:57.398000+00:00,,2026-08-11T20:31:57.398000+00:00,,3,Mahaweli Ganga,Manampitiya,2751603e-9f03-44a7-80b1-6c854fcfa509,6,4.3,1474046,0,0.02
2026-08-11T20:31:31.586000+00:00,,2026-08-11T20:31:31.586000+00:00,,5,Kumbukkan Oya,Nakkala,e33216e0-28d8-4e81-bb10-02365757af4e,7.5,6,1474045,0,0.57
2026-08-11T20:31:10.375000+00:00,,2026-08-11T20:31:10.375000+00:00,,1.4,Nilwala Ganga,Thalgahagoda,45f307a9-03d7-40cd-a068-1c9974cd1a1e,2.8,1.7,1474044,0,0.38
2026-08-11T20:30:45.645000+00:00,,2026-08-11T20:30:45.645000+00:00,,4,Maduru Oya,Padiyathalawa,d8dcf395-4e59-49e3-a854-f37d535b8ede,6,4.5,1474043,0,0.05
2026-08-11T20:30:44.348000+00:00,,2026-08-11T20:30:44.348000+00:00,,4.4,Kirindi Oya,Wellawaya,cdaf75d8-3763-479c-be5d-ec12b3b9495a,5.9,5.4,1474042,0,0.64
2026-08-11T20:30:37.383000+00:00,,2026-08-11T20:30:37.383000+00:00,,,Gal Oya,Ampara,ce738418-dd3b-4ef2-8749-bf070620742d,,,1474041,0,0
2026-08-11T20:22:48.878000+00:00,,2026-08-11T20:22:48.878000+00:00,,15,Kelani Ganga,Glencourse,79f0f926-4b42-4560-82f0-47ec44126857,19,15.5,1474040,0,10.5
2026-08-11T20:12:06.791000+00:00,,2026-08-11T20:12:06.791000+00:00,,4,Kelani Ganga,Nagalagam Street,05547fae-0931-4fec-a037-21f8ba5fc0f1,7,5,1474039,0,1.7
2026-08-11T20:00:11.907000+00:00,,2026-08-11T20:00:11.907000+00:00,,5,Nilwala Ganga,Panadugama,fae20b86-ed44-42b2-8172-d5f1e09f61c8,7.5,6,1474038,0,2.68
2026-08-11T19:51:51.193000+00:00,,2026-08-11T19:51:51.193000+00:00,,1.4,Nilwala Ganga,Thalgahagoda,baeaed3f-7895-429d-9c76-66fac644aa3a,2.8,1.7,1474037,0,0.38
2026-08-11T19:46:56.941000+00:00,,2026-08-11T19:46:56.941000+00:00,,3,Mahaweli Ganga,Thaldena,8aa7a995-e6f3-424c-99c3-0b86f33ade54,5,4,1474036,0,0.46
2026-08-11T19:46:49.902000+00:00,,2026-08-11T19:46:49.902000+00:00,,2.5,Nilwala Ganga,Urawa,95837522-f1ad-463e-9988-41df7fd54059,6,4,1474035,0,0.11
2026-08-11T19:42:41.318000+00:00,,2026-08-11T19:42:41.318000+00:00,,4,Ma Oya,Yaka Wewa,fe6c08af-c665-4233-a985-dfcfa9bab316,6,5,1474034,0,0.41
2026-08-11T19:37:55+00:00,,2026-08-11T19:37:55+00:00,,6.5,Kelani Ganga,Hanwella,7b0c2f8a-9540-4c98-b5de-60e23173c625,9.5,7.5,1474033,0,1.82
2026-08-11T19:35:48.204000+00:00,,2026-08-11T19:35:48.204000+00:00,,5,Mahaweli Ganga,Peradeniya,16c9e442-3354-494a-b5e4-52936a4e5f1c,9,7,1474032,0,3.35
2026-08-11T19:34:57.605000+00:00,,2026-08-11T19:34:57.605000+00:00,,3.5,Gin Ganga,Baddegama,5735c875-e4af-49a5-bf65-d05cb6caa8a3,5,4,1474031,0,1.38
2026-08-11T19:34:56.580000+00:00,,2026-08-11T19:34:56.580000+00:00,,3,Kelani Ganga,Holombuwa,ffb54fe5-14d3-478c-8ee1-6e86a97aa90e,5,3.4,1474030,0,0.45
2026-08-11T19:33:58.437000+00:00,,2026-08-11T19:33:58.437000+00:00,,4,Gin Ganga,Thawalama,f5430f0a-200e-4044-be48-574fef024404,7.5,6,1474029,0.5,1.61
2026-08-11T19:33:49.928000+00:00,,2026-08-11T19:33:49.928000+00:00,,4.8,Kelani Ganga,Deraniyagala,b134d941-981b-4bf7-b3ca-c651ccc7a4db,7,5.8,1474028,0,1.07
2026-08-11T19:33:44.633000+00:00,,2026-08-11T19:33:44.633000+00:00,,5.5,Maha Oya,Giriulla,7ade5c90-4546-4dc6-aa7d-1713832536a3,7.5,6.5,1474027,0,0.96
2026-08-11T19:33:01.078000+00:00,,2026-08-11T19:33:01.078000+00:00,,4,Menik Ganga,Katharagama,19ee11dc-fde9-4eb1-96b6-04376aa38ad7,6.5,4.6,1474026,0,-0.27
2026-08-11T19:32:55.954000+00:00,,2026-08-11T19:32:55.954000+00:00,,4,Kirindi Oya,Thanamalwila,049bce2c-5396-45ed-bf09-41fa7904961b,5.5,5,1474025,0,0.35
2026-08-11T19:32:42.982000+00:00,,2026-08-11T19:32:42.982000+00:00,,3,Kelani Ganga,Kithulgala,6f2c2cf3-7eaa-42fd-a38d-c1022259361b,6,4,1474024,0,2.3
2026-08-11T19:32:42.752000+00:00,,2026-08-11T19:32:42.752000+00:00,,5,Maha Oya,Badalgama,8f90a2f5-7612-4832-87e2-fbbc4afd77ee,9.6,6.2,1474023,0,2.02
2026-08-11T19:32:30.617000+00:00,,2026-08-11T19:32:30.617000+00:00,,5.2,Kalu Ganga,Rathnapura,a0111f89-fb9b-4301-8d9a-c52c9f991b51,9.5,7.5,1474022,0,1.99
2026-08-11T19:32:26.326000+00:00,,2026-08-11T19:32:26.326000+00:00,,3,Mahaweli Ganga,Manampitiya,bbc3cbd9-244d-43d9-bb19-dce729c86d66,6,4.3,1474021,0,0
2026-08-11T19:32:22.486000+00:00,,2026-08-11T19:32:22.486000+00:00,,3.3,Aththanagalu Oya,Dunamale,5a680919-b918-4947-a768-d95dc7e85cec,5.5,4.4,1474020,0,0.66
2026-08-11T19:32:09.927000+00:00,,2026-08-11T19:32:09.927000+00:00,,3,Walawe Ganga,Moraketiya,dacdb36b-e811-402a-b426-53679e34fb11,7,5,1474019,0,0.76
2026-08-11T19:31:57.675000+00:00,,2026-08-11T19:31:57.675000+00:00,,10,Kalu Ganga,Ellagawa,57f87440-bdb1-468a-a2d9-bf45d8eb46f9,12.2,10.7,1474018,0,5.09
2026-08-11T19:31:50.540000+00:00,,2026-08-11T19:31:50.540000+00:00,,4.5,Heda Oya,Siyambalanduwa,d0e72a3b-1587-48e0-9d33-ce1c240f3779,7,6,1474017,0,0.24
2026-08-11T19:31:21.508000+00:00,,2026-08-11T19:31:21.508000+00:00,,,Gal Oya,Ampara,91428db3-8ad8-4cd5-ac3a-744ea875f0c4,,,1474016,0,0
2026-08-11T19:31:14.613000+00:00,,2026-08-11T19:31:14.613000+00:00,,4.4,Kirindi Oya,Wellawaya,c98766f1-bd45-4e70-8d23-225978175e44,5.9,5.4,1474015,0,0.64
2026-08-11T19:31:11.472000+00:00,,2026-08-11T19:31:11.472000+00:00,,5,Kumbukkan Oya,Nakkala,22f9d862-4336-4b4d-b6be-1ba0546ae935,7.5,6,1474014,0,0.57
2026-08-11T19:30:53.137000+00:00,,2026-08-11T19:30:53.137000+00:00,,4.75,Deduru Oya,Moragaswewa,89f0d40b-1baf-4555-b4f4-cc9eeb27a813,7,6,1474013,0,0.04
2026-08-11T18:42:22.657000+00:00,,2026-08-11T18:42:22.657000+00:00,,1.5,Kelani Ganga,Norwood,f21fe13a-0586-47cd-85a1-0624c017148b,4.5,3,1474012,0,0.8
2026-08-11T18:40:40.084000+00:00,,2026-08-11T18:40:40.084000+00:00,,3,Kalu Ganga,Putupaula,1df3956e-6052-4ef1-89fd-7754fe6b6a46,5,4,1474011,0,0.5
2026-08-11T18:39:28.247000+00:00,,2026-08-11T18:39:28.247000+00:00,,4,Nilwala Ganga,Pitabeddara,125d62ac-83c9-4452-ae4f-180a0aade291,6.5,5,1474010,0,0.68
2026-08-11T18:38:00.713000+00:00,,2026-08-11T18:38:00.713000+00:00,,2.5,Nilwala Ganga,Urawa,1adbb04d-68c0-4319-a186-b69a0c44c5f6,6,4,1474009,1.5,0.11
2026-08-11T18:37:25.047000+00:00,,2026-08-11T18:37:25.047000+00:00,,4,Kelani Ganga,Nagalagam Street,ece06cee-c703-441f-b966-efb5ad7d1ef6,7,5,1474008,0,1.5
2026-08-11T18:36:29.596000+00:00,,2026-08-11T18:36:29.596000+00:00,,5,Nilwala Ganga,Panadugama,48469b55-b7fd-4699-b02a-48abe9dd71f4,7.5,6,1474007,0,2.69
2026-08-11T18:36:14.773000+00:00,,2026-08-11T18:36:14.773000+00:00,,5,Nilwala Ganga,Panadugama,4bf4e43d-03ac-4d2e-913d-2edde27bc71d,7.5,6,1474006,0,2.7
2026-08-11T18:36:04.596000+00:00,,2026-08-11T18:36:04.596000+00:00,,15,Kelani Ganga,Glencourse,d5ad6da7-b6f6-411d-a82f-9f0e0c6b10dd,19,15.5,1474005,0,10.5
2026-08-11T18:35:45.753000+00:00,,2026-08-11T18:35:45.753000+00:00,,4.4,Kirindi Oya,Wellawaya,5154fbaa-2c0b-4aab-816e-4f4ace2507b7,5.9,5.4,1474004,0,0.64
2026-08-11T18:35:37.225000+00:00,,2026-08-11T18:35:37.225000+00:00,,3.5,Gin Ganga,Baddegama,e0ff87ef-970d-4662-99a3-e597b89b3f7d,5,4,1474003,0,1.38
2026-08-11T18:35:20.442000+00:00,,2026-08-11T18:35:20.442000+00:00,,5,Maha Oya,Badalgama,dfdb0238-4ec0-4579-82d0-0fbf45fbda20,9.6,6.2,1474002,0,2.02
2026-08-11T18:35:08.518000+00:00,,2026-08-11T18:35:08.518000+00:00,,1.4,Nilwala Ganga,Thalgahagoda,53071cf7-f753-4ffa-9b0e-413553508b0a,2.8,1.7,1474001,0,0.42
2026-08-11T18:34:58.981000+00:00,,2026-08-11T18:34:58.981000+00:00,,6.5,Kelani Ganga,Hanwella,5e66cf24-a6a2-4b87-8b74-243932e0a912,9.5,7.5,1474000,0,1.82
2026-08-11T18:34:54.125000+00:00,,2026-08-11T18:34:54.125000+00:00,,4,Kirindi Oya,Thanamalwila,c95e211c-0e14-499f-8bec-0bf35bf11445,5.5,5,1473999,0,0.35
2026-08-11T18:34:38.178000+00:00,,2026-08-11T18:34:38.178000+00:00,,4.75,Deduru Oya,Moragaswewa,c9f91684-6dd9-4828-a310-25324aa5095b,7,6,1473998,0,0.04
2026-08-11T18:34:35.197000+00:00,,2026-08-11T18:34:35.197000+00:00,,10,Kalu Ganga,Ellagawa,0e0d926e-b603-4d9e-bc40-feba90962648,12.2,10.7,1473997,0,5.12
2026-08-11T18:34:13.083000+00:00,,2026-08-11T18:34:13.083000+00:00,,3.5,Mahaweli Ganga,Nawalapitiya,7efb39f4-9bfe-43bb-a030-8acf1a4b8764,6,5,1473996,0,1.73
2026-08-11T18:34:10.145000+00:00,,2026-08-11T18:34:10.145000+00:00,,3,Kelani Ganga,Holombuwa,ab2461bc-4d9f-46a9-b877-f2a9325ef858,5,3.4,1473995,0,0.45
2026-08-11T18:33:38.621000+00:00,,2026-08-11T18:33:38.621000+00:00,,4.5,Heda Oya,Siyambalanduwa,f3e66320-f03c-4680-97f3-8eb86de77b6f,7,6,1473994,0,0.24
2026-08-11T18:33:26.543000+00:00,,2026-08-11T18:33:26.543000+00:00,,6.9,Kirindi Oya,Kuda Oya,20cf7d17-ee4b-4048-aaed-6dd384700185,8.8,8.4,1473993,0,0.93
2026-08-11T18:33:13.547000+00:00,,2026-08-11T18:33:13.547000+00:00,,4,Gin Ganga,Thawalama,fa195ac2-a057-40be-bdf1-69645cf13ea3,7.5,6,1473992,0,1.62
2026-08-11T18:33:12.413000+00:00,,2026-08-11T18:33:12.413000+00:00,,3,Mahaweli Ganga,Thaldena,1f1f62b8-b611-46e1-8b9e-9b199d07a7af,5,4,1473991,0,0.53
2026-08-11T18:33:12.367000+00:00,,2026-08-11T18:33:12.367000+00:00,,5.5,Maha Oya,Giriulla,0df7c800-f32b-4245-b378-af2276dc87fa,7.5,6.5,1473990,0,0.96
2026-08-11T18:33:10.880000+00:00,,2026-08-11T18:33:10.880000+00:00,,3,Mahaweli Ganga,Thaldena,3d7a27f8-b9cb-4acb-816b-8a03c05a92f6,5,4,1473989,0,0.6
2026-08-11T18:33:05.135000+00:00,,2026-08-11T18:33:05.135000+00:00,,3,Kelani Ganga,Kithulgala,95b2aab2-ee2b-456b-8d9f-49870bc0b6f0,6,4,1473988,0,2.28
2026-08-11T18:32:42.062000+00:00,,2026-08-11T18:32:42.062000+00:00,,5.2,Kalu Ganga,Rathnapura,dae1a346-3140-442b-9d6a-8b9863b8481a,9.5,7.5,1473987,0,2.01
2026-08-11T18:32:18.266000+00:00,,2026-08-11T18:32:18.266000+00:00,,3.3,Aththanagalu Oya,Dunamale,d1cb69c2-79be-4f92-83c2-d7306ce13e25,5.5,4.4,1473986,0,0.66
2026-08-11T18:32:15.085000+00:00,,2026-08-11T18:32:15.085000+00:00,,5,Mahaweli Ganga,Peradeniya,727e457b-b401-4c28-a6b5-a6d9ceb715c5,9,7,1473985,0,3.36
2026-08-11T18:31:58.110000+00:00,,2026-08-11T18:31:58.110000+00:00,,5,Mahaweli Ganga,Weraganthota,f66806b9-63ac-4e10-8c6d-c32ac04559f5,8,6,1473984,0,-0.03
2026-08-11T18:31:51.394000+00:00,,2026-08-11T18:31:51.394000+00:00,,4.8,Kelani Ganga,Deraniyagala,5d3dc4b6-9ab8-4af7-9486-1d62dce574b4,7,5.8,1473983,0,1.11
2026-08-11T18:31:47.882000+00:00,,2026-08-11T18:31:47.882000+00:00,,4,Menik Ganga,Katharagama,3565f926-7788-4fd3-a6ae-51141828ff23,6.5,4.6,1473982,0,-0.27
2026-08-11T18:31:40.013000+00:00,,2026-08-11T18:31:40.013000+00:00,,4,Ma Oya,Yaka Wewa,e28487ab-daa6-4bec-a97b-197ea2df60f7,6,5,1473981,0,0.41
2026-08-11T18:31:28.318000+00:00,,2026-08-11T18:31:28.318000+00:00,,4,Kalu Ganga,Magura,d8e73c4d-315c-463c-85ac-57cb2ae015f3,7.5,6,1473980,0,1.52
2026-08-11T18:31:19.677000+00:00,,2026-08-11T18:31:19.677000+00:00,,4,Maduru Oya,Padiyathalawa,9b6f8149-6f2e-4ec5-9508-263399a22a93,6,4.5,1473979,0,0.05
2026-08-11T18:31:15.796000+00:00,,2026-08-11T18:31:15.796000+00:00,,5,Kumbukkan Oya,Nakkala,ccb2601b-c9ef-4a16-b4d8-f8227b493182,7.5,6,1473978,0,0.57
2026-08-11T18:31:02.158000+00:00,,2026-08-11T18:31:02.158000+00:00,,4.75,Deduru Oya,Moragaswewa,05d5ca3c-560d-490d-ad6e-649d1e09b9c7,7,6,1473977,0,0.04
2026-08-11T18:30:58.007000+00:00,,2026-08-11T18:30:58.007000+00:00,,,Gal Oya,Ampara,f55cfe5a-5e48-4e91-b7fe-1c7c5f401d20,,,1473976,0,0
2026-08-11T18:30:12.324000+00:00,,2026-08-11T18:30:12.324000+00:00,,6,Yan Oya,Horowpothana,88cdd92d-f9cc-49bc-8bd0-b78758aef069,10.5,7.5,1473975,0,1.67
2026-08-11T18:18:00.645000+00:00,,2026-08-11T18:18:00.645000+00:00,,,Gal Oya,Ampara,30478746-6a9f-478e-b262-2fa4c7825c54,,,1473974,0,0
2026-08-11T18:04:26.854000+00:00,,2026-08-11T18:04:26.854000+00:00,,3.5,Mahaweli Ganga,Nawalapitiya,ba5fc4f9-1e32-4665-98d6-22218bcbf3a4,6,5,1473973,0,1.75
2026-08-11T17:42:50.789000+00:00,,2026-08-11T17:42:50.789000+00:00,,4,Kalu Ganga,Magura,ac1ee901-fa8a-4e4b-b9d3-5e7240968a77,7.5,6,1473972,1.3,1.5
2026-08-11T17:40:55.704000+00:00,,2026-08-11T17:40:55.704000+00:00,,4,Kelani Ganga,Nagalagam Street,10a99f06-2e5f-459a-843b-23621fc0fa1e,7,5,1473971,0,1
2026-08-11T17:39:58.426000+00:00,,2026-08-11T17:39:58.426000+00:00,,4,Nilwala Ganga,Pitabeddara,45795417-cb80-468e-8720-6e7e9a8337fb,6.5,5,1473970,0,0.68
2026-08-11T17:39:56.160000+00:00,,2026-08-11T17:39:56.160000+00:00,,3.5,Gin Ganga,Baddegama,38dd4ab1-73a4-4c47-87dd-883b24934df3,5,4,1473969,0,1.4
2026-08-11T17:38:19.257000+00:00,,2026-08-11T17:38:19.257000+00:00,,15,Kelani Ganga,Glencourse,5091a425-fb1d-4472-b10a-65e10bc74347,19,15.5,1473968,0,10.3
2026-08-11T17:36:56.933000+00:00,,2026-08-11T17:36:56.933000+00:00,,5.2,Kalu Ganga,Rathnapura,59039f09-f20a-4a41-a7bf-2c2980322b06,9.5,7.5,1473967,0,1.99
2026-08-11T17:36:37.727000+00:00,,2026-08-11T17:36:37.727000+00:00,,4.8,Kelani Ganga,Deraniyagala,0e3f68f0-b20c-4eb4-a235-2f86adc22f72,7,5.8,1473966,0,1.12
2026-08-11T17:36:09.082000+00:00,,2026-08-11T17:36:09.082000+00:00,,4,Maduru Oya,Padiyathalawa,fd6528ca-95b1-453b-9741-ff501a155390,6,4.5,1473965,0,0.05
2026-08-11T17:36:07.604000+00:00,,2026-08-11T17:36:07.604000+00:00,,4,Kelani Ganga,Nagalagam Street,9a8c8a2e-544a-4885-b368-fc0e736207b9,7,5,1473964,0,0
2026-08-11T17:35:52.597000+00:00,,2026-08-11T17:35:52.597000+00:00,,4.4,Kirindi Oya,Wellawaya,c199bda9-673b-45fc-bd6b-7ce3f28e0e10,5.9,5.4,1473963,0,0.64
2026-08-11T17:35:27.101000+00:00,,2026-08-11T17:35:27.101000+00:00,,5,Mahaweli Ganga,Peradeniya,3918c26e-1dad-4da3-b62e-f3aa0f622eb5,9,7,1473962,0,3.37
2026-08-11T17:35:08.575000+00:00,,2026-08-11T17:35:08.575000+00:00,,4,Gin Ganga,Thawalama,56df7396-72cb-4eec-a6fa-30e00796644e,7.5,6,1473961,0,1.62
2026-08-11T17:34:58.564000+00:00,,2026-08-11T17:34:58.564000+00:00,,3,Kelani Ganga,Holombuwa,730f5aae-89ea-4b7e-a4c0-94f7f64b7a21,5,3.4,1473960,0,0.45
2026-08-11T17:34:58.434000+00:00,,2026-08-11T17:34:58.434000+00:00,,5.5,Maha Oya,Giriulla,d8fd2e90-34f3-42ee-a41e-12bdebf428f9,7.5,6.5,1473959,0,0.96
2026-08-11T17:34:49.855000+00:00,,2026-08-11T17:34:49.855000+00:00,,4,Kirindi Oya,Thanamalwila,4588efd9-19bb-4f4a-89fc-6d15ab11c353,5.5,5,1473958,0,0.35
2026-08-11T17:34:48.682000+00:00,,2026-08-11T17:34:48.682000+00:00,,6.9,Kirindi Oya,Kuda Oya,2539ada0-b8eb-4c1b-9462-e13d0a51d6ad,8.8,8.4,1473957,0,0.93
2026-08-11T17:34:18.069000+00:00,,2026-08-11T17:34:18.069000+00:00,,5,Maha Oya,Badalgama,2826ab98-cafa-4213-8af0-799d21697e78,9.6,6.2,1473956,0,2.02
2026-08-11T17:33:23.286000+00:00,,2026-08-11T17:33:23.286000+00:00,,3,Kelani Ganga,Kithulgala,8cc22687-6779-40d5-9385-4ac00c55b890,6,4,1473955,0,2.29
2026-08-11T17:33:16.007000+00:00,,2026-08-11T17:33:16.007000+00:00,,1.4,Nilwala Ganga,Thalgahagoda,85c20ae3-d31c-45f1-9bcd-2b6a30103bb9,2.8,1.7,1473954,2.3,0.44
2026-08-11T17:32:54.257000+00:00,,2026-08-11T17:32:54.257000+00:00,,6.5,Kelani Ganga,Hanwella,f51429e6-ca88-4fc7-b19a-156196732f9a,9.5,7.5,1473953,0,1.83
2026-08-11T17:32:50.774000+00:00,,2026-08-11T17:32:50.774000+00:00,,15,Kelani Ganga,Glencourse,ce18c7b4-5391-4a3d-9c70-6c8fcc1eb8a2,19,15.5,1473952,0,10.3
2026-08-11T17:32:26.606000+00:00,,2026-08-11T17:32:26.606000+00:00,,4.4,Kirindi Oya,Wellawaya,b7130a91-853f-4c09-9ccf-7c7ad46b665a,5.9,5.4,1473951,0,0.6
2026-08-11T17:32:21.518000+00:00,,2026-08-11T17:32:21.518000+00:00,,4,Ma Oya,Yaka Wewa,40e89996-6076-4d1d-b987-470836878483,6,5,1473950,0,0.41
2026-08-11T17:32:18.576000+00:00,,2026-08-11T17:32:18.576000+00:00,,3.3,Aththanagalu Oya,Dunamale,0b2df299-b387-4e10-820c-0f5e645601cb,5.5,4.4,1473949,0,0.66
2026-08-11T17:32:14.935000+00:00,,2026-08-11T17:32:14.935000+00:00,,1.5,Kelani Ganga,Norwood,57df6fe5-aa02-4825-82c8-3d0c7546754d,4.5,3,1473948,0,0.8
2026-08-11T17:32:08.943000+00:00,,2026-08-11T17:32:08.943000+00:00,,4.5,Heda Oya,Siyambalanduwa,0349a4f3-9077-4aad-a608-6f2b4d849ca6,7,6,1473947,0,0.25
2026-08-11T17:31:58.419000+00:00,,2026-08-11T17:31:58.419000+00:00,,3,Mahaweli Ganga,Manampitiya,03e9eceb-ea4f-4c2a-bad0-8ac9395706c5,6,4.3,1473946,0,-0.04
2026-08-11T17:31:50.793000+00:00,,2026-08-11T17:31:50.793000+00:00,,10,Kalu Ganga,Ellagawa,576dff97-059d-4b06-8d17-2230826c81c1,12.2,10.7,1473945,0,5.16
2026-08-11T17:31:40.376000+00:00,,2026-08-11T17:31:40.376000+00:00,,3,Walawe Ganga,Moraketiya,dae6e251-5ca4-441e-994b-784313106fc5,7,5,1473944,0,0.75
2026-08-11T17:31:01.773000+00:00,,2026-08-11T17:31:01.773000+00:00,,6,Yan Oya,Horowpothana,c6fbf2ed-1264-4dbc-82c1-a12512949015,10.5,7.5,1473943,0,1.67
2026-08-11T17:30:49.959000+00:00,,2026-08-11T17:30:49.959000+00:00,,4.75,Deduru Oya,Moragaswewa,e7804f61-9bf2-41a4-81dc-5bb7ddf0187f,7,6,1473942,0,0.04
2026-08-11T17:30:49.741000+00:00,,2026-08-11T17:30:49.741000+00:00,,5,Kumbukkan Oya,Nakkala,2990bf90-97b0-4030-bc73-1842a46bad6b,7.5,6,1473941,0,0.57
2026-08-11T16:41:53.667000+00:00,,2026-08-11T16:41:53.667000+00:00,,4,Kalu Ganga,Magura,8f87d726-73f1-4fd3-9f80-aa7163900108,7.5,6,1473940,7.9,1.49
2026-08-11T16:41:02.021000+00:00,,2026-08-11T16:41:02.021000+00:00,,3.5,Gin Ganga,Baddegama,f9c15be4-139a-4cd2-be9d-2a988519a6af,5,4,1473939,0,1.42
2026-08-11T16:39:41.998000+00:00,,2026-08-11T16:39:41.998000+00:00,,6.9,Kirindi Oya,Kuda Oya,9fc51aad-1375-4fe7-9025-b83510413bfb,8.8,8.4,1473938,0,0.93
2026-08-11T16:39:40.706000+00:00,,2026-08-11T16:39:40.706000+00:00,,6.9,Kirindi Oya,Kuda Oya,b0e56fe7-f3ec-4ea6-afc4-dd289069e2f7,8.8,8.4,1473937,0,0.93
2026-08-11T16:39:39.493000+00:00,,2026-08-11T16:39:39.493000+00:00,,6.9,Kirindi Oya,Kuda Oya,ca4f9257-6865-48ed-8ee3-1cd439212c2f,8.8,8.4,1473936,0,0.93
2026-08-11T16:39:37.646000+00:00,,2026-08-11T16:39:37.646000+00:00,,6.9,Kirindi Oya,Kuda Oya,93946290-5ffb-4f77-bd6f-1a20ad14c814,8.8,8.4,1473935,0,0.93
2026-08-11T16:39:36.570000+00:00,,2026-08-11T16:39:36.570000+00:00,,6.9,Kirindi Oya,Kuda Oya,0f64e744-2b09-4519-89d3-ecea9fe4e911,8.8,8.4,1473934,0,0.93
2026-08-11T16:39:35.529000+00:00,,2026-08-11T16:39:35.529000+00:00,,6.9,Kirindi Oya,Kuda Oya,514beaa6-f3e5-4604-92e4-994cf71a435b,8.8,8.4,1473933,0,0.93
2026-08-11T16:39:34.036000+00:00,,2026-08-11T16:39:34.036000+00:00,,6.9,Kirindi Oya,Kuda Oya,f0f0742d-4be5-42b8-b624-c5ce7ce30f94,8.8,8.4,1473932,0,0.93
2026-08-11T16:39:33.846000+00:00,,2026-08-11T16:39:33.846000+00:00,,3,Mahaweli Ganga,Manampitiya,756c93ec-4604-4079-996e-ad73b8497f9d,6,4.3,1473931,0,-0.05
2026-08-11T16:37:02.908000+00:00,,2026-08-11T16:37:02.908000+00:00,,4,Nilwala Ganga,Pitabeddara,ca2b66a2-153a-42b2-bdc5-b540aa8aa443,6.5,5,1473930,0,0.65
2026-08-11T16:37:02.616000+00:00,,2026-08-11T16:37:02.616000+00:00,,3,Kalu Ganga,Putupaula,d58b43ca-2cb2-4b60-93dc-baead5723d04,5,4,1473929,0,0.48
2026-08-11T16:36:50.662000+00:00,,2026-08-11T16:36:50.662000+00:00,,1.5,Kelani Ganga,Norwood,90baa3cc-f437-4ab7-b65a-eef4c9c2a473,4.5,3,1473928,0.3,0.8
2026-08-11T16:36:26.223000+00:00,,2026-08-11T16:36:26.223000+00:00,,4,Gin Ganga,Thawalama,53ebdea8-34ce-4f44-99fe-f5b64a7f70df,7.5,6,1473927,0,1.63
2026-08-11T16:36:02.169000+00:00,,2026-08-11T16:36:02.169000+00:00,,5.2,Kalu Ganga,Rathnapura,dde19a60-6cc2-4ca7-9a58-d00a27f29b4d,9.5,7.5,1473926,0,1.94
2026-08-11T16:35:49.628000+00:00,,2026-08-11T16:35:49.628000+00:00,,15,Kelani Ganga,Glencourse,07069be4-bb68-4b3d-bfee-be8950e8e002,19,15.5,1473925,0,10.27
2026-08-11T16:35:43.495000+00:00,,2026-08-11T16:35:43.495000+00:00,,1.4,Nilwala Ganga,Thalgahagoda,6dbbdc7f-1059-40b2-bc8c-9680c3886264,2.8,1.7,1473924,0,0.46
2026-08-11T16:35:35.002000+00:00,,2026-08-11T16:35:35.002000+00:00,,4,Menik Ganga,Katharagama,9e7bf036-1601-4c65-aa72-2e794e299ae4,6.5,4.6,1473923,0,-0.27
2026-08-11T16:35:23.888000+00:00,,2026-08-11T16:35:23.888000+00:00,,5,Maha Oya,Badalgama,7a746b98-de55-449b-8666-e3f7818dc7fc,9.6,6.2,1473922,0,2.02
2026-08-11T16:35:16.721000+00:00,,2026-08-11T16:35:16.721000+00:00,,3,Mahaweli Ganga,Thaldena,dc84bd7f-9adc-4905-92b5-60797506b6a9,5,4,1473921,0,0.65
2026-08-11T16:35:03.714000+00:00,,2026-08-11T16:35:03.714000+00:00,,4.4,Kirindi Oya,Wellawaya,a9f9b314-be78-4ea2-9b7c-0d7b9336ef5e,5.9,5.4,1473920,0,0.64
2026-08-11T16:34:32.649000+00:00,,2026-08-11T16:34:32.649000+00:00,,4.8,Kelani Ganga,Deraniyagala,ff05cfbc-d01c-43af-80e2-b7b167afc60e,7,5.8,1473919,0,1.2
2026-08-11T16:34:27.577000+00:00,,2026-08-11T16:34:27.577000+00:00,,4,Kelani Ganga,Nagalagam Street,1a0f133c-f392-4adc-8d33-4e443284ac56,7,5,1473918,0,0.8
2026-08-11T16:34:10.734000+00:00,,2026-08-11T16:34:10.734000+00:00,,4.5,Heda Oya,Siyambalanduwa,e015efc5-f2f0-4dcd-a4da-180bc6c70a52,7,6,1473917,0,0.25
2026-08-11T16:34:08.648000+00:00,,2026-08-11T16:34:08.648000+00:00,,5,Nilwala Ganga,Panadugama,596d6621-d597-41a7-a7be-05ea10222cf8,7.5,6,1473916,1.5,2.7
2026-08-11T16:33:48.019000+00:00,,2026-08-11T16:33:48.019000+00:00,,3.5,Mahaweli Ganga,Nawalapitiya,8b8967b6-2eb5-4039-ac4f-b40ddac04fee,6,5,1473915,0.3,1.72
2026-08-11T16:33:39.566000+00:00,,2026-08-11T16:33:39.566000+00:00,,3,Kelani Ganga,Holombuwa,b71d391f-5863-42b7-9afb-7d962059e357,5,3.4,1473914,0,0.45
2026-08-11T16:33:36.176000+00:00,,2026-08-11T16:33:36.176000+00:00,,5.5,Maha Oya,Giriulla,0305ee0b-0f23-4a7c-88bf-33b80f545b96,7.5,6.5,1473913,0,0.96
2026-08-11T16:33:26.051000+00:00,,2026-08-11T16:33:26.051000+00:00,,4,Kirindi Oya,Thanamalwila,e72c5cc8-f745-4b97-8351-c0380cd367bc,5.5,5,1473912,0,0.35
2026-08-11T16:33:17.431000+00:00,,2026-08-11T16:33:17.431000+00:00,,4,Maduru Oya,Padiyathalawa,1cdf2513-332f-4cbe-8400-d6067fcdb3cc,6,4.5,1473911,0,0.05
2026-08-11T16:33:05.844000+00:00,,2026-08-11T16:33:05.844000+00:00,,3,Walawe Ganga,Moraketiya,1d6da24b-7e85-4e6a-88d3-ce98837021f7,7,5,1473910,0,0.74
2026-08-11T16:32:59.344000+00:00,,2026-08-11T16:32:59.344000+00:00,,5,Kumbukkan Oya,Nakkala,8d25c965-3dfb-4b28-8396-53739d2588ed,7.5,6,1473909,0,0.57
2026-08-11T16:32:22.766000+00:00,,2026-08-11T16:32:22.766000+00:00,,10,Kalu Ganga,Ellagawa,3ff1b09e-3b56-4e2c-8ea0-8847a798fc04,12.2,10.7,1473908,0,5.18
2026-08-11T16:32:22.197000+00:00,,2026-08-11T16:32:22.197000+00:00,,3,Kelani Ganga,Kithulgala,1a9ce649-5f7d-4216-9926-7e59167565b8,6,4,1473907,0,2.32
2026-08-11T16:32:19.962000+00:00,,2026-08-11T16:32:19.962000+00:00,,3.3,Aththanagalu Oya,Dunamale,d0d76ef8-ac49-4f58-9588-6218d848de12,5.5,4.4,1473906,0,0.66
2026-08-11T16:32:14.878000+00:00,,2026-08-11T16:32:14.878000+00:00,,6.5,Kelani Ganga,Hanwella,23fd7c38-8ce2-464b-869e-8072768ffb10,9.5,7.5,1473905,0,1.84
2026-08-11T16:32:08.489000+00:00,,2026-08-11T16:32:08.489000+00:00,,4,Ma Oya,Yaka Wewa,0ac5df7c-23d4-4bd1-b297-a662b78b82c9,6,5,1473904,0,0.41
2026-08-11T16:31:41.070000+00:00,,2026-08-11T16:31:41.070000+00:00,,4.75,Deduru Oya,Moragaswewa,16fa26d2-5ca2-42cb-a01b-c1747975ff68,7,6,1473903,0,0.03
2026-08-11T16:31:37.497000+00:00,,2026-08-11T16:31:37.497000+00:00,,5,Mahaweli Ganga,Peradeniya,07f0b115-26ab-4e46-a0f8-353d59227b78,9,7,1473902,0,3.38
2026-08-11T16:31:36.152000+00:00,,2026-08-11T16:31:36.152000+00:00,,5,Kalu Ganga,Kalawellawa (Millakanda),405241ec-9878-42d4-ba45-f861460540a9,8,6.5,1473901,0,2.78
2026-08-11T16:30:54.290000+00:00,,2026-08-11T16:30:54.290000+00:00,,6,Yan Oya,Horowpothana,927b6bef-5753-43f5-87dc-2b0a3595d053,10.5,7.5,1473900,0,1.67
2026-08-11T16:00:47.240000+00:00,,2026-08-11T16:00:47.240000+00:00,,4,Menik Ganga,Katharagama,eacc642c-d7c5-4f00-b7ca-e62af6c2a3d0,6.5,4.6,1473899,0,-0.27
2026-08-11T16:00:40.931000+00:00,,2026-08-11T16:00:40.931000+00:00,,4,Menik Ganga,Katharagama,7daee483-eb35-4b6b-84e8-9dce34ff9c03,6.5,4.6,1473898,0,-0.27
2026-08-11T16:00:35.258000+00:00,,2026-08-11T16:00:35.258000+00:00,,4,Menik Ganga,Katharagama,3dcc34dd-d10f-43c0-88cb-cd0c3af6e94b,6.5,4.6,1473897,0,-0.27
2026-08-11T15:40:19.116000+00:00,,2026-08-11T15:40:19.116000+00:00,,3.5,Gin Ganga,Baddegama,f310af4b-e880-45af-a4d3-f82f434d0761,5,4,1473896,0,1.47
2026-08-11T15:40:07.377000+00:00,,2026-08-11T15:40:07.377000+00:00,,2.5,Nilwala Ganga,Urawa,2945f37d-adb7-4bea-af9d-9a9dc216d646,6,4,1473895,1.8,0.1
2026-08-11T15:40:04.570000+00:00,,2026-08-11T15:40:04.570000+00:00,,1.5,Kelani Ganga,Norwood,689a7c70-8c1a-4e6f-8b07-6fab25700df4,4.5,3,1473894,0,0.8
2026-08-11T15:38:35.101000+00:00,,2026-08-11T15:38:35.101000+00:00,,4,Kirindi Oya,Thanamalwila,ebb64f59-fa84-4ea1-afea-d024507a35d2,5.5,5,1473893,0,0.36
2026-08-11T15:38:29.307000+00:00,,2026-08-11T15:38:29.307000+00:00,,3,Kelani Ganga,Holombuwa,eded413e-a062-4e96-af81-e488573729c5,5,3.4,1473892,0,0.45
2026-08-11T15:37:45.494000+00:00,,2026-08-11T15:37:45.494000+00:00,,5,Kalu Ganga,Kalawellawa (Millakanda),6bdabe96-f90b-44f2-8372-5843f13ac10d,8,6.5,1473891,0,2.78
2026-08-11T15:37:28.560000+00:00,,2026-08-11T15:37:28.560000+00:00,,5,Nilwala Ganga,Panadugama,a808959d-eefa-4b17-950b-9a3fde327d16,7.5,6,1473890,3.1,2.71
2026-08-11T15:37:19.917000+00:00,,2026-08-11T15:37:19.917000+00:00,,4,Kalu Ganga,Magura,75d54871-0135-452a-8467-aa1e2aaf0dda,7.5,6,1473889,6.3,1.49
2026-08-11T15:37:17.042000+00:00,,2026-08-11T15:37:17.042000+00:00,,5,Mahaweli Ganga,Peradeniya,f052fb17-44d2-406c-a235-a46625f002b5,9,7,1473888,0,3.39
2026-08-11T15:36:27.616000+00:00,,2026-08-11T15:36:27.616000+00:00,,5,Maha Oya,Badalgama,f562d80a-b9fb-492f-90a3-236cdf742c16,9.6,6.2,1473887,0,2.02
2026-08-11T15:36:04.518000+00:00,,2026-08-11T15:36:04.518000+00:00,,6,Yan Oya,Horowpothana,1c0b410d-6460-4aa1-9e7e-5148694b5f28,10.5,7.5,1473886,0,1.67
2026-08-11T15:36:00.554000+00:00,,2026-08-11T15:36:00.554000+00:00,,15,Kelani Ganga,Glencourse,6db34781-4456-4ed7-985c-d3b4d4b21d41,19,15.5,1473885,0,10.27
2026-08-11T15:35:29.605000+00:00,,2026-08-11T15:35:29.605000+00:00,,4,Gin Ganga,Thawalama,37da736c-6d32-4a9a-ae61-be0fc64d5d89,7.5,6,1473884,2.4,1.64
2026-08-11T15:35:28.785000+00:00,,2026-08-11T15:35:28.785000+00:00,,4,Kelani Ganga,Nagalagam Street,47d60b91-2690-49c0-90e8-38bea22ee993,7,5,1473883,0,0.7
2026-08-11T15:34:54.134000+00:00,,2026-08-11T15:34:54.134000+00:00,,4.8,Kelani Ganga,Deraniyagala,0de3103f-66fd-4b0b-9d18-c730b5e9af53,7,5.8,1473882,0.5,1.29
2026-08-11T15:34:46.439000+00:00,,2026-08-11T15:34:46.439000+00:00,,4,Maduru Oya,Padiyathalawa,16dcb54a-a758-490c-9757-4026d74765ea,6,4.5,1473881,0,0.05
2026-08-11T15:34:40.082000+00:00,,2026-08-11T15:34:40.082000+00:00,,4.4,Kirindi Oya,Wellawaya,46f222be-b2b4-4741-943a-0f9e81de5d95,5.9,5.4,1473880,0,0.64
2026-08-11T15:34:17.033000+00:00,,2026-08-11T15:34:17.033000+00:00,,3,Walawe Ganga,Moraketiya,1f460266-56ef-4648-ae40-b0c52c226f30,7,5,1473879,0,0.74
2026-08-11T15:34:07.142000+00:00,,2026-08-11T15:34:07.142000+00:00,,4,Nilwala Ganga,Pitabeddara,e4a98597-f08a-4996-9231-4c39f16dd1ce,6.5,5,1473878,3.7,0.63
2026-08-11T15:34:03.391000+00:00,,2026-08-11T15:34:03.391000+00:00,,1.4,Nilwala Ganga,Thalgahagoda,e61f2ef1-cee4-4ed5-b78c-776474019bc1,2.8,1.7,1473877,0,0.48
2026-08-11T15:34:00.052000+00:00,,2026-08-11T15:34:00.052000+00:00,,3.5,Mahaweli Ganga,Nawalapitiya,556d3a6a-ba83-43a0-a8dd-12e75feedac3,6,5,1473876,2.2,1.72
2026-08-11T15:33:40.468000+00:00,,2026-08-11T15:33:40.468000+00:00,,3,Kelani Ganga,Kithulgala,18ec73a1-a248-4054-8872-b117f9aef2b4,6,4,1473875,0,2.32
2026-08-11T15:33:11.405000+00:00,,2026-08-11T15:33:11.405000+00:00,,4.75,Deduru Oya,Moragaswewa,3b150e08-7ab1-40ed-a778-c109076de2e2,7,6,1473874,0,0.03
2026-08-11T15:33:05.837000+00:00,,2026-08-11T15:33:05.837000+00:00,,5.5,Maha Oya,Giriulla,8d3132ef-ed24-4837-8b5c-96846b497527,7.5,6.5,1473873,0,0.96
2026-08-11T15:32:57.213000+00:00,,2026-08-11T15:32:57.213000+00:00,,3,Mahaweli Ganga,Manampitiya,bd01778b-79fa-43ed-ac74-19b9f6b4932e,6,4.3,1473872,0,-0.06
2026-08-11T15:32:42.966000+00:00,,2026-08-11T15:32:42.966000+00:00,,3,Mahaweli Ganga,Thaldena,5db1e08d-0e28-4b5a-bd1a-a9d3ebbc936e,5,4,1473871,0,0.14
2026-08-11T15:32:35.714000+00:00,,2026-08-11T15:32:35.714000+00:00,,5,Kumbukkan Oya,Nakkala,1c41ce14-0508-46a0-a7e7-3ad091d07223,7.5,6,1473870,0,0.57
2026-08-11T15:32:31.685000+00:00,,2026-08-11T15:32:31.685000+00:00,,3.3,Aththanagalu Oya,Dunamale,ad3fafaa-eaf2-465e-99f8-4117f1e25d92,5.5,4.4,1473869,0,0.66
2026-08-11T15:32:27.288000+00:00,,2026-08-11T15:32:27.288000+00:00,,5.2,Kalu Ganga,Rathnapura,684cca75-a5e5-4510-8016-e2c9c2b1733b,9.5,7.5,1473868,0,1.84
2026-08-11T15:32:22.290000+00:00,,2026-08-11T15:32:22.290000+00:00,,10,Kalu Ganga,Ellagawa,51502064-66f5-4ef6-be68-f7a3cde4d1ed,12.2,10.7,1473867,0,5.2
2026-08-11T15:32:15.010000+00:00,,2026-08-11T15:32:15.010000+00:00,,,Gal Oya,Ampara,1b4e5205-2dc3-4938-8d80-33e947ff5cd7,,,1473866,0,0
2026-08-11T15:32:14.965000+00:00,,2026-08-11T15:32:14.965000+00:00,,4.5,Heda Oya,Siyambalanduwa,f145f806-cebe-44e1-a8cd-ee6f5050cb44,7,6,1473865,0,0.25
2026-08-11T15:32:12.271000+00:00,,2026-08-11T15:32:12.271000+00:00,,6.5,Kelani Ganga,Hanwella,eceefb1a-3d3c-492a-bc85-62425c1cb62b,9.5,7.5,1473864,0,1.85
2026-08-11T15:32:04.005000+00:00,,2026-08-11T15:32:04.005000+00:00,,4,Ma Oya,Yaka Wewa,f2e8e753-dc48-41bd-bd14-eb4a8982af93,6,5,1473863,0,0.41
2026-08-11T15:30:57.971000+00:00,,2026-08-11T15:30:57.971000+00:00,,3,Kalu Ganga,Putupaula,fc5b4dca-5b95-41a1-8163-4196c7148e7b,5,4,1473862,0,0.5
2026-08-11T14:39:59.101000+00:00,,2026-08-11T14:39:59.101000+00:00,,5.2,Kalu Ganga,Rathnapura,e3d4c730-3802-4ff3-9624-41e85128123c,9.5,7.5,1473861,0,1.77
2026-08-11T14:39:58.723000+00:00,,2026-08-11T14:39:58.723000+00:00,,3,Kelani Ganga,Holombuwa,1efb4063-03fc-44a6-a175-2dbe98ee9f9a,5,3.4,1473860,0,0.45
2026-08-11T14:38:56.959000+00:00,,2026-08-11T14:38:56.959000+00:00,,3.5,Gin Ganga,Baddegama,07e2ee32-d129-4fd5-a766-5ff87854f646,5,4,1473859,0,1.51
2026-08-11T14:38:23.129000+00:00,,2026-08-11T14:38:23.129000+00:00,,15,Kelani Ganga,Glencourse,47722612-3901-41f0-8767-d7008d789dc2,19,15.5,1473858,0,10.33
2026-08-11T14:37:55.907000+00:00,,2026-08-11T14:37:55.907000+00:00,,5,Nilwala Ganga,Panadugama,e86e3e95-4cfa-45cd-b3e5-b8cd2d665427,7.5,6,1473857,3.4,2.72
2026-08-11T14:37:20.035000+00:00,,2026-08-11T14:37:20.035000+00:00,,5,Kalu Ganga,Kalawellawa (Millakanda),6e834df5-b4f3-4c1b-a25c-64db6d39f77e,8,6.5,1473856,0,2.79
2026-08-11T14:36:55.467000+00:00,,2026-08-11T14:36:55.467000+00:00,,2.5,Nilwala Ganga,Urawa,7ab63847-b1f8-4e77-a56a-c0f7bb166613,6,4,1473855,0,0.1
2026-08-11T14:36:46.224000+00:00,,2026-08-11T14:36:46.224000+00:00,,5,Mahaweli Ganga,Peradeniya,b3c5e025-2b39-44fc-932c-6bf9e73ee89e,9,7,1473854,0,3.4
2026-08-11T14:36:29.852000+00:00,,2026-08-11T14:36:29.852000+00:00,,4,Kelani Ganga,Nagalagam Street,f878d99b-5253-4070-8796-7829e8038c40,7,5,1473853,0,0.6
2026-08-11T14:36:29.357000+00:00,,2026-08-11T14:36:29.357000+00:00,,1.4,Nilwala Ganga,Thalgahagoda,0fd7e8b3-a036-4d72-bc6e-ae21da774209,2.8,1.7,1473852,0,0.53
2026-08-11T14:35:26.322000+00:00,,2026-08-11T14:35:26.322000+00:00,,4.4,Kirindi Oya,Wellawaya,5ea5657e-99b1-4c23-932e-da53dc0cd52b,5.9,5.4,1473851,0,0.65
2026-08-11T14:35:22.261000+00:00,,2026-08-11T14:35:22.261000+00:00,,3,Walawe Ganga,Moraketiya,faebb15b-23c1-4861-a9d9-b8ff044adbc9,7,5,1473850,0,0.74
2026-08-11T14:34:58.655000+00:00,,2026-08-11T14:34:58.655000+00:00,,3,Kelani Ganga,Kithulgala,bbf055be-3f6b-4d45-aae2-93fb17540f6d,6,4,1473849,1,2.1
2026-08-11T14:34:46.177000+00:00,,2026-08-11T14:34:46.177000+00:00,,3,Kalu Ganga,Putupaula,b356b9c2-4166-4312-9e23-4a8b625acea8,5,4,1473848,0,0.6
2026-08-11T14:34:30.942000+00:00,,2026-08-11T14:34:30.942000+00:00,,4,Kirindi Oya,Thanamalwila,92ad5b12-d00b-4cf7-84d8-a893d4799a08,5.5,5,1473847,0,0.36
2026-08-11T14:34:22.065000+00:00,,2026-08-11T14:34:22.065000+00:00,,4,Gin Ganga,Thawalama,0d94cff5-4d15-428f-8f52-6dfc2125230d,7.5,6,1473846,0,1.64
2026-08-11T14:34:20.774000+00:00,,2026-08-11T14:34:20.774000+00:00,,4.5,Heda Oya,Siyambalanduwa,6d275417-71c0-4ad4-a21b-199d23ff2151,7,6,1473845,0,0.25
2026-08-11T14:34:02.979000+00:00,,2026-08-11T14:34:02.979000+00:00,,5,Maha Oya,Badalgama,b4ea8ac1-7647-4158-85d6-ae690220e7d2,9.6,6.2,1473844,0,2.03
2026-08-11T14:33:40.512000+00:00,,2026-08-11T14:33:40.512000+00:00,,4.75,Deduru Oya,Moragaswewa,f2a77558-b9f1-40a9-b08f-5b51a24da3bb,7,6,1473843,0,0.03
2026-08-11T14:33:24.140000+00:00,,2026-08-11T14:33:24.140000+00:00,,6,Yan Oya,Horowpothana,de219141-e2ef-4c35-a053-af4af9db7a2e,10.5,7.5,1473842,0,1.67
2026-08-11T14:33:21.041000+00:00,,2026-08-11T14:33:21.041000+00:00,,4,Ma Oya,Yaka Wewa,5f88897c-9c10-4c25-ac0f-051a36a0328c,6,5,1473841,0,0.41
2026-08-11T14:33:07.304000+00:00,,2026-08-11T14:33:07.304000+00:00,,4,Maduru Oya,Padiyathalawa,32dc33e8-c0b1-4097-a988-49b01db45868,6,4.5,1473840,0,0.05
2026-08-11T14:33:03.095000+00:00,,2026-08-11T14:33:03.095000+00:00,,5.5,Maha Oya,Giriulla,6cb303c1-4a4f-43af-a941-95fbbdc64182,7.5,6.5,1473839,0,0.96
2026-08-11T14:33:01.661000+00:00,,2026-08-11T14:33:01.661000+00:00,,4,Nilwala Ganga,Pitabeddara,b33a8bf1-7fc7-4bc6-80e9-eceeedb9cf0f,6.5,5,1473838,0,0.63
2026-08-11T14:32:47.115000+00:00,,2026-08-11T14:32:47.115000+00:00,,1.5,Kelani Ganga,Norwood,d65f189a-c428-47f9-9db8-a43e16e56859,4.5,3,1473837,0,0.8
2026-08-11T14:32:23.364000+00:00,,2026-08-11T14:32:23.364000+00:00,,3.3,Aththanagalu Oya,Dunamale,5524730a-ae3a-46ee-a542-0390dc81e1dd,5.5,4.4,1473836,0,0.66
2026-08-11T14:32:20.431000+00:00,,2026-08-11T14:32:20.431000+00:00,,3,Mahaweli Ganga,Thaldena,01f7a96a-ee93-40a5-bf94-a40f57b1f94f,5,4,1473835,0,0.14
2026-08-11T14:32:13.820000+00:00,,2026-08-11T14:32:13.820000+00:00,,3.5,Mahaweli Ganga,Nawalapitiya,76a8059c-addc-4971-8747-7f94b881e99c,6,5,1473834,0.3,1.71
2026-08-11T14:32:13.493000+00:00,,2026-08-11T14:32:13.493000+00:00,,6.5,Kelani Ganga,Hanwella,aeb73a98-3237-4127-96f6-8e8620f66656,9.5,7.5,1473833,0,1.85
2026-08-11T14:31:46.930000+00:00,,2026-08-11T14:31:46.930000+00:00,,,Gal Oya,Ampara,73e62dce-8b4f-4397-9b3e-b9b61f5b72b7,,,1473832,0,0
2026-08-11T14:31:36.515000+00:00,,2026-08-11T14:31:36.515000+00:00,,3,Mahaweli Ganga,Manampitiya,6ef2c9ce-de9d-4deb-9e48-a10428a9b38f,6,4.3,1473831,0,-0.06
2026-08-11T14:31:26.538000+00:00,,2026-08-11T14:31:26.538000+00:00,,4.8,Kelani Ganga,Deraniyagala,637a0861-2aaa-4f6b-9b84-b809be45afeb,7,5.8,1473830,0,1.38
2026-08-11T14:31:16.444000+00:00,,2026-08-11T14:31:16.444000+00:00,,3,Mahaweli Ganga,Manampitiya,6dc3e739-76ca-41c4-a1e7-7f1306f787b1,6,4.3,1473829,0,-0.05
2026-08-11T14:31:14.984000+00:00,,2026-08-11T14:31:14.984000+00:00,,5,Kumbukkan Oya,Nakkala,ed15510b-0c34-4211-8977-270c3c33c550,7.5,6,1473828,0,0.57
2026-08-11T14:31:12.228000+00:00,,2026-08-11T14:31:12.228000+00:00,,10,Kalu Ganga,Ellagawa,cfc6a514-8914-4498-bd1c-befaacb79c20,12.2,10.7,1473827,0,5.23
2026-08-11T14:30:59.706000+00:00,,2026-08-11T14:30:59.706000+00:00,,4,Kalu Ganga,Magura,85f8e971-303a-45c9-91b9-a0d574325727,7.5,6,1473826,0,1.49
2026-08-11T14:15:35.955000+00:00,,2026-08-11T14:15:35.955000+00:00,,5,Kalu Ganga,Kalawellawa (Millakanda),4f8b85e8-6bb6-49c8-97fd-7559a90d922b,8,6.5,1473825,0,2.8
2026-08-11T13:42:42.828000+00:00,,2026-08-11T13:42:42.828000+00:00,,3,Walawe Ganga,Moraketiya,34edccd5-153a-45b7-b229-a3b4ab09fec9,7,5,1473824,0,0.74
2026-08-11T13:42:33.258000+00:00,,2026-08-11T13:42:33.258000+00:00,,4,Nilwala Ganga,Pitabeddara,036f9b4f-2d7f-49fe-b3cb-710e55606219,6.5,5,1473823,3.1,0.63
2026-08-11T13:39:31.605000+00:00,,2026-08-11T13:39:31.605000+00:00,,15,Kelani Ganga,Glencourse,983d4bd9-f68b-4673-8fb2-16bbe3dcd680,19,15.5,1473822,0,10.36
2026-08-11T13:39:02.711000+00:00,,2026-08-11T13:39:02.711000+00:00,,3,Kelani Ganga,Kithulgala,8ae363a8-fa3e-47a5-a7dc-63d6d3c8d777,6,4,1473821,0,2.05
2026-08-11T13:38:51.881000+00:00,,2026-08-11T13:38:51.881000+00:00,,4.4,Kirindi Oya,Wellawaya,62d7e1fc-9a37-42fe-bb3c-6ef3fec6cf2d,5.9,5.4,1473820,0,0.65
2026-08-11T13:38:11.781000+00:00,,2026-08-11T13:38:11.781000+00:00,,4.4,Kirindi Oya,Wellawaya,5fbc8abd-1b4d-44a5-8442-dbe57487cd5d,5.9,5.4,1473819,0,0.65
2026-08-11T13:38:06.760000+00:00,,2026-08-11T13:38:06.760000+00:00,,4,Kalu Ganga,Magura,d19e7740-0c68-4ec5-9555-cfe1fbfc5e74,7.5,6,1473818,0,1.5
2026-08-11T13:37:49.759000+00:00,,2026-08-11T13:37:49.759000+00:00,,,Gal Oya,Ampara,adbbe68f-8d33-4ee8-a1bc-3f4e7f528472,,,1473817,0,0
2026-08-11T13:37:45.934000+00:00,,2026-08-11T13:37:45.934000+00:00,,5,Nilwala Ganga,Panadugama,d861a933-4b0e-4b9c-bce7-104ea0dabe1d,7.5,6,1473816,0,2.73
2026-08-11T13:37:43.824000+00:00,,2026-08-11T13:37:43.824000+00:00,,5,Maha Oya,Badalgama,bc17be66-824d-45b9-9152-4eb1cc94be52,9.6,6.2,1473815,0,2.03
2026-08-11T13:37:34.200000+00:00,,2026-08-11T13:37:34.200000+00:00,,3,Mahaweli Ganga,Thaldena,5862b232-1899-400f-b06a-73c74f959f7d,5,4,1473814,0,0.14
2026-08-11T13:37:22.558000+00:00,,2026-08-11T13:37:22.558000+00:00,,3,Kelani Ganga,Holombuwa,24b1f322-33aa-4242-9881-3211a6e49cb5,5,3.4,1473813,0,0.45
2026-08-11T13:37:00.713000+00:00,,2026-08-11T13:37:00.713000+00:00,,5,Kumbukkan Oya,Nakkala,03a11955-aca3-45a1-9f44-afb4b30d3a80,7.5,6,1473812,0,0.57
2026-08-11T13:36:26.751000+00:00,,2026-08-11T13:36:26.751000+00:00,,5,Mahaweli Ganga,Peradeniya,a64a4aee-6f4d-44ea-9fee-a74c24fa2cac,9,7,1473811,0,3.41
2026-08-11T13:36:13.545000+00:00,,2026-08-11T13:36:13.545000+00:00,,4,Kelani Ganga,Nagalagam Street,2b7e612b-8f16-4408-8689-5ff6128bdefc,7,5,1473810,0,0.75
2026-08-11T13:36:08.239000+00:00,,2026-08-11T13:36:08.239000+00:00,,10,Kalu Ganga,Ellagawa,2b2cfef9-f9dc-4dc3-860a-c562bea89096,12.2,10.7,1473809,0,5.25
2026-08-11T13:35:54.361000+00:00,,2026-08-11T13:35:54.361000+00:00,,2.5,Nilwala Ganga,Urawa,5ba870ae-00d0-4ef3-8aec-b8b556872d69,6,4,1473808,0,0.1
2026-08-11T13:35:32.132000+00:00,,2026-08-11T13:35:32.132000+00:00,,3.5,Gin Ganga,Baddegama,6261377c-9ad8-4d7b-a04e-77d1904bab3a,5,4,1473807,1,1.53
2026-08-11T13:35:12.341000+00:00,,2026-08-11T13:35:12.341000+00:00,,3,Kalu Ganga,Putupaula,d0482ade-1baa-4678-b0f8-d1585cc7b9dc,5,4,1473806,0,0.7
2026-08-11T13:34:38.633000+00:00,,2026-08-11T13:34:38.633000+00:00,,4.5,Heda Oya,Siyambalanduwa,162762aa-5a16-42dd-833a-ece9f7b297af,7,6,1473805,0,0.23
2026-08-11T13:34:23.943000+00:00,,2026-08-11T13:34:23.943000+00:00,,4,Menik Ganga,Katharagama,4f219eed-8922-49c6-a847-6b41e2bf8198,6.5,4.6,1473804,0,-0.27
2026-08-11T13:34:09.524000+00:00,,2026-08-11T13:34:09.524000+00:00,,5.2,Kalu Ganga,Rathnapura,43429814-aa52-4dcd-9fcc-3a0c0b818147,9.5,7.5,1473803,0,1.69
2026-08-11T13:34:06.172000+00:00,,2026-08-11T13:34:06.172000+00:00,,5.5,Maha Oya,Giriulla,d6d426ad-553a-4681-8eff-39268604dd69,7.5,6.5,1473802,0,0.97
2026-08-11T13:33:50.257000+00:00,,2026-08-11T13:33:50.257000+00:00,,4.75,Deduru Oya,Moragaswewa,338f047e-ed8a-4c33-89a5-8b4c7a54aa0e,7,6,1473801,0,0.03
2026-08-11T13:33:22.833000+00:00,,2026-08-11T13:33:22.833000+00:00,,1.5,Kelani Ganga,Norwood,26a85984-b45e-497e-88aa-860aab15ac3e,4.5,3,1473800,0,0.81
2026-08-11T13:33:20.464000+00:00,,2026-08-11T13:33:20.464000+00:00,,1.4,Nilwala Ganga,Thalgahagoda,c100f273-e46c-455a-ae7e-582333421146,2.8,1.7,1473799,0,0.57
2026-08-11T13:33:14.841000+00:00,,2026-08-11T13:33:14.841000+00:00,,4.8,Kelani Ganga,Deraniyagala,4c3a7ef5-f9aa-4e1d-b146-8bdcd7ff3495,7,5.8,1473798,0,1.33
2026-08-11T13:33:14.823000+00:00,,2026-08-11T13:33:14.823000+00:00,,4,Ma Oya,Yaka Wewa,0d5ca79b-c5c4-4e10-90c4-a08131c2b8f2,6,5,1473797,0,0.41
2026-08-11T13:33:04.278000+00:00,,2026-08-11T13:33:04.278000+00:00,,4,Gin Ganga,Thawalama,a9f0149d-1eb9-4354-a8e5-1fb34e9b1b04,7.5,6,1473796,0,1.65
2026-08-11T13:32:56.587000+00:00,,2026-08-11T13:32:56.587000+00:00,,3.3,Aththanagalu Oya,Dunamale,a731187c-caa2-44fa-b526-1f42016a3f01,5.5,4.4,1473795,0,0.66
2026-08-11T13:32:52.426000+00:00,,2026-08-11T13:32:52.426000+00:00,,4,Kirindi Oya,Thanamalwila,a419ffce-9841-4d4a-84f8-69d650a2ba31,5.5,5,1473794,0,0.36
2026-08-11T13:32:37.822000+00:00,,2026-08-11T13:32:37.822000+00:00,,6.5,Kelani Ganga,Hanwella,5c9ad112-71ee-48b5-868e-b4d578876db0,9.5,7.5,1473793,0,1.86
2026-08-11T13:32:25.397000+00:00,,2026-08-11T13:32:25.397000+00:00,,10,Kalu Ganga,Ellagawa,579c806c-dd37-47fd-9716-2ab4ba42735f,12.2,10.7,1473792,0,5.25
2026-08-11T13:31:50.031000+00:00,,2026-08-11T13:31:50.031000+00:00,,6,Yan Oya,Horowpothana,2255801c-f42d-44af-b920-48a619e835a8,10.5,7.5,1473791,0,1.67
2026-08-11T13:31:39.963000+00:00,,2026-08-11T13:31:39.963000+00:00,,4,Maduru Oya,Padiyathalawa,c3e31b1c-3873-4ac3-b021-f993a82df5b7,6,4.5,1473790,0,0.05
2026-08-11T13:31:17.581000+00:00,,2026-08-11T13:31:17.581000+00:00,,3.5,Mahaweli Ganga,Nawalapitiya,9ee10690-ae7c-4480-a560-8bb18d0ee695,6,5,1473789,0,1.69
2026-08-11T13:30:55.670000+00:00,,2026-08-11T13:30:55.670000+00:00,,5,Kumbukkan Oya,Nakkala,cdc8bb56-05d0-4da6-b625-9d7ad4358268,7.5,6,1473788,0,0.57
2026-08-11T13:11:56.704000+00:00,,2026-08-11T13:11:56.704000+00:00,,1.5,Kelani Ganga,Norwood,bfc9bc0e-5e69-4749-8ed8-5711e1e8aa63,4.5,3,1473787,0,0.81
2026-08-11T12:47:34.857000+00:00,,2026-08-11T12:47:34.857000+00:00,,1.4,Nilwala Ganga,Thalgahagoda,2d063fd5-2de9-43d8-8aab-cb01845066e1,2.8,1.7,1473786,0,0.57
2026-08-11T12:45:33.996000+00:00,,2026-08-11T12:45:33.996000+00:00,,4.84,Mee Oya,Galgamuwa,a6caffcf-c8ba-4af3-9916-7c94de4f9cda,8,5.94,1473785,0,0.03
2026-08-11T12:42:46.049000+00:00,,2026-08-11T12:42:46.049000+00:00,,1.4,Nilwala Ganga,Thalgahagoda,f76bb4a9-5847-4c7b-ac8a-8434e902b35f,2.8,1.7,1473784,0,0.57
2026-08-11T12:41:58.690000+00:00,,2026-08-11T12:41:58.690000+00:00,,3.5,Gin Ganga,Baddegama,858b3e22-6dec-4fda-a0ca-0c7aefb48e32,5,4,1473783,2.9,1.55
2026-08-11T12:38:37.915000+00:00,,2026-08-11T12:38:37.915000+00:00,,4,Menik Ganga,Katharagama,613e8ee0-7b30-4d01-b5f6-df8ad9e34531,6.5,4.6,1473782,0,-0.27
2026-08-11T12:36:04.292000+00:00,,2026-08-11T12:36:04.292000+00:00,,4,Maduru Oya,Padiyathalawa,051d6922-d605-47e0-8558-80a012f45c6e,6,4.5,1473781,0,0.05
2026-08-11T12:36:02.432000+00:00,,2026-08-11T12:36:02.432000+00:00,,2.5,Nilwala Ganga,Urawa,74a78bbc-62fb-45d0-bc17-49b3c6d507f9,6,4,1473780,0,0.1
2026-08-11T12:35:16.548000+00:00,,2026-08-11T12:35:16.548000+00:00,,4,Kirindi Oya,Thanamalwila,fd9ccf08-410b-4b46-8041-19931c264c8c,5.5,5,1473779,0,0.37
2026-08-11T12:34:54.081000+00:00,,2026-08-11T12:34:54.081000+00:00,,3,Kelani Ganga,Kithulgala,95c349c1-fe43-48ea-93fe-ac45d3c00a76,6,4,1473778,0,2.09
2026-08-11T12:34:40.181000+00:00,,2026-08-11T12:34:40.181000+00:00,,15,Kelani Ganga,Glencourse,4ffbacb7-df6d-4ab5-b084-4539cba8cda1,19,15.5,1473777,0,10.36
2026-08-11T12:34:35.200000+00:00,,2026-08-11T12:34:35.200000+00:00,,4,Kalu Ganga,Magura,0286f04b-d82d-4c2b-8495-8baf4c4de02a,7.5,6,1473776,2.3,1.51
2026-08-11T12:34:20.533000+00:00,,2026-08-11T12:34:20.533000+00:00,,4,Gin Ganga,Thawalama,ccbf5689-e4e7-4567-b0b3-a9bb1bd81bd6,7.5,6,1473775,0.9,1.67
2026-08-11T12:34:15.753000+00:00,,2026-08-11T12:34:15.753000+00:00,,4,Kelani Ganga,Nagalagam Street,ea05ea78-2be4-4135-b747-bc802762ea17,7,5,1473774,0,1.1
2026-08-11T12:33:56.040000+00:00,,2026-08-11T12:33:56.040000+00:00,,5.2,Kalu Ganga,Rathnapura,c03b3037-81a7-4115-9f8a-8404cf4716dc,9.5,7.5,1473773,0.8,1.63
2026-08-11T12:33:55.503000+00:00,,2026-08-11T12:33:55.503000+00:00,,3,Kelani Ganga,Holombuwa,d3fd9e23-eb46-41ac-a6c1-1435bf58343a,5,3.4,1473772,0,0.45
2026-08-11T12:33:47.126000+00:00,,2026-08-11T12:33:47.126000+00:00,,3.3,Aththanagalu Oya,Dunamale,1f6627e8-7b85-450b-bb96-f0e70c2fbc58,5.5,4.4,1473771,0,0.66
2026-08-11T12:33:40.010000+00:00,,2026-08-11T12:33:40.010000+00:00,,4.8,Kelani Ganga,Deraniyagala,15e851a4-5611-48dd-9401-3d218feac78c,7,5.8,1473770,0,1.14
2026-08-11T12:33:35.243000+00:00,,2026-08-11T12:33:35.243000+00:00,,4.4,Kirindi Oya,Wellawaya,088e1c2d-9b1d-4e3a-ac49-5e640c1a9be5,5.9,5.4,1473769,0,0.65
2026-08-11T12:33:25.102000+00:00,,2026-08-11T12:33:25.102000+00:00,,5,Mahaweli Ganga,Peradeniya,75b14a56-19e0-4952-b6dd-86349e4f6ef4,9,7,1473768,0,3.4
2026-08-11T12:33:11.306000+00:00,,2026-08-11T12:33:11.306000+00:00,,5,Nilwala Ganga,Panadugama,9e16d788-46a6-4464-b0f2-a1e55c7d7e68,7.5,6,1473767,0,2.74
2026-08-11T12:32:48.417000+00:00,,2026-08-11T12:32:48.417000+00:00,,6.5,Kelani Ganga,Hanwella,4022ac0f-43fe-4e8a-8c52-43fc91077310,9.5,7.5,1473766,0,1.87
2026-08-11T12:32:36.841000+00:00,,2026-08-11T12:32:36.841000+00:00,,5.5,Maha Oya,Giriulla,cb17eb3d-9c49-42be-b79b-30b03e6ef86c,7.5,6.5,1473765,0,0.97
2026-08-11T12:32:30.690000+00:00,,2026-08-11T12:32:30.690000+00:00,,10,Kalu Ganga,Ellagawa,f30639f4-dd3e-4b46-bb09-e3146a67c5ff,12.2,10.7,1473764,0,5.26
2026-08-11T12:32:29.932000+00:00,,2026-08-11T12:32:29.932000+00:00,,4,Ma Oya,Yaka Wewa,1129f568-a73e-496a-b331-e86304af5feb,6,5,1473763,0,0.41
2026-08-11T12:32:16.068000+00:00,,2026-08-11T12:32:16.068000+00:00,,3.5,Mahaweli Ganga,Nawalapitiya,5042b830-90d3-402c-86ed-d571b8d8447f,6,5,1473762,0,1.65
2026-08-11T12:32:14.523000+00:00,,2026-08-11T12:32:14.523000+00:00,,5,Kalu Ganga,Kalawellawa (Millakanda),9b4bfec0-29b8-44ef-8429-7a2d3d6daa40,8,6.5,1473761,0,2.79
2026-08-11T12:32:08.318000+00:00,,2026-08-11T12:32:08.318000+00:00,,3,Walawe Ganga,Moraketiya,fd9674c3-aa30-4c4d-8320-4fc9b54c918c,7,5,1473760,0,0.75
2026-08-11T12:32:02.444000+00:00,,2026-08-11T12:32:02.444000+00:00,,5,Maha Oya,Badalgama,bacda556-af41-4ceb-9e6d-2ad928836f35,9.6,6.2,1473759,0,2.04
2026-08-11T12:31:56.079000+00:00,,2026-08-11T12:31:56.079000+00:00,,3,Mahaweli Ganga,Thaldena,69a158fb-6cf0-42ac-8e2f-6ba8f9e66daa,5,4,1473758,0,0.09
2026-08-11T12:31:46.021000+00:00,,2026-08-11T12:31:46.021000+00:00,,5,Kumbukkan Oya,Nakkala,e9ffbaa4-de84-40ac-bff5-addd2e769963,7.5,6,1473757,0,0.57
2026-08-11T12:31:13.566000+00:00,,2026-08-11T12:31:13.566000+00:00,,4.75,Deduru Oya,Moragaswewa,203ae93d-6d7f-4e54-9951-f5583f54fae3,7,6,1473756,0,0.03
2026-08-11T12:31:06.071000+00:00,,2026-08-11T12:31:06.071000+00:00,,5,Malwathu Oya,Thanthirimale,91169350-737f-4757-a363-43b2f374aaeb,7.8,6.8,1473755,0,0.95
2026-08-11T12:31:02.533000+00:00,,2026-08-11T12:31:02.533000+00:00,,4.5,Heda Oya,Siyambalanduwa,15eb3e15-ea6d-4ae7-acc4-0a688a8d540f,7,6,1473754,0,0.22
2026-08-11T12:31:00.675000+00:00,,2026-08-11T12:31:00.675000+00:00,,,Gal Oya,Ampara,58a370d4-fbe6-42e1-8ea7-1db8f2a11076,,,1473753,0,0
2026-08-11T12:30:57.440000+00:00,,2026-08-11T12:30:57.440000+00:00,,6,Yan Oya,Horowpothana,c21c683b-1020-46b8-ad42-188e23dec937,10.5,7.5,1473752,0,1.67
2026-08-11T12:30:45.562000+00:00,,2026-08-11T12:30:45.562000+00:00,,6.9,Kirindi Oya,Kuda Oya,d6605f2a-ac76-419d-a74d-230308cbf87b,8.8,8.4,1473751,0,0.93
2026-08-11T12:30:30.681000+00:00,,2026-08-11T12:30:30.681000+00:00,,3,Mahaweli Ganga,Manampitiya,f7cae09f-2e31-4fa4-ab6a-92559daef134,6,4.3,1473750,0,-0.03
2026-08-11T12:30:23.372000+00:00,,2026-08-11T12:30:23.372000+00:00,,5,Mahaweli Ganga,Weraganthota,3fc2f862-d334-497d-ac99-7bdb2f610e64,8,6,1473749,0,-3.29
2026-08-11T12:30:13.740000+00:00,,2026-08-11T12:30:13.740000+00:00,,4,Nilwala Ganga,Pitabeddara,d4a5b324-4e28-495d-99cc-71f4c266244c,6.5,5,1473748,0,0.63
2026-08-11T11:51:12.424000+00:00,,2026-08-11T11:51:12.424000+00:00,,4,Nilwala Ganga,Pitabeddara,bd5f973c-23dc-4bc3-ae18-b30b775c031a,6.5,5,1473747,0,0.63
2026-08-11T11:46:24.216000+00:00,,2026-08-11T11:46:24.216000+00:00,,3.5,Gin Ganga,Baddegama,72cc46a3-5079-45de-ad7b-6bb2fbeba7c7,5,4,1473746,0,1.57
2026-08-11T11:45:48.466000+00:00,,2026-08-11T11:45:48.466000+00:00,,1.4,Nilwala Ganga,Thalgahagoda,916ff591-5fc2-4e05-866b-d9e4e682bc0a,2.8,1.7,1473745,0,0.6
2026-08-11T11:43:02.933000+00:00,,2026-08-11T11:43:02.933000+00:00,,2.5,Nilwala Ganga,Urawa,0812755d-d69f-4a2b-88d8-c593fdb50c1d,6,4,1473744,0,0.1
2026-08-11T11:42:29.902000+00:00,,2026-08-11T11:42:29.902000+00:00,,4,Gin Ganga,Thawalama,504a7743-2507-4ead-b1a2-81cbea46f26c,7.5,6,1473743,0,1.69
2026-08-11T11:38:01.620000+00:00,,2026-08-11T11:38:01.620000+00:00,,3,Kelani Ganga,Holombuwa,e685e8cb-9aa7-451e-83e9-e22ece567555,5,3.4,1473742,0,0.45
2026-08-11T11:37:25.137000+00:00,,2026-08-11T11:37:25.137000+00:00,,4.84,Mee Oya,Galgamuwa,8c81eb46-350f-4930-9ad4-05ae169ee98d,8,5.94,1473741,0,0.03
2026-08-11T11:37:24.512000+00:00,,2026-08-11T11:37:24.512000+00:00,,3,Kelani Ganga,Holombuwa,226129ae-62fc-45a0-a236-b8b6154daa27,5,3.4,1473740,0,0.45
2026-08-11T11:36:59.388000+00:00,,2026-08-11T11:36:59.388000+00:00,,5,Mahaweli Ganga,Peradeniya,4f7b1012-67d9-4bee-bf51-5cfc132cb2e4,9,7,1473739,0,3.38
2026-08-11T11:36:50.697000+00:00,,2026-08-11T11:36:50.697000+00:00,,4.5,Heda Oya,Siyambalanduwa,12ef732a-4a9a-4291-b7eb-642e2ac3a4b9,7,6,1473738,0,0.23
2026-08-11T11:36:42.701000+00:00,,2026-08-11T11:36:42.701000+00:00,,3,Kelani Ganga,Kithulgala,4bf104e6-d2ed-4adf-a46d-8235828112c1,6,4,1473737,0,2.02
2026-08-11T11:35:57.025000+00:00,,2026-08-11T11:35:57.025000+00:00,,4,Kelani Ganga,Nagalagam Street,da34068a-f34b-426b-83da-a449b6da6e62,7,5,1473736,0,1.3
2026-08-11T11:35:01.179000+00:00,,2026-08-11T11:35:01.179000+00:00,,5,Maha Oya,Badalgama,65193ca4-69d2-4b25-8f28-45fce30f2a22,9.6,6.2,1473735,0,2.04
2026-08-11T11:34:51.615000+00:00,,2026-08-11T11:34:51.615000+00:00,,4,Menik Ganga,Katharagama,a14f3f24-a9ee-4d12-ac20-aeaec8bab014,6.5,4.6,1473734,0,-0.27
2026-08-11T11:34:24.616000+00:00,,2026-08-11T11:34:24.616000+00:00,,5.5,Maha Oya,Giriulla,aa3d8726-bcdf-4df0-89b4-63c3ef65d8fd,7.5,6.5,1473733,0,0.97
2026-08-11T11:34:23.724000+00:00,,2026-08-11T11:34:23.724000+00:00,,4,Maduru Oya,Padiyathalawa,1116b1ab-91b7-45ac-b0fe-eddacef8b27b,6,4.5,1473732,0,0.05
2026-08-11T11:33:47.845000+00:00,,2026-08-11T11:33:47.845000+00:00,,5,Kalu Ganga,Kalawellawa (Millakanda),1badf214-7242-40a0-bfcb-fdf30a38a74c,8,6.5,1473731,2,2.79
2026-08-11T11:33:43.449000+00:00,,2026-08-11T11:33:43.449000+00:00,,3,Walawe Ganga,Moraketiya,12471add-2fb5-4414-8094-9c7d8a671571,7,5,1473730,0,0.76
2026-08-11T11:33:20.838000+00:00,,2026-08-11T11:33:20.838000+00:00,,1.5,Kelani Ganga,Norwood,5321e29e-b7ef-4046-947f-6e936595b20b,4.5,3,1473729,0,0.81
2026-08-11T11:33:17.219000+00:00,,2026-08-11T11:33:17.219000+00:00,,5,Nilwala Ganga,Panadugama,f1c39747-05fb-488f-9062-1c32dd9aa846,7.5,6,1473728,0,2.75
2026-08-11T11:33:13.124000+00:00,,2026-08-11T11:33:13.124000+00:00,,3.5,Mahaweli Ganga,Nawalapitiya,48d891bc-4b45-4ff6-bb70-1f54fc1f9585,6,5,1473727,0,1.65
2026-08-11T11:33:08.384000+00:00,,2026-08-11T11:33:08.384000+00:00,,6.5,Kelani Ganga,Hanwella,1388295a-0365-481b-8fec-d663cf94725e,9.5,7.5,1473726,0,1.88
2026-08-11T11:33:06.976000+00:00,,2026-08-11T11:33:06.976000+00:00,,5,Kumbukkan Oya,Nakkala,117282d2-3f7d-4ea1-a2b1-5cbb8e8e2e39,7.5,6,1473725,0,0.57
2026-08-11T11:32:55.737000+00:00,,2026-08-11T11:32:55.737000+00:00,,3,Mahaweli Ganga,Thaldena,246add66-2c85-4ba0-a0f5-6099fa4b25c0,5,4,1473724,0,0.11
2026-08-11T11:32:45.077000+00:00,,2026-08-11T11:32:45.077000+00:00,,5,Mahaweli Ganga,Weraganthota,78fc957c-520c-4b7a-9eb1-0c9b67b56624,8,6,1473723,0,-3.26
2026-08-11T11:32:40.249000+00:00,,2026-08-11T11:32:40.249000+00:00,,4.75,Deduru Oya,Moragaswewa,a3eee12e-6cee-49c7-8792-9e4c6df05ef3,7,6,1473722,0,0.03
2026-08-11T11:32:33.967000+00:00,,2026-08-11T11:32:33.967000+00:00,,3,Mahaweli Ganga,Manampitiya,97fc41a9-a9f8-44d3-96cb-fce6f26c2c94,6,4.3,1473721,0,-0.02
2026-08-11T11:32:22.974000+00:00,,2026-08-11T11:32:22.974000+00:00,,15,Kelani Ganga,Glencourse,5c4678eb-f16e-49c9-b7e4-958244bc58ab,19,15.5,1473720,0,10.35
2026-08-11T11:32:20.625000+00:00,,2026-08-11T11:32:20.625000+00:00,,5.2,Kalu Ganga,Rathnapura,92e056e8-4698-4fa6-88c9-c11db97a95fc,9.5,7.5,1473719,1.5,1.6
2026-08-11T11:32:20.247000+00:00,,2026-08-11T11:32:20.247000+00:00,,4.8,Kelani Ganga,Deraniyagala,ea13f0fc-2fe7-430c-94bc-eb45daace241,7,5.8,1473718,0,0.92
2026-08-11T11:32:13.722000+00:00,,2026-08-11T11:32:13.722000+00:00,,4,Ma Oya,Yaka Wewa,390598b4-1ef5-4cf6-b104-2c06fbcebe97,6,5,1473717,0,0.41
2026-08-11T11:32:11.486000+00:00,,2026-08-11T11:32:11.486000+00:00,,3.3,Aththanagalu Oya,Dunamale,74a98fc0-30a0-46af-a6a6-356fb84978be,5.5,4.4,1473716,0,0.66
2026-08-11T11:31:26.039000+00:00,,2026-08-11T11:31:26.039000+00:00,,4.4,Kirindi Oya,Wellawaya,08e4da31-f62b-4108-b668-f10e096c29e6,5.9,5.4,1473715,0,0.65
2026-08-11T11:31:21.224000+00:00,,2026-08-11T11:31:21.224000+00:00,,3,Kalu Ganga,Putupaula,790da769-be38-4ed8-9384-00025e81f741,5,4,1473714,4.5,0.77
2026-08-11T11:31:16.102000+00:00,,2026-08-11T11:31:16.102000+00:00,,10,Kalu Ganga,Ellagawa,82deb7e6-e27a-42c5-9900-35db87777c4b,12.2,10.7,1473713,1,5.28
2026-08-11T11:31:13.087000+00:00,,2026-08-11T11:31:13.087000+00:00,,4,Kalu Ganga,Magura,dff17667-e83d-4915-820f-e4ee29e3e2d0,7.5,6,1473712,0,1.52
2026-08-11T11:31:09.785000+00:00,,2026-08-11T11:31:09.785000+00:00,,4,Kirindi Oya,Thanamalwila,11df9bd0-d274-423f-a81c-384f200065b7,5.5,5,1473711,0,0.38
2026-08-11T11:31:05.670000+00:00,,2026-08-11T11:31:05.670000+00:00,,6,Yan Oya,Horowpothana,e81d2374-eb0f-4a3c-94af-302631002e74,10.5,7.5,1473710,0,1.67
2026-08-11T11:30:59.084000+00:00,,2026-08-11T11:30:59.084000+00:00,,,Gal Oya,Ampara,562b5dc7-fa2e-48d2-9023-4746cd17a5db,,,1473709,0,0
2026-08-11T11:30:54.926000+00:00,,2026-08-11T11:30:54.926000+00:00,,5,Malwathu Oya,Thanthirimale,a1bfdebd-7af0-4f97-89db-ffdb3f7e9857,7.8,6.8,1473708,0,0.95
2026-08-11T11:30:40.503000+00:00,,2026-08-11T11:30:40.503000+00:00,,6.9,Kirindi Oya,Kuda Oya,f59e7881-6bca-407a-9756-aed2460734ed,8.8,8.4,1473707,0,0.93
2026-08-11T11:12:41.971000+00:00,,2026-08-11T11:12:41.971000+00:00,,4,Nilwala Ganga,Pitabeddara,9f9d5035-892b-49b3-a6cd-9cc19e9f103e,6.5,5,1473706,0,0.65
2026-08-11T10:48:06.327000+00:00,,2026-08-11T10:48:06.327000+00:00,,5,Kumbukkan Oya,Nakkala,a4ab88af-9134-414b-96cd-d448bbcf633f,7.5,6,1473705,0,0.57
2026-08-11T10:46:36.352000+00:00,,2026-08-11T10:46:36.352000+00:00,,5,Malwathu Oya,Thanthirimale,e2dfd6c9-ef78-40b3-90c2-cf83a3a963fa,7.8,6.8,1473704,0,0.96
2026-08-11T10:44:50.044000+00:00,,2026-08-11T10:44:50.044000+00:00,,2.5,Nilwala Ganga,Urawa,8b2e565d-3519-4dc7-b7bd-f14f86afc45f,6,4,1473703,0,0.11
2026-08-11T10:43:57.961000+00:00,,2026-08-11T10:43:57.961000+00:00,,5,Nilwala Ganga,Panadugama,4b4f3d76-fa84-4113-9f33-0729bfdb1b53,7.5,6,1473702,0,2.77
2026-08-11T10:43:53.933000+00:00,,2026-08-11T10:43:53.933000+00:00,,4,Kalu Ganga,Magura,fe205eab-c102-48fc-9150-aa24aac266ad,7.5,6,1473701,0,1.53
2026-08-11T10:41:49.813000+00:00,,2026-08-11T10:41:49.813000+00:00,,3.3,Aththanagalu Oya,Dunamale,3c0a8e7b-0f36-46c2-8b43-f2aa67ffb818,5.5,4.4,1473700,0,0.66
2026-08-11T10:39:45.166000+00:00,,2026-08-11T10:39:45.166000+00:00,,4.84,Mee Oya,Galgamuwa,656c3761-afd0-4d64-96bd-a5b956ba4f1c,8,5.94,1473699,0,0.03
2026-08-11T10:38:58.060000+00:00,,2026-08-11T10:38:58.060000+00:00,,5,Mahaweli Ganga,Peradeniya,78fdf86a-7d8e-4196-b17d-60f493ca32d6,9,7,1473698,0,3.39
2026-08-11T10:38:34.604000+00:00,,2026-08-11T10:38:34.604000+00:00,,4,Gin Ganga,Thawalama,8a24c5e0-3276-498e-903f-917a2a0eee80,7.5,6,1473697,0,1.7
2026-08-11T10:37:54.166000+00:00,,2026-08-11T10:37:54.166000+00:00,,5.2,Kalu Ganga,Rathnapura,1cb26cb5-2e06-4b82-9c63-f1eeb33191f1,9.5,7.5,1473696,0.3,1.59
2026-08-11T10:37:37.698000+00:00,,2026-08-11T10:37:37.698000+00:00,,3.5,Gin Ganga,Baddegama,90062545-52e5-402b-abca-eadbd32f21f5,5,4,1473695,0,1.6
2026-08-11T10:36:20.955000+00:00,,2026-08-11T10:36:20.955000+00:00,,3,Kalu Ganga,Putupaula,61e72702-f27a-40f9-b5f0-b0da9146416a,5,4,1473694,0,0.82
2026-08-11T10:34:44.455000+00:00,,2026-08-11T10:34:44.455000+00:00,,15,Kelani Ganga,Glencourse,c11a65b7-51c0-47f4-aa94-ee5902392c2c,19,15.5,1473693,0,10.34
2026-08-11T10:34:34.745000+00:00,,2026-08-11T10:34:34.745000+00:00,,4.8,Kelani Ganga,Deraniyagala,e5b87f26-148f-4e08-8ccd-f49d906d40d0,7,5.8,1473692,2.1,0.92
2026-08-11T10:34:06.001000+00:00,,2026-08-11T10:34:06.001000+00:00,,6.5,Kelani Ganga,Hanwella,bea65f2f-33ea-47bd-be05-df6bb66a8da5,9.5,7.5,1473691,0,1.89
2026-08-11T10:33:43.580000+00:00,,2026-08-11T10:33:43.580000+00:00,,4,Maduru Oya,Padiyathalawa,45e99b4e-172e-4849-8eef-36c396bdcf74,6,4.5,1473690,0,0.05
2026-08-11T10:33:42.056000+00:00,,2026-08-11T10:33:42.056000+00:00,,3,Walawe Ganga,Moraketiya,57eb4ea4-9987-4667-8bae-5a7d64a9ecc0,7,5,1473689,0,0.76
2026-08-11T10:33:33.250000+00:00,,2026-08-11T10:33:33.250000+00:00,,5,Maha Oya,Badalgama,2ef53287-05d3-45dd-8586-77ff8f3ad09e,9.6,6.2,1473688,0,2.05
2026-08-11T10:33:15.195000+00:00,,2026-08-11T10:33:15.195000+00:00,,4,Menik Ganga,Katharagama,c48c32bd-d17a-4f9b-987e-1922cb753a4e,6.5,4.6,1473687,0,-0.27
2026-08-11T10:33:13.917000+00:00,,2026-08-11T10:33:13.917000+00:00,,4.5,Heda Oya,Siyambalanduwa,450c2034-40d7-42c2-bd0a-1e859988fc63,7,6,1473686,0,0.24
2026-08-11T10:32:56.983000+00:00,,2026-08-11T10:32:56.983000+00:00,,4,Ma Oya,Yaka Wewa,2f9603ac-55b3-4e92-ba2a-821cfdaec300,6,5,1473685,0,0.41
2026-08-11T10:32:54.922000+00:00,,2026-08-11T10:32:54.922000+00:00,,4,Kirindi Oya,Thanamalwila,7e905c8d-6e80-4257-b1c4-5a58c7dd29c0,5.5,5,1473684,0,0.4
2026-08-11T10:32:49.722000+00:00,,2026-08-11T10:32:49.722000+00:00,,3.5,Mahaweli Ganga,Nawalapitiya,a339e757-89f6-44c6-a3de-bf46b3e04e12,6,5,1473683,0,1.66
2026-08-11T10:32:49.335000+00:00,,2026-08-11T10:32:49.335000+00:00,,3,Kelani Ganga,Kithulgala,cc45b299-ec6a-402a-8297-415bb4eb8c2c,6,4,1473682,0,2.02
2026-08-11T10:32:41.265000+00:00,,2026-08-11T10:32:41.265000+00:00,,10,Kalu Ganga,Ellagawa,64ea0ca9-206f-497a-af72-5f13c24c45ef,12.2,10.7,1473681,0,5.3
2026-08-11T10:32:39.622000+00:00,,2026-08-11T10:32:39.622000+00:00,,5,Kalu Ganga,Kalawellawa (Millakanda),d22f6fd6-2f27-4d29-a404-19b6df54dac0,8,6.5,1473680,0,2.79
2026-08-11T10:32:39.549000+00:00,,2026-08-11T10:32:39.549000+00:00,,1.4,Nilwala Ganga,Thalgahagoda,50d17181-dcc0-4272-9643-d104c336e805,2.8,1.7,1473679,0,0.57
2026-08-11T10:32:36.163000+00:00,,2026-08-11T10:32:36.163000+00:00,,4,Kelani Ganga,Nagalagam Street,154e07f3-4639-4a3f-9afa-66f73b1c1661,7,5,1473678,0,1.7
2026-08-11T10:32:33.122000+00:00,,2026-08-11T10:32:33.122000+00:00,,4,Menik Ganga,Katharagama,e1c5beaa-8b5d-4410-9ce5-24ac3388f448,6.5,4.6,1473677,0,-0.27
2026-08-11T10:32:23.609000+00:00,,2026-08-11T10:32:23.609000+00:00,,5,Mahaweli Ganga,Weraganthota,01a1b406-c0a4-4d21-9686-82b423df1434,8,6,1473676,0,-3.2
2026-08-11T10:32:18.794000+00:00,,2026-08-11T10:32:18.794000+00:00,,1.5,Kelani Ganga,Norwood,3183b453-f798-4e0f-a2f7-d0528db7f4cb,4.5,3,1473675,0,0.81
2026-08-11T10:32:11.495000+00:00,,2026-08-11T10:32:11.495000+00:00,,3,Kelani Ganga,Holombuwa,40f074f5-1aa2-4a75-8e02-cfff18cdc0d2,5,3.4,1473674,0,0.42
2026-08-11T10:31:42.776000+00:00,,2026-08-11T10:31:42.776000+00:00,,3,Mahaweli Ganga,Thaldena,76e2633e-45e7-4ce1-834d-27055abaff6e,5,4,1473673,0,0.12
2026-08-11T10:31:25.296000+00:00,,2026-08-11T10:31:25.296000+00:00,,4.75,Deduru Oya,Moragaswewa,09aafb4b-d960-4c05-ba97-0d02c34c32f9,7,6,1473672,0,0.03
2026-08-11T10:31:22.873000+00:00,,2026-08-11T10:31:22.873000+00:00,,5.5,Maha Oya,Giriulla,5c6a4543-9346-4191-b631-32f17b1de3c6,7.5,6.5,1473671,0,0.98
2026-08-11T10:31:14.216000+00:00,,2026-08-11T10:31:14.216000+00:00,,6,Yan Oya,Horowpothana,b8f4deac-b285-4822-b204-5e12b50eec0c,10.5,7.5,1473670,0,1.67
2026-08-11T10:31:06.173000+00:00,,2026-08-11T10:31:06.173000+00:00,,4.4,Kirindi Oya,Wellawaya,8ca1ccb7-66ba-440b-9661-d2ea2290b463,5.9,5.4,1473669,0,0.66
2026-08-11T10:31:00.146000+00:00,,2026-08-11T10:31:00.146000+00:00,,6.9,Kirindi Oya,Kuda Oya,555bd973-3f10-45b5-8f3b-4251ead4497d,8.8,8.4,1473668,0,0.92
2026-08-11T10:30:53.446000+00:00,,2026-08-11T10:30:53.446000+00:00,,3,Mahaweli Ganga,Manampitiya,b013fb6f-6b26-4e76-8329-7d926e75a785,6,4.3,1473667,0,-0.02
2026-08-11T10:30:48.304000+00:00,,2026-08-11T10:30:48.304000+00:00,,5,Kumbukkan Oya,Nakkala,421ea6af-8857-4b71-8754-d4c4a4cd19fc,7.5,6,1473666,0,0.57
2026-08-11T10:30:39.001000+00:00,,2026-08-11T10:30:39.001000+00:00,,,Gal Oya,Ampara,257142bd-22cf-43e6-b61f-a49193d1e0b2,,,1473665,0,0
2026-08-11T10:28:00.653000+00:00,,2026-08-11T10:28:00.653000+00:00,,4,Kirindi Oya,Thanamalwila,f6a64a06-69bc-44b0-804e-d372c77141b1,5.5,5,1473664,0,0.92
2026-08-11T09:52:13.705000+00:00,,2026-08-11T09:52:13.705000+00:00,,5,Malwathu Oya,Thanthirimale,a08ce0fa-358f-4d5a-9b0e-6bd64b93abea,7.8,6.8,1473663,0,0.97
2026-08-11T09:41:16.219000+00:00,,2026-08-11T09:41:16.219000+00:00,,4.75,Deduru Oya,Moragaswewa,b72257af-2f39-4b5a-835f-44a2d6b13d41,7,6,1473662,0,0.03
2026-08-11T09:40:25.199000+00:00,,2026-08-11T09:40:25.199000+00:00,,3,Kelani Ganga,Kithulgala,461b4553-f216-4f47-869a-9090fec2e39e,6,4,1473661,0.3,1.97
2026-08-11T09:38:32.170000+00:00,,2026-08-11T09:38:32.170000+00:00,,4,Maduru Oya,Padiyathalawa,43ca96ce-9b06-43e2-83fe-eeb15647bc74,6,4.5,1473660,0,0.05
2026-08-11T09:38:14.333000+00:00,,2026-08-11T09:38:14.333000+00:00,,2.5,Nilwala Ganga,Urawa,4400638d-9816-432f-8d21-bfdf98a50fd5,6,4,1473659,0,0.11
2026-08-11T09:38:08.676000+00:00,,2026-08-11T09:38:08.676000+00:00,,4,Nilwala Ganga,Pitabeddara,06b36b3d-2386-4f9d-9ee7-2c54f688fb3e,6.5,5,1473658,0,0.67
2026-08-11T09:37:27.037000+00:00,,2026-08-11T09:37:27.037000+00:00,,3.5,Gin Ganga,Baddegama,46a1392d-345b-40e0-8fed-06eaebcf9058,5,4,1473657,0,1.61
2026-08-11T09:36:55.119000+00:00,,2026-08-11T09:36:55.119000+00:00,,3,Kelani Ganga,Holombuwa,f4224ee4-41b2-4199-b445-5860602f60bd,5,3.4,1473656,0,0.42
2026-08-11T09:35:30.870000+00:00,,2026-08-11T09:35:30.870000+00:00,,4,Menik Ganga,Katharagama,eecbf0d3-c53c-4183-bc01-9994eed0d396,6.5,4.6,1473655,0,-0.27
2026-08-11T09:34:34.134000+00:00,,2026-08-11T09:34:34.134000+00:00,,4,Kelani Ganga,Nagalagam Street,e7e9e9e2-8b69-4be4-ba1b-69c87787288f,7,5,1473654,0,1.9
2026-08-11T09:34:15.959000+00:00,,2026-08-11T09:34:15.959000+00:00,,5.5,Maha Oya,Giriulla,72753d1e-a93b-4243-8fa1-3bcf744be7cf,7.5,6.5,1473653,0,0.98
2026-08-11T09:34:10.367000+00:00,,2026-08-11T09:34:10.367000+00:00,,6.5,Kelani Ganga,Hanwella,d5dc7729-d4fc-4cbd-99b9-8f6b0929d173,9.5,7.5,1473652,0.7,1.9
2026-08-11T09:34:08.295000+00:00,,2026-08-11T09:34:08.295000+00:00,,4.5,Heda Oya,Siyambalanduwa,c5f4a9ef-3e46-4205-89b5-08e8fa78c3e7,7,6,1473651,0,0.25
2026-08-11T09:34:08.204000+00:00,,2026-08-11T09:34:08.204000+00:00,,4,Kalu Ganga,Magura,2789bceb-702e-49d9-b2e5-1dcf76ac51c2,7.5,6,1473650,0,1.53
2026-08-11T09:33:59.767000+00:00,,2026-08-11T09:33:59.767000+00:00,,3.3,Aththanagalu Oya,Dunamale,181f83bf-3458-4a68-8ef0-7ef74eae6129,5.5,4.4,1473649,0,0.66
2026-08-11T09:33:56.074000+00:00,,2026-08-11T09:33:56.074000+00:00,,5,Nilwala Ganga,Panadugama,3c13d927-bf35-4f0b-b7b9-0a3c5d42a7c7,7.5,6,1473648,0,2.79
2026-08-11T09:33:49.944000+00:00,,2026-08-11T09:33:49.944000+00:00,,4,Gin Ganga,Thawalama,85ee1f48-3db6-4562-99a9-aa303f02705a,7.5,6,1473647,0,1.59
2026-08-11T09:33:30.758000+00:00,,2026-08-11T09:33:30.758000+00:00,,15,Kelani Ganga,Glencourse,991c31df-0c48-4a1a-94af-875fe8d12f01,19,15.5,1473646,4,10.35
2026-08-11T09:33:29.246000+00:00,,2026-08-11T09:33:29.246000+00:00,,3,Kalu Ganga,Putupaula,b9391239-d5cb-444c-ad3a-209d6e66ed15,5,4,1473645,0,0.83
2026-08-11T09:33:27.352000+00:00,,2026-08-11T09:33:27.352000+00:00,,3,Walawe Ganga,Moraketiya,cef3bf8f-cfd5-4e58-afcb-410e8a329ca5,7,5,1473644,0,0.8
2026-08-11T09:33:17.551000+00:00,,2026-08-11T09:33:17.551000+00:00,,5,Maha Oya,Badalgama,cad667b4-5261-47bd-9f73-5284231b827e,9.6,6.2,1473643,0,2.06
2026-08-11T09:33:12.868000+00:00,,2026-08-11T09:33:12.868000+00:00,,4,Kirindi Oya,Thanamalwila,f60d8f41-2958-47a9-87b7-734139d96f93,5.5,5,1473642,0,0.43
2026-08-11T09:33:09.571000+00:00,,2026-08-11T09:33:09.571000+00:00,,4.84,Mee Oya,Galgamuwa,f040d9c8-cd42-4c15-a3c5-9eb5764abf3f,8,5.94,1473641,0,0.03
2026-08-11T09:33:07.909000+00:00,,2026-08-11T09:33:07.909000+00:00,,5,Mahaweli Ganga,Peradeniya,9b1e2997-60f4-45d9-a364-2ef114b51178,9,7,1473640,0,3.4
2026-08-11T09:32:58.213000+00:00,,2026-08-11T09:32:58.213000+00:00,,5.2,Kalu Ganga,Rathnapura,bc284734-0a68-4f9b-b8f0-2e80fb5bdd58,9.5,7.5,1473639,0,1.62
2026-08-11T09:32:57.845000+00:00,,2026-08-11T09:32:57.845000+00:00,,1.5,Kelani Ganga,Norwood,82c6820d-2770-4789-82b6-714746719343,4.5,3,1473638,0,0.82
2026-08-11T09:32:24.699000+00:00,,2026-08-11T09:32:24.699000+00:00,,4.8,Kelani Ganga,Deraniyagala,16719420-9b60-4a02-b08b-40104cdfb11d,7,5.8,1473637,6.5,0.92
2026-08-11T09:32:09.203000+00:00,,2026-08-11T09:32:09.203000+00:00,,5,Kalu Ganga,Kalawellawa (Millakanda),270c8cf2-db55-417b-b926-3a9bcb5d98d0,8,6.5,1473636,0,2.79
2026-08-11T09:31:50.857000+00:00,,2026-08-11T09:31:50.857000+00:00,,4.75,Deduru Oya,Moragaswewa,12b16701-affa-46cd-a466-67a9ad9811e4,7,6,1473635,0,0.04
2026-08-11T09:31:49.699000+00:00,,2026-08-11T09:31:49.699000+00:00,,1.4,Nilwala Ganga,Thalgahagoda,4b4e18bd-ba68-47b3-8af9-9eb771b43b46,2.8,1.7,1473634,0,0.53
2026-08-11T09:31:49.525000+00:00,,2026-08-11T09:31:49.525000+00:00,,3.5,Mahaweli Ganga,Nawalapitiya,8d562e92-3b06-4b13-9b2a-f5f91416172e,6,5,1473633,0.5,1.67
2026-08-11T09:31:35.006000+00:00,,2026-08-11T09:31:35.006000+00:00,,4,Ma Oya,Yaka Wewa,26948a3f-a3b1-49b7-bb85-83e94830de69,6,5,1473632,0,0.41
2026-08-11T09:31:32.829000+00:00,,2026-08-11T09:31:32.829000+00:00,,5,Mahaweli Ganga,Weraganthota,6bde9412-516e-4b7d-912b-2bf2cd27a037,8,6,1473631,0,-3.13
2026-08-11T09:31:32.691000+00:00,,2026-08-11T09:31:32.691000+00:00,,3,Mahaweli Ganga,Thaldena,a8c86464-273b-424c-8fdd-7a28071805ac,5,4,1473630,0,0.11
2026-08-11T09:31:14.938000+00:00,,2026-08-11T09:31:14.938000+00:00,,10,Kalu Ganga,Ellagawa,94a7f68c-d2f6-4d72-b318-9d9b5ed9d451,12.2,10.7,1473629,0,5.32
2026-08-11T09:31:07.208000+00:00,,2026-08-11T09:31:07.208000+00:00,,3,Mahaweli Ganga,Manampitiya,1e59ad40-fcc2-42f9-bce4-107c947dea60,6,4.3,1473628,0,-0.01
2026-08-11T09:31:05.623000+00:00,,2026-08-11T09:31:05.623000+00:00,,3,Mahaweli Ganga,Manampitiya,b9d81e11-6895-4321-afdf-a7861fe46bea,6,4.3,1473627,0,-0.01
2026-08-11T09:30:43.477000+00:00,,2026-08-11T09:30:43.477000+00:00,,4.4,Kirindi Oya,Wellawaya,d1b8fdc8-ecee-4b86-88fe-16da3bafcaf1,5.9,5.4,1473626,0,0.66
2026-08-11T09:30:41.472000+00:00,,2026-08-11T09:30:41.472000+00:00,,,Gal Oya,Ampara,7dcf1754-d752-4fa7-9da9-5086e6ffe185,,,1473625,0,0
2026-08-11T09:30:26.050000+00:00,,2026-08-11T09:30:26.050000+00:00,,5,Kumbukkan Oya,Nakkala,674c8fd4-7b2b-4792-b40a-58fef1d0b436,7.5,6,1473624,0,0.57
2026-08-11T09:30:03.360000+00:00,,2026-08-11T09:30:03.360000+00:00,,6,Yan Oya,Horowpothana,cddbaea9-f1d8-4f4f-81ea-224ec065e50a,10.5,7.5,1473623,0,1.67
2026-08-11T09:18:39.183000+00:00,,2026-08-11T09:18:39.183000+00:00,,4,Nilwala Ganga,Pitabeddara,e55b4cce-9d38-4468-b83e-5c817875486f,6.5,5,1473622,0,0.69
2026-08-11T08:42:29.203000+00:00,,2026-08-11T08:42:29.203000+00:00,,4,Kalu Ganga,Magura,a3544b6e-0064-4e70-99a0-9883916c2b3e,7.5,6,1473621,0,1.54
2026-08-11T08:40:23.157000+00:00,,2026-08-11T08:40:23.157000+00:00,,3,Walawe Ganga,Moraketiya,e7c1c7be-bcdf-4de4-aaeb-f7e1c2cf5d95,7,5,1473620,0,0.79
2026-08-11T08:39:54.588000+00:00,,2026-08-11T08:39:54.588000+00:00,,4,Maduru Oya,Padiyathalawa,276a27f7-cd05-44f5-a9e0-890f42893e85,6,4.5,1473619,0,0.05
2026-08-11T08:38:45.905000+00:00,,2026-08-11T08:38:45.905000+00:00,,5.2,Kalu Ganga,Rathnapura,14059a38-730e-4289-8791-73dfa86936ca,9.5,7.5,1473618,0,1.63
2026-08-11T08:37:59.111000+00:00,,2026-08-11T08:37:59.111000+00:00,,4,Menik Ganga,Katharagama,3bc147ec-2c83-4e93-8fb8-908bd4778147,6.5,4.6,1473617,0,-0.27
2026-08-11T08:37:32.653000+00:00,,2026-08-11T08:37:32.653000+00:00,,5,Mahaweli Ganga,Peradeniya,c75dfb1e-a259-4092-9728-b4ca3f6d990b,9,7,1473616,0,3.4
2026-08-11T08:37:29.907000+00:00,,2026-08-11T08:37:29.907000+00:00,,3,Kelani Ganga,Holombuwa,6dce8958-ca2f-4e17-9dcd-0a0000c46dc6,5,3.4,1473615,0,0.43
2026-08-11T08:37:10.308000+00:00,,2026-08-11T08:37:10.308000+00:00,,3.3,Aththanagalu Oya,Dunamale,abb53df5-00bd-49aa-8f03-5582a07d00d5,5.5,4.4,1473614,0,0.66
2026-08-11T08:36:38.988000+00:00,,2026-08-11T08:36:38.988000+00:00,,3,Kelani Ganga,Kithulgala,76b16dba-f963-485b-9493-33561b14fab6,6,4,1473613,1.7,2.02
2026-08-11T08:36:00.394000+00:00,,2026-08-11T08:36:00.394000+00:00,,1.4,Nilwala Ganga,Thalgahagoda,84d5b783-40c9-4b6c-8b6e-39bdcd0c1e35,2.8,1.7,1473612,0,0.53
2026-08-11T08:35:35.168000+00:00,,2026-08-11T08:35:35.168000+00:00,,2.5,Nilwala Ganga,Urawa,816cf3ed-cc36-4df4-b9d3-948bfc4f3fc8,6,4,1473611,0,0.11
2026-08-11T08:35:33.943000+00:00,,2026-08-11T08:35:33.943000+00:00,,4,Kelani Ganga,Nagalagam Street,16f2a485-b073-4351-b5ae-64d1b731a1e1,7,5,1473610,0,2.1
2026-08-11T08:35:32.374000+00:00,,2026-08-11T08:35:32.374000+00:00,,3,Walawe Ganga,Moraketiya,3fb5dc09-f3d9-4572-bae1-af2f83f5a60f,7,5,1473609,0,0.79
2026-08-11T08:34:50.061000+00:00,,2026-08-11T08:34:50.061000+00:00,,3,Kalu Ganga,Putupaula,7b0e6833-dcec-4b02-9b9d-b72128d4aa58,5,4,1473608,0,0.84
2026-08-11T08:34:49.417000+00:00,,2026-08-11T08:34:49.417000+00:00,,6.5,Kelani Ganga,Hanwella,ed3bc534-e5b0-403e-ad55-aa4df4a07e44,9.5,7.5,1473607,1.4,1.9
2026-08-11T08:34:36.989000+00:00,,2026-08-11T08:34:36.989000+00:00,,4,Gin Ganga,Thawalama,1ba69897-c3c2-4dcb-9b4f-6b7b43f78f3a,7.5,6,1473606,0,1.51
2026-08-11T08:33:57.880000+00:00,,2026-08-11T08:33:57.880000+00:00,,5,Maha Oya,Badalgama,ed9df41e-5f31-47e0-a7c8-448a86302e90,9.6,6.2,1473605,0,2.06
2026-08-11T08:33:52.851000+00:00,,2026-08-11T08:33:52.851000+00:00,,3.5,Gin Ganga,Baddegama,ecbc14d3-54f6-4e51-abcc-372a23c61458,5,4,1473604,0,1.63
2026-08-11T08:33:13.868000+00:00,,2026-08-11T08:33:13.868000+00:00,,5,Kalu Ganga,Kalawellawa (Millakanda),edcbdf03-d850-4b2f-89a2-8deb50bb16c3,8,6.5,1473603,0,2.79
2026-08-11T08:33:09.218000+00:00,,2026-08-11T08:33:09.218000+00:00,,4.8,Kelani Ganga,Deraniyagala,038a6a16-c059-4f4e-8ab2-b6595b6b8f75,7,5.8,1473602,1.1,0.91
2026-08-11T08:33:04.438000+00:00,,2026-08-11T08:33:04.438000+00:00,,4.4,Kirindi Oya,Wellawaya,0a1bb7f6-d4df-4244-ae6c-c5174be5aaba,5.9,5.4,1473601,0,0.66
2026-08-11T08:33:03.871000+00:00,,2026-08-11T08:33:03.871000+00:00,,15,Kelani Ganga,Glencourse,d5accaee-d43f-431d-b5c1-65b82eb25162,19,15.5,1473600,1.3,10.37
2026-08-11T08:33:00.478000+00:00,,2026-08-11T08:33:00.478000+00:00,,5,Nilwala Ganga,Panadugama,f0696e23-76b6-4d98-8fd5-bb4c2f07e627,7.5,6,1473599,0,2.81
2026-08-11T08:32:14.265000+00:00,,2026-08-11T08:32:14.265000+00:00,,4.84,Mee Oya,Galgamuwa,8366a606-bb1e-4947-8d46-a7d493b05ba3,8,5.94,1473598,0,0.03
2026-08-11T08:32:12.393000+00:00,,2026-08-11T08:32:12.393000+00:00,,3,Mahaweli Ganga,Thaldena,631b6f0b-fcf1-4203-8871-e07c2eb82cb1,5,4,1473597,0,0.09
2026-08-11T08:31:58.841000+00:00,,2026-08-11T08:31:58.841000+00:00,,4.75,Deduru Oya,Moragaswewa,99388b42-292b-453a-b252-1285ed9febde,7,6,1473596,0,0.04
2026-08-11T08:31:52.770000+00:00,,2026-08-11T08:31:52.770000+00:00,,4,Kirindi Oya,Thanamalwila,7d6dfe87-0847-4aa0-8686-5d07f829dbcf,5.5,5,1473595,0,0.43
2026-08-11T08:31:49.679000+00:00,,2026-08-11T08:31:49.679000+00:00,,6,Yan Oya,Horowpothana,db77fa90-4d81-4d31-a7e1-41c191215acb,10.5,7.5,1473594,0,1.67
2026-08-11T08:31:39.344000+00:00,,2026-08-11T08:31:39.344000+00:00,,1.5,Kelani Ganga,Norwood,012215f7-b286-4478-832b-3fda9ea9720e,4.5,3,1473593,0,0.82
2026-08-11T08:31:36.684000+00:00,,2026-08-11T08:31:36.684000+00:00,,4,Ma Oya,Yaka Wewa,40eab71c-629f-4fa0-9ccc-51d30d8817c2,6,5,1473592,0,0.41
2026-08-11T08:31:34.748000+00:00,,2026-08-11T08:31:34.748000+00:00,,5.5,Maha Oya,Giriulla,9411c437-762e-4762-9f62-d14e99d102a6,7.5,6.5,1473591,0,0.98
2026-08-11T08:31:28.628000+00:00,,2026-08-11T08:31:28.628000+00:00,,5,Mahaweli Ganga,Weraganthota,5134f88f-bfbd-456c-bf12-052f53b45bf2,8,6,1473590,0,-3.05
2026-08-11T08:31:26.283000+00:00,,2026-08-11T08:31:26.283000+00:00,,5,Malwathu Oya,Thanthirimale,d59e8ca0-cb49-4bd2-95de-473c337eb71f,7.8,6.8,1473589,0,0.97
2026-08-11T08:31:11.459000+00:00,,2026-08-11T08:31:11.459000+00:00,,10,Kalu Ganga,Ellagawa,efe1436d-f424-4f3f-81ed-3cbefed5ce03,12.2,10.7,1473588,0,5.35
2026-08-11T08:31:05.658000+00:00,,2026-08-11T08:31:05.658000+00:00,,6.9,Kirindi Oya,Kuda Oya,27d5d697-1d8b-4f51-a37f-eedee7bfc2c7,8.8,8.4,1473587,0,0.92
2026-08-11T08:30:56.551000+00:00,,2026-08-11T08:30:56.551000+00:00,,3.5,Mahaweli Ganga,Nawalapitiya,e046f18d-db6b-4fd5-a11d-f1ef124c3d2e,6,5,1473586,0,1.68
2026-08-11T08:30:42.168000+00:00,,2026-08-11T08:30:42.168000+00:00,,,Gal Oya,Ampara,15a3db04-5adf-4cf5-baaf-0bcb7af4a642,,,1473585,0,0
2026-08-11T08:30:35.084000+00:00,,2026-08-11T08:30:35.084000+00:00,,3,Mahaweli Ganga,Manampitiya,22521c6e-6684-4a96-b482-172a781f112a,6,4.3,1473584,0,-0.01
2026-08-11T08:30:09.778000+00:00,,2026-08-11T08:30:09.778000+00:00,,5,Kumbukkan Oya,Nakkala,631fb5d8-e3ac-45e4-8d87-ae7a2cf5393e,7.5,6,1473583,0,0.57
2026-08-11T08:30:06.075000+00:00,,2026-08-11T08:30:06.075000+00:00,,4.5,Heda Oya,Siyambalanduwa,0081bc66-557f-4977-9de4-8fc4ca05541c,7,6,1473582,0,0.25
2026-08-11T08:07:01.774000+00:00,,2026-08-11T08:07:01.774000+00:00,,5,Nilwala Ganga,Panadugama,2d952ec8-7758-4ce7-bea3-b5d43dfce4be,7.5,6,1473581,0,2.83
2026-08-11T08:00:21.221000+00:00,,2026-08-11T08:00:21.221000+00:00,,4,Gin Ganga,Thawalama,4a74c7f1-0482-446e-a5d7-f7db27c5e1e9,7.5,6,1473580,0,1.55
2026-08-11T07:57:46.819000+00:00,,2026-08-11T07:57:46.819000+00:00,,2.5,Nilwala Ganga,Urawa,c660bab9-488d-4851-946d-3c43f1a119de,6,4,1473579,0,0.12
2026-08-11T07:41:00.963000+00:00,,2026-08-11T07:41:00.963000+00:00,,4,Nilwala Ganga,Pitabeddara,57e850d8-ecd9-469d-a059-75b09f033c0d,6.5,5,1473578,0,0.7
2026-08-11T07:40:29.376000+00:00,,2026-08-11T07:40:29.376000+00:00,,4.5,Heda Oya,Siyambalanduwa,8eeb28ee-cb59-41b1-a50b-6e3a5e76eb39,7,6,1473577,0,0.25
2026-08-11T07:39:52.777000+00:00,,2026-08-11T07:39:52.777000+00:00,,3.5,Gin Ganga,Baddegama,a197ded6-031e-44ca-84ae-bb4521bc96e9,5,4,1473576,0,1.65
2026-08-11T07:39:20.848000+00:00,,2026-08-11T07:39:20.848000+00:00,,4,Maduru Oya,Padiyathalawa,bbf87c4e-37b2-4e2a-9e24-4eca878e09ac,6,4.5,1473575,0,0.05
2026-08-11T07:38:10.491000+00:00,,2026-08-11T07:38:10.491000+00:00,,5.2,Kalu Ganga,Rathnapura,fd1a7104-419e-4318-8251-f6b27d57754e,9.5,7.5,1473574,0,1.67
2026-08-11T07:36:01.885000+00:00,,2026-08-11T07:36:01.885000+00:00,,15,Kelani Ganga,Glencourse,7f9674e3-99ad-4ddb-b7a7-4dccee13aac2,19,15.5,1473573,0,10.42
2026-08-11T07:35:25.518000+00:00,,2026-08-11T07:35:25.518000+00:00,,4,Kalu Ganga,Magura,4b158a1f-35e4-4ee7-9384-f061287f8715,7.5,6,1473572,0,1.55
2026-08-11T07:35:13.831000+00:00,,2026-08-11T07:35:13.831000+00:00,,3,Walawe Ganga,Moraketiya,d5a800cf-287b-47f6-a36f-7ca621199f0d,7,5,1473571,0,0.78
2026-08-11T07:34:59.697000+00:00,,2026-08-11T07:34:59.697000+00:00,,1.4,Nilwala Ganga,Thalgahagoda,ee8f1098-9a10-4577-87b5-2958d63102cb,2.8,1.7,1473570,0,0.52
2026-08-11T07:34:48.484000+00:00,,2026-08-11T07:34:48.484000+00:00,,3,Kelani Ganga,Holombuwa,ca29cb79-6f5c-4770-85df-9ce2181c9839,5,3.4,1473569,0,0.44
2026-08-11T07:34:26.157000+00:00,,2026-08-11T07:34:26.157000+00:00,,3.3,Aththanagalu Oya,Dunamale,89b50cba-de25-484e-9511-e7870b676a47,5.5,4.4,1473568,0,0.66
2026-08-11T07:34:09.990000+00:00,,2026-08-11T07:34:09.990000+00:00,,4,Kelani Ganga,Nagalagam Street,bf9716b9-36a7-4e85-8dc5-bb5f9c582c4e,7,5,1473567,0,2.2
2026-08-11T07:33:56.781000+00:00,,2026-08-11T07:33:56.781000+00:00,,3,Kelani Ganga,Holombuwa,3b10667e-1265-41ae-a437-83120d3f5745,5,3.4,1473566,0,0.44
2026-08-11T07:33:45.704000+00:00,,2026-08-11T07:33:45.704000+00:00,,3,Kalu Ganga,Putupaula,57dd9e1b-c72f-493f-b140-1d032279c9ab,5,4,1473565,0,0.74
2026-08-11T07:33:45.037000+00:00,,2026-08-11T07:33:45.037000+00:00,,3,Kelani Ganga,Kithulgala,fe19da69-84e0-4fda-be97-eb06df8e5cd0,6,4,1473564,0,2.16
2026-08-11T07:33:38.502000+00:00,,2026-08-11T07:33:38.502000+00:00,,5,Maha Oya,Badalgama,eaf4ccac-a96d-4326-ba15-f0ad6b1ca3e3,9.6,6.2,1473563,0,2.07
2026-08-11T07:33:38.160000+00:00,,2026-08-11T07:33:38.160000+00:00,,1.5,Kelani Ganga,Norwood,5d9e9530-e27e-44e0-94ff-3ee8b3859c08,4.5,3,1473562,0,0.83
2026-08-11T07:33:15.331000+00:00,,2026-08-11T07:33:15.331000+00:00,,6.5,Kelani Ganga,Hanwella,1289116e-6214-4f99-a6a3-fecf0a66c7a9,9.5,7.5,1473561,0,1.9
2026-08-11T07:32:57.227000+00:00,,2026-08-11T07:32:57.227000+00:00,,5,Kalu Ganga,Kalawellawa (Millakanda),1c613d82-83e2-4f3f-9acc-534a9c642130,8,6.5,1473560,0,2.79
2026-08-11T07:32:53.010000+00:00,,2026-08-11T07:32:53.010000+00:00,,3,Mahaweli Ganga,Thaldena,dde7e754-26e5-4009-b8e3-3fd790398006,5,4,1473559,0,0.12
2026-08-11T07:32:21.202000+00:00,,2026-08-11T07:32:21.202000+00:00,,4,Kirindi Oya,Thanamalwila,23b2b6da-1f2b-4673-8a03-f19370634ba5,5.5,5,1473558,0,0.43
2026-08-11T07:32:19.954000+00:00,,2026-08-11T07:32:19.954000+00:00,,5,Mahaweli Ganga,Peradeniya,3c58d9af-921f-4dfd-a00d-961dfd4147a1,9,7,1473557,0,3.4
2026-08-11T07:32:07.206000+00:00,,2026-08-11T07:32:07.206000+00:00,,4.75,Deduru Oya,Moragaswewa,3def2190-6291-4c7a-9be0-ac6e036784eb,7,6,1473556,0,0.03
2026-08-11T07:32:06.431000+00:00,,2026-08-11T07:32:06.431000+00:00,,4,Ma Oya,Yaka Wewa,997624e9-1d55-4d3f-aa23-0344f4eac15f,6,5,1473555,0,0.41
2026-08-11T07:31:56.475000+00:00,,2026-08-11T07:31:56.475000+00:00,,6.9,Kirindi Oya,Kuda Oya,1290a1ec-fa5e-4f09-94e9-c8a36560e38b,8.8,8.4,1473554,0,0.92
2026-08-11T07:31:56.335000+00:00,,2026-08-11T07:31:56.335000+00:00,,10,Kalu Ganga,Ellagawa,ce1dd320-7d95-46e8-86a0-176e8a362f0a,12.2,10.7,1473553,0,5.38
2026-08-11T07:31:53.748000+00:00,,2026-08-11T07:31:53.748000+00:00,,5,Mahaweli Ganga,Weraganthota,f35b8ff0-fccf-44d6-92ad-9a8cf70bf288,8,6,1473552,0,-3.01
2026-08-11T07:31:44.445000+00:00,,2026-08-11T07:31:44.445000+00:00,,4.4,Kirindi Oya,Wellawaya,d18f7b32-a7a4-4045-8b91-d62c042c38f5,5.9,5.4,1473551,0,0.67
2026-08-11T07:31:37.766000+00:00,,2026-08-11T07:31:37.766000+00:00,,,Gal Oya,Ampara,eba7bfaa-f50d-4dc2-8af2-0f784de630fe,,,1473550,0,0
2026-08-11T07:31:35.605000+00:00,,2026-08-11T07:31:35.605000+00:00,,5.5,Maha Oya,Giriulla,eafb2f54-a104-4dff-b6bb-1305a74f2315,7.5,6.5,1473549,0,0.98
2026-08-11T07:31:35.481000+00:00,,2026-08-11T07:31:35.481000+00:00,,4,Menik Ganga,Katharagama,6860c44a-534a-438d-ac0e-494459fb2d75,6.5,4.6,1473548,0,-0.27
2026-08-11T07:31:34.334000+00:00,,2026-08-11T07:31:34.334000+00:00,,3.5,Mahaweli Ganga,Nawalapitiya,0dba8963-b75e-43bc-ae26-0c48802abe19,6,5,1473547,0.6,1.68
2026-08-11T07:31:21.433000+00:00,,2026-08-11T07:31:21.433000+00:00,,4.8,Kelani Ganga,Deraniyagala,9ebdd12e-afa0-4cf1-8521-c29b4a56e85a,7,5.8,1473546,0,0.91
2026-08-11T07:31:15.802000+00:00,,2026-08-11T07:31:15.802000+00:00,,3,Mahaweli Ganga,Manampitiya,cf701ba0-da7e-4d35-a590-fce37df1ed1f,6,4.3,1473545,0,-0.02
2026-08-11T07:31:07.815000+00:00,,2026-08-11T07:31:07.815000+00:00,,6,Yan Oya,Horowpothana,c31bc90b-39af-4934-92f4-5323925f89c5,10.5,7.5,1473544,0,1.67
2026-08-11T07:31:04.903000+00:00,,2026-08-11T07:31:04.903000+00:00,,5,Malwathu Oya,Thanthirimale,ee9ac770-d813-439a-bd23-ff39de182bcd,7.8,6.8,1473543,0,0.97
2026-08-11T07:30:07.913000+00:00,,2026-08-11T07:30:07.913000+00:00,,5,Kumbukkan Oya,Nakkala,6ec89c1a-6608-44db-a422-12db96d1b26a,7.5,6,1473542,0,0.57
2026-08-11T07:07:46.151000+00:00,,2026-08-11T07:07:46.151000+00:00,,2.5,Nilwala Ganga,Urawa,cf583511-1153-408e-81a7-9386c6ebb9e9,6,4,1473541,0,0.12
2026-08-11T06:52:34.585000+00:00,,2026-08-11T06:52:34.585000+00:00,,5.5,Maha Oya,Giriulla,c7c5626c-10f9-466d-986e-a39e7a822224,7.5,6.5,1473540,0,0.98
2026-08-11T06:41:32.350000+00:00,,2026-08-11T06:41:32.350000+00:00,,5,Nilwala Ganga,Panadugama,8e3ba9f8-2976-48c9-8d2b-c19443f426f4,7.5,6,1473539,0,2.86
2026-08-11T06:41:27.387000+00:00,,2026-08-11T06:41:27.387000+00:00,,4,Nilwala Ganga,Pitabeddara,0b23bfe0-fa30-4c62-b1e0-b339560e6cf7,6.5,5,1473538,0,0.73
2026-08-11T06:39:40.593000+00:00,,2026-08-11T06:39:40.593000+00:00,,1.4,Nilwala Ganga,Thalgahagoda,c3df717e-483a-4da3-8550-5709d22ca73e,2.8,1.7,1473537,0,0.5
2026-08-11T06:37:47.371000+00:00,,2026-08-11T06:37:47.371000+00:00,,3,Kalu Ganga,Putupaula,6baaa844-a46c-4f0c-b825-3745b11ddc61,5,4,1473536,0,0.62
2026-08-11T06:37:33.802000+00:00,,2026-08-11T06:37:33.802000+00:00,,5.5,Maha Oya,Giriulla,af48d552-c9ab-4a39-8fc1-d0ad6f40642c,7.5,6.5,1473535,0,0.98
2026-08-11T06:37:05.140000+00:00,,2026-08-11T06:37:05.140000+00:00,,3,Kelani Ganga,Holombuwa,b29a70b0-7b30-4788-b1c5-676a0965115f,5,3.4,1473534,0,0.44
2026-08-11T06:36:36.906000+00:00,,2026-08-11T06:36:36.906000+00:00,,3,Kelani Ganga,Kithulgala,52e5028e-6636-4897-a7b8-efbe73f6e485,6,4,1473533,0,2.19
2026-08-11T06:35:29.049000+00:00,,2026-08-11T06:35:29.049000+00:00,,1.5,Kelani Ganga,Norwood,a71a02aa-4201-4028-b49c-374b7cad9bad,4.5,3,1473532,0,0.83
2026-08-11T06:35:14.409000+00:00,,2026-08-11T06:35:14.409000+00:00,,3,Walawe Ganga,Moraketiya,350649ac-6d19-4a7e-9244-8403e28d324f,7,5,1473531,0,0.75
2026-08-11T06:34:48.823000+00:00,,2026-08-11T06:34:48.823000+00:00,,3.3,Aththanagalu Oya,Dunamale,8213d053-e779-4a3f-8ab3-33e1cf7d55ff,5.5,4.4,1473530,0,0.66
2026-08-11T06:34:48.133000+00:00,,2026-08-11T06:34:48.133000+00:00,,4,Kalu Ganga,Magura,b91cf5e4-7d2a-40ea-a76e-e62727e1a838,7.5,6,1473529,0,1.55
2026-08-11T06:34:35.983000+00:00,,2026-08-11T06:34:35.983000+00:00,,3.5,Gin Ganga,Baddegama,b8568e04-b001-4921-a6eb-e3d8230fd783,5,4,1473528,0,1.67
2026-08-11T06:34:32.570000+00:00,,2026-08-11T06:34:32.570000+00:00,,4.8,Kelani Ganga,Deraniyagala,7eacc685-b815-47b5-828c-0d76ea5dfde6,7,5.8,1473527,4.1,0.9
2026-08-11T06:34:25.148000+00:00,,2026-08-11T06:34:25.148000+00:00,,4,Gin Ganga,Thawalama,5668606c-c921-429c-a20d-4685d49d52fb,7.5,6,1473526,0,1.58
2026-08-11T06:33:59.488000+00:00,,2026-08-11T06:33:59.488000+00:00,,5.2,Kalu Ganga,Rathnapura,daf7d053-5d87-49b2-9c77-f1dbbb8eb92f,9.5,7.5,1473525,0,1.72
2026-08-11T06:33:51.868000+00:00,,2026-08-11T06:33:51.868000+00:00,,4,Maduru Oya,Padiyathalawa,f5956737-6156-4e98-a7d9-3289137cb27d,6,4.5,1473524,0,0.05
2026-08-11T06:33:51.801000+00:00,,2026-08-11T06:33:51.801000+00:00,,4,Kirindi Oya,Thanamalwila,df080476-0436-4a9a-9e7a-abe5bb673824,5.5,5,1473523,0,0.92
2026-08-11T06:33:25.447000+00:00,,2026-08-11T06:33:25.447000+00:00,,15,Kelani Ganga,Glencourse,3a1bc014-f7ee-4f7b-a773-cad78f73f1b7,19,15.5,1473522,0.5,10.44
2026-08-11T06:33:23.436000+00:00,,2026-08-11T06:33:23.436000+00:00,,6.5,Kelani Ganga,Hanwella,7bc5659e-a6a5-4d66-a90e-55dd4b7d3929,9.5,7.5,1473521,0,1.89
2026-08-11T06:33:16.363000+00:00,,2026-08-11T06:33:16.363000+00:00,,4,Kelani Ganga,Nagalagam Street,2580b30e-0fe5-47b8-871a-51dd7074d422,7,5,1473520,0,1.9
2026-08-11T06:33:01.190000+00:00,,2026-08-11T06:33:01.190000+00:00,,4,Menik Ganga,Katharagama,e29ff96c-c5bf-4cad-838e-eac7ed1fbefa,6.5,4.6,1473519,0,-0.27
2026-08-11T06:32:59.313000+00:00,,2026-08-11T06:32:59.313000+00:00,,5,Kalu Ganga,Kalawellawa (Millakanda),3a935d59-ba7e-4611-9ec8-f15f5955f164,8,6.5,1473518,0,2.79
2026-08-11T06:32:49.109000+00:00,,2026-08-11T06:32:49.109000+00:00,,4.75,Deduru Oya,Moragaswewa,ad016322-a22f-4e58-bd9d-08c1b45ab704,7,6,1473517,0,0.03
2026-08-11T06:32:32.204000+00:00,,2026-08-11T06:32:32.204000+00:00,,5,Maha Oya,Badalgama,52995923-fee8-4f5f-8d55-36f7e9123b8f,9.6,6.2,1473516,0,2.07
2026-08-11T06:32:30.253000+00:00,,2026-08-11T06:32:30.253000+00:00,,3,Mahaweli Ganga,Thaldena,1aec9ff5-16bc-4ea7-8b4d-78ea8266ba7f,5,4,1473515,0,0.14
2026-08-11T06:32:26.714000+00:00,,2026-08-11T06:32:26.714000+00:00,,4,Kirindi Oya,Thanamalwila,f791c36c-4276-4e93-8025-9a97d4ef0004,5.5,5,1473514,0,0.44
2026-08-11T06:32:07.002000+00:00,,2026-08-11T06:32:07.002000+00:00,,4.4,Kirindi Oya,Wellawaya,1e01a874-2928-4775-97ac-f1e34c2cce93,5.9,5.4,1473513,0,0.69
2026-08-11T06:32:01.349000+00:00,,2026-08-11T06:32:01.349000+00:00,,3,Mahaweli Ganga,Manampitiya,a571f469-8efd-4b39-99d1-56dc4346fc75,6,4.3,1473512,0,-0.01
2026-08-11T06:31:53.292000+00:00,,2026-08-11T06:31:53.292000+00:00,,4.75,Deduru Oya,Moragaswewa,58eaa717-0a41-4125-bcfd-e529bfad8b02,7,6,1473511,0,0.03
2026-08-11T06:31:40.591000+00:00,,2026-08-11T06:31:40.591000+00:00,,4.84,Mee Oya,Galgamuwa,5df2231a-0cb5-4e1c-b500-8ca2c629dc3c,8,5.94,1473510,0,0.03
2026-08-11T06:31:36.894000+00:00,,2026-08-11T06:31:36.894000+00:00,,4,Ma Oya,Yaka Wewa,b09c8701-d0fc-44d5-b616-f7252a10e33d,6,5,1473509,0,0.41
2026-08-11T06:31:30.555000+00:00,,2026-08-11T06:31:30.555000+00:00,,5,Mahaweli Ganga,Peradeniya,f6fb7139-d681-4e80-8f30-5d52a64d18e2,9,7,1473508,0,3.42
2026-08-11T06:31:29.762000+00:00,,2026-08-11T06:31:29.762000+00:00,,10,Kalu Ganga,Ellagawa,999bb8f3-493f-4c7b-a890-ca20bf239ed1,12.2,10.7,1473507,0,5.4
2026-08-11T06:31:25.986000+00:00,,2026-08-11T06:31:25.986000+00:00,,5,Mahaweli Ganga,Weraganthota,6bc01d3f-48b9-4ec2-997f-c98248e8936b,8,6,1473506,0,-3.03
2026-08-11T06:31:20.700000+00:00,,2026-08-11T06:31:20.700000+00:00,,3.5,Mahaweli Ganga,Nawalapitiya,28f909c8-2c3b-4037-aa30-9bde3dbd5c18,6,5,1473505,0,1.69
2026-08-11T06:30:54.577000+00:00,,2026-08-11T06:30:54.577000+00:00,,,Gal Oya,Ampara,f11a2a14-5305-49cb-b594-5ce25e7fc00d,,,1473504,0,0
2026-08-11T06:30:21.228000+00:00,,2026-08-11T06:30:21.228000+00:00,,6,Yan Oya,Horowpothana,f6994ad6-7a21-4588-97d0-558a8f8a0c83,10.5,7.5,1473503,0,1.67
2026-08-11T06:30:13.453000+00:00,,2026-08-11T06:30:13.453000+00:00,,4.5,Heda Oya,Siyambalanduwa,1f5580f1-6069-40e3-80b9-7a2cf0b91368,7,6,1473502,0,0.25
2026-08-11T06:30:10.745000+00:00,,2026-08-11T06:30:10.745000+00:00,,5,Malwathu Oya,Thanthirimale,891345f9-b8a7-406b-849e-8ff9c0aabe80,7.8,6.8,1473501,0,0.97
2026-08-11T06:30:09.283000+00:00,,2026-08-11T06:30:09.283000+00:00,,5,Kumbukkan Oya,Nakkala,2a6806b5-84b8-48ed-9efa-1d309b77bf5d,7.5,6,1473500,0,0.57
2026-08-11T05:48:24.003000+00:00,,2026-08-11T05:48:24.003000+00:00,,3.3,Aththanagalu Oya,Dunamale,addf553a-49d6-44dd-bbfa-fdaac5ef2c7f,5.5,4.4,1473499,0,0.66
2026-08-11T05:47:55.939000+00:00,,2026-08-11T05:47:55.939000+00:00,,1.4,Nilwala Ganga,Thalgahagoda,4ac260df-ea1d-4580-8df8-b1747b7224c1,2.8,1.7,1473498,0,0.5
2026-08-11T05:43:39.292000+00:00,,2026-08-11T05:43:39.292000+00:00,,4,Nilwala Ganga,Pitabeddara,0f7833d4-2236-41c3-a535-8203b4bfc6c8,6.5,5,1473497,0,0.75
2026-08-11T05:43:38.316000+00:00,,2026-08-11T05:43:38.316000+00:00,,4.5,Heda Oya,Siyambalanduwa,67952a38-e1b2-43ec-8067-2493c1b1dc91,7,6,1473496,0,0.25
2026-08-11T05:42:17.784000+00:00,,2026-08-11T05:42:17.784000+00:00,,6.9,Kirindi Oya,Kuda Oya,03ace79d-4937-401b-99e5-d3c1aadbe47b,8.8,8.4,1473495,0,0.92
2026-08-11T05:38:17.682000+00:00,,2026-08-11T05:38:17.682000+00:00,,5.5,Maha Oya,Giriulla,9613fb96-b7a7-4e22-9ad6-c53ed8804d48,7.5,6.5,1473494,0,0.99
2026-08-11T05:37:46.608000+00:00,,2026-08-11T05:37:46.608000+00:00,,3.5,Gin Ganga,Baddegama,4904e632-2995-460e-b8f3-faea247eb1f5,5,4,1473493,0,1.7
2026-08-11T05:37:37.972000+00:00,,2026-08-11T05:37:37.972000+00:00,,5.2,Kalu Ganga,Rathnapura,1352ff6f-f4d2-4429-98cb-d22640ba8230,9.5,7.5,1473492,3.2,1.74
2026-08-11T05:37:36.981000+00:00,,2026-08-11T05:37:36.981000+00:00,,4,Menik Ganga,Katharagama,d0ec0974-b418-4df4-9a56-8bb75c7242fe,6.5,4.6,1473491,0,-0.27
2026-08-11T05:37:19.556000+00:00,,2026-08-11T05:37:19.556000+00:00,,4,Gin Ganga,Thawalama,10b45f90-a4a8-4328-bb51-e539386d4059,7.5,6,1473490,0,1.61
2026-08-11T05:37:10.434000+00:00,,2026-08-11T05:37:10.434000+00:00,,4,Kalu Ganga,Magura,b7bb19a6-ba3d-4570-a2d3-cf2b3c074732,7.5,6,1473489,0,1.56
2026-08-11T05:37:07.154000+00:00,,2026-08-11T05:37:07.154000+00:00,,4,Kelani Ganga,Nagalagam Street,5dc676fa-89d0-40fb-8497-67d8dd3256c0,7,5,1473488,0,1.6
2026-08-11T05:36:28.477000+00:00,,2026-08-11T05:36:28.477000+00:00,,3,Kelani Ganga,Holombuwa,62b63597-0541-4246-8a06-3ff30d3e2b65,5,3.4,1473487,0,0.46
2026-08-11T05:36:24.028000+00:00,,2026-08-11T05:36:24.028000+00:00,,3,Kalu Ganga,Putupaula,849bb562-8151-4bd4-abcd-0106ea226c7e,5,4,1473486,0,0.59
2026-08-11T05:36:23.271000+00:00,,2026-08-11T05:36:23.271000+00:00,,2.5,Nilwala Ganga,Urawa,3c86accd-e244-4116-9756-c9f645dd4b92,6,4,1473485,0,0.12
2026-08-11T05:35:48.158000+00:00,,2026-08-11T05:35:48.158000+00:00,,5,Mahaweli Ganga,Peradeniya,e8d087ac-e831-40d4-8d1f-12e426fe10fe,9,7,1473484,0,3.37
2026-08-11T05:35:06.254000+00:00,,2026-08-11T05:35:06.254000+00:00,,4.84,Mee Oya,Galgamuwa,6acccfa4-e3b4-4508-93dd-064afe6ecf92,8,5.94,1473483,0,0.03
2026-08-11T05:34:53.463000+00:00,,2026-08-11T05:34:53.463000+00:00,,5,Nilwala Ganga,Panadugama,69a820b7-e58e-4eb2-80fc-f431a58d4e9c,7.5,6,1473482,0,2.89
2026-08-11T05:34:19.335000+00:00,,2026-08-11T05:34:19.335000+00:00,,5,Maha Oya,Badalgama,7698eb9d-128c-4177-bca7-694b89852221,9.6,6.2,1473481,0,2.07
2026-08-11T05:33:39.042000+00:00,,2026-08-11T05:33:39.042000+00:00,,15,Kelani Ganga,Glencourse,212549a5-abf2-446d-8851-7e3d77a14cd1,19,15.5,1473480,0,10.44
2026-08-11T05:33:19.001000+00:00,,2026-08-11T05:33:19.001000+00:00,,4,Maduru Oya,Padiyathalawa,dc856782-2320-4496-8524-e018af5116bf,6,4.5,1473479,0,0.05
2026-08-11T05:33:08.401000+00:00,,2026-08-11T05:33:08.401000+00:00,,6.5,Kelani Ganga,Hanwella,8698433d-2940-4048-93e4-aea960e0711f,9.5,7.5,1473478,0,1.89
2026-08-11T05:33:01.960000+00:00,,2026-08-11T05:33:01.960000+00:00,,4,Ma Oya,Yaka Wewa,0fabfcd7-4d33-4cda-8d33-d826af832980,6,5,1473477,0,0.41
2026-08-11T05:32:59.784000+00:00,,2026-08-11T05:32:59.784000+00:00,,4.8,Kelani Ganga,Deraniyagala,603556ff-84fd-4d4e-a506-5927c1b01f7f,7,5.8,1473476,0,0.9
2026-08-11T05:32:56.013000+00:00,,2026-08-11T05:32:56.013000+00:00,,3,Kelani Ganga,Kithulgala,317472e5-e1db-4cf9-81c8-d8d3b4e287fc,6,4,1473475,0,2.22
2026-08-11T05:32:37.878000+00:00,,2026-08-11T05:32:37.878000+00:00,,6.9,Kirindi Oya,Kuda Oya,225c8eb5-dbdf-482b-8415-2794916d864d,8.8,8.4,1473474,0,0.92
2026-08-11T05:32:34.408000+00:00,,2026-08-11T05:32:34.408000+00:00,,4,Kirindi Oya,Thanamalwila,bbf1bff6-6377-4778-af5a-29a23d16c8d5,5.5,5,1473473,0,0.44
2026-08-11T05:32:23.981000+00:00,,2026-08-11T05:32:23.981000+00:00,,1.5,Kelani Ganga,Norwood,569b54cc-ad28-411d-a0ff-fc64fbf8aed3,4.5,3,1473472,0,0.83
2026-08-11T05:32:21.346000+00:00,,2026-08-11T05:32:21.346000+00:00,,3.5,Mahaweli Ganga,Nawalapitiya,c4181c43-61b0-45b1-a80f-5554edb62ac0,6,5,1473471,0,1.69
2026-08-11T05:32:18.185000+00:00,,2026-08-11T05:32:18.185000+00:00,,5,Kalu Ganga,Kalawellawa (Millakanda),cd81bcd4-a295-4340-b418-c5acd0d18918,8,6.5,1473470,0,2.8
2026-08-11T05:32:11.018000+00:00,,2026-08-11T05:32:11.018000+00:00,,5,Mahaweli Ganga,Weraganthota,d059ab1b-7662-403c-b126-c0e70d1c54a0,8,6,1473469,0,-3.28
2026-08-11T05:31:55.733000+00:00,,2026-08-11T05:31:55.733000+00:00,,3,Walawe Ganga,Moraketiya,4e3ac905-bf3a-4481-a905-dfe1bcfaf88b,7,5,1473468,0,0.73
2026-08-11T05:31:38.933000+00:00,,2026-08-11T05:31:38.933000+00:00,,3,Kalu Ganga,Putupaula,0a9d5056-3b10-4152-9264-fc4b796adcb4,5,4,1473467,4.3,5.42
2026-08-11T05:31:30.291000+00:00,,2026-08-11T05:31:30.291000+00:00,,4.75,Deduru Oya,Moragaswewa,b8e1cb77-c711-4a6d-9a29-65c770c8e660,7,6,1473466,0,0.03
2026-08-11T05:31:22.100000+00:00,,2026-08-11T05:31:22.100000+00:00,,3,Mahaweli Ganga,Manampitiya,e582bdda-2527-4694-b519-7945dfa32406,6,4.3,1473465,0,-0.01
2026-08-11T05:31:13.828000+00:00,,2026-08-11T05:31:13.828000+00:00,,3,Mahaweli Ganga,Thaldena,ea637e4b-257e-4a2c-87ea-ac6972f58b47,5,4,1473464,0,0.1
2026-08-11T05:30:59.177000+00:00,,2026-08-11T05:30:59.177000+00:00,,5,Kumbukkan Oya,Nakkala,35d4f877-a605-4ee4-9a28-813b0c12592b,7.5,6,1473463,0,0.57
2026-08-11T05:30:47.040000+00:00,,2026-08-11T05:30:47.040000+00:00,,4.4,Kirindi Oya,Wellawaya,01b565d7-033c-43f4-a563-695c40184105,5.9,5.4,1473462,0,0.69
2026-08-11T05:30:43.100000+00:00,,2026-08-11T05:30:43.100000+00:00,,,Gal Oya,Ampara,db6623d4-15c8-4c26-b40d-d9da83593ebd,,,1473461,0,0
2026-08-11T05:30:40.305000+00:00,,2026-08-11T05:30:40.305000+00:00,,6,Yan Oya,Horowpothana,6ef60c95-2f63-418e-aeb8-5c6428d0f5ba,10.5,7.5,1473460,0,1.67
2026-08-11T05:30:32.893000+00:00,,2026-08-11T05:30:32.893000+00:00,,5,Malwathu Oya,Thanthirimale,67076fab-de72-444b-9228-5d926e9009dc,7.8,6.8,1473459,0,0.97
2026-08-11T05:29:20.369000+00:00,,2026-08-11T05:29:20.369000+00:00,,1.5,Kelani Ganga,Norwood,5ad423d9-ed89-4759-b087-5efe6dc02794,4.5,3,1473458,0,0.83
2026-08-11T04:51:33.638000+00:00,,2026-08-11T04:51:33.638000+00:00,,3,Kalu Ganga,Putupaula,1ac14268-59ea-41d0-a63c-000089375c61,5,4,1473457,0,0.56
2026-08-11T04:43:54.608000+00:00,,2026-08-11T04:43:54.608000+00:00,,4,Nilwala Ganga,Pitabeddara,f1370b0d-0d07-48cc-8170-5e0cd315c467,6.5,5,1473456,0,0.78
2026-08-11T04:39:47.149000+00:00,,2026-08-11T04:39:47.149000+00:00,,3,Mahaweli Ganga,Manampitiya,cdcfd5e4-8e74-4a0c-900b-ed7397b340e3,6,4.3,1473455,0,-0.01
2026-08-11T04:39:46.477000+00:00,,2026-08-11T04:39:46.477000+00:00,,3.5,Gin Ganga,Baddegama,e4f0eb74-0667-47d8-b0eb-7f7b0a451640,5,4,1473454,0,1.73
2026-08-11T04:39:45.732000+00:00,,2026-08-11T04:39:45.732000+00:00,,4,Gin Ganga,Thawalama,7968589c-de36-4143-9700-fc1cf74fac1a,7.5,6,1473453,0,1.64
2026-08-11T04:38:43.772000+00:00,,2026-08-11T04:38:43.772000+00:00,,4,Ma Oya,Yaka Wewa,79651e84-78b2-4222-b379-884bd5f59f6d,6,5,1473452,0,0.41
2026-08-11T04:38:32.052000+00:00,,2026-08-11T04:38:32.052000+00:00,,4.5,Heda Oya,Siyambalanduwa,800b71f3-4ae9-48dd-a8f0-3721f906be72,7,6,1473451,0,0.25
2026-08-11T04:38:06.577000+00:00,,2026-08-11T04:38:06.577000+00:00,,5.2,Kalu Ganga,Rathnapura,ce589578-dfda-4ad5-9b4e-ec9dece8dd1e,9.5,7.5,1473450,0,1.75
2026-08-11T04:37:37.248000+00:00,,2026-08-11T04:37:37.248000+00:00,,4,Kalu Ganga,Magura,a6fab3af-792b-48b7-aeb8-03ece14a340d,7.5,6,1473449,0,1.56
2026-08-11T04:36:55.636000+00:00,,2026-08-11T04:36:55.636000+00:00,,3,Kelani Ganga,Holombuwa,6539fa5a-3030-44ee-8b83-51c988ef10dc,5,3.4,1473448,0,0.46
2026-08-11T04:36:41.110000+00:00,,2026-08-11T04:36:41.110000+00:00,,1.4,Nilwala Ganga,Thalgahagoda,ea45917c-6a0c-4e78-9b7e-9deba01e159f,2.8,1.7,1473447,0,0.5
2026-08-11T04:36:35.354000+00:00,,2026-08-11T04:36:35.354000+00:00,,3,Kelani Ganga,Holombuwa,76ef654e-4850-4e58-8e93-0f2eea91d697,5,3.4,1473446,0,0.46
2026-08-11T04:35:31.238000+00:00,,2026-08-11T04:35:31.238000+00:00,,6.5,Kelani Ganga,Hanwella,2c77caa5-2565-4cbb-87a4-9a848ed9d0e3,9.5,7.5,1473445,0.7,1.87
2026-08-11T04:35:29.950000+00:00,,2026-08-11T04:35:29.950000+00:00,,3,Mahaweli Ganga,Thaldena,675d273a-bbad-482a-b9dd-1f7dc77020bc,5,4,1473444,0,0.12
2026-08-11T04:35:08.605000+00:00,,2026-08-11T04:35:08.605000+00:00,,15,Kelani Ganga,Glencourse,c9df7757-2263-4ee1-8c1f-67daabe7b3d9,19,15.5,1473443,0,10.45
2026-08-11T04:35:07.870000+00:00,,2026-08-11T04:35:07.870000+00:00,,2.5,Nilwala Ganga,Urawa,c3aa3cec-77d5-488f-8271-f364f8bab9dc,6,4,1473442,0,0.12
2026-08-11T04:34:45.972000+00:00,,2026-08-11T04:34:45.972000+00:00,,5,Nilwala Ganga,Panadugama,bbabba82-ec71-41c4-8446-eb37ccfd648c,7.5,6,1473441,0,2.91
2026-08-11T04:34:21.833000+00:00,,2026-08-11T04:34:21.833000+00:00,,3,Walawe Ganga,Moraketiya,d2d23443-56b9-4e72-8eec-f818c0d55311,7,5,1473440,0,0.75
2026-08-11T04:33:58.323000+00:00,,2026-08-11T04:33:58.323000+00:00,,5,Mahaweli Ganga,Peradeniya,a13ed03f-f725-455d-be69-7eaa1a634d82,9,7,1473439,0,3.39
2026-08-11T04:33:40.575000+00:00,,2026-08-11T04:33:40.575000+00:00,,4,Maduru Oya,Padiyathalawa,6881e16e-5569-4293-82fc-d4e0a6cdcd9f,6,4.5,1473438,0,0.05
2026-08-11T04:33:30.792000+00:00,,2026-08-11T04:33:30.792000+00:00,,5,Kalu Ganga,Kalawellawa (Millakanda),79787ea3-e57f-4e9f-aa79-85a6a3fef109,8,6.5,1473437,0.7,2.82
2026-08-11T04:33:16.087000+00:00,,2026-08-11T04:33:16.087000+00:00,,4,Kelani Ganga,Nagalagam Street,8cad32a3-40be-463c-b4a0-49b2d485aa2f,7,5,1473436,0,1.1
2026-08-11T04:33:15.594000+00:00,,2026-08-11T04:33:15.594000+00:00,,3,Kelani Ganga,Kithulgala,1148efe1-9558-4661-a465-435acae4106f,6,4,1473435,0,2.19
2026-08-11T04:33:08.367000+00:00,,2026-08-11T04:33:08.367000+00:00,,3.3,Aththanagalu Oya,Dunamale,08be2855-11d4-4404-99b7-83d9af41b88c,5.5,4.4,1473434,0,0.66
2026-08-11T04:33:05.138000+00:00,,2026-08-11T04:33:05.138000+00:00,,5,Maha Oya,Badalgama,7f380881-76e0-44a4-99f7-606926f3956f,9.6,6.2,1473433,0,2.07
2026-08-11T04:32:58.799000+00:00,,2026-08-11T04:32:58.799000+00:00,,5.5,Maha Oya,Giriulla,9fd5f43e-3284-4779-859f-85f3bcc9799b,7.5,6.5,1473432,0,0.99
2026-08-11T04:32:49.038000+00:00,,2026-08-11T04:32:49.038000+00:00,,3.5,Mahaweli Ganga,Nawalapitiya,ededb60b-284d-419e-9539-31c5c1692ee1,6,5,1473431,0,1.7
2026-08-11T04:32:48.401000+00:00,,2026-08-11T04:32:48.401000+00:00,,4.84,Mee Oya,Galgamuwa,e8f9f88e-4fde-41cd-a6d0-34e46208dadc,8,5.94,1473430,0,0.02
2026-08-11T04:32:40.251000+00:00,,2026-08-11T04:32:40.251000+00:00,,4,Menik Ganga,Katharagama,2c27fbf7-be07-4ae2-a967-d6ed024fd2a7,6.5,4.6,1473429,0,-0.27
2026-08-11T04:32:27.165000+00:00,,2026-08-11T04:32:27.165000+00:00,,4.75,Deduru Oya,Moragaswewa,ad49a8b0-b368-42ef-bdc9-aee2907ecbb6,7,6,1473428,0,0.03
2026-08-11T04:32:26.024000+00:00,,2026-08-11T04:32:26.024000+00:00,,6.9,Kirindi Oya,Kuda Oya,d6e709e9-4b9c-485e-a0d8-372cfc70e8f6,8.8,8.4,1473427,0,0.92
2026-08-11T04:32:06.433000+00:00,,2026-08-11T04:32:06.433000+00:00,,10,Kalu Ganga,Ellagawa,89b13ad8-5c11-4e18-9341-31374061237a,12.2,10.7,1473426,1.8,5.45
2026-08-11T04:32:04.834000+00:00,,2026-08-11T04:32:04.834000+00:00,,1.5,Kelani Ganga,Norwood,bb728286-1500-4fd5-98d3-f91440ea767a,4.5,3,1473425,0,0.84
2026-08-11T04:31:51.499000+00:00,,2026-08-11T04:31:51.499000+00:00,,4.4,Kirindi Oya,Wellawaya,1781a3ff-4bb1-494d-a230-78717a691210,5.9,5.4,1473424,0,0.7
2026-08-11T04:31:43.817000+00:00,,2026-08-11T04:31:43.817000+00:00,,4.8,Kelani Ganga,Deraniyagala,ed10b9a0-744a-4107-b7ba-e25db136c16e,7,5.8,1473423,0,0.9
2026-08-11T04:31:21.280000+00:00,,2026-08-11T04:31:21.280000+00:00,,5,Malwathu Oya,Thanthirimale,525e2856-98d7-4c15-8cf1-e069a7e2394f,7.8,6.8,1473422,0,0.96
2026-08-11T04:31:19.602000+00:00,,2026-08-11T04:31:19.602000+00:00,,5,Mahaweli Ganga,Weraganthota,cc040dbc-016b-4c38-8aaa-ff30e559db43,8,6,1473421,0,-3.32
2026-08-11T04:31:16.244000+00:00,,2026-08-11T04:31:16.244000+00:00,,4,Kirindi Oya,Thanamalwila,7a8d8c8d-21c7-48f7-ba14-5718c8f51b69,5.5,5,1473420,0,0.44
2026-08-11T04:30:56.048000+00:00,,2026-08-11T04:30:56.048000+00:00,,6,Yan Oya,Horowpothana,a5961404-6921-4bb9-a9e7-39a62ebfa46c,10.5,7.5,1473419,0,1.67
2026-08-11T04:30:40.882000+00:00,,2026-08-11T04:30:40.882000+00:00,,,Gal Oya,Ampara,97452d23-0710-4b15-b077-7fb19ff93752,,,1473418,0,0
2026-08-11T04:30:09.285000+00:00,,2026-08-11T04:30:09.285000+00:00,,5,Kumbukkan Oya,Nakkala,d5e8f173-c4a5-4bf3-99d5-ab19954e0e0a,7.5,6,1473417,0,0.57
2026-08-11T04:17:06.063000+00:00,,2026-08-11T04:17:06.063000+00:00,,6,Yan Oya,Horowpothana,9efaa48e-2c47-4166-bd3d-1e318556dd38,10.5,7.5,1473416,0,1.67
2026-08-11T03:40:34.499000+00:00,,2026-08-11T03:40:34.499000+00:00,,4.75,Deduru Oya,Moragaswewa,5f65f401-2c95-4418-a36f-a4ae9207c668,7,6,1473415,0,0.03
2026-08-11T03:40:26.802000+00:00,,2026-08-11T03:40:26.802000+00:00,,4,Nilwala Ganga,Pitabeddara,5f4e8d87-ad90-4fcb-b406-d89f8961d326,6.5,5,1473414,0,0.85
2026-08-11T03:39:45.836000+00:00,,2026-08-11T03:39:45.836000+00:00,,3.5,Gin Ganga,Baddegama,3e024f78-b206-41de-8aad-6b31a6045774,5,4,1473413,0,1.76
2026-08-11T03:39:44.802000+00:00,,2026-08-11T03:39:44.802000+00:00,,4,Gin Ganga,Thawalama,f4cceee8-85e0-4315-806c-4eb4f5cca380,7.5,6,1473412,0,1.67
2026-08-11T03:39:04.006000+00:00,,2026-08-11T03:39:04.006000+00:00,,1.4,Nilwala Ganga,Thalgahagoda,23e860bb-e167-4b7f-be2f-7eb0b43ad907,2.8,1.7,1473411,0,0.52
2026-08-11T03:38:51.851000+00:00,,2026-08-11T03:38:51.851000+00:00,,2.5,Nilwala Ganga,Urawa,15dc5a6f-0cd3-44e4-8c11-8e7af89dc8d1,6,4,1473410,0,0.14
2026-08-11T03:36:40.158000+00:00,,2026-08-11T03:36:40.158000+00:00,,5,Nilwala Ganga,Panadugama,10ff3ebe-f287-4cda-a217-7dae97b267c8,7.5,6,1473409,0,2.93
2026-08-11T03:36:36.470000+00:00,,2026-08-11T03:36:36.470000+00:00,,4,Kalu Ganga,Magura,3a266c06-93c0-4558-8e8e-736bf7c4f51c,7.5,6,1473408,0,1.57
2026-08-11T03:36:32.229000+00:00,,2026-08-11T03:36:32.229000+00:00,,3,Kelani Ganga,Kithulgala,9225edc6-3f64-4967-a491-1312dd46a53a,6,4,1473407,0,2.18
2026-08-11T03:36:22.866000+00:00,,2026-08-11T03:36:22.866000+00:00,,3,Kelani Ganga,Holombuwa,56830fcd-73d1-4124-ac9c-00c3c2108892,5,3.4,1473406,0,0.46
2026-08-11T03:36:02.423000+00:00,,2026-08-11T03:36:02.423000+00:00,,4.75,Deduru Oya,Moragaswewa,5a337f41-ba88-46b3-8b60-e2ee3bf88cc6,7,6,1473405,0,0.03
2026-08-11T03:35:44.585000+00:00,,2026-08-11T03:35:44.585000+00:00,,5.2,Kalu Ganga,Rathnapura,2ef303c3-ebc0-4599-8473-801579fbf8b1,9.5,7.5,1473404,0,1.75
2026-08-11T03:35:40.417000+00:00,,2026-08-11T03:35:40.417000+00:00,,3.3,Aththanagalu Oya,Dunamale,b6dd7eab-070c-4d5e-a6aa-fcea995af46a,5.5,4.4,1473403,0,0.66
2026-08-11T03:35:39.547000+00:00,,2026-08-11T03:35:39.547000+00:00,,3,Walawe Ganga,Moraketiya,541a3305-b090-44b9-b08c-5b997395a6c0,7,5,1473402,0,0.78
2026-08-11T03:35:38.249000+00:00,,2026-08-11T03:35:38.249000+00:00,,4,Menik Ganga,Katharagama,76e0ed10-5909-44ad-9d89-f3be5c29fe8f,6.5,4.6,1473401,0,-0.27
2026-08-11T03:35:31.369000+00:00,,2026-08-11T03:35:31.369000+00:00,,4,Maduru Oya,Padiyathalawa,2832fa74-2ec1-4bdf-b26a-ef8181e1ca41,6,4.5,1473400,0,0.05
2026-08-11T03:35:28.943000+00:00,,2026-08-11T03:35:28.943000+00:00,,3,Kalu Ganga,Putupaula,9e827ca5-d1e8-4f34-a19d-e3eccb7d93e8,5,4,1473399,1.7,0.56
2026-08-11T03:34:26.606000+00:00,,2026-08-11T03:34:26.606000+00:00,,,Gal Oya,Ampara,dbf53c46-c2c9-4aba-a457-0deb45360653,,,1473398,0,0
2026-08-11T03:33:57.361000+00:00,,2026-08-11T03:33:57.361000+00:00,,4,Ma Oya,Yaka Wewa,2dfe0f40-312f-4c9e-ad17-cfb20ab0b176,6,5,1473397,0,0.41
2026-08-11T03:33:53.138000+00:00,,2026-08-11T03:33:53.138000+00:00,,15,Kelani Ganga,Glencourse,62838c10-1dbc-45d5-bb30-f2a48792f1ec,19,15.5,1473396,0,10.46
2026-08-11T03:33:42.515000+00:00,,2026-08-11T03:33:42.515000+00:00,,5.5,Maha Oya,Giriulla,351cda9b-dad9-43f4-a46d-e3d7046e915b,7.5,6.5,1473395,0,1
2026-08-11T03:33:08.645000+00:00,,2026-08-11T03:33:08.645000+00:00,,6.5,Kelani Ganga,Hanwella,66af8a16-07f9-4420-9b07-432ddfe24305,9.5,7.5,1473394,0,1.84
2026-08-11T03:32:50.693000+00:00,,2026-08-11T03:32:50.693000+00:00,,4,Kelani Ganga,Nagalagam Street,b7eeb6c8-9ebc-40ff-94e0-c00f7485bbf6,7,5,1473393,0,0.85
2026-08-11T03:32:45.606000+00:00,,2026-08-11T03:32:45.606000+00:00,,1.5,Kelani Ganga,Norwood,93b18358-73e4-4ad6-adec-e0856cb67883,4.5,3,1473392,0,0.84
2026-08-11T03:32:29.643000+00:00,,2026-08-11T03:32:29.643000+00:00,,4,Kirindi Oya,Thanamalwila,2da05f27-cf31-4f06-a899-1bf43f0eb0c3,5.5,5,1473391,0,0.44
2026-08-11T03:32:19.236000+00:00,,2026-08-11T03:32:19.236000+00:00,,5,Kalu Ganga,Kalawellawa (Millakanda),1d5281de-071e-4d5b-9866-9a922938258a,8,6.5,1473390,4.3,2.85
2026-08-11T03:32:11.570000+00:00,,2026-08-11T03:32:11.570000+00:00,,5,Maha Oya,Badalgama,bdf374be-9f04-4416-8706-57bdbe2d3fc6,9.6,6.2,1473389,0,2.07
2026-08-11T03:32:05.673000+00:00,,2026-08-11T03:32:05.673000+00:00,,4.8,Kelani Ganga,Deraniyagala,8b1ce8c2-b7fb-4889-89da-28c0deb98322,7,5.8,1473388,0,0.91
2026-08-11T03:31:54.897000+00:00,,2026-08-11T03:31:54.897000+00:00,,4.84,Mee Oya,Galgamuwa,4ba233fb-2034-4a37-8e17-ff8cb73dee76,8,5.94,1473387,0,0.02
2026-08-11T03:31:50.633000+00:00,,2026-08-11T03:31:50.633000+00:00,,3.5,Mahaweli Ganga,Nawalapitiya,d1e60fab-21ff-484b-b1ff-a277aec71f23,6,5,1473386,0,1.71
2026-08-11T03:31:47.385000+00:00,,2026-08-11T03:31:47.385000+00:00,,4.5,Heda Oya,Siyambalanduwa,a81536ca-d2b3-4b90-83c5-665818c7d3ef,7,6,1473385,0,0.24
2026-08-11T03:31:32.865000+00:00,,2026-08-11T03:31:32.865000+00:00,,5,Malwathu Oya,Thanthirimale,912ce843-b5a6-4b4d-8e1c-d82248a6bcc9,7.8,6.8,1473384,0,0.96
2026-08-11T03:31:32.836000+00:00,,2026-08-11T03:31:32.836000+00:00,,5,Mahaweli Ganga,Peradeniya,5ad7aa8d-7728-4e6a-9a18-4049133c8171,9,7,1473383,0,3.39
2026-08-11T03:31:28.028000+00:00,,2026-08-11T03:31:28.028000+00:00,,5,Kumbukkan Oya,Nakkala,75c7c4d4-0d86-43cc-aae8-4b57c8742417,7.5,6,1473382,0,0.57
2026-08-11T03:31:27.717000+00:00,,2026-08-11T03:31:27.717000+00:00,,5,Mahaweli Ganga,Weraganthota,bfe029d8-e58e-4e8c-b1a6-804957e6cac0,8,6,1473381,0,-3.28
2026-08-11T03:31:22.137000+00:00,,2026-08-11T03:31:22.137000+00:00,,3,Mahaweli Ganga,Manampitiya,48b53594-80d2-4bca-bcdf-de195f17d355,6,4.3,1473380,0,0.01
2026-08-11T03:31:12.763000+00:00,,2026-08-11T03:31:12.763000+00:00,,3,Mahaweli Ganga,Thaldena,7945563e-38bc-4aaf-9f30-8ba55f68768e,5,4,1473379,0,0.13
2026-08-11T03:31:08.691000+00:00,,2026-08-11T03:31:08.691000+00:00,,10,Kalu Ganga,Ellagawa,f8ecc749-0062-4b92-8cfe-06eefe7868c1,12.2,10.7,1473378,0,5.45
2026-08-11T03:30:34.835000+00:00,,2026-08-11T03:30:34.835000+00:00,,4.4,Kirindi Oya,Wellawaya,37828e82-0a2e-4ed4-9807-f6b0c1966e13,5.9,5.4,1473377,0,0.72
2026-08-11T03:30:26.135000+00:00,,2026-08-11T03:30:26.135000+00:00,,6.9,Kirindi Oya,Kuda Oya,f8d53692-1aba-4cf1-9925-90d1da4400c1,8.8,8.4,1473376,0,0.92
2026-08-11T03:28:43.004000+00:00,,2026-08-11T03:28:43.004000+00:00,,4.4,Kirindi Oya,Wellawaya,c25713a3-7981-4a1f-a8d9-6823ec6bd464,5.9,5.4,1473375,0,0.72
2026-08-11T03:23:23.596000+00:00,,2026-08-11T03:23:23.596000+00:00,,3,Mahaweli Ganga,Thaldena,11703392-9569-40df-9054-63133b8941fc,5,4,1473374,0,0.13
2026-08-11T02:58:50.570000+00:00,,2026-08-11T02:58:50.570000+00:00,,2.5,Nilwala Ganga,Urawa,63856f92-6287-448f-addb-275a767ea2bb,6,4,1473373,0,0.16
2026-08-11T02:48:34.850000+00:00,,2026-08-11T02:48:34.850000+00:00,,4,Nilwala Ganga,Pitabeddara,bab00999-b1e2-4563-a38b-ad3cefb515b2,6.5,5,1473372,0,0.85
2026-08-11T02:46:39.340000+00:00,,2026-08-11T02:46:39.340000+00:00,,4,Maduru Oya,Padiyathalawa,d4d965f3-0770-4f72-b8e5-701050927169,6,4.5,1473371,0,0.05
2026-08-11T02:46:02.391000+00:00,,2026-08-11T02:46:02.391000+00:00,,4,Gin Ganga,Thawalama,001b2ee7-4565-4e3a-9ab3-0434e49ae152,7.5,6,1473370,0,1.69
2026-08-11T02:46:00.780000+00:00,,2026-08-11T02:46:00.780000+00:00,,4,Gin Ganga,Thawalama,161f3dc9-6673-4431-9edf-228db0504fe1,7.5,6,1473369,0,1.71
2026-08-11T02:45:33.607000+00:00,,2026-08-11T02:45:33.607000+00:00,,1.4,Nilwala Ganga,Thalgahagoda,24495a2c-41d0-43df-a351-efdcb9a8de73,2.8,1.7,1473368,0,0.55
2026-08-11T02:40:50.459000+00:00,,2026-08-11T02:40:50.459000+00:00,,3.5,Gin Ganga,Baddegama,149e0b67-3dc3-4484-8526-5b565e12914a,5,4,1473367,0,1.79
2026-08-11T02:37:54.821000+00:00,,2026-08-11T02:37:54.821000+00:00,,3,Kelani Ganga,Kithulgala,352723cf-f0cc-4395-a387-be9c73bcdf8f,6,4,1473366,0,2.19
2026-08-11T02:37:07.038000+00:00,,2026-08-11T02:37:07.038000+00:00,,4,Kalu Ganga,Magura,e5c711f9-c6c3-43fa-8fb5-43eb7e552fb9,7.5,6,1473365,8.7,1.58
2026-08-11T02:35:46.422000+00:00,,2026-08-11T02:35:46.422000+00:00,,5.2,Kalu Ganga,Rathnapura,f82e1483-8640-49fb-9016-c027f78ca515,9.5,7.5,1473364,0,1.76
2026-08-11T02:35:25.970000+00:00,,2026-08-11T02:35:25.970000+00:00,,4.5,Heda Oya,Siyambalanduwa,2b5333a1-f6ae-4b4e-bdbe-c2ee9429b58f,7,6,1473363,0,0.24
2026-08-11T02:35:15.485000+00:00,,2026-08-11T02:35:15.485000+00:00,,5,Mahaweli Ganga,Peradeniya,2f8396fe-5401-4664-923e-4c6e10f98ffa,9,7,1473362,0,3.4
2026-08-11T02:34:40.042000+00:00,,2026-08-11T02:34:40.042000+00:00,,4,Kelani Ganga,Nagalagam Street,16c5225e-5f3a-4fd5-ad4d-729b26e876f8,7,5,1473361,0,0.7
2026-08-11T02:34:11.040000+00:00,,2026-08-11T02:34:11.040000+00:00,,15,Kelani Ganga,Glencourse,faddc9ad-333a-4d16-bdfe-c8ef3a793fcf,19,15.5,1473360,0,10.46
2026-08-11T02:34:09.928000+00:00,,2026-08-11T02:34:09.928000+00:00,,5,Nilwala Ganga,Panadugama,0b772c43-744f-4da1-9bd7-52149744c15e,7.5,6,1473359,0,2.96
2026-08-11T02:34:02.760000+00:00,,2026-08-11T02:34:02.760000+00:00,,4,Menik Ganga,Katharagama,7c1f93d5-8c56-49ae-975e-be99267c91e1,6.5,4.6,1473358,0,-0.27
2026-08-11T02:33:58.003000+00:00,,2026-08-11T02:33:58.003000+00:00,,4.84,Mee Oya,Galgamuwa,9f105c12-e256-45d2-8a55-8f792d31638f,8,5.94,1473357,0,0.02
2026-08-11T02:33:56.719000+00:00,,2026-08-11T02:33:56.719000+00:00,,3,Kalu Ganga,Putupaula,a173eb5a-5038-422c-8dfd-d5018fa4af5c,5,4,1473356,0,0.58
2026-08-11T02:33:36.864000+00:00,,2026-08-11T02:33:36.864000+00:00,,3,Mahaweli Ganga,Thaldena,e4de2e5b-31d0-405c-9649-9e99c65a6a4c,5,4,1473355,0,0.13
2026-08-11T02:33:32.622000+00:00,,2026-08-11T02:33:32.622000+00:00,,6.5,Kelani Ganga,Hanwella,0e451165-b36b-44a9-907f-3ac78061cdb1,9.5,7.5,1473354,0,1.81
2026-08-11T02:33:31.355000+00:00,,2026-08-11T02:33:31.355000+00:00,,3.3,Aththanagalu Oya,Dunamale,57755c67-9fd4-4d67-a4b7-6adac4fb6e57,5.5,4.4,1473353,0,0.66
2026-08-11T02:33:26.707000+00:00,,2026-08-11T02:33:26.707000+00:00,,5,Kalu Ganga,Kalawellawa (Millakanda),917a5661-74da-40dc-a11f-bbffb88e1721,8,6.5,1473352,0,2.87
2026-08-11T02:33:17.522000+00:00,,2026-08-11T02:33:17.522000+00:00,,4,Ma Oya,Yaka Wewa,780cf111-2df0-48c1-91e1-19c026f6825e,6,5,1473351,0,0.41
2026-08-11T02:33:03.197000+00:00,,2026-08-11T02:33:03.197000+00:00,,5,Mahaweli Ganga,Weraganthota,3779fdb2-5907-4fda-bad4-f81890231c46,8,6,1473350,0,-3.23
2026-08-11T02:33:01.573000+00:00,,2026-08-11T02:33:01.573000+00:00,,3,Walawe Ganga,Moraketiya,7e222c99-7402-4a83-ab57-b8276b58da4f,7,5,1473349,0,0.8
2026-08-11T02:32:42.462000+00:00,,2026-08-11T02:32:42.462000+00:00,,5,Maha Oya,Badalgama,a2b17710-cdc7-4d05-90ff-a2a564b06c2e,9.6,6.2,1473348,0,2.07
2026-08-11T02:32:35.616000+00:00,,2026-08-11T02:32:35.616000+00:00,,4.8,Kelani Ganga,Deraniyagala,09a35e64-5a5f-4ec5-af51-82959abbc186,7,5.8,1473347,0,0.91
2026-08-11T02:32:33.748000+00:00,,2026-08-11T02:32:33.748000+00:00,,3,Kelani Ganga,Holombuwa,b29f5d11-e2d0-4aa9-99bf-fa32824a845c,5,3.4,1473346,0,0.46
2026-08-11T02:32:25.551000+00:00,,2026-08-11T02:32:25.551000+00:00,,5.5,Maha Oya,Giriulla,d373bd03-3a8e-472b-8ce7-e79d2523a972,7.5,6.5,1473345,0,1
2026-08-11T02:32:19.920000+00:00,,2026-08-11T02:32:19.920000+00:00,,4,Kirindi Oya,Thanamalwila,b3b6ab9d-c69e-44d8-ab77-3838919f7670,5.5,5,1473344,0,0.44
2026-08-11T02:32:00.481000+00:00,,2026-08-11T02:32:00.481000+00:00,,1.5,Kelani Ganga,Norwood,0a7e8720-21fb-4c5f-b130-2d94905fea94,4.5,3,1473343,0,0.85
2026-08-11T02:31:47.417000+00:00,,2026-08-11T02:31:47.417000+00:00,,6,Yan Oya,Horowpothana,1cccb461-eb23-4747-9356-a4cb9040d1ea,10.5,7.5,1473342,0,1.67
2026-08-11T02:31:45.347000+00:00,,2026-08-11T02:31:45.347000+00:00,,4.75,Deduru Oya,Moragaswewa,3c8e1fbf-b798-4390-8a7f-0bf22c515322,7,6,1473341,0,0.02
2026-08-11T02:31:44.051000+00:00,,2026-08-11T02:31:44.051000+00:00,,3.5,Mahaweli Ganga,Nawalapitiya,df7ef529-ba0e-4504-829d-5b46e3b13c24,6,5,1473340,0,1.71
2026-08-11T02:31:38.389000+00:00,,2026-08-11T02:31:38.389000+00:00,,10,Kalu Ganga,Ellagawa,24d85a3a-5caa-4ed3-b2ab-094f88f0c9e2,12.2,10.7,1473339,0,5.5
2026-08-11T02:31:06.275000+00:00,,2026-08-11T02:31:06.275000+00:00,,3,Mahaweli Ganga,Manampitiya,eef868ee-b733-43ab-9405-7326cb55b1d5,6,4.3,1473338,0,0.03
2026-08-11T02:30:59.900000+00:00,,2026-08-11T02:30:59.900000+00:00,,6.9,Kirindi Oya,Kuda Oya,64860507-b45d-4b1d-900b-bd02624a8f3a,8.8,8.4,1473337,0,0.92
2026-08-11T02:30:54.993000+00:00,,2026-08-11T02:30:54.993000+00:00,,,Gal Oya,Ampara,e3ac0617-92f8-40b6-9b8d-0939d5e38d5b,,,1473336,0,0
2026-08-11T02:30:46.280000+00:00,,2026-08-11T02:30:46.280000+00:00,,4.4,Kirindi Oya,Wellawaya,75bd35fc-db87-434d-9c5a-1011e9ae5697,5.9,5.4,1473335,0,0.72
2026-08-11T02:30:40.684000+00:00,,2026-08-11T02:30:40.684000+00:00,,5,Malwathu Oya,Thanthirimale,9014ed25-ff8a-4c29-a201-73a09445335f,7.8,6.8,1473334,0,0.96
2026-08-11T02:30:15.202000+00:00,,2026-08-11T02:30:15.202000+00:00,,5,Kumbukkan Oya,Nakkala,aeeef84a-da0d-41a4-ada2-2a6780e506d8,7.5,6,1473333,0,0.57
2026-08-11T02:19:57.945000+00:00,,2026-08-11T02:19:57.945000+00:00,,4,Nilwala Ganga,Pitabeddara,00a81cc3-e0b1-4cca-88f0-2f0adfa57c3e,6.5,5,1473332,0,0.85
2026-08-11T01:51:13.159000+00:00,,2026-08-11T01:51:13.159000+00:00,,3,Kelani Ganga,Kithulgala,9546df1e-237f-4a69-af59-645fde38f2ce,6,4,1473331,0,2.24
2026-08-11T01:48:27.426000+00:00,,2026-08-11T01:48:27.426000+00:00,,5,Malwathu Oya,Thanthirimale,832614b3-0424-47c4-833e-579514b36dd3,7.8,6.8,1473330,0,0.96
2026-08-11T01:47:52.034000+00:00,,2026-08-11T01:47:52.034000+00:00,,4.75,Deduru Oya,Moragaswewa,da05601b-b323-4980-bab4-f653f074871b,7,6,1473329,0,0.02
2026-08-11T01:47:36.754000+00:00,,2026-08-11T01:47:36.754000+00:00,,5,Malwathu Oya,Thanthirimale,b480acc7-e73d-48e5-ab04-5f3d7e67abe0,7.8,6.8,1473328,0,0.96
2026-08-11T01:46:40.989000+00:00,,2026-08-11T01:46:40.989000+00:00,,4,Kalu Ganga,Magura,f3a1a47b-9d30-41e5-9cea-07640e73d256,7.5,6,1473327,0,1.58
2026-08-11T01:43:26.858000+00:00,,2026-08-11T01:43:26.858000+00:00,,3,Walawe Ganga,Moraketiya,fb6c5ed8-def6-45cf-98de-877cfa6b0d6d,7,5,1473326,0,0.83
2026-08-11T01:42:51.576000+00:00,,2026-08-11T01:42:51.576000+00:00,,,Gal Oya,Ampara,5730b393-8ee2-4d38-a989-4a4d7a8b0dc1,,,1473325,0,0
2026-08-11T01:41:58.862000+00:00,,2026-08-11T01:41:58.862000+00:00,,3.5,Gin Ganga,Baddegama,1af175d9-6e9a-4813-a299-52a8cd0c6daa,5,4,1473324,0,1.82
2026-08-11T01:41:17.858000+00:00,,2026-08-11T01:41:17.858000+00:00,,5,Nilwala Ganga,Panadugama,116a5bbe-336b-4ce4-ba2b-22093ca96c03,7.5,6,1473323,0,3.02
2026-08-11T01:39:18.289000+00:00,,2026-08-11T01:39:18.289000+00:00,,6,Yan Oya,Horowpothana,c346e1c1-8a11-4b9b-8147-521f9efe797e,10.5,7.5,1473322,0,1.67
2026-08-11T01:38:48.799000+00:00,,2026-08-11T01:38:48.799000+00:00,,5.2,Kalu Ganga,Rathnapura,48fcd2f3-4291-46c5-8036-0f238f63efc1,9.5,7.5,1473321,3.2,1.83
2026-08-11T01:38:08.807000+00:00,,2026-08-11T01:38:08.807000+00:00,,2.5,Nilwala Ganga,Urawa,fc6f826e-6d1e-4574-b6b3-95d754af2c05,6,4,1473320,0,0.17
2026-08-11T01:37:33.500000+00:00,,2026-08-11T01:37:33.500000+00:00,,4,Ma Oya,Yaka Wewa,11823e39-3c67-418d-a7c8-b0f2e8cf6a69,6,5,1473319,0,0.41
2026-08-11T01:36:41.022000+00:00,,2026-08-11T01:36:41.022000+00:00,,4.5,Heda Oya,Siyambalanduwa,bf829e30-7c34-44b0-a8f3-af27eed785f1,7,6,1473318,0,0.23
2026-08-11T01:35:44.787000+00:00,,2026-08-11T01:35:44.787000+00:00,,3,Kelani Ganga,Holombuwa,aaa1c9eb-2262-4170-8508-13a53b0f33f2,5,3.4,1473317,0,0.46
2026-08-11T01:35:39.089000+00:00,,2026-08-11T01:35:39.089000+00:00,,4,Maduru Oya,Padiyathalawa,7d88c631-2269-4007-b409-c88dff16e754,6,4.5,1473316,0,0.05
2026-08-11T01:34:21.916000+00:00,,2026-08-11T01:34:21.916000+00:00,,3.3,Aththanagalu Oya,Dunamale,3e8bdde5-8839-4c96-b298-34b07804834a,5.5,4.4,1473315,0,0.66
2026-08-11T01:34:20.897000+00:00,,2026-08-11T01:34:20.897000+00:00,,3.5,Mahaweli Ganga,Nawalapitiya,95178f63-2745-46a9-986f-6f5f34e4d6da,6,5,1473314,0,1.72
2026-08-11T01:34:16.655000+00:00,,2026-08-11T01:34:16.655000+00:00,,4,Kelani Ganga,Nagalagam Street,84149d90-7a80-4aac-bfb6-b9a0e472ffbf,7,5,1473313,0,0.6
2026-08-11T01:34:15.212000+00:00,,2026-08-11T01:34:15.212000+00:00,,6.5,Kelani Ganga,Hanwella,85a35779-a48d-4ea9-9fca-92090b5de8b5,9.5,7.5,1473312,0,1.79
2026-08-11T01:34:08.729000+00:00,,2026-08-11T01:34:08.729000+00:00,,5,Mahaweli Ganga,Peradeniya,77adef83-a0c5-4a29-9d52-a605cd4ae6ed,9,7,1473311,0,3.4
2026-08-11T01:33:44.564000+00:00,,2026-08-11T01:33:44.564000+00:00,,10,Kalu Ganga,Ellagawa,d64e1aed-8390-4816-9cc0-5b35eb5234c6,12.2,10.7,1473310,0,5.53
2026-08-11T01:33:37.635000+00:00,,2026-08-11T01:33:37.635000+00:00,,15,Kelani Ganga,Glencourse,9b9b992e-c349-4322-ac45-0706953355bb,19,15.5,1473309,0,10.45
2026-08-11T01:33:31.695000+00:00,,2026-08-11T01:33:31.695000+00:00,,3,Mahaweli Ganga,Thaldena,f84d3b00-1f7f-40d8-8d5f-dc3ad6b73874,5,4,1473308,0,0.12
2026-08-11T01:33:12.706000+00:00,,2026-08-11T01:33:12.706000+00:00,,4,Menik Ganga,Katharagama,eca36ad1-d73f-45e5-872a-84069053b2b4,6.5,4.6,1473307,0,-0.27
2026-08-11T01:33:07.274000+00:00,,2026-08-11T01:33:07.274000+00:00,,5,Maha Oya,Badalgama,becb30f7-832a-40c3-87cb-99f21d0133a1,9.6,6.2,1473306,0,2.06
2026-08-11T01:33:06.417000+00:00,,2026-08-11T01:33:06.417000+00:00,,5.5,Maha Oya,Giriulla,8b72791d-9055-4482-9643-f93b24eb8908,7.5,6.5,1473305,0,1
2026-08-11T01:32:59.487000+00:00,,2026-08-11T01:32:59.487000+00:00,,5,Mahaweli Ganga,Weraganthota,7e657193-047a-4f03-a66d-e4653564c0a9,8,6,1473304,0,-3.19
2026-08-11T01:32:55.214000+00:00,,2026-08-11T01:32:55.214000+00:00,,3,Kalu Ganga,Putupaula,3a57f833-bff5-4848-96e7-712bca3acaca,5,4,1473303,0,0.62
2026-08-11T01:32:40.809000+00:00,,2026-08-11T01:32:40.809000+00:00,,4.4,Kirindi Oya,Wellawaya,d26f020c-995b-4c8e-b69b-2059a1761c19,5.9,5.4,1473302,0,0.72
2026-08-11T01:32:34.855000+00:00,,2026-08-11T01:32:34.855000+00:00,,5,Kalu Ganga,Kalawellawa (Millakanda),91adfa1b-77a7-4677-b7fb-208c1079ce77,8,6.5,1473301,0,2.9
2026-08-11T01:32:32.234000+00:00,,2026-08-11T01:32:32.234000+00:00,,4.8,Kelani Ganga,Deraniyagala,3ebd2f3b-8b96-469f-add1-cf8906e57433,7,5.8,1473300,0,0.92
2026-08-11T01:32:15.089000+00:00,,2026-08-11T01:32:15.089000+00:00,,4,Kirindi Oya,Thanamalwila,86cdc17b-5d5a-4771-a42f-58793953d07d,5.5,5,1473299,0,0.44
2026-08-11T01:32:02.681000+00:00,,2026-08-11T01:32:02.681000+00:00,,1.5,Kelani Ganga,Norwood,007c6994-7095-4a32-93fd-38865ac0b6df,4.5,3,1473298,0,0.85
2026-08-11T01:31:59.781000+00:00,,2026-08-11T01:31:59.781000+00:00,,4.84,Mee Oya,Galgamuwa,ac5fd196-06d7-4cc4-aeb1-e8bbadf6e209,8,5.94,1473297,0,0.02
2026-08-11T01:31:39.551000+00:00,,2026-08-11T01:31:39.551000+00:00,,5,Kumbukkan Oya,Nakkala,93be776e-4d54-47f9-812c-6d4753455168,7.5,6,1473296,0,0.57
2026-08-11T01:31:26.321000+00:00,,2026-08-11T01:31:26.321000+00:00,,3,Mahaweli Ganga,Manampitiya,706b97b9-9fa4-4816-a9bb-c312468a4228,6,4.3,1473295,0,0.04
2026-08-11T01:31:02.759000+00:00,,2026-08-11T01:31:02.759000+00:00,,6.9,Kirindi Oya,Kuda Oya,8963a84c-1102-455b-b808-21beedd6bff2,8.8,8.4,1473294,0,0.92
2026-08-11T01:30:37.217000+00:00,,2026-08-11T01:30:37.217000+00:00,,1.4,Nilwala Ganga,Thalgahagoda,48a543b1-250f-44eb-a684-5f576cf5e3de,2.8,1.7,1473293,0,0.58
2026-08-11T01:11:29.625000+00:00,,2026-08-11T01:11:29.625000+00:00,,3.3,Aththanagalu Oya,Dunamale,9ddb7e48-790f-4e51-b7d4-47fbb127c3e7,5.5,4.4,1473292,0,0.68
2026-08-11T01:00:39.833000+00:00,,2026-08-11T01:00:39.833000+00:00,,4.84,Mee Oya,Galgamuwa,ba738652-f69a-4047-9458-db17a4afd8ae,8,5.94,1473290,0,0.02
2026-08-11T00:48:22.282000+00:00,,2026-08-11T00:48:22.282000+00:00,,5,Nilwala Ganga,Panadugama,efa79286-ca09-4c22-a729-ae4cf4d1ba9f,7.5,6,1473289,0,3.11
2026-08-11T00:43:45.407000+00:00,,2026-08-11T00:43:45.407000+00:00,,1.4,Nilwala Ganga,Thalgahagoda,28d2ad78-6741-422b-82e7-e8899ea0f5d5,2.8,1.7,1473288,0,0.6
2026-08-11T00:42:37.285000+00:00,,2026-08-11T00:42:37.285000+00:00,,3,Kelani Ganga,Holombuwa,97b8074a-2df5-4862-9f8d-4a2c056041b6,5,3.4,1473287,0,0.46
2026-08-11T00:42:04.045000+00:00,,2026-08-11T00:42:04.045000+00:00,,2.5,Nilwala Ganga,Urawa,0002f04f-d6e9-42a3-adf2-125f9fc0f67a,6,4,1473286,0,0.19
2026-08-11T00:36:56.552000+00:00,,2026-08-11T00:36:56.552000+00:00,,15,Kelani Ganga,Glencourse,a51cc180-ae1e-4cd4-b9ce-52d9c1cd79d8,19,15.5,1473285,0,10.4
2026-08-11T00:36:21.453000+00:00,,2026-08-11T00:36:21.453000+00:00,,5,Maha Oya,Badalgama,b49aa45b-c031-4b8b-a059-f077dde8ca3c,9.6,6.2,1473284,0,2.06
2026-08-11T00:36:07.358000+00:00,,2026-08-11T00:36:07.358000+00:00,,5,Mahaweli Ganga,Weraganthota,65368787-c9d7-4a86-96e5-2578ad71dd90,8,6,1473283,0,-3.08
2026-08-11T00:35:57.652000+00:00,,2026-08-11T00:35:57.652000+00:00,,3.5,Mahaweli Ganga,Nawalapitiya,0b3e0d2e-fa03-4a94-9936-73b966ca486d,6,5,1473282,0,1.72
2026-08-11T00:35:52.868000+00:00,,2026-08-11T00:35:52.868000+00:00,,5,Mahaweli Ganga,Peradeniya,7fb4c3a1-9d9b-42c8-adb4-8c65bd0aa339,9,7,1473281,0,3.41
2026-08-11T00:35:09.101000+00:00,,2026-08-11T00:35:09.101000+00:00,,4,Maduru Oya,Padiyathalawa,70d2d0e3-293c-49b6-aab9-c63c138b22c7,6,4.5,1473280,0,0.05
2026-08-11T00:34:58.456000+00:00,,2026-08-11T00:34:58.456000+00:00,,10,Kalu Ganga,Ellagawa,8708fd3f-655b-4264-ab95-4f9b702414cc,12.2,10.7,1473279,0,5.57
2026-08-11T00:33:41.655000+00:00,,2026-08-11T00:33:41.655000+00:00,,4,Kelani Ganga,Nagalagam Street,07faa6cf-cfbd-4309-a9c3-22427c75bb51,7,5,1473278,0,0.6
2026-08-11T00:33:41.318000+00:00,,2026-08-11T00:33:41.318000+00:00,,3,Mahaweli Ganga,Thaldena,d49de3c7-6a86-4d5f-b8e5-fd4520ceb650,5,4,1473277,0,0.13
2026-08-11T00:33:39.913000+00:00,,2026-08-11T00:33:39.913000+00:00,,5,Kumbukkan Oya,Nakkala,5cf2ec99-d02b-4051-82a0-02c78a9b1334,7.5,6,1473276,0,0.57
2026-08-11T00:33:21.519000+00:00,,2026-08-11T00:33:21.519000+00:00,,4,Gin Ganga,Thawalama,51851c2d-8066-4fa8-973d-5bec67b9bbc0,7.5,6,1473275,2.3,1.73
2026-08-11T00:33:21.004000+00:00,,2026-08-11T00:33:21.004000+00:00,,1.5,Kelani Ganga,Norwood,33a8cecd-a9f0-4c15-8574-9ea2f790ac34,4.5,3,1473274,0,0.86
2026-08-11T00:33:14.415000+00:00,,2026-08-11T00:33:14.415000+00:00,,3,Walawe Ganga,Moraketiya,066af946-fe87-446d-b6a9-107ec407b189,7,5,1473273,0,0.82
2026-08-11T00:33:02.475000+00:00,,2026-08-11T00:33:02.475000+00:00,,5.2,Kalu Ganga,Rathnapura,5806aefb-f3fd-4164-8475-9a2b6cf28e51,9.5,7.5,1473272,0,1.86
2026-08-11T00:32:59.200000+00:00,,2026-08-11T00:32:59.200000+00:00,,5.5,Maha Oya,Giriulla,30f04807-e264-4ede-987b-fa41bbf2de35,7.5,6.5,1473271,0,1
2026-08-11T00:32:45.174000+00:00,,2026-08-11T00:32:45.174000+00:00,,4.75,Deduru Oya,Moragaswewa,2f909d96-d9c1-47ab-9d4f-c3f2ece67db7,7,6,1473270,0,0.01
2026-08-11T00:32:31.166000+00:00,,2026-08-11T00:32:31.166000+00:00,,4,Kirindi Oya,Thanamalwila,8ea5a707-5980-4296-a4ba-40a563c29908,5.5,5,1473269,0,0.45
2026-08-11T00:32:30.386000+00:00,,2026-08-11T00:32:30.386000+00:00,,4.8,Kelani Ganga,Deraniyagala,80ddc552-c7d3-4e78-aa04-c0ce67c2a066,7,5.8,1473268,0,0.92
2026-08-11T00:32:22.779000+00:00,,2026-08-11T00:32:22.779000+00:00,,4,Menik Ganga,Katharagama,0fb83914-d2d0-4697-a2fd-c87576d75135,6.5,4.6,1473267,0,-0.26
2026-08-11T00:32:16.943000+00:00,,2026-08-11T00:32:16.943000+00:00,,3,Mahaweli Ganga,Manampitiya,28ba1246-08a5-4c7e-86a2-cbcdd8da4800,6,4.3,1473266,0,0.05
2026-08-11T00:32:08.559000+00:00,,2026-08-11T00:32:08.559000+00:00,,6.5,Kelani Ganga,Hanwella,35ab382c-776b-4109-b05e-8b01c1c00e60,9.5,7.5,1473265,0,1.78
2026-08-11T00:32:06.414000+00:00,,2026-08-11T00:32:06.414000+00:00,,5,Maha Oya,Badalgama,4ba52196-5d20-46da-84f6-78054562c43a,9.6,6.2,1473264,0,2.06
2026-08-11T00:32:00.377000+00:00,,2026-08-11T00:32:00.377000+00:00,,4,Kalu Ganga,Magura,b21944d3-c5e8-49bb-a2b4-1d93ca45a771,7.5,6,1473263,0,1.59
2026-08-11T00:31:45.164000+00:00,,2026-08-11T00:31:45.164000+00:00,,4.5,Heda Oya,Siyambalanduwa,f20fa15e-104c-4306-879d-de067b44a02d,7,6,1473262,0,0.23
2026-08-11T00:31:24.891000+00:00,,2026-08-11T00:31:24.891000+00:00,,4,Ma Oya,Yaka Wewa,22392c93-e2e8-40b3-a806-811b299041c3,6,5,1473261,0,0.41
2026-08-11T00:31:14.986000+00:00,,2026-08-11T00:31:14.986000+00:00,,3,Kelani Ganga,Kithulgala,5c25e2b7-c875-4717-9fda-518e66a31584,6,4,1473260,0,2.29
2026-08-11T00:31:13.807000+00:00,,2026-08-11T00:31:13.807000+00:00,,,Gal Oya,Ampara,0440d081-be91-41bd-a732-aa756fa49793,,,1473259,0,0
2026-08-11T00:31:10.098000+00:00,,2026-08-11T00:31:10.098000+00:00,,6.9,Kirindi Oya,Kuda Oya,ce8a67bc-f4b6-487e-802a-268646807cf4,8.8,8.4,1473258,0,0.92
2026-08-11T00:30:38.580000+00:00,,2026-08-11T00:30:38.580000+00:00,,3,Kalu Ganga,Putupaula,4ea2207c-af2d-45fd-a9ad-3d84e7b10362,5,4,1473257,0,0.7
2026-08-11T00:30:28.647000+00:00,,2026-08-11T00:30:28.647000+00:00,,6,Yan Oya,Horowpothana,aba44e55-08f8-429c-a539-141c83044c22,10.5,7.5,1473256,0,1.67
2026-08-11T00:30:13.174000+00:00,,2026-08-11T00:30:13.174000+00:00,,4.4,Kirindi Oya,Wellawaya,3e409c12-f6b8-4f65-9a23-c578ec87f952,5.9,5.4,1473255,0,0.72
2026-08-10T23:50:39.225000+00:00,,2026-08-10T23:50:39.225000+00:00,,4.5,Heda Oya,Siyambalanduwa,5e3526b1-504e-4118-871d-abf6ea8221b9,7,6,1473254,0,0.22
2026-08-10T23:49:59.057000+00:00,,2026-08-10T23:49:59.057000+00:00,,5,Nilwala Ganga,Panadugama,525e9574-fe12-4b6b-8dc7-787d912e3dd9,7.5,6,1473253,0,3.24
2026-08-10T23:49:25.380000+00:00,,2026-08-10T23:49:25.380000+00:00,,5,Nilwala Ganga,Panadugama,8b665d5c-5b1a-4257-919f-dcf6e15241ad,7.5,6,1473252,0,3.32
2026-08-10T23:44:26.038000+00:00,,2026-08-10T23:44:26.038000+00:00,,4,Kalu Ganga,Magura,287b2ddd-2c28-44a3-a5d8-b5619b59a3a3,7.5,6,1473251,0,1.61
2026-08-10T23:44:24.366000+00:00,,2026-08-10T23:44:24.366000+00:00,,4,Kalu Ganga,Magura,28fcf856-67d3-4224-b6f2-73d8403dc10e,7.5,6,1473250,0,1.62
2026-08-10T23:41:10.949000+00:00,,2026-08-10T23:41:10.949000+00:00,,4,Menik Ganga,Katharagama,cc690d54-8728-40af-a866-e1ccbc3caa63,6.5,4.6,1473249,0,-0.26
2026-08-10T23:39:55.972000+00:00,,2026-08-10T23:39:55.972000+00:00,,5,Mahaweli Ganga,Peradeniya,4642e3fc-2ebc-4efd-87ea-e1f2a77e5c15,9,7,1473248,0,3.4
2026-08-10T23:39:32.748000+00:00,,2026-08-10T23:39:32.748000+00:00,,3,Kalu Ganga,Putupaula,85d695b5-a03e-4ef8-9d74-36e57525bb7e,5,4,1473247,0.5,0.73
2026-08-10T23:36:43.338000+00:00,,2026-08-10T23:36:43.338000+00:00,,4,Kelani Ganga,Nagalagam Street,5b23edbc-f924-40e2-a2df-75338c9e53ab,7,5,1473246,0,0.9
2026-08-10T23:36:32.924000+00:00,,2026-08-10T23:36:32.924000+00:00,,15,Kelani Ganga,Glencourse,a9072ec7-7477-45a5-8de8-2f338b57f470,19,15.5,1473245,0,10.35
2026-08-10T23:34:44.792000+00:00,,2026-08-10T23:34:44.792000+00:00,,5.2,Kalu Ganga,Rathnapura,e8fd97da-9ac7-4516-aa0b-b3aeafaf47e6,9.5,7.5,1473244,0,1.89
2026-08-10T23:34:39.053000+00:00,,2026-08-10T23:34:39.053000+00:00,,4,Maduru Oya,Padiyathalawa,49460f06-dac5-449a-a350-216978343b7b,6,4.5,1473243,0,0.05
2026-08-10T23:34:27.077000+00:00,,2026-08-10T23:34:27.077000+00:00,,6,Yan Oya,Horowpothana,3bdcaff7-69c8-439f-8d7f-24dd03ccd90d,10.5,7.5,1473242,0,1.67
2026-08-10T23:34:18.542000+00:00,,2026-08-10T23:34:18.542000+00:00,,3.5,Mahaweli Ganga,Nawalapitiya,bfbc79ed-280d-4ef5-a291-8c3731ee6769,6,5,1473241,0,1.73
2026-08-10T23:33:47.436000+00:00,,2026-08-10T23:33:47.436000+00:00,,4.4,Kirindi Oya,Wellawaya,e66cbb64-ecee-46e7-a9db-fbe575391b3c,5.9,5.4,1473240,0,0.72
2026-08-10T23:33:47.242000+00:00,,2026-08-10T23:33:47.242000+00:00,,6.5,Kelani Ganga,Hanwella,abb15b03-6c7a-49ee-a9a1-945bc62efd36,9.5,7.5,1473239,0,1.81
2026-08-10T23:33:17.467000+00:00,,2026-08-10T23:33:17.467000+00:00,,2.5,Nilwala Ganga,Urawa,c3edd071-fd0b-48c6-8956-670e82fa8c7e,6,4,1473238,0,0.21
2026-08-10T23:33:16.569000+00:00,,2026-08-10T23:33:16.569000+00:00,,1.5,Kelani Ganga,Norwood,e6ee5f02-7277-489a-b830-4d6bcbab0284,4.5,3,1473237,0,0.86
2026-08-10T23:33:14.881000+00:00,,2026-08-10T23:33:14.881000+00:00,,3,Kelani Ganga,Kithulgala,aad99017-4ef3-47b9-b2be-faa2c10d729c,6,4,1473236,0,2.29
2026-08-10T23:32:58.795000+00:00,,2026-08-10T23:32:58.795000+00:00,,5.5,Maha Oya,Giriulla,c99b4ed1-4c27-484b-a123-a687db969d10,7.5,6.5,1473235,0,1.01
2026-08-10T23:32:54.758000+00:00,,2026-08-10T23:32:54.758000+00:00,,5,Maha Oya,Badalgama,c3ac333d-271f-4baf-b4ab-57c7ec214ba4,9.6,6.2,1473234,0,2.06
2026-08-10T23:32:50.328000+00:00,,2026-08-10T23:32:50.328000+00:00,,3,Kelani Ganga,Holombuwa,9c5b1962-4a6f-4aa0-bca2-0d733cc0d9ba,5,3.4,1473233,0,0.47
2026-08-10T23:32:38.756000+00:00,,2026-08-10T23:32:38.756000+00:00,,4.8,Kelani Ganga,Deraniyagala,b7b58302-3edd-4add-b25f-e6baf2794152,7,5.8,1473232,0,0.93
2026-08-10T23:32:36.544000+00:00,,2026-08-10T23:32:36.544000+00:00,,3.3,Aththanagalu Oya,Dunamale,70e5adf0-3046-4ce8-8e93-6e12b4fbcb16,5.5,4.4,1473231,0,0.68
2026-08-10T23:32:34.260000+00:00,,2026-08-10T23:32:34.260000+00:00,,6.9,Kirindi Oya,Kuda Oya,905b0f82-157b-4123-81c6-a0171ad61d6f,8.8,8.4,1473230,0,0.92
2026-08-10T23:32:30.809000+00:00,,2026-08-10T23:32:30.809000+00:00,,5,Kumbukkan Oya,Nakkala,364d53af-8679-4acc-8e28-fbe6ab63cd12,7.5,6,1473229,0,0.59
2026-08-10T23:32:10.147000+00:00,,2026-08-10T23:32:10.147000+00:00,,3,Mahaweli Ganga,Manampitiya,9b206357-cc27-4d96-a042-f9582310a02f,6,4.3,1473228,0,0.05
2026-08-10T23:32:07.901000+00:00,,2026-08-10T23:32:07.901000+00:00,,3.5,Gin Ganga,Baddegama,ab8e9392-6869-4e6c-8c6e-394f23e67f2c,5,4,1473227,0,2.08
2026-08-10T23:32:02.732000+00:00,,2026-08-10T23:32:02.732000+00:00,,4,Kirindi Oya,Thanamalwila,0cd22bde-5835-4a92-913c-aecb840bf6c1,5.5,5,1473226,0,0.46
2026-08-10T23:31:53.467000+00:00,,2026-08-10T23:31:53.467000+00:00,,3,Mahaweli Ganga,Thaldena,a3e86c72-8b36-4c17-99de-fb47283b78f7,5,4,1473225,0,0.14
2026-08-10T23:31:49.099000+00:00,,2026-08-10T23:31:49.099000+00:00,,4,Ma Oya,Yaka Wewa,fc4ac858-a415-4338-955d-2a4b598deee0,6,5,1473224,0,0.41
2026-08-10T23:31:13.644000+00:00,,2026-08-10T23:31:13.644000+00:00,,10,Kalu Ganga,Ellagawa,babf15fa-0204-437e-bfcd-91889701a07e,12.2,10.7,1473223,0,5.58
2026-08-10T23:30:57.807000+00:00,,2026-08-10T23:30:57.807000+00:00,,4,Gin Ganga,Thawalama,fcac8aee-32e6-4985-bf23-92539f178523,7.5,6,1473222,0,1.75
2026-08-10T23:30:52.515000+00:00,,2026-08-10T23:30:52.515000+00:00,,4.75,Deduru Oya,Moragaswewa,a1f7562e-9393-422d-b201-05ba4b1b56c0,7,6,1473221,0,0
2026-08-10T23:30:43.362000+00:00,,2026-08-10T23:30:43.362000+00:00,,,Gal Oya,Ampara,f1c8f5f1-7bd6-4f62-ba85-3ffd6919c206,,,1473220,0,0
2026-08-10T23:30:39.041000+00:00,,2026-08-10T23:30:39.041000+00:00,,1.4,Nilwala Ganga,Thalgahagoda,b76d14f4-f839-467e-a231-8d4871a093f7,2.8,1.7,1473219,0,0.63
2026-08-10T22:49:49.455000+00:00,,2026-08-10T22:49:49.455000+00:00,,3,Kelani Ganga,Holombuwa,fd9b5c7c-6e08-4a6b-a5b0-3ac79d1d10db,5,3.4,1473218,0,0.47
2026-08-10T22:43:47.628000+00:00,,2026-08-10T22:43:47.628000+00:00,,5,Kumbukkan Oya,Nakkala,783152de-0e4a-48ca-83df-e0bb9671b4da,7.5,6,1473217,0,0.59
2026-08-10T22:39:56.446000+00:00,,2026-08-10T22:39:56.446000+00:00,,15,Kelani Ganga,Glencourse,e9323cb4-09aa-4b82-be7f-780096066360,19,15.5,1473216,0,10.28
2026-08-10T22:39:19.866000+00:00,,2026-08-10T22:39:19.866000+00:00,,3,Walawe Ganga,Moraketiya,5566a942-9bd1-4700-94c0-b3c4db15865d,7,5,1473215,0,0.81
2026-08-10T22:39:02.747000+00:00,,2026-08-10T22:39:02.747000+00:00,,3,Kalu Ganga,Putupaula,e6195d6d-b92c-4bf8-bf54-4703bbe55d88,5,4,1473214,0,0.7
2026-08-10T22:36:16.299000+00:00,,2026-08-10T22:36:16.299000+00:00,,4,Kelani Ganga,Nagalagam Street,f7b083d2-469d-42dc-b818-3f64b8beaa8a,7,5,1473213,0,1.1
2026-08-10T22:35:50.736000+00:00,,2026-08-10T22:35:50.736000+00:00,,4,Menik Ganga,Katharagama,1aea746a-4cf1-4e87-a5e4-f526be6e0d50,6.5,4.6,1473212,0,-0.26
2026-08-10T22:34:45.063000+00:00,,2026-08-10T22:34:45.063000+00:00,,1.5,Kelani Ganga,Norwood,43cfaebf-d478-44b1-b156-d5d0bfd1c0b3,4.5,3,1473211,0,0.87
2026-08-10T22:34:41.259000+00:00,,2026-08-10T22:34:41.259000+00:00,,5.2,Kalu Ganga,Rathnapura,22d534cc-0edf-4461-b42d-d839098283f9,9.5,7.5,1473210,0,1.93
2026-08-10T22:34:08.914000+00:00,,2026-08-10T22:34:08.914000+00:00,,4,Maduru Oya,Padiyathalawa,ddacd9ac-0cfb-4ab3-b8e5-c83b4272bb4d,6,4.5,1473209,0,0.05
2026-08-10T22:33:53.735000+00:00,,2026-08-10T22:33:53.735000+00:00,,5.5,Maha Oya,Giriulla,7d98c631-627a-4fc1-bbc5-2d2da034dda1,7.5,6.5,1473208,0,1.01
2026-08-10T22:33:49.331000+00:00,,2026-08-10T22:33:49.331000+00:00,,3.5,Mahaweli Ganga,Nawalapitiya,d30cfd38-40e8-4e9f-9c2f-93e86eef95c2,6,5,1473207,0,1.74
2026-08-10T22:33:44.148000+00:00,,2026-08-10T22:33:44.148000+00:00,,1.4,Nilwala Ganga,Thalgahagoda,80c90390-8fe7-49e0-bb7f-e44c128f29b1,2.8,1.7,1473206,0,0.65
2026-08-10T22:33:22.898000+00:00,,2026-08-10T22:33:22.898000+00:00,,4.8,Kelani Ganga,Deraniyagala,6dec3eb7-7f74-48c4-a49a-dcbe0fa0c482,7,5.8,1473205,0,0.95
2026-08-10T22:33:19.070000+00:00,,2026-08-10T22:33:19.070000+00:00,,3,Kelani Ganga,Kithulgala,fd1e1d84-df91-455b-8290-71bebe3a6fe4,6,4,1473204,0,2.29
2026-08-10T22:33:16.268000+00:00,,2026-08-10T22:33:16.268000+00:00,,2.5,Nilwala Ganga,Urawa,317bb1ce-450a-4670-8672-12a6c608e8cb,6,4,1473203,0,0.23
2026-08-10T22:33:09.952000+00:00,,2026-08-10T22:33:09.952000+00:00,,3,Kelani Ganga,Holombuwa,195dfff5-2b70-4044-8818-82a5c2975139,5,3.4,1473202,0,0.47
2026-08-10T22:33:03.047000+00:00,,2026-08-10T22:33:03.047000+00:00,,4.5,Heda Oya,Siyambalanduwa,4dde0bcd-ecd7-4393-b598-6d9323f1f009,7,6,1473201,0,0.22
2026-08-10T22:32:54.340000+00:00,,2026-08-10T22:32:54.340000+00:00,,5,Maha Oya,Badalgama,1799ce82-8b6f-437f-8822-e0f82c3b906c,9.6,6.2,1473200,0,2.06
2026-08-10T22:32:38.083000+00:00,,2026-08-10T22:32:38.083000+00:00,,6.5,Kelani Ganga,Hanwella,108daba6-a7a5-4574-8af8-3151660d589d,9.5,7.5,1473199,0,1.83
2026-08-10T22:32:25.377000+00:00,,2026-08-10T22:32:25.377000+00:00,,4,Nilwala Ganga,Pitabeddara,7d2e799f-2f63-4414-adac-2aff0826db21,6.5,5,1473198,0,0.85
2026-08-10T22:32:23.785000+00:00,,2026-08-10T22:32:23.785000+00:00,,4,Gin Ganga,Thawalama,a40208a4-b42c-4cd5-8a90-a0a1b374c3e2,7.5,6,1473197,0,1.77
2026-08-10T22:32:04.958000+00:00,,2026-08-10T22:32:04.958000+00:00,,6,Yan Oya,Horowpothana,f913cd69-5a7b-448a-9b46-265a304631eb,10.5,7.5,1473196,0,1.67
2026-08-10T22:32:03.572000+00:00,,2026-08-10T22:32:03.572000+00:00,,5,Mahaweli Ganga,Peradeniya,70097678-746d-45ad-b155-a736fe8aa2e4,9,7,1473195,0,3.47
2026-08-10T22:31:39.701000+00:00,,2026-08-10T22:31:39.701000+00:00,,5,Kalu Ganga,Kalawellawa (Millakanda),76ce760d-9d3a-4b2b-81e3-49b9748b3dc8,8,6.5,1473194,0,2.98
2026-08-10T22:31:38.577000+00:00,,2026-08-10T22:31:38.577000+00:00,,4,Kirindi Oya,Thanamalwila,c9e2f2a3-f883-41aa-97d0-4063c1cf661d,5.5,5,1473193,0,0.46
2026-08-10T22:31:22.176000+00:00,,2026-08-10T22:31:22.176000+00:00,,3,Mahaweli Ganga,Thaldena,38bed0b1-349d-435a-b987-a454095a8b1f,5,4,1473192,0,0.13
2026-08-10T22:31:16.063000+00:00,,2026-08-10T22:31:16.063000+00:00,,3.5,Gin Ganga,Baddegama,cef95330-a8dd-48da-8a1d-e96bb6766bc9,5,4,1473191,0,2.1
2026-08-10T22:31:14.784000+00:00,,2026-08-10T22:31:14.784000+00:00,,6.9,Kirindi Oya,Kuda Oya,88fb2102-5ec4-41cb-93b1-b9c37d7ceb09,8.8,8.4,1473190,0,0.92
2026-08-10T22:31:13.033000+00:00,,2026-08-10T22:31:13.033000+00:00,,10,Kalu Ganga,Ellagawa,29aa5109-ece8-4a7c-8850-8f51dc4c4efa,12.2,10.7,1473189,0,5.61
2026-08-10T22:31:10.066000+00:00,,2026-08-10T22:31:10.066000+00:00,,3,Mahaweli Ganga,Manampitiya,88390a0f-e537-4aa1-9730-a34a6c46d5ab,6,4.3,1473188,0,0.06
2026-08-10T22:31:00.326000+00:00,,2026-08-10T22:31:00.326000+00:00,,4.75,Deduru Oya,Moragaswewa,c6644cbb-11d8-47ca-8437-8ebfc7e951d2,7,6,1473187,0,0
2026-08-10T22:30:51.158000+00:00,,2026-08-10T22:30:51.158000+00:00,,,Gal Oya,Ampara,b0cf39eb-b273-451e-b7b0-4483290a743f,,,1473186,0,0
2026-08-10T22:30:20.279000+00:00,,2026-08-10T22:30:20.279000+00:00,,4.4,Kirindi Oya,Wellawaya,0370820b-a8f1-42d6-ae32-25bb2241dec4,5.9,5.4,1473185,0,0.71
2026-08-10T22:29:13.870000+00:00,,2026-08-10T22:29:13.870000+00:00,,3.5,Gin Ganga,Baddegama,c48d92ac-b8d9-4f58-a560-d72c4326890c,5,4,1473184,0,2.1
2026-08-10T21:41:45.624000+00:00,,2026-08-10T21:41:45.624000+00:00,,3,Kelani Ganga,Holombuwa,409bacc9-9795-46eb-ae30-dfbdcf50a948,5,3.4,1473183,0,0.47
2026-08-10T21:40:48.196000+00:00,,2026-08-10T21:40:48.196000+00:00,,5,Nilwala Ganga,Panadugama,ac1282d9-54aa-4289-b8b1-c68c98bee1c3,7.5,6,1473182,0,3.41
2026-08-10T21:40:31.124000+00:00,,2026-08-10T21:40:31.124000+00:00,,5,Nilwala Ganga,Panadugama,0e805cec-3598-40e3-9496-71ff5492be00,7.5,6,1473181,0,3.44
2026-08-10T21:39:19.142000+00:00,,2026-08-10T21:39:19.142000+00:00,,4,Menik Ganga,Katharagama,16a148f7-70fb-4d5e-9cc2-2427b8bfdafa,6.5,4.6,1473180,0,-0.26
2026-08-10T21:38:32.586000+00:00,,2026-08-10T21:38:32.586000+00:00,,15,Kelani Ganga,Glencourse,1555519b-759d-4fb8-a15b-b50f9e3b1798,19,15.5,1473179,0,10.24
2026-08-10T21:37:10.032000+00:00,,2026-08-10T21:37:10.032000+00:00,,3,Mahaweli Ganga,Thaldena,f9dbbd8d-9044-4552-bc19-89f91d8d22d1,5,4,1473178,0,0.12
2026-08-10T21:36:47.025000+00:00,,2026-08-10T21:36:47.025000+00:00,,4,Kelani Ganga,Nagalagam Street,94979c1f-c749-4519-8276-142b6e2c7ef3,7,5,1473177,0,1.2
2026-08-10T21:36:38.950000+00:00,,2026-08-10T21:36:38.950000+00:00,,4,Ma Oya,Yaka Wewa,2cc381e4-1928-42e9-aba6-e73d7812b8d9,6,5,1473176,0,0.41
2026-08-10T21:35:18.623000+00:00,,2026-08-10T21:35:18.623000+00:00,,4.4,Kirindi Oya,Wellawaya,6c3155f6-480d-44a7-b11c-5f123b992fe5,5.9,5.4,1473175,0,0.71
2026-08-10T21:35:16.711000+00:00,,2026-08-10T21:35:16.711000+00:00,,5.2,Kalu Ganga,Rathnapura,2d73896a-be0c-4b69-84e6-4ca7ca764c49,9.5,7.5,1473174,0,1.96
2026-08-10T21:35:13.621000+00:00,,2026-08-10T21:35:13.621000+00:00,,5,Mahaweli Ganga,Peradeniya,cca0ce5b-1f8c-4281-9382-0844f8f3f879,9,7,1473173,0,3.49
2026-08-10T21:35:00.531000+00:00,,2026-08-10T21:35:00.531000+00:00,,6.9,Kirindi Oya,Kuda Oya,6eb36ab7-b396-47b0-ab83-bbc1e5c06afb,8.8,8.4,1473172,0,0.92
2026-08-10T21:34:47.737000+00:00,,2026-08-10T21:34:47.737000+00:00,,4,Kirindi Oya,Thanamalwila,52276ed2-518f-495d-b607-8d97fb361a46,5.5,5,1473171,0,0.45
2026-08-10T21:34:25.350000+00:00,,2026-08-10T21:34:25.350000+00:00,,2.5,Nilwala Ganga,Urawa,015bbefc-1bc1-47cb-a026-53569ddce8e1,6,4,1473170,0,0.25
2026-08-10T21:34:25.255000+00:00,,2026-08-10T21:34:25.255000+00:00,,6,Yan Oya,Horowpothana,ed3c1e53-ef4a-40ee-a2ff-e2dc47bb2c04,10.5,7.5,1473169,0,1.68
2026-08-10T21:34:20.129000+00:00,,2026-08-10T21:34:20.129000+00:00,,5,Maha Oya,Badalgama,cc73f8d5-b809-4d6a-a72e-bed9aeeee23a,9.6,6.2,1473168,0,2.06
2026-08-10T21:34:06.893000+00:00,,2026-08-10T21:34:06.893000+00:00,,3,Kelani Ganga,Kithulgala,8a7d7de3-b23f-4bdd-9cfc-ad2233aca8a2,6,4,1473167,0,2.35
2026-08-10T21:34:03.270000+00:00,,2026-08-10T21:34:03.270000+00:00,,1.4,Nilwala Ganga,Thalgahagoda,9706fe8b-3e10-4b0c-a0a7-645c7ea9625a,2.8,1.7,1473166,0,0.68
2026-08-10T21:33:46.696000+00:00,,2026-08-10T21:33:46.696000+00:00,,5.5,Maha Oya,Giriulla,a0cd2e95-096c-4100-a3fa-2ff8181f91f8,7.5,6.5,1473165,0,1.01
2026-08-10T21:33:38.317000+00:00,,2026-08-10T21:33:38.317000+00:00,,4,Maduru Oya,Padiyathalawa,acbb0a8b-594f-4601-8947-533d357f9292,6,4.5,1473164,0,0.05
2026-08-10T21:33:36.001000+00:00,,2026-08-10T21:33:36.001000+00:00,,3.5,Mahaweli Ganga,Nawalapitiya,79373fdf-2bfd-42e7-bf6e-2d86835c00b2,6,5,1473163,0,1.74
2026-08-10T21:33:26.175000+00:00,,2026-08-10T21:33:26.175000+00:00,,1.5,Kelani Ganga,Norwood,7ba01d4b-7844-4000-9d87-c34f090636b4,4.5,3,1473162,0,0.87
2026-08-10T21:33:17.921000+00:00,,2026-08-10T21:33:17.921000+00:00,,3,Walawe Ganga,Moraketiya,7bb7a572-775c-4aa1-bcdc-5850e1d1144b,7,5,1473161,0,0.81
2026-08-10T21:33:08.208000+00:00,,2026-08-10T21:33:08.208000+00:00,,4,Nilwala Ganga,Pitabeddara,befcf892-e20c-4af1-8b51-1a1c3ab4536d,6.5,5,1473160,0,0.85
2026-08-10T21:33:00.365000+00:00,,2026-08-10T21:33:00.365000+00:00,,5,Kalu Ganga,Kalawellawa (Millakanda),1d80cf8e-7f17-424b-b8d7-5819e1f444c8,8,6.5,1473159,0,3
2026-08-10T21:32:27.170000+00:00,,2026-08-10T21:32:27.170000+00:00,,3.5,Gin Ganga,Baddegama,1797bb0d-ecbb-4f0e-820e-cc666be09836,5,4,1473158,0,2.1
2026-08-10T21:32:21.664000+00:00,,2026-08-10T21:32:21.664000+00:00,,10,Kalu Ganga,Ellagawa,1c4f2405-f703-4828-9989-30ca2f02d117,12.2,10.7,1473157,0,5.63
2026-08-10T21:32:20.677000+00:00,,2026-08-10T21:32:20.677000+00:00,,4.8,Kelani Ganga,Deraniyagala,d2946308-cc49-4afb-8c26-69e4b6209328,7,5.8,1473156,0,0.95
2026-08-10T21:32:12.025000+00:00,,2026-08-10T21:32:12.025000+00:00,,6.5,Kelani Ganga,Hanwella,b3e0a558-68e9-4320-b30f-742f62a6380a,9.5,7.5,1473155,0,1.8
2026-08-10T21:31:59.671000+00:00,,2026-08-10T21:31:59.671000+00:00,,4.75,Deduru Oya,Moragaswewa,ee3ea616-86d7-4c9c-be40-17c56181c53e,7,6,1473154,0,0
2026-08-10T21:31:57.203000+00:00,,2026-08-10T21:31:57.203000+00:00,,5,Kumbukkan Oya,Nakkala,9b8631c7-20bd-441e-a51f-20c37452d720,7.5,6,1473153,0,0.59
2026-08-10T21:31:28.852000+00:00,,2026-08-10T21:31:28.852000+00:00,,3,Mahaweli Ganga,Manampitiya,be7cbf69-c36f-4690-bdd1-240006c54ae9,6,4.3,1473152,0,0.06
2026-08-10T21:31:08.481000+00:00,,2026-08-10T21:31:08.481000+00:00,,4,Kalu Ganga,Magura,403dc503-ffeb-4760-9111-7f5177b6768f,7.5,6,1473151,0,1.64
2026-08-10T21:31:07.725000+00:00,,2026-08-10T21:31:07.725000+00:00,,4.5,Heda Oya,Siyambalanduwa,c93f6b51-2699-4bea-b775-b1bc4c2f64f8,7,6,1473150,0,0.22
2026-08-10T21:31:02.345000+00:00,,2026-08-10T21:31:02.345000+00:00,,3.3,Aththanagalu Oya,Dunamale,152d50a7-c61e-4770-ba17-7a10e2eab828,5.5,4.4,1473149,0,0.68
2026-08-10T21:30:54.727000+00:00,,2026-08-10T21:30:54.727000+00:00,,4,Gin Ganga,Thawalama,f6154b2a-551d-4bee-b383-2bd5e566dc70,7.5,6,1473148,0,1.8
2026-08-10T21:30:45.210000+00:00,,2026-08-10T21:30:45.210000+00:00,,,Gal Oya,Ampara,a7f83e4c-9530-4caa-b27a-06b64eae58fe,,,1473147,0,0
2026-08-10T21:30:42.822000+00:00,,2026-08-10T21:30:42.822000+00:00,,4.4,Kirindi Oya,Wellawaya,a46ba90c-e4ae-4684-838e-b12cc75d2a9e,5.9,5.4,1473146,0,0.71
2026-08-10T21:06:48.620000+00:00,,2026-08-10T21:06:48.620000+00:00,,4,Gin Ganga,Thawalama,80f1664a-d471-4a93-b9ce-f3e1861ae569,7.5,6,1473145,0,1.83
2026-08-10T20:50:58.504000+00:00,,2026-08-10T20:50:58.504000+00:00,,5,Kumbukkan Oya,Nakkala,654299e8-427b-4987-a7ac-067ec1c1fc23,7.5,6,1473144,0,0.59
2026-08-10T20:47:22.862000+00:00,,2026-08-10T20:47:22.862000+00:00,,4,Ma Oya,Yaka Wewa,277aa553-e7ca-4800-8881-eed397b1586a,6,5,1473143,0,0.41
2026-08-10T20:41:58.102000+00:00,,2026-08-10T20:41:58.102000+00:00,,3,Kalu Ganga,Putupaula,0b40caf3-e72e-43d2-88d9-8dfdb19f778f,5,4,1473142,0,0.47
2026-08-10T20:37:19.991000+00:00,,2026-08-10T20:37:19.991000+00:00,,4,Menik Ganga,Katharagama,6a0b4af4-1d0b-472a-b20f-17aa6e60ae35,6.5,4.6,1473141,0,-0.26
2026-08-10T20:37:03.489000+00:00,,2026-08-10T20:37:03.489000+00:00,,6.5,Kelani Ganga,Hanwella,3bdeb558-9571-4edf-aa3c-9f568f37c504,9.5,7.5,1473140,0,1.8
2026-08-10T20:36:03.695000+00:00,,2026-08-10T20:36:03.695000+00:00,,4,Kelani Ganga,Nagalagam Street,74f10143-9934-472f-b158-8dbc922c6ccb,7,5,1473139,0,1.3
2026-08-10T20:35:31.973000+00:00,,2026-08-10T20:35:31.973000+00:00,,5.2,Kalu Ganga,Rathnapura,2255a984-3171-41b2-b183-3633445e4023,9.5,7.5,1473138,0,2
2026-08-10T20:35:20.974000+00:00,,2026-08-10T20:35:20.974000+00:00,,4,Kalu Ganga,Magura,b4a4f76b-fe28-4468-978e-a23cf0a0bbf3,7.5,6,1473137,0,1.66
2026-08-10T20:35:19.622000+00:00,,2026-08-10T20:35:19.622000+00:00,,4,Kalu Ganga,Magura,969244c4-62ff-46af-9fdb-da3208c80639,7.5,6,1473136,0,1.67
2026-08-10T20:35:07.560000+00:00,,2026-08-10T20:35:07.560000+00:00,,3,Kelani Ganga,Holombuwa,8e23d476-8ef3-4a6b-a59b-d7bf1e4d9da0,5,3.4,1473135,0,0.47
2026-08-10T20:35:05.097000+00:00,,2026-08-10T20:35:05.097000+00:00,,15,Kelani Ganga,Glencourse,65997e9c-b533-48d5-bb07-28af236f8463,19,15.5,1473134,0,10.25
2026-08-10T20:33:13.276000+00:00,,2026-08-10T20:33:13.276000+00:00,,5,Maha Oya,Badalgama,c87a729e-18f5-40f2-898e-5de138d43c6c,9.6,6.2,1473133,0,2.06
2026-08-10T20:33:11.613000+00:00,,2026-08-10T20:33:11.613000+00:00,,3,Mahaweli Ganga,Manampitiya,8064cf48-ea4f-4891-bfcc-d8c7be7902e2,6,4.3,1473132,0,0.06
2026-08-10T20:33:08.841000+00:00,,2026-08-10T20:33:08.841000+00:00,,4,Maduru Oya,Padiyathalawa,95256a74-4ca2-40a3-963e-ddf22c186f24,6,4.5,1473131,0,0.05
2026-08-10T20:33:07.463000+00:00,,2026-08-10T20:33:07.463000+00:00,,3,Kelani Ganga,Kithulgala,24ec4db7-0c41-4fa3-86d1-8d9f9914b8ac,6,4,1473130,0,2.35
2026-08-10T20:33:07.138000+00:00,,2026-08-10T20:33:07.138000+00:00,,5.5,Maha Oya,Giriulla,81e8cc6c-55ac-4dc5-9490-6b9a221b423c,7.5,6.5,1473129,0,1.01
2026-08-10T20:33:05.731000+00:00,,2026-08-10T20:33:05.731000+00:00,,3.3,Aththanagalu Oya,Dunamale,e6928108-79e4-412b-aaa4-fd43d0d3a690,5.5,4.4,1473128,0,0.68
2026-08-10T20:32:37.618000+00:00,,2026-08-10T20:32:37.618000+00:00,,4.8,Kelani Ganga,Deraniyagala,590d198e-d9d9-4186-904d-212a6e3eabc6,7,5.8,1473127,0,0.95
2026-08-10T20:32:32.790000+00:00,,2026-08-10T20:32:32.790000+00:00,,5,Mahaweli Ganga,Peradeniya,abf238eb-03ed-4aa2-bcaa-825f588e24c2,9,7,1473126,0,3.51
2026-08-10T20:32:27.615000+00:00,,2026-08-10T20:32:27.615000+00:00,,1.5,Kelani Ganga,Norwood,88a9a607-a32b-4272-b798-4a09115994b0,4.5,3,1473125,0,0.87
2026-08-10T20:32:22.807000+00:00,,2026-08-10T20:32:22.807000+00:00,,4,Kirindi Oya,Thanamalwila,0e0cfcf0-24f8-4ac4-a63c-4b819b11ac50,5.5,5,1473124,0,0.45
2026-08-10T20:32:11.120000+00:00,,2026-08-10T20:32:11.120000+00:00,,4,Kirindi Oya,Thanamalwila,96ca8e4e-58c1-4ea4-9c15-611900dfd8a8,5.5,5,1473123,0,0.45
2026-08-10T20:32:06.044000+00:00,,2026-08-10T20:32:06.044000+00:00,,3.5,Mahaweli Ganga,Nawalapitiya,06b21946-b158-4e09-b6f2-aa081f8f35db,6,5,1473122,0,1.75
2026-08-10T20:31:32.826000+00:00,,2026-08-10T20:31:32.826000+00:00,,4,Nilwala Ganga,Pitabeddara,6ebc2e72-4528-458c-bcd9-fd452f573a84,6.5,5,1473121,0,0.86
2026-08-10T20:31:18.318000+00:00,,2026-08-10T20:31:18.318000+00:00,,10,Kalu Ganga,Ellagawa,f6717478-6b21-4d0c-8e3e-4b3c778583b2,12.2,10.7,1473120,0,5.66
2026-08-10T20:30:58.328000+00:00,,2026-08-10T20:30:58.328000+00:00,,,Gal Oya,Ampara,06714de4-d923-443c-bd5c-5278f8f38f61,,,1473119,0,0
2026-08-10T20:30:57.416000+00:00,,2026-08-10T20:30:57.416000+00:00,,5,Kumbukkan Oya,Nakkala,df0f27d5-4af1-4d39-91ef-b5d2ccad4f52,7.5,6,1473118,0,0.59
2026-08-10T20:30:45.742000+00:00,,2026-08-10T20:30:45.742000+00:00,,4.5,Heda Oya,Siyambalanduwa,6ac4aa08-a4bc-4a8c-a899-8e70d11cc5a6,7,6,1473117,0,0.22
2026-08-10T20:30:44.875000+00:00,,2026-08-10T20:30:44.875000+00:00,,4.75,Deduru Oya,Moragaswewa,265fca8d-277b-4593-8c78-84ffa84167e7,7,6,1473116,0,-0.01
2026-08-10T20:30:39.098000+00:00,,2026-08-10T20:30:39.098000+00:00,,1.4,Nilwala Ganga,Thalgahagoda,e17624cc-2990-41a6-8291-b7019b01e3bc,2.8,1.7,1473115,0,0.69
2026-08-10T20:30:18.691000+00:00,,2026-08-10T20:30:18.691000+00:00,,4.4,Kirindi Oya,Wellawaya,f4e3df3a-ace5-4c11-9c53-ae2205ea678f,5.9,5.4,1473114,0,0.71
2026-08-10T20:24:42.652000+00:00,,2026-08-10T20:24:42.652000+00:00,,4.4,Kirindi Oya,Wellawaya,7584a224-a7d0-4201-9d40-9880ada1b9d9,5.9,5.4,1473113,0,0.71
2026-08-10T20:14:44.665000+00:00,,2026-08-10T20:14:44.665000+00:00,,1.5,Kelani Ganga,Norwood,96e89430-4271-41f0-9436-67041a24701f,4.5,3,1473112,0,0.87
2026-08-10T19:59:14.746000+00:00,,2026-08-10T19:59:14.746000+00:00,,,Gal Oya,Ampara,2d35b4ed-77e2-4d1a-b0e2-cea36fe7dc33,,,1473111,0,0
2026-08-10T19:53:40.253000+00:00,,2026-08-10T19:53:40.253000+00:00,,5,Mahaweli Ganga,Peradeniya,958104d8-06c9-402f-a77d-6712331ff930,9,7,1473110,0,3.53
2026-08-10T19:49:13.491000+00:00,,2026-08-10T19:49:13.491000+00:00,,5,Nilwala Ganga,Panadugama,5922b23b-5a9d-4177-944e-5d0df548ada9,7.5,6,1473109,0,3.46
2026-08-10T19:37:41.728000+00:00,,2026-08-10T19:37:41.728000+00:00,,4,Menik Ganga,Katharagama,c3cbba97-887a-4930-a71d-2e672bb32344,6.5,4.6,1473108,0,-0.26
2026-08-10T19:37:41.194000+00:00,,2026-08-10T19:37:41.194000+00:00,,4,Nilwala Ganga,Pitabeddara,80404354-e9a1-4a6d-a99d-c3d426d80389,6.5,5,1473107,0,0.86
2026-08-10T19:37:23.788000+00:00,,2026-08-10T19:37:23.788000+00:00,,1.4,Nilwala Ganga,Thalgahagoda,75b3fe86-23f9-4274-803c-ac86f43582ff,2.8,1.7,1473106,0,0.69
2026-08-10T19:36:37.493000+00:00,,2026-08-10T19:36:37.493000+00:00,,2.5,Nilwala Ganga,Urawa,df08d9e5-3a77-4152-b45c-39a705820c51,6,4,1473105,0,0.25
2026-08-10T19:35:32.292000+00:00,,2026-08-10T19:35:32.292000+00:00,,3,Kelani Ganga,Holombuwa,7e917e16-fe03-4a39-8675-59ee6f6315ee,5,3.4,1473104,0,0.47
2026-08-10T19:35:13.379000+00:00,,2026-08-10T19:35:13.379000+00:00,,5.2,Kalu Ganga,Rathnapura,7005c872-3172-4c54-8775-e4b20a9924ca,9.5,7.5,1473103,0,2.04
2026-08-10T19:35:05.562000+00:00,,2026-08-10T19:35:05.562000+00:00,,3.5,Mahaweli Ganga,Nawalapitiya,75ed8478-a313-4fb0-8dd9-3edede8f6dc6,6,5,1473102,0,1.76
2026-08-10T19:33:47.898000+00:00,,2026-08-10T19:33:47.898000+00:00,,4.8,Kelani Ganga,Deraniyagala,1a21aeef-66c0-4640-9858-c0859b16f9d3,7,5.8,1473101,0,0.96
2026-08-10T19:33:20.654000+00:00,,2026-08-10T19:33:20.654000+00:00,,1.5,Kelani Ganga,Norwood,502635e7-f2cf-42df-8548-94e56f8afe64,4.5,3,1473100,0,0.87
2026-08-10T19:33:12.626000+00:00,,2026-08-10T19:33:12.626000+00:00,,4,Gin Ganga,Thawalama,ea4cc870-c2e7-42cf-9e1f-c3548be81f57,7.5,6,1473099,0,1.83
2026-08-10T19:32:39.162000+00:00,,2026-08-10T19:32:39.162000+00:00,,4,Maduru Oya,Padiyathalawa,e5015dfd-600f-40f9-8495-3e9322cf862e,6,4.5,1473098,0,0.05
2026-08-10T19:32:37.803000+00:00,,2026-08-10T19:32:37.803000+00:00,,3,Mahaweli Ganga,Thaldena,f3760085-f07d-4869-992a-7faa6b69c783,5,4,1473097,0,0.12
2026-08-10T19:32:22.104000+00:00,,2026-08-10T19:32:22.104000+00:00,,3,Kelani Ganga,Kithulgala,fefe8899-0acb-43c0-9287-07152c0ff8f2,6,4,1473096,0,2.34
2026-08-10T19:32:10.023000+00:00,,2026-08-10T19:32:10.023000+00:00,,3.3,Aththanagalu Oya,Dunamale,d3042c7e-63e5-43ce-9f57-d8c6d486226b,5.5,4.4,1473095,0,0.68
2026-08-10T19:32:08.123000+00:00,,2026-08-10T19:32:08.123000+00:00,,5,Maha Oya,Badalgama,1981ad8a-6c02-4f8c-be30-33e4e6bc1796,9.6,6.2,1473094,0,2.06
2026-08-10T19:32:07.506000+00:00,,2026-08-10T19:32:07.506000+00:00,,3.5,Gin Ganga,Baddegama,fe211a63-0311-4519-a4dd-e37415990a6e,5,4,1473093,0,2.15
2026-08-10T19:31:41.589000+00:00,,2026-08-10T19:31:41.589000+00:00,,10,Kalu Ganga,Ellagawa,78b20dac-8161-4d59-ac21-0e96f8fafdc2,12.2,10.7,1473092,0,5.7
2026-08-10T19:31:37.547000+00:00,,2026-08-10T19:31:37.547000+00:00,,5,Kumbukkan Oya,Nakkala,d767ed85-48c9-4936-85f0-50bc07a4b085,7.5,6,1473091,0,0.59
2026-08-10T19:31:32.450000+00:00,,2026-08-10T19:31:32.450000+00:00,,3,Walawe Ganga,Moraketiya,8455210d-e8c5-490e-b1ff-b864b91a8c45,7,5,1473090,0,0.8
2026-08-10T19:31:27.838000+00:00,,2026-08-10T19:31:27.838000+00:00,,4.75,Deduru Oya,Moragaswewa,b0cc051a-8b70-4855-a70f-d62bb97f00e0,7,6,1473089,0,-0.01
2026-08-10T19:31:19.020000+00:00,,2026-08-10T19:31:19.020000+00:00,,5.5,Maha Oya,Giriulla,5642a8ba-716a-40b3-b6cc-5e03ee671e83,7.5,6.5,1473088,0,1.01
2026-08-10T19:31:09.420000+00:00,,2026-08-10T19:31:09.420000+00:00,,4.5,Heda Oya,Siyambalanduwa,c1c27699-c218-444e-8c81-fd4f9ea612a5,7,6,1473087,0,0.22
2026-08-10T19:30:56.230000+00:00,,2026-08-10T19:30:56.230000+00:00,,4.4,Kirindi Oya,Wellawaya,90fb2d66-c1da-4770-a68b-657798224194,5.9,5.4,1473086,0,0.71
2026-08-10T19:30:51.310000+00:00,,2026-08-10T19:30:51.310000+00:00,,3,Mahaweli Ganga,Manampitiya,c9b5580b-0e2c-44f7-96ea-7aa04fe825cc,6,4.3,1473085,0,0.05
2026-08-10T18:46:58.604000+00:00,,2026-08-10T18:46:58.604000+00:00,,1.4,Nilwala Ganga,Thalgahagoda,73b76aa2-61fb-4d03-bb5f-5fbc168fee62,2.8,1.7,1473084,0,0.74
2026-08-10T18:44:20.285000+00:00,,2026-08-10T18:44:20.285000+00:00,,3,Kelani Ganga,Holombuwa,afa6d84a-3054-480a-8f27-da5e85b8b58a,5,3.4,1473083,0,0.47
2026-08-10T18:41:38.395000+00:00,,2026-08-10T18:41:38.395000+00:00,,1.4,Nilwala Ganga,Thalgahagoda,798097d5-7f62-4041-b306-2cb81bcf6a5d,2.8,1.7,1473082,0,0.74
2026-08-10T18:39:59.544000+00:00,,2026-08-10T18:39:59.544000+00:00,,5,Nilwala Ganga,Panadugama,744502b5-5b9f-4cbf-a24f-3c4d8d9b1f0b,7.5,6,1473081,0,3.47
2026-08-10T18:39:56.685000+00:00,,2026-08-10T18:39:56.685000+00:00,,3,Kalu Ganga,Putupaula,9aeb231d-7ff2-4dd2-9afa-063c5d217cbf,5,4,1473080,0,0.57
2026-08-10T18:38:20.307000+00:00,,2026-08-10T18:38:20.307000+00:00,,3,Walawe Ganga,Moraketiya,f1a3bf79-4d7d-4baf-8d59-71d97f388ebe,7,5,1473079,0,0.79
2026-08-10T18:38:16.765000+00:00,,2026-08-10T18:38:16.765000+00:00,,6.9,Kirindi Oya,Kuda Oya,7ade2868-3ca2-4f03-b27e-5974ecd521a1,8.8,8.4,1473078,0,0.91
2026-08-10T18:38:02.438000+00:00,,2026-08-10T18:38:02.438000+00:00,,4,Kalu Ganga,Magura,8d65eecb-24c0-4f2b-95c6-c9ac5cb90748,7.5,6,1473077,0,1.11
2026-08-10T18:36:29.279000+00:00,,2026-08-10T18:36:29.279000+00:00,,4,Kelani Ganga,Nagalagam Street,c9643a9a-f8a4-41a3-9b8b-ea708078986c,7,5,1473076,0,1.3
2026-08-10T18:36:11.153000+00:00,,2026-08-10T18:36:11.153000+00:00,,2.5,Nilwala Ganga,Urawa,f05553c4-4ac3-488e-82a5-17debe8cb617,6,4,1473075,0,0.25
2026-08-10T18:35:44.603000+00:00,,2026-08-10T18:35:44.603000+00:00,,4,Nilwala Ganga,Pitabeddara,aa66c4b1-2cc3-4faf-8148-881f1ac1a105,6.5,5,1473074,0,0.86
2026-08-10T18:35:32.218000+00:00,,2026-08-10T18:35:32.218000+00:00,,15,Kelani Ganga,Glencourse,c2a52a36-44a1-4009-a788-fb19e0c59940,19,15.5,1473073,0,10.35
2026-08-10T18:34:29.614000+00:00,,2026-08-10T18:34:29.614000+00:00,,3,Kelani Ganga,Kithulgala,66cba6d8-f3de-4ec1-b957-469e7a0a1746,6,4,1473072,0,2.45
2026-08-10T18:34:20.945000+00:00,,2026-08-10T18:34:20.945000+00:00,,4.5,Heda Oya,Siyambalanduwa,bd31a897-c4df-47b4-b809-c6d4afa97728,7,6,1473071,0,0.21
2026-08-10T18:34:15.147000+00:00,,2026-08-10T18:34:15.147000+00:00,,5.2,Kalu Ganga,Rathnapura,7c4a155f-09cd-4fca-96a7-3082a0e3cdd5,9.5,7.5,1473070,0,2.09
2026-08-10T18:33:55.694000+00:00,,2026-08-10T18:33:55.694000+00:00,,4.8,Kelani Ganga,Deraniyagala,52af64ee-16a7-4921-bf30-2e59bb381234,7,5.8,1473069,0,0.97
2026-08-10T18:33:53.441000+00:00,,2026-08-10T18:33:53.441000+00:00,,5,Maha Oya,Badalgama,fcb3ab1c-a5f9-4462-bb32-c2c3832bb30b,9.6,6.2,1473068,0,2.06
2026-08-10T18:33:47.513000+00:00,,2026-08-10T18:33:47.513000+00:00,,1.5,Kelani Ganga,Norwood,ad250f8e-9c16-4cd5-b55e-8f5a4324c063,4.5,3,1473067,0,0.88
2026-08-10T18:33:42.092000+00:00,,2026-08-10T18:33:42.092000+00:00,,3.5,Gin Ganga,Baddegama,6620b5f6-f625-4b2a-9926-9a986d98c3c7,5,4,1473066,0,2.17
2026-08-10T18:33:33.442000+00:00,,2026-08-10T18:33:33.442000+00:00,,5.5,Maha Oya,Giriulla,cc4728b2-4416-432f-9a4a-779e95d9f608,7.5,6.5,1473065,0,1.01
2026-08-10T18:33:30.020000+00:00,,2026-08-10T18:33:30.020000+00:00,,4,Gin Ganga,Thawalama,31797ef2-5d66-4ae3-8e9d-50787eb50a81,7.5,6,1473064,0,1.82
2026-08-10T18:33:29.981000+00:00,,2026-08-10T18:33:29.981000+00:00,,4,Kirindi Oya,Thanamalwila,5ce7dd07-4a56-45a5-b971-f139ae3b4523,5.5,5,1473063,0,0.45
2026-08-10T18:33:26.165000+00:00,,2026-08-10T18:33:26.165000+00:00,,3.5,Mahaweli Ganga,Nawalapitiya,10388177-c79c-43a4-b8a0-d96abf22bed5,6,5,1473062,0,1.76
2026-08-10T18:33:23.332000+00:00,,2026-08-10T18:33:23.332000+00:00,,6.5,Kelani Ganga,Hanwella,6a35e65b-d944-4c2f-909c-62fc447772df,9.5,7.5,1473061,0,1.82
2026-08-10T18:33:15.347000+00:00,,2026-08-10T18:33:15.347000+00:00,,5,Mahaweli Ganga,Peradeniya,4a6f7d33-7e2d-4a57-9d1c-c730e4c8ea59,9,7,1473060,0,3.53
2026-08-10T18:33:11.155000+00:00,,2026-08-10T18:33:11.155000+00:00,,1.5,Kelani Ganga,Norwood,0a97f171-92b1-4307-98db-1fd7b8f2a408,4.5,3,1473059,0,0.88
2026-08-10T18:32:58.864000+00:00,,2026-08-10T18:32:58.864000+00:00,,10,Kalu Ganga,Ellagawa,ac30394f-500d-4b4a-89e6-242e7c8c4231,12.2,10.7,1473058,0,5.73
2026-08-10T18:32:40.233000+00:00,,2026-08-10T18:32:40.233000+00:00,,3,Mahaweli Ganga,Thaldena,2e655ae2-beb8-4d78-8f7a-80b04b9c7c5d,5,4,1473057,0,0.13
2026-08-10T18:32:32.141000+00:00,,2026-08-10T18:32:32.141000+00:00,,5,Kalu Ganga,Kalawellawa (Millakanda),c42ba97b-8da3-4af7-8d97-d360688941d4,8,6.5,1473056,0,3
2026-08-10T18:32:31.010000+00:00,,2026-08-10T18:32:31.010000+00:00,,3,Mahaweli Ganga,Manampitiya,715218e5-ab92-4f4a-a51a-04fcb535f03e,6,4.3,1473055,0,0.03
2026-08-10T18:32:12.644000+00:00,,2026-08-10T18:32:12.644000+00:00,,4,Menik Ganga,Katharagama,2865ba49-eefa-4cea-b0a2-a1f79327ca8d,6.5,4.6,1473054,0,-0.26
2026-08-10T18:32:10.477000+00:00,,2026-08-10T18:32:10.477000+00:00,,4,Ma Oya,Yaka Wewa,d0c1df9f-79c5-4962-b7c8-1088a89b44ae,6,5,1473053,0,0.41
2026-08-10T18:32:09.512000+00:00,,2026-08-10T18:32:09.512000+00:00,,4,Maduru Oya,Padiyathalawa,c696e6c3-62ca-444e-b094-d37eb95d319c,6,4.5,1473052,0,0.05
2026-08-10T18:31:38.005000+00:00,,2026-08-10T18:31:38.005000+00:00,,6,Yan Oya,Horowpothana,fa2a00c9-ff1b-4ec6-8cf8-fd098960f6d5,10.5,7.5,1473051,0,1.68
2026-08-10T18:31:24.182000+00:00,,2026-08-10T18:31:24.182000+00:00,,5,Kumbukkan Oya,Nakkala,c11ed001-0d06-4c46-93b4-9b07d8dac06f,7.5,6,1473050,0,0.59
2026-08-10T18:31:08.306000+00:00,,2026-08-10T18:31:08.306000+00:00,,3.3,Aththanagalu Oya,Dunamale,b4228a7f-26fc-447b-b08d-254ee797de28,5.5,4.4,1473049,0,0.68
2026-08-10T18:30:58.418000+00:00,,2026-08-10T18:30:58.418000+00:00,,,Gal Oya,Ampara,5a27bf2f-bc6e-4d6f-860e-13d91df643a6,,,1473048,0,0
2026-08-10T18:30:37.158000+00:00,,2026-08-10T18:30:37.158000+00:00,,4.75,Deduru Oya,Moragaswewa,37d7d1e6-7caa-4240-8482-b8a7e6ef8fe4,7,6,1473047,0,-0.01
2026-08-10T18:30:13.953000+00:00,,2026-08-10T18:30:13.953000+00:00,,4.4,Kirindi Oya,Wellawaya,d7f152a5-6f04-45a1-a554-9def11243f3c,5.9,5.4,1473046,0,0.71
2026-08-10T18:28:50.570000+00:00,,2026-08-10T18:28:50.570000+00:00,,5,Kumbukkan Oya,Nakkala,9ede0cce-c7bc-4413-ba9b-7859746c4eb9,7.5,6,1473045,0,0.59
2026-08-10T17:56:02.654000+00:00,,2026-08-10T17:56:02.654000+00:00,,5,Nilwala Ganga,Panadugama,818ff74e-de30-4fff-8749-2bc891117aaa,7.5,6,1473044,0,3.49
2026-08-10T17:47:48.854000+00:00,,2026-08-10T17:47:48.854000+00:00,,2.5,Nilwala Ganga,Urawa,1b63cb48-a61e-4025-b5bd-ad2d29793d53,6,4,1473043,0,0.26
2026-08-10T17:44:49.810000+00:00,,2026-08-10T17:44:49.810000+00:00,,1.4,Nilwala Ganga,Thalgahagoda,9d3251c2-35ef-4fc2-8284-40b684077e5a,2.8,1.7,1473042,0,0.82
2026-08-10T17:43:58.161000+00:00,,2026-08-11T02:51:59.961000+00:00,IEHydrology,4,Nilwala Ganga,Pitabeddara,05618d31-a373-44db-afa4-a9bdc731ddeb,6.5,5,1473041,0,0.87
2026-08-10T17:40:20.576000+00:00,,2026-08-10T17:40:20.576000+00:00,,3,Kelani Ganga,Holombuwa,f12b5b53-c20a-4c38-ba80-12777e214d21,5,3.4,1473040,0,0.47
2026-08-10T17:38:21.410000+00:00,,2026-08-10T17:38:21.410000+00:00,,4,Menik Ganga,Katharagama,05ddfec0-004c-42cf-84ff-497ff72a2f23,6.5,4.6,1473039,0,-0.26
2026-08-10T17:35:54.653000+00:00,,2026-08-10T17:35:54.653000+00:00,,3.5,Gin Ganga,Baddegama,9f308a84-dcb1-4fdd-bac4-00ccb7712d44,5,4,1473038,0,2.2
2026-08-10T17:35:10.477000+00:00,,2026-08-10T17:35:10.477000+00:00,,5,Mahaweli Ganga,Peradeniya,2b6792f6-fafb-4be7-af64-15aca661d6b1,9,7,1473037,0,3.53
2026-08-10T17:34:53.285000+00:00,,2026-08-10T17:34:53.285000+00:00,,4,Gin Ganga,Thawalama,5c2afc35-5342-4eb4-b8c3-81e2837c7ece,7.5,6,1473036,0,1.82
2026-08-10T17:34:29.091000+00:00,,2026-08-10T17:34:29.091000+00:00,,3.5,Mahaweli Ganga,Nawalapitiya,81118c47-f312-430e-b1bb-8ea3ec3d2af6,6,5,1473035,0,1.78
2026-08-10T17:34:08.641000+00:00,,2026-08-10T17:34:08.641000+00:00,,5.2,Kalu Ganga,Rathnapura,fcff1d60-aa6d-4646-a667-990470d1f92a,9.5,7.5,1473034,0,2.12
2026-08-10T17:34:02.441000+00:00,,2026-08-10T17:34:02.441000+00:00,,3,Mahaweli Ganga,Thaldena,4f8e670b-9305-4fe4-801a-6e7bcacf7421,5,4,1473033,0,0.13
2026-08-10T17:33:38.710000+00:00,,2026-08-10T17:33:38.710000+00:00,,4.5,Heda Oya,Siyambalanduwa,a29da9bc-0f7e-447a-8327-e25d0ed66436,7,6,1473032,0,0.21
2026-08-10T17:33:35.082000+00:00,,2026-08-10T17:33:35.082000+00:00,,5,Maha Oya,Badalgama,d398e2a8-34bb-4442-b412-f1f099b42a41,9.6,6.2,1473031,0,2.06
2026-08-10T17:33:28.807000+00:00,,2026-08-10T17:33:28.807000+00:00,,6.5,Kelani Ganga,Hanwella,6962a0b9-f93c-487f-8ff7-3c2c4d06c9cc,9.5,7.5,1473030,0,1.85
2026-08-10T17:33:01.823000+00:00,,2026-08-10T17:33:01.823000+00:00,,4.8,Kelani Ganga,Deraniyagala,e5e93732-8970-46dc-b1fc-765bfdcef09d,7,5.8,1473029,0,0.97
2026-08-10T17:33:00.580000+00:00,,2026-08-10T17:33:00.580000+00:00,,3,Kelani Ganga,Kithulgala,a37455e8-4b7a-456f-b137-4a809a8cab81,6,4,1473028,0,2.35
2026-08-10T17:32:49.101000+00:00,,2026-08-10T17:32:49.101000+00:00,,15,Kelani Ganga,Glencourse,fc165f71-2a1d-4ba2-b589-fc571db927e3,19,15.5,1473027,0,10.35
2026-08-10T17:32:48.139000+00:00,,2026-08-10T17:32:48.139000+00:00,,3,Walawe Ganga,Moraketiya,e2c0d528-0404-4e12-90d5-b8f1dae474c1,7,5,1473026,0,0.79
2026-08-10T17:32:40.185000+00:00,,2026-08-10T17:32:40.185000+00:00,,5.5,Maha Oya,Giriulla,e738c878-040c-424c-92ed-a808d451de60,7.5,6.5,1473025,0,1.01
2026-08-10T17:32:22.197000+00:00,,2026-08-10T17:32:22.197000+00:00,,4,Kirindi Oya,Thanamalwila,cb3380af-61e1-41b5-b818-3027f35e06c7,5.5,5,1473024,0,0.45
2026-08-10T17:32:09.653000+00:00,,2026-08-10T17:32:09.653000+00:00,,6,Yan Oya,Horowpothana,c6a449ce-bd7e-46bb-b43d-f24a53519f44,10.5,7.5,1473023,0,1.68
2026-08-10T17:31:55.865000+00:00,,2026-08-10T17:31:55.865000+00:00,,3.3,Aththanagalu Oya,Dunamale,836ded69-00ce-4814-bd03-91c67492e35f,5.5,4.4,1473022,0,0.68
2026-08-10T17:31:44.078000+00:00,,2026-08-10T17:31:44.078000+00:00,,,Gal Oya,Ampara,a40a92c9-1e2a-469b-8a38-f6840e979085,,,1473021,0,0
2026-08-10T17:31:41.555000+00:00,,2026-08-10T17:31:41.555000+00:00,,3,Mahaweli Ganga,Manampitiya,23a821c7-7722-414b-af21-27692178ef47,6,4.3,1473020,0,-0.01
2026-08-10T17:31:39.060000+00:00,,2026-08-10T17:31:39.060000+00:00,,4,Maduru Oya,Padiyathalawa,6f05607f-31dc-4aad-b17e-5ef46ecf3b02,6,4.5,1473019,0,0.05
2026-08-10T17:31:29.455000+00:00,,2026-08-10T17:31:29.455000+00:00,,4,Ma Oya,Yaka Wewa,c7ee2934-206a-4543-991f-fa044bae712e,6,5,1473018,0,0.41
2026-08-10T17:31:21.038000+00:00,,2026-08-10T17:31:21.038000+00:00,,10,Kalu Ganga,Ellagawa,179dabf7-7d4e-433a-aa58-48f64c43d316,12.2,10.7,1473017,0,5.78
2026-08-10T17:30:53.073000+00:00,,2026-08-10T17:30:53.073000+00:00,,5,Kumbukkan Oya,Nakkala,0ccb9c7d-5d24-475c-9ecd-03608107ff28,7.5,6,1473016,0,0.59
2026-08-10T17:30:52.907000+00:00,,2026-08-10T17:30:52.907000+00:00,,4.75,Deduru Oya,Moragaswewa,8f93b8a8-4df8-433d-8643-1e8f7fca4039,7,6,1473015,0,-0.01
2026-08-10T17:30:13.148000+00:00,,2026-08-10T17:30:13.148000+00:00,,4.4,Kirindi Oya,Wellawaya,5ce14767-458a-47d9-8a77-2d9e6ea3f025,5.9,5.4,1473014,0,0.71
2026-08-10T17:17:06.293000+00:00,,2026-08-10T17:17:06.293000+00:00,,,Gal Oya,Ampara,96db2df0-6083-4441-89ad-0a93a49eaace,,,1473013,0,0
2026-08-10T16:45:18.847000+00:00,,2026-08-10T16:45:18.847000+00:00,,4,Kalu Ganga,Magura,9e15106f-5520-465d-bc9d-266a21fd319b,7.5,6,1473012,0,1.73
2026-08-10T16:41:00.193000+00:00,,2026-08-10T16:41:00.193000+00:00,,4,Gin Ganga,Thawalama,df4f71cc-e840-477a-9798-a69d5b27322c,7.5,6,1473011,0,1.81
2026-08-10T16:40:31.410000+00:00,,2026-08-10T16:40:31.410000+00:00,,4,Kalu Ganga,Magura,07b07377-39df-4939-8e6e-ad72de07d59f,7.5,6,1473010,0,1.73
2026-08-10T16:40:31.379000+00:00,,2026-08-10T16:40:31.379000+00:00,,1.4,Nilwala Ganga,Thalgahagoda,95847bd4-648b-4926-9982-9419b8a287df,2.8,1.7,1473009,0,0.86
2026-08-10T16:37:48.725000+00:00,,2026-08-10T16:37:48.725000+00:00,,15,Kelani Ganga,Glencourse,d965d1fa-c60c-48c6-8272-ddcdd42e8435,19,15.5,1473008,0,10.36
2026-08-10T16:36:28.936000+00:00,,2026-08-10T16:36:28.936000+00:00,,3,Kalu Ganga,Putupaula,6ad62dce-bcdf-45c7-904e-2abf6d2c5eda,5,4,1473007,0,0.67
2026-08-10T16:35:58.819000+00:00,,2026-08-10T16:35:58.819000+00:00,,4.4,Kirindi Oya,Wellawaya,918c079f-f2bc-4abb-b96e-0a8414d210c5,5.9,5.4,1473006,0,0.72
2026-08-10T16:35:33.731000+00:00,,2026-08-10T16:35:33.731000+00:00,,5,Mahaweli Ganga,Peradeniya,e1563ab0-ff3d-4306-92e7-5bb3ac1b2a83,9,7,1473005,0,3.54
2026-08-10T16:35:29.854000+00:00,,2026-08-10T16:35:29.854000+00:00,,5,Maha Oya,Badalgama,8d7d6476-5781-4d40-b0f5-f13661ddb6a5,9.6,6.2,1473004,0,2.07
2026-08-10T16:35:04.775000+00:00,,2026-08-10T16:35:04.775000+00:00,,5.2,Kalu Ganga,Rathnapura,97031484-2a6c-4779-aa6e-dac9cbd880e6,9.5,7.5,1473003,0,2.14
2026-08-10T16:34:57.217000+00:00,,2026-08-10T16:34:57.217000+00:00,,3.3,Aththanagalu Oya,Dunamale,fceddeb5-50d6-49d4-aeaa-3489be4e7b54,5.5,4.4,1473002,0,0.68
2026-08-10T16:34:25.546000+00:00,,2026-08-10T16:34:25.546000+00:00,,2.5,Nilwala Ganga,Urawa,bc30767c-5cdf-4253-9a0c-b0d7ea11631f,6,4,1473001,0,0.26
2026-08-10T16:34:18.965000+00:00,,2026-08-10T16:34:18.965000+00:00,,4,Menik Ganga,Katharagama,6a3162a4-9aaf-439a-a4e0-e841a19451ad,6.5,4.6,1473000,0,-0.26
2026-08-10T16:34:06.934000+00:00,,2026-08-10T16:34:06.934000+00:00,,5,Nilwala Ganga,Panadugama,7af9d492-b35a-4960-969c-4eb3fa442fbd,7.5,6,1472999,0,3.52
2026-08-10T16:34:00.190000+00:00,,2026-08-10T16:34:00.190000+00:00,,3,Mahaweli Ganga,Thaldena,ca7dac54-6ac4-4da4-8d80-b0d373211a43,5,4,1472998,0,0.14
2026-08-10T16:33:51.269000+00:00,,2026-08-10T16:33:51.269000+00:00,,5,Kumbukkan Oya,Nakkala,16ea8fed-a502-4962-9dd4-98c435c84fb1,7.5,6,1472997,0,0.59
2026-08-10T16:33:44.680000+00:00,,2026-08-10T16:33:44.680000+00:00,,5.5,Maha Oya,Giriulla,05a1b8cf-5af8-43b9-a756-5f2e76b3a3d0,7.5,6.5,1472996,0,1.01
2026-08-10T16:33:39.582000+00:00,,2026-08-10T16:33:39.582000+00:00,,3,Kelani Ganga,Kithulgala,c0f94a1d-6e2d-4477-8638-3114cfbce24a,6,4,1472995,0,2.08
2026-08-10T16:33:39.256000+00:00,,2026-08-10T16:33:39.256000+00:00,,3,Kelani Ganga,Holombuwa,5890dfa9-dda0-476a-8bf8-f7f62a5125d0,5,3.4,1472994,0,0.47
2026-08-10T16:33:36.001000+00:00,,2026-08-10T16:33:36.001000+00:00,,3.5,Mahaweli Ganga,Nawalapitiya,3ee526bb-91f2-4923-88a8-55d95eb3271d,6,5,1472993,0,1.79
2026-08-10T16:33:11.615000+00:00,,2026-08-10T16:33:11.615000+00:00,,1.5,Kelani Ganga,Norwood,20db3139-0bc4-4528-bfea-2407f9768757,4.5,3,1472992,0,0.88
2026-08-10T16:33:08.188000+00:00,,2026-08-10T16:33:08.188000+00:00,,4.8,Kelani Ganga,Deraniyagala,cb157400-d836-474e-bf2f-4689672f32a7,7,5.8,1472991,0,0.99
2026-08-10T16:32:45.290000+00:00,,2026-08-10T16:32:45.290000+00:00,,4,Kelani Ganga,Nagalagam Street,bfd492f6-49d7-44bc-bf6b-2c34afa61db1,7,5,1472989,0,0.9
2026-08-10T16:32:43.401000+00:00,,2026-08-10T16:32:43.401000+00:00,,4,Kirindi Oya,Thanamalwila,0c226fbf-0c5d-4ab9-9130-4ab646aca633,5.5,5,1472988,0,0.45
2026-08-10T16:32:38.359000+00:00,,2026-08-10T16:32:38.359000+00:00,,4,Nilwala Ganga,Pitabeddara,dbe7ee26-1164-48e8-9c52-1d9e2143eccd,6.5,5,1472987,0,0.88
2026-08-10T16:32:14.909000+00:00,,2026-08-10T16:32:14.909000+00:00,,6.5,Kelani Ganga,Hanwella,498f10ce-5c1a-43e5-90c8-37508dc0aa8e,9.5,7.5,1472986,0,1.88
2026-08-10T16:32:06.253000+00:00,,2026-08-10T16:32:06.253000+00:00,,3.5,Gin Ganga,Baddegama,a4be8cb6-92b4-491b-beb6-c639f5740d22,5,4,1472985,0,2.22
2026-08-10T16:32:02.761000+00:00,,2026-08-10T16:32:02.761000+00:00,,3,Mahaweli Ganga,Manampitiya,5b5e067c-b61c-47ba-b9d7-ad2e9947ac44,6,4.3,1472984,0,-0.03
2026-08-10T16:32:00.126000+00:00,,2026-08-10T16:32:00.126000+00:00,,5,Kalu Ganga,Kalawellawa (Millakanda),597630cf-e10f-44eb-b279-bf6d2959af80,8,6.5,1472983,0,3.1
2026-08-10T16:31:36.591000+00:00,,2026-08-10T16:31:36.591000+00:00,,4,Ma Oya,Yaka Wewa,e3ce823e-2b09-43cd-be84-8e09151f0fc3,6,5,1472982,0,0.41
2026-08-10T16:31:15.801000+00:00,,2026-08-10T16:31:15.801000+00:00,,10,Kalu Ganga,Ellagawa,ab6ff7a0-f287-4620-aa18-51c6ed9d7e65,12.2,10.7,1472981,0,5.83
2026-08-10T16:31:09.246000+00:00,,2026-08-10T16:31:09.246000+00:00,,4,Maduru Oya,Padiyathalawa,fa794efe-190e-4fe5-9b27-3acd333d3c85,6,4.5,1472980,0,0.05
2026-08-10T16:31:08.872000+00:00,,2026-08-10T16:31:08.872000+00:00,,3,Walawe Ganga,Moraketiya,9d3d1587-51fe-4445-9cb5-6fa505b1bf13,7,5,1472979,0,0.79
2026-08-10T16:30:53.762000+00:00,,2026-08-10T16:30:53.762000+00:00,,4.5,Heda Oya,Siyambalanduwa,1f65a39e-fc0f-4ced-8efc-7d6e5b06107e,7,6,1472978,0,0.21
2026-08-10T16:30:48.580000+00:00,,2026-08-10T16:30:48.580000+00:00,,4.75,Deduru Oya,Moragaswewa,b3ae7cce-9548-4470-a9b6-2f9b79a2cf4c,7,6,1472977,0,0
2026-08-10T16:30:38.740000+00:00,,2026-08-10T16:30:38.740000+00:00,,6,Yan Oya,Horowpothana,291a514b-68e1-41e2-aa87-b29b066a3fb3,10.5,7.5,1472976,0,1.68
2026-08-10T15:53:59.672000+00:00,,2026-08-10T15:53:59.672000+00:00,,1.4,Nilwala Ganga,Thalgahagoda,763b5532-4df0-4d0f-ac68-795584ea58c6,2.8,1.7,1472975,0,0.92
2026-08-10T15:42:48.134000+00:00,,2026-08-10T15:42:48.134000+00:00,,2.5,Nilwala Ganga,Urawa,33611d85-c72f-419a-bab1-83c1e514e0a2,6,4,1472974,0,0.27
2026-08-10T15:41:30.393000+00:00,,2026-08-10T15:41:30.393000+00:00,,5,Kalu Ganga,Kalawellawa (Millakanda),489da4cd-d611-4dd8-a4ce-49a8fbc4ee4e,8,6.5,1472973,0,3.12
2026-08-10T15:41:27.319000+00:00,,2026-08-10T15:41:27.319000+00:00,,5,Nilwala Ganga,Panadugama,bef46f2b-cb9a-415b-bb8b-ad58bd5c3374,7.5,6,1472972,0,3.56
2026-08-10T15:40:24.138000+00:00,,2026-08-10T15:40:24.138000+00:00,,4,Kalu Ganga,Magura,fbf72349-9c33-48d7-8384-fceec8fb5242,7.5,6,1472971,0,1.75
2026-08-10T15:40:15.272000+00:00,,2026-08-10T15:40:15.272000+00:00,,4,Gin Ganga,Thawalama,96695e19-0946-48f7-a10c-03b0f971f7bd,7.5,6,1472970,0,1.8
2026-08-10T15:38:09.645000+00:00,,2026-08-10T15:38:09.645000+00:00,,3,Mahaweli Ganga,Thaldena,5e3416e2-92e0-46b9-ac9b-c6b7cfd0079e,5,4,1472969,0,0.12
2026-08-10T15:37:25.607000+00:00,,2026-08-10T15:37:25.607000+00:00,,6.5,Kelani Ganga,Hanwella,424f4f2a-77b5-4ad2-b581-24db4f97c179,9.5,7.5,1472968,0,1.94
2026-08-10T15:36:55.275000+00:00,,2026-08-10T15:36:55.275000+00:00,,6.9,Kirindi Oya,Kuda Oya,f405e50f-d467-44d4-bcac-69548098fd1d,8.8,8.4,1472967,0,0.91
2026-08-10T15:36:25.165000+00:00,,2026-08-10T15:36:25.165000+00:00,,4,Nilwala Ganga,Pitabeddara,a5a629cb-abd8-4ecd-ace5-07734c533d5e,6.5,5,1472966,0,0.89
2026-08-10T15:36:21.188000+00:00,,2026-08-10T15:36:21.188000+00:00,,5,Maha Oya,Badalgama,7a51731e-eaca-4603-8f5a-bc1bfd266cf1,9.6,6.2,1472965,0,2.07
2026-08-10T15:35:36.651000+00:00,,2026-08-10T15:35:36.651000+00:00,,4,Maduru Oya,Padiyathalawa,cfe29ed7-e294-40e8-a32a-7e3911d48f8e,6,4.5,1472964,0,0.05
2026-08-10T15:35:34.618000+00:00,,2026-08-10T15:35:34.618000+00:00,,15,Kelani Ganga,Glencourse,2d1f1dd6-500b-4d69-96fd-710d2fbf00f5,19,15.5,1472963,0,10.34
2026-08-10T15:35:32.492000+00:00,,2026-08-10T15:35:32.492000+00:00,,1.5,Kelani Ganga,Norwood,6d4209e9-c252-453e-9cfa-63eefa7f92bb,4.5,3,1472962,0,0.88
2026-08-10T15:34:22.991000+00:00,,2026-08-10T15:34:22.991000+00:00,,3,Kelani Ganga,Holombuwa,bfe24873-72d3-4af5-8991-484e0aaa3d06,5,3.4,1472961,0,0.47
2026-08-10T15:33:55.457000+00:00,,2026-08-10T15:33:55.457000+00:00,,5.2,Kalu Ganga,Rathnapura,04a46079-f4e8-407b-933d-c852b9795c2b,9.5,7.5,1472960,0,2.16
2026-08-10T15:33:29.083000+00:00,,2026-08-10T15:33:29.083000+00:00,,4,Kelani Ganga,Nagalagam Street,0bab92c2-775d-403f-8170-cb4f0bf2991a,7,5,1472959,0,0.7
2026-08-10T15:32:58.671000+00:00,,2026-08-10T15:32:58.671000+00:00,,4.5,Heda Oya,Siyambalanduwa,9f742928-1c96-4a68-aff0-92262d3e8bb2,7,6,1472958,0,0.21
2026-08-10T15:32:58.561000+00:00,,2026-08-10T15:32:58.561000+00:00,,4.4,Kirindi Oya,Wellawaya,682c2be2-a8b4-41f9-90f2-534cc4615589,5.9,5.4,1472957,0,0.73
2026-08-10T15:32:52.024000+00:00,,2026-08-10T15:32:52.024000+00:00,,3.5,Mahaweli Ganga,Nawalapitiya,9baed8c7-48fb-4cb7-b001-613373f70f94,6,5,1472956,0,1.79
2026-08-10T15:32:51.482000+00:00,,2026-08-10T15:32:51.482000+00:00,,3,Kelani Ganga,Kithulgala,086206e5-1d21-4941-8b4a-29f26f4984e8,6,4,1472955,0,2.05
2026-08-10T15:32:47.335000+00:00,,2026-08-10T15:32:47.335000+00:00,,4,Kirindi Oya,Thanamalwila,49d08515-ae35-4288-b218-10117a7f20b8,5.5,5,1472954,0,0.46
2026-08-10T15:32:39.838000+00:00,,2026-08-10T15:32:39.838000+00:00,,4.8,Kelani Ganga,Deraniyagala,b28c63f3-b95e-4a8b-b34d-3ffe7715dcfd,7,5.8,1472953,0,1.01
2026-08-10T15:32:39.164000+00:00,,2026-08-10T15:32:39.164000+00:00,,4,Menik Ganga,Katharagama,bbdc6307-5ce5-4ba8-a800-05a0df73c76f,6.5,4.6,1472952,0,-0.26
2026-08-10T15:32:33.165000+00:00,,2026-08-10T15:32:33.165000+00:00,,5.5,Maha Oya,Giriulla,763c6e5a-a114-494c-8185-9cabfc069e22,7.5,6.5,1472951,0,1.01
2026-08-10T15:32:11.879000+00:00,,2026-08-10T15:32:11.879000+00:00,,3,Mahaweli Ganga,Manampitiya,2b5094c8-fd7b-44ff-bd5d-4f1a3016506b,6,4.3,1472950,0,-0.04
2026-08-10T15:32:08.070000+00:00,,2026-08-10T15:32:08.070000+00:00,,3.5,Gin Ganga,Baddegama,ac8529e8-8eb1-405c-bb67-2459c9262ecd,5,4,1472949,0,2.22
2026-08-10T15:31:48.113000+00:00,,2026-08-10T15:31:48.113000+00:00,,4,Ma Oya,Yaka Wewa,812ba58a-8d8a-4505-89c7-d05e7a4eca53,6,5,1472948,0,0.41
2026-08-10T15:31:32.122000+00:00,,2026-08-10T15:31:32.122000+00:00,,3,Kelani Ganga,Holombuwa,dd9e8c00-7eba-43fc-baa6-d6c441d89658,5,3.4,1472947,0,0.47
2026-08-10T15:31:26.006000+00:00,,2026-08-10T15:31:26.006000+00:00,,3,Walawe Ganga,Moraketiya,c0e842c9-71ed-4af2-b94d-a7054a0dec5f,7,5,1472946,0,0.79
2026-08-10T15:31:17.857000+00:00,,2026-08-10T15:31:17.857000+00:00,,10,Kalu Ganga,Ellagawa,8778daff-da52-46be-8434-352c052c4900,12.2,10.7,1472945,0,5.89
2026-08-10T15:31:16.962000+00:00,,2026-08-10T15:31:16.962000+00:00,,5,Kumbukkan Oya,Nakkala,34a22d28-ef02-4de8-b9c5-14cc8a6b4e03,7.5,6,1472944,0,0.6
2026-08-10T15:31:13.919000+00:00,,2026-08-10T15:31:13.919000+00:00,,5,Mahaweli Ganga,Peradeniya,bced179d-f5cb-4d26-b0ce-5b1c40494993,9,7,1472943,0,3.54
2026-08-10T15:31:06.625000+00:00,,2026-08-10T15:31:06.625000+00:00,,4.75,Deduru Oya,Moragaswewa,1f30c10c-8113-4265-8d5c-eec77a4a2ac7,7,6,1472942,0,0
2026-08-10T15:31:03.504000+00:00,,2026-08-10T15:31:03.504000+00:00,,,Gal Oya,Ampara,29c0284f-ac72-4e57-8f02-266c800f3620,,,1472941,0,0
2026-08-10T15:30:52.975000+00:00,,2026-08-10T15:30:52.975000+00:00,,3.3,Aththanagalu Oya,Dunamale,8f500255-ff00-4318-91b1-da824ff40ea9,5.5,4.4,1472940,0,0.69
2026-08-10T15:30:51.156000+00:00,,2026-08-10T15:30:51.156000+00:00,,3,Kalu Ganga,Putupaula,9c6ff637-b406-4ba5-8447-58abfb49f515,5,4,1472939,0,0.77
2026-08-10T15:30:37.907000+00:00,,2026-08-10T15:30:37.907000+00:00,,6,Yan Oya,Horowpothana,7b8b4975-128e-4d1c-9d19-c642b0d9f847,10.5,7.5,1472938,0,1.68
2026-08-10T15:02:18.882000+00:00,,2026-08-10T15:02:18.882000+00:00,,4.4,Kirindi Oya,Wellawaya,eea54ff8-6b83-4ea3-8ccf-748b23b3b923,5.9,5.4,1472937,0,0.73
2026-08-10T14:58:58.001000+00:00,,2026-08-10T14:58:58.001000+00:00,,1.4,Nilwala Ganga,Thalgahagoda,14271b46-f5f3-4bd1-a935-be26e667558b,2.8,1.7,1472936,0,0.9
2026-08-10T14:47:47.556000+00:00,,2026-08-10T14:47:47.556000+00:00,,5,Nilwala Ganga,Panadugama,f5770b3c-54ea-45b0-80d0-42d6d67b8673,7.5,6,1472935,0,3.61
2026-08-10T14:42:51.873000+00:00,,2026-08-10T14:42:51.873000+00:00,,4,Kalu Ganga,Magura,5daceb98-3f55-493d-8272-a9bb365acec8,7.5,6,1472934,0,1.76
2026-08-10T14:40:48.596000+00:00,,2026-08-10T14:40:48.596000+00:00,,3,Mahaweli Ganga,Thaldena,0bc28082-0f6b-4616-8063-da641aa23feb,5,4,1472933,0,0.12
2026-08-10T14:40:24.532000+00:00,,2026-08-10T14:40:24.532000+00:00,,6,Yan Oya,Horowpothana,15b1d07f-d6ce-43d7-afc0-3c43d8500a44,10.5,7.5,1472932,0,1.68
2026-08-10T14:39:46.291000+00:00,,2026-08-10T14:39:46.291000+00:00,,5,Kumbukkan Oya,Nakkala,efaddf35-dbe5-49ab-b269-66859b4406ce,7.5,6,1472931,0,0.6
2026-08-10T14:37:17.760000+00:00,,2026-08-10T14:37:17.760000+00:00,,5,Kalu Ganga,Kalawellawa (Millakanda),46d88d6a-9c08-4a3d-90ce-97662c660795,8,6.5,1472930,0,3.16
2026-08-10T14:36:49.141000+00:00,,2026-08-10T14:36:49.141000+00:00,,3,Kalu Ganga,Putupaula,42df5132-624d-4af5-a4e8-262fe2610ddb,5,4,1472929,0,0.8
2026-08-10T14:36:27.974000+00:00,,2026-08-10T14:36:27.974000+00:00,,4,Menik Ganga,Katharagama,725dcfc6-9b09-43e9-a897-f42345e36b61,6.5,4.6,1472928,0,-0.26
2026-08-10T14:36:18.673000+00:00,,2026-08-10T14:36:18.673000+00:00,,15,Kelani Ganga,Glencourse,c47156d8-aa18-47b8-b2ef-4cd5bd7dd04c,19,15.5,1472927,0,10.29
2026-08-10T14:35:51.564000+00:00,,2026-08-10T14:35:51.564000+00:00,,2.5,Nilwala Ganga,Urawa,68cb967c-c8cf-4181-8b86-1180e00037e4,6,4,1472926,0,0.27
2026-08-10T14:35:45.623000+00:00,,2026-08-10T14:35:45.623000+00:00,,3.5,Gin Ganga,Baddegama,6b3fb5cc-cbd2-4e8c-b4b4-f60536684d1c,5,4,1472925,0,2.22
2026-08-10T14:35:44.566000+00:00,,2026-08-10T14:35:44.566000+00:00,,5,Mahaweli Ganga,Peradeniya,93d19dea-7039-4ba7-a4a4-753c744120ab,9,7,1472924,0,3.54
2026-08-10T14:35:37.107000+00:00,,2026-08-10T14:35:37.107000+00:00,,4,Gin Ganga,Thawalama,07192d5c-9498-4587-be12-2a9347a01b3a,7.5,6,1472923,0,1.8
2026-08-10T14:35:33.482000+00:00,,2026-08-10T14:35:33.482000+00:00,,6.9,Kirindi Oya,Kuda Oya,c0c19b79-e70c-4710-86cb-6c5bd1643c14,8.8,8.4,1472922,0,0.91
2026-08-10T14:35:09.442000+00:00,,2026-08-10T14:35:09.442000+00:00,,5.2,Kalu Ganga,Rathnapura,e4fe427f-98ba-4f73-85b1-f0f3759d1298,9.5,7.5,1472921,0,2.18
2026-08-10T14:34:23.580000+00:00,,2026-08-10T14:34:23.580000+00:00,,3,Walawe Ganga,Moraketiya,f23e0837-bcc8-4f46-b7ec-a494bb5c551e,7,5,1472920,0,0.79
2026-08-10T14:33:59.337000+00:00,,2026-08-10T14:33:59.337000+00:00,,1.5,Kelani Ganga,Norwood,842286d2-c447-41a2-858a-483b80bddd5a,4.5,3,1472919,0,0.88
2026-08-10T14:33:46.985000+00:00,,2026-08-10T14:33:46.985000+00:00,,4,Maduru Oya,Padiyathalawa,d13c2372-3a49-4dec-9541-aad12806de29,6,4.5,1472918,0,0.05
2026-08-10T14:33:36.640000+00:00,,2026-08-10T14:33:36.640000+00:00,,4.75,Deduru Oya,Moragaswewa,3afba475-e5af-4ceb-9a35-cc38a67d3ecc,7,6,1472917,0,0
2026-08-10T14:33:31.472000+00:00,,2026-08-10T14:33:31.472000+00:00,,5.5,Maha Oya,Giriulla,7e02fd4e-58ba-42e2-a480-e99602035277,7.5,6.5,1472916,0,1.01
2026-08-10T14:33:26.690000+00:00,,2026-08-10T14:33:26.690000+00:00,,4,Nilwala Ganga,Pitabeddara,c4b024df-8bf9-4eb3-959a-599de07c547e,6.5,5,1472915,0,0.9
2026-08-10T14:33:00.953000+00:00,,2026-08-10T14:33:00.953000+00:00,,4,Kelani Ganga,Nagalagam Street,f7f288c1-9f75-4bdd-b80e-db9934116db3,7,5,1472914,0,0.6
2026-08-10T14:32:57.139000+00:00,,2026-08-10T14:32:57.139000+00:00,,3,Kelani Ganga,Kithulgala,f51c9951-8866-4ae4-bbfe-1315d517dc4d,6,4,1472913,0,2.05
2026-08-10T14:32:41.981000+00:00,,2026-08-10T14:32:41.981000+00:00,,5,Maha Oya,Badalgama,1c42ef80-fdfa-4c7c-a62e-c373eb43b8f5,9.6,6.2,1472912,0,2.07
2026-08-10T14:32:40.956000+00:00,,2026-08-10T14:32:40.956000+00:00,,6.5,Kelani Ganga,Hanwella,f9b6a24a-2689-4733-8262-b5fc16fd823d,9.5,7.5,1472911,0,1.94
2026-08-10T14:32:33.578000+00:00,,2026-08-10T14:32:33.578000+00:00,,4.8,Kelani Ganga,Deraniyagala,bdfcf6f4-5a3b-40cd-9265-a7f1f6e9fbfa,7,5.8,1472910,0,1.03
2026-08-10T14:32:06.199000+00:00,,2026-08-10T14:32:06.199000+00:00,,3,Kelani Ganga,Holombuwa,403c78d9-b949-477d-b8c1-aa1a2db9b5ba,5,3.4,1472909,0,0.47
2026-08-10T14:31:55.473000+00:00,,2026-08-10T14:31:55.473000+00:00,,4,Kirindi Oya,Thanamalwila,f51d88f5-8b3b-4cab-903a-29b76744dbed,5.5,5,1472908,0,0.46
2026-08-10T14:31:47.401000+00:00,,2026-08-10T14:31:47.401000+00:00,,3,Kelani Ganga,Holombuwa,cbb838b2-b204-40ac-a6aa-30893ba2a39b,5,3.4,1472907,0,0.47
2026-08-10T14:31:39.538000+00:00,,2026-08-10T14:31:39.538000+00:00,,4,Ma Oya,Yaka Wewa,5481caa7-3540-4ed1-93ae-587b084b0491,6,5,1472906,0,0.41
2026-08-10T14:31:38.831000+00:00,,2026-08-10T14:31:38.831000+00:00,,4.5,Heda Oya,Siyambalanduwa,123bd499-e939-4b8b-aa99-cfe8d7f709eb,7,6,1472905,0,0.2
2026-08-10T14:31:12.062000+00:00,,2026-08-10T14:31:12.062000+00:00,,3.5,Mahaweli Ganga,Nawalapitiya,1776a1eb-f591-4bb9-b473-231d546d80a5,6,5,1472904,0,1.8
2026-08-10T14:31:08.537000+00:00,,2026-08-10T14:31:08.537000+00:00,,3,Mahaweli Ganga,Manampitiya,0bdb542c-033e-4926-a621-e196b8013054,6,4.3,1472903,0,-0.06
2026-08-10T14:30:51.184000+00:00,,2026-08-10T14:30:51.184000+00:00,,10,Kalu Ganga,Ellagawa,f5047756-4049-4fcd-9e69-ddf16bc9ecb6,12.2,10.7,1472902,0,5.92
2026-08-10T14:30:45.011000+00:00,,2026-08-10T14:30:45.011000+00:00,,,Gal Oya,Ampara,a33b4f84-7ced-44e5-bcc2-01300b61defa,,,1472901,0,0
2026-08-10T14:29:44.882000+00:00,,2026-08-10T14:29:44.882000+00:00,,3.3,Aththanagalu Oya,Dunamale,3c85254b-7a0d-4963-bea5-62a50e961d4d,5.5,4.4,1472900,0,0.69
2026-08-10T13:52:51.963000+00:00,,2026-08-10T13:52:51.963000+00:00,,5,Kalu Ganga,Kalawellawa (Millakanda),c14c9712-2c8e-4afa-a292-42948709f8f4,8,6.5,1472899,0,3.14
2026-08-10T13:52:15.907000+00:00,,2026-08-10T13:52:15.907000+00:00,,4,Kalu Ganga,Magura,14e84fe7-de91-4c40-a926-d2dd0786cfc0,7.5,6,1472898,0,1.78
2026-08-10T13:45:11.942000+00:00,,2026-08-10T13:45:11.942000+00:00,,4,Gin Ganga,Thawalama,b240409c-bad4-4455-9608-a97097421b2f,7.5,6,1472897,0,1.82
2026-08-10T13:41:46.076000+00:00,,2026-08-10T13:41:46.076000+00:00,,4,Nilwala Ganga,Pitabeddara,9410068a-fbd2-4bfc-b978-433956b34dcb,6.5,5,1472896,0,0.9
2026-08-10T13:41:33.296000+00:00,,2026-08-10T13:41:33.296000+00:00,,5,Nilwala Ganga,Panadugama,e0ce47c5-4a98-4e61-b522-b7412db0e5e1,7.5,6,1472895,0,3.64
2026-08-10T13:38:48.581000+00:00,,2026-08-10T13:38:48.581000+00:00,,3,Mahaweli Ganga,Thaldena,c7e74739-94c4-460f-a60d-0eb25acf198b,5,4,1472894,0,0.12
2026-08-10T13:38:35.678000+00:00,,2026-08-10T13:38:35.678000+00:00,,4,Menik Ganga,Katharagama,33b612e9-6794-48c5-a74f-65005f8dd2e9,6.5,4.6,1472893,0,-0.26
2026-08-10T13:38:18.582000+00:00,,2026-08-10T13:38:18.582000+00:00,,3,Kelani Ganga,Holombuwa,e1b5b8f2-3da8-4a6d-856b-b42661014d54,5,3.4,1472892,0,0.48
2026-08-10T13:38:18.429000+00:00,,2026-08-10T13:38:18.429000+00:00,,3,Kalu Ganga,Putupaula,ef2612d0-48f0-4f50-9ef6-699bb27ed04a,5,4,1472891,0,0.86
2026-08-10T13:37:07.875000+00:00,,2026-08-10T13:37:07.875000+00:00,,4,Kelani Ganga,Nagalagam Street,2c4d04d4-67e1-4972-931b-7996b08f4f10,7,5,1472890,0,0.7
2026-08-10T13:36:50.713000+00:00,,2026-08-10T13:36:50.713000+00:00,,15,Kelani Ganga,Glencourse,405df013-df13-43dc-a49a-391d65d6808f,19,15.5,1472889,0,10.26
2026-08-10T13:36:12.487000+00:00,,2026-08-10T13:36:12.487000+00:00,,4,Gin Ganga,Thawalama,6e57aad4-760c-4b45-809c-4044d44b6196,7.5,6,1472888,0,1.82
2026-08-10T13:35:53.675000+00:00,,2026-08-10T13:35:53.675000+00:00,,4.5,Heda Oya,Siyambalanduwa,1fbe6838-939c-444a-8bb4-9a363abdf596,7,6,1472887,0,0.2
2026-08-10T13:35:33.008000+00:00,,2026-08-10T13:35:33.008000+00:00,,3.5,Gin Ganga,Baddegama,8e51c45f-e23f-4fa8-a11f-30a80a586022,5,4,1472886,0,2.24
2026-08-10T13:35:17.263000+00:00,,2026-08-10T13:35:17.263000+00:00,,5,Maha Oya,Badalgama,f291f872-33fb-4a69-8a30-166918178dc9,9.6,6.2,1472885,0,2.07
2026-08-10T13:34:55.973000+00:00,,2026-08-10T13:34:55.973000+00:00,,4.8,Kelani Ganga,Deraniyagala,efbdb477-adda-4057-a45d-1660641902da,7,5.8,1472884,0,1.04
2026-08-10T13:34:50.809000+00:00,,2026-08-10T13:34:50.809000+00:00,,3.3,Aththanagalu Oya,Dunamale,4ece74ed-04be-45ad-b0df-7415eddfc38e,5.5,4.4,1472883,0,0.69
2026-08-10T13:34:09.013000+00:00,,2026-08-10T13:34:09.013000+00:00,,5.2,Kalu Ganga,Rathnapura,d0b6d1eb-7744-45a1-8eb8-e33768ff2428,9.5,7.5,1472882,0,2.21
2026-08-10T13:33:46.629000+00:00,,2026-08-10T13:33:46.629000+00:00,,3,Kelani Ganga,Kithulgala,493706ae-68bf-4682-92ef-1a3657f07e56,6,4,1472881,0,2.05
2026-08-10T13:33:40.647000+00:00,,2026-08-10T13:33:40.647000+00:00,,4,Maduru Oya,Padiyathalawa,fc1673bb-1cd1-4153-ab58-98a677042bf4,6,4.5,1472880,0,0.05
2026-08-10T13:33:37.101000+00:00,,2026-08-10T13:33:37.101000+00:00,,2.5,Nilwala Ganga,Urawa,99f87841-5112-44de-901b-3d67c2ce25a3,6,4,1472879,0,0.27
2026-08-10T13:33:23.789000+00:00,,2026-08-10T13:33:23.789000+00:00,,5.5,Maha Oya,Giriulla,bf5f8460-f0d2-4c44-b4bf-36da436c7417,7.5,6.5,1472878,0,1.01
2026-08-10T13:33:20.098000+00:00,,2026-08-10T13:33:20.098000+00:00,,1.5,Kelani Ganga,Norwood,8d52ef60-5321-439b-8ee1-3b88e8d4a6d3,4.5,3,1472877,0,0.88
2026-08-10T13:33:17.279000+00:00,,2026-08-10T13:33:17.279000+00:00,,1.4,Nilwala Ganga,Thalgahagoda,212d35a5-8c2a-49b3-9b54-4a1dbb55eb3b,2.8,1.7,1472876,0,0.9
2026-08-10T13:32:53.449000+00:00,,2026-08-10T13:32:53.449000+00:00,,5,Mahaweli Ganga,Peradeniya,6dd5077d-582e-4cf2-bca3-bb101e18bcd6,9,7,1472875,0,3.53
2026-08-10T13:32:47.567000+00:00,,2026-08-10T13:32:47.567000+00:00,,4.4,Kirindi Oya,Wellawaya,53fa4e87-a093-493d-926c-59d351102580,5.9,5.4,1472874,0,0.73
2026-08-10T13:32:19.707000+00:00,,2026-08-10T13:32:19.707000+00:00,,3.5,Mahaweli Ganga,Nawalapitiya,76a35551-afa6-4d45-bcac-22527ded62e1,6,5,1472873,0,1.81
2026-08-10T13:32:08.070000+00:00,,2026-08-10T13:32:08.070000+00:00,,6.5,Kelani Ganga,Hanwella,716dd49c-4b0c-47d6-86b0-6c1fe3914fe7,9.5,7.5,1472872,0,1.98
2026-08-10T13:31:40.046000+00:00,,2026-08-10T13:31:40.046000+00:00,,3,Walawe Ganga,Moraketiya,5b3be70d-1e4d-4c0f-9f0b-7e3d477e7e92,7,5,1472871,0,0.79
2026-08-10T13:31:39.783000+00:00,,2026-08-10T13:31:39.783000+00:00,,4,Ma Oya,Yaka Wewa,ca925efa-061d-451a-8440-90e5a9a494e3,6,5,1472870,0,0.41
2026-08-10T13:31:35.298000+00:00,,2026-08-10T13:31:35.298000+00:00,,10,Kalu Ganga,Ellagawa,0f9d73a9-2ca8-43e4-b155-e9b2e5d0abb0,12.2,10.7,1472869,0,5.98
2026-08-10T13:31:26.122000+00:00,,2026-08-10T13:31:26.122000+00:00,,4.75,Deduru Oya,Moragaswewa,9b26884a-31b1-48ba-89e3-18b4e5b07b9e,7,6,1472868,0,0
2026-08-10T13:31:21.707000+00:00,,2026-08-10T13:31:21.707000+00:00,,,Gal Oya,Ampara,a4110256-667c-4099-a3ee-3d4ad08ebebd,,,1472867,0,0
2026-08-10T13:31:07.690000+00:00,,2026-08-10T13:31:07.690000+00:00,,6.9,Kirindi Oya,Kuda Oya,17a3a407-fb95-4fa4-8ade-6013fbe8cab5,8.8,8.4,1472866,0,0.91
2026-08-10T13:30:52.532000+00:00,,2026-08-10T13:30:52.532000+00:00,,6,Yan Oya,Horowpothana,3769b8b3-7cc3-4f41-bf02-0d0c2d0fbba0,10.5,7.5,1472865,0,1.68
2026-08-10T13:30:52.485000+00:00,,2026-08-10T13:30:52.485000+00:00,,4,Kirindi Oya,Thanamalwila,90f90882-f5c8-4af0-9c5e-5089286579bc,5.5,5,1472864,0,0.46
2026-08-10T13:30:45.853000+00:00,,2026-08-10T13:30:45.853000+00:00,,3,Mahaweli Ganga,Manampitiya,032b5561-ba23-4bd3-89f2-33d7c2e5fc15,6,4.3,1472863,0,-0.05
2026-08-10T13:30:08.316000+00:00,,2026-08-10T13:30:08.316000+00:00,,5,Kumbukkan Oya,Nakkala,312b9f3c-3ee2-48bb-b14c-be429607e5cc,7.5,6,1472862,0,0.6
2026-08-10T12:45:21.215000+00:00,,2026-08-10T12:45:21.215000+00:00,,1.4,Nilwala Ganga,Thalgahagoda,ae9981e5-2264-4a67-a4e4-87c277cbe3f4,2.8,1.7,1472861,0,0.9
2026-08-10T12:41:42.066000+00:00,,2026-08-10T12:41:42.066000+00:00,,4,Ma Oya,Yaka Wewa,70bf579c-4885-4805-b8e6-187d13e32b77,6,5,1472860,0,0.41
2026-08-10T12:40:33.737000+00:00,,2026-08-10T12:40:33.737000+00:00,,4,Gin Ganga,Thawalama,80b67c7a-0cf9-4d67-8222-032ae587d34b,7.5,6,1472859,0,1.84
2026-08-10T12:39:28.563000+00:00,,2026-08-10T12:39:28.563000+00:00,,5,Maha Oya,Badalgama,79cae375-b6e4-4e87-b6a8-840c5b95cbb9,9.6,6.2,1472858,0,2.07
2026-08-10T12:39:22.885000+00:00,,2026-08-10T12:39:22.885000+00:00,,5,Nilwala Ganga,Panadugama,c8f846af-94ca-4639-a7f1-d5d5e16f6b25,7.5,6,1472857,0,3.68
2026-08-10T12:38:32.525000+00:00,,2026-08-10T12:38:32.525000+00:00,,4.75,Deduru Oya,Moragaswewa,7239498d-0179-4966-bd92-b1c640bf09e1,7,6,1472856,0,0
2026-08-10T12:37:21.052000+00:00,,2026-08-10T12:37:21.052000+00:00,,5,Kalu Ganga,Kalawellawa (Millakanda),73d1722e-e8af-4327-ba06-b2fcad8d6256,8,6.5,1472855,0,3.2
2026-08-10T12:37:12.397000+00:00,,2026-08-10T12:37:12.397000+00:00,,3,Kelani Ganga,Holombuwa,0cdd0aaa-3bbc-41e7-b3ff-fa94cb0ec539,5,3.4,1472854,0,0.48
2026-08-10T12:36:56.925000+00:00,,2026-08-10T12:36:56.925000+00:00,,4,Kirindi Oya,Thanamalwila,dd7ac298-eef0-4ed7-a3e2-ff1c96847d02,5.5,5,1472853,0,0.46
2026-08-10T12:36:32.005000+00:00,,2026-08-10T12:36:32.005000+00:00,,15,Kelani Ganga,Glencourse,dbfba443-e402-4530-833a-c4af6835e90e,19,15.5,1472852,0.4,10.34
2026-08-10T12:35:08.605000+00:00,,2026-08-10T12:35:08.605000+00:00,,3,Walawe Ganga,Moraketiya,905e8d56-cf2d-4e8f-9970-83e76177d2ac,7,5,1472851,0,0.8
2026-08-10T12:34:47.895000+00:00,,2026-08-10T12:34:47.895000+00:00,,3.3,Aththanagalu Oya,Dunamale,02ba5d82-8398-4f6f-9498-4ae7d610bb2b,5.5,4.4,1472850,0,0.69
2026-08-10T12:34:23.508000+00:00,,2026-08-10T12:34:23.508000+00:00,,3.5,Mahaweli Ganga,Nawalapitiya,dd28f118-ef88-4f0c-9ff5-8a4807496246,6,5,1472849,0,1.83
2026-08-10T12:33:33.729000+00:00,,2026-08-10T12:33:33.729000+00:00,,4,Maduru Oya,Padiyathalawa,8938b9f6-854d-439f-94bc-7a784f84e825,6,4.5,1472848,0,0.05
2026-08-10T12:33:33.108000+00:00,,2026-08-10T12:33:33.108000+00:00,,4.8,Kelani Ganga,Deraniyagala,60e1f6d4-5848-4a6b-914e-92ce4c90cc31,7,5.8,1472847,0,1.06
2026-08-10T12:33:32.032000+00:00,,2026-08-10T12:33:32.032000+00:00,,5,Mahaweli Ganga,Peradeniya,bba1d758-f478-43fd-a01e-0eb59fcef253,9,7,1472846,0,3.55
2026-08-10T12:33:24.792000+00:00,,2026-08-10T12:33:24.792000+00:00,,2.5,Nilwala Ganga,Urawa,d97a69a8-90e4-4dc9-b5fc-b2e53dfab9a3,6,4,1472845,0,0.28
2026-08-10T12:33:18.791000+00:00,,2026-08-10T12:33:18.791000+00:00,,6.5,Kelani Ganga,Hanwella,28fbd3ed-e4a8-45b5-9a14-df2ac0c3b15a,9.5,7.5,1472844,0,2.04
2026-08-10T12:33:09.769000+00:00,,2026-08-10T12:33:09.769000+00:00,,4.5,Heda Oya,Siyambalanduwa,dc726adb-086d-4aae-9fcd-894241e3beeb,7,6,1472843,0,0.19
2026-08-10T12:32:51.356000+00:00,,2026-08-10T12:32:51.356000+00:00,,5.5,Maha Oya,Giriulla,5dfbbf63-7c86-439e-943e-1c40210e2162,7.5,6.5,1472842,0,1.01
2026-08-10T12:32:44.636000+00:00,,2026-08-10T12:32:44.636000+00:00,,3,Mahaweli Ganga,Thaldena,c8b01757-a51b-40b4-bf71-1e86518c7caf,5,4,1472841,0,0.12
2026-08-10T12:32:37.602000+00:00,,2026-08-10T12:32:37.602000+00:00,,5,Maha Oya,Badalgama,58015540-79b7-4013-9117-70d1891f18d6,9.6,6.2,1472840,0,2.07
2026-08-10T12:32:33.632000+00:00,,2026-08-10T12:32:33.632000+00:00,,5.2,Kalu Ganga,Rathnapura,a340395a-fce3-4241-9758-8a471c41521d,9.5,7.5,1472839,0,2.24
2026-08-10T12:32:20.015000+00:00,,2026-08-10T12:32:20.015000+00:00,,4,Menik Ganga,Katharagama,e0d867d8-c586-41a9-9fce-57225ae88208,6.5,4.6,1472838,0,-0.26
2026-08-10T12:32:05.051000+00:00,,2026-08-10T12:32:05.051000+00:00,,3,Mahaweli Ganga,Manampitiya,4b68a724-ed48-4c00-98e4-7487a7124bd3,6,4.3,1472837,0,-0.04
2026-08-10T12:32:01.254000+00:00,,2026-08-10T12:32:01.254000+00:00,,4,Kelani Ganga,Nagalagam Street,465be421-ed3e-42e7-9578-a721239a2eaa,7,5,1472836,0,0.9
2026-08-10T12:32:00.023000+00:00,,2026-08-10T12:32:00.023000+00:00,,10,Kalu Ganga,Ellagawa,fda00ad0-7643-4166-9dc6-18edff869b59,12.2,10.7,1472835,1.7,6
2026-08-10T12:31:58.814000+00:00,,2026-08-10T12:31:58.814000+00:00,,10,Kalu Ganga,Ellagawa,ccb5839a-d55b-4c01-a9e2-22cb70c3e6b4,12.2,10.7,1472834,1.7,6
2026-08-10T12:31:54.216000+00:00,,2026-08-10T12:31:54.216000+00:00,,6.9,Kirindi Oya,Kuda Oya,0e38a648-14d2-4bce-8d6e-c8e4ec0821c6,8.8,8.4,1472833,0,0.91
2026-08-10T12:31:52.660000+00:00,,2026-08-10T12:31:52.660000+00:00,,3,Kelani Ganga,Kithulgala,629f5a0a-5d3b-47cc-8968-dddc6e5392c0,6,4,1472832,0,2.04
2026-08-10T12:31:43.744000+00:00,,2026-08-10T12:31:43.744000+00:00,,1.5,Kelani Ganga,Norwood,1bbaaaa2-04a3-40dc-9306-74196af29e0b,4.5,3,1472831,0,0.88
2026-08-10T12:31:41.578000+00:00,,2026-08-10T12:31:41.578000+00:00,,3.5,Gin Ganga,Baddegama,a967a3ec-426e-42b0-84e4-f9afa312005c,5,4,1472830,0,2.27
2026-08-10T12:31:27.386000+00:00,,2026-08-10T12:31:27.386000+00:00,,,Gal Oya,Ampara,ac0b7003-50b4-4306-aac3-11fb85cb2656,,,1472829,0,0
2026-08-10T12:31:13.779000+00:00,,2026-08-10T12:31:13.779000+00:00,,3,Kalu Ganga,Putupaula,dd86d3c1-34f7-4593-98fe-ac60563a43a5,5,4,1472828,0,0.93
2026-08-10T12:30:48.420000+00:00,,2026-08-10T12:30:48.420000+00:00,,5,Kumbukkan Oya,Nakkala,245641d5-2548-4a24-afcf-127ce8456d42,7.5,6,1472827,0,0.6
2026-08-10T12:30:40.866000+00:00,,2026-08-10T12:30:40.866000+00:00,,4,Kalu Ganga,Magura,a4ca2047-4b7a-447f-84f6-cbea0fb292fc,7.5,6,1472826,0,1.8
2026-08-10T12:30:33.369000+00:00,,2026-08-10T12:30:33.369000+00:00,,4,Nilwala Ganga,Pitabeddara,6f705f07-c8ca-4ee1-be74-8f88b0a36676,6.5,5,1472825,0,0.91
2026-08-10T12:30:29.917000+00:00,,2026-08-10T12:30:29.917000+00:00,,6,Yan Oya,Horowpothana,f02c6577-515c-4037-a29f-9e5a3f8198f4,10.5,7.5,1472824,0,1.68
2026-08-10T12:30:20.088000+00:00,,2026-08-10T12:30:20.088000+00:00,,4.4,Kirindi Oya,Wellawaya,57ffc671-c69a-4d5c-9644-e080b9eb7e7a,5.9,5.4,1472823,0,0.73
2026-08-10T12:30:16.699000+00:00,,2026-08-10T12:30:16.699000+00:00,,5,Mahaweli Ganga,Weraganthota,76102fd0-6b08-4901-b097-10a2199a6617,8,6,1472822,0,-3.31
2026-08-10T12:14:35.184000+00:00,,2026-08-10T12:14:35.184000+00:00,,6.9,Kirindi Oya,Kuda Oya,a51c6422-77cd-4875-a5a5-76c7e2679394,8.8,8.4,1472821,0,0.92
2026-08-10T12:12:25.382000+00:00,,2026-08-10T12:12:25.382000+00:00,,5,Malwathu Oya,Thanthirimale,6fd60fae-1cf6-4929-a97a-d01c19d351ef,7.8,6.8,1472820,0,0.94
2026-08-10T11:54:44.924000+00:00,,2026-08-10T11:54:44.924000+00:00,,4,Gin Ganga,Thawalama,f5237115-6c4e-4881-a0a4-9b3ce8768985,7.5,6,1472819,0,1.84
2026-08-10T11:54:16.761000+00:00,,2026-08-10T11:54:16.761000+00:00,,4,Gin Ganga,Thawalama,d7dd99a4-a631-4e32-98d3-277383451855,7.5,6,1472818,0,1.14
2026-08-10T11:54:14.095000+00:00,,2026-08-10T11:54:14.095000+00:00,,4,Gin Ganga,Thawalama,e750ec77-a079-4c11-81b5-a7d6046bb9c0,7.5,6,1472817,0,1.87
2026-08-10T11:50:41.280000+00:00,,2026-08-10T11:50:41.280000+00:00,,4,Kalu Ganga,Magura,2f8c8417-c1f2-4cdf-91ce-59d7c56f3fba,7.5,6,1472816,0,1.82
2026-08-10T11:48:46.228000+00:00,,2026-08-10T11:48:46.228000+00:00,,2.5,Nilwala Ganga,Urawa,6bf3fde3-6e7b-4192-a50c-f02d9a5a4f3d,6,4,1472815,0,0.29
2026-08-10T11:45:13.692000+00:00,,2026-08-10T11:45:13.692000+00:00,,4,Nilwala Ganga,Pitabeddara,5a69cdef-26b4-456c-8cfe-38330b2718c9,6.5,5,1472814,0,0.92
2026-08-10T11:43:54.758000+00:00,,2026-08-10T11:43:54.758000+00:00,,6,Yan Oya,Horowpothana,c6e857bd-9b84-4fc8-bd72-0182598af495,10.5,7.5,1472813,0,1.68
2026-08-10T11:42:33.255000+00:00,,2026-08-10T11:42:33.255000+00:00,,,Gal Oya,Ampara,c52d2b08-94d8-47fe-9df9-63495bf9b674,,,1472812,0,0
2026-08-10T11:42:15.536000+00:00,,2026-08-10T11:42:15.536000+00:00,,5,Nilwala Ganga,Panadugama,d865b145-6450-4916-b9ff-4ccbea527957,7.5,6,1472811,0,3.1
2026-08-10T11:40:28.629000+00:00,,2026-08-10T11:40:28.629000+00:00,,3.3,Aththanagalu Oya,Dunamale,ab9138aa-1926-4cae-8bb8-0d67cf0d2d2a,5.5,4.4,1472810,0,0.69
2026-08-10T11:38:13.305000+00:00,,2026-08-10T11:38:13.305000+00:00,,4.5,Heda Oya,Siyambalanduwa,07f00878-c4b1-483b-a62c-4e0d36a15b69,7,6,1472809,0,0.19
2026-08-10T11:38:00.338000+00:00,,2026-08-10T11:38:00.338000+00:00,,3.5,Mahaweli Ganga,Nawalapitiya,aefc93c8-40d4-441f-9a25-29722670f034,6,5,1472808,0,1.85
2026-08-10T11:37:23.665000+00:00,,2026-08-10T11:37:23.665000+00:00,,4,Maduru Oya,Padiyathalawa,051154da-6248-4ddc-9c39-6f53b4ece548,6,4.5,1472807,0,0.05
2026-08-10T11:37:15.479000+00:00,,2026-08-10T11:37:15.479000+00:00,,4,Menik Ganga,Katharagama,dd451b8b-43c6-4bbf-bc89-3f9e7d982beb,6.5,4.6,1472806,0,-0.25
2026-08-10T11:36:13.510000+00:00,,2026-08-10T11:36:13.510000+00:00,,5,Maha Oya,Badalgama,352d6a34-086a-47d9-b60b-69e4fbd1c3b1,9.6,6.2,1472805,0,2.07
2026-08-10T11:35:56.511000+00:00,,2026-08-10T11:35:56.511000+00:00,,1.5,Kelani Ganga,Norwood,eab38ab2-8ad8-4cd9-9db9-692b10564e8b,4.5,3,1472804,0,0.88
2026-08-10T11:35:48.563000+00:00,,2026-08-10T11:35:48.563000+00:00,,15,Kelani Ganga,Glencourse,2b2d9354-497a-46e0-89bf-5692ed2c4648,19,15.5,1472803,0,10.34
2026-08-10T11:35:21.796000+00:00,,2026-08-10T11:35:21.796000+00:00,,5.2,Kalu Ganga,Rathnapura,2a3dc0ba-48c3-46b2-afe2-e6e81428c1be,9.5,7.5,1472802,0,2.26
2026-08-10T11:35:12.470000+00:00,,2026-08-10T11:35:12.470000+00:00,,1.4,Nilwala Ganga,Thalgahagoda,c75be31d-5398-41a1-9c27-43e0c748c215,2.8,1.7,1472801,0,0.9
2026-08-10T11:35:07.981000+00:00,,2026-08-10T11:35:07.981000+00:00,,3,Mahaweli Ganga,Thaldena,e009eda5-e3e7-4f6d-b1d4-1093054a1fac,5,4,1472800,0,0.11
2026-08-10T11:34:46.833000+00:00,,2026-08-10T11:34:46.833000+00:00,,4,Ma Oya,Yaka Wewa,28885803-9507-4f1b-9027-30e378ff64bb,6,5,1472799,0,0.41
2026-08-10T11:34:10.803000+00:00,,2026-08-10T11:34:10.803000+00:00,,3,Kelani Ganga,Holombuwa,bb229e6c-f261-43e2-96c7-a9db7778ae0a,5,3.4,1472798,0,0.48
2026-08-10T11:33:47.038000+00:00,,2026-08-10T11:33:47.038000+00:00,,4.8,Kelani Ganga,Deraniyagala,d5414823-61cd-4783-92dc-cca045f90c8a,7,5.8,1472797,0.7,1.13
2026-08-10T11:33:31.401000+00:00,,2026-08-10T11:33:31.401000+00:00,,3,Kelani Ganga,Kithulgala,3adb29b5-4738-41f9-bdbd-a9decbe5be64,6,4,1472796,0,2.08
2026-08-10T11:33:19.461000+00:00,,2026-08-10T11:33:19.461000+00:00,,3,Walawe Ganga,Moraketiya,40144e17-a4f6-4764-ae5e-e566300bfc61,7,5,1472795,0,0.8
2026-08-10T11:33:11.718000+00:00,,2026-08-10T11:33:11.718000+00:00,,4,Kirindi Oya,Thanamalwila,8b6e01dd-51d3-4f70-9fe2-6e2bf1161c2f,5.5,5,1472794,0,0.46
2026-08-10T11:33:06.273000+00:00,,2026-08-10T11:33:06.273000+00:00,,10,Kalu Ganga,Ellagawa,23b26500-101d-4a8a-9273-300232e34052,12.2,10.7,1472793,0,6.05
2026-08-10T11:32:28.992000+00:00,,2026-08-10T11:32:28.992000+00:00,,4.4,Kirindi Oya,Wellawaya,86d9a4b2-55d4-4ddb-b4f0-abb286072238,5.9,5.4,1472792,0,0.74
2026-08-10T11:32:21.159000+00:00,,2026-08-10T11:32:21.159000+00:00,,6.5,Kelani Ganga,Hanwella,51d757f5-a874-4317-8c53-0d471f60cfcd,9.5,7.5,1472791,0,2.09
2026-08-10T11:32:17.693000+00:00,,2026-08-10T11:32:17.693000+00:00,,4.84,Mee Oya,Galgamuwa,6fb70973-0bd4-4948-a8f0-1f9a7cc65ad6,8,5.94,1472790,0,0.02
2026-08-10T11:31:44.100000+00:00,,2026-08-10T11:31:44.100000+00:00,,4,Kelani Ganga,Nagalagam Street,2e064875-08c2-4b9b-b6a9-b7e5d7a6954e,7,5,1472789,0,1.4
2026-08-10T11:31:40.823000+00:00,,2026-08-10T11:31:40.823000+00:00,,5,Mahaweli Ganga,Peradeniya,ecb660af-72d7-41a5-b438-560d4cc635a7,9,7,1472788,0,3.58
2026-08-10T11:31:11.594000+00:00,,2026-08-10T11:31:11.594000+00:00,,3.5,Gin Ganga,Baddegama,969c3ddc-7473-40af-86fe-a9ace0dd34d1,5,4,1472787,0,2.29
2026-08-10T11:31:06.125000+00:00,,2026-08-10T11:31:06.125000+00:00,,5,Kumbukkan Oya,Nakkala,4443aa6e-d71f-496e-a650-636c49cc21a9,7.5,6,1472786,0,0.6
2026-08-10T11:30:49.872000+00:00,,2026-08-10T11:30:49.872000+00:00,,5.5,Maha Oya,Giriulla,8f1700e2-e56f-4b02-b1b2-ea385067edeb,7.5,6.5,1472785,0,1.01
2026-08-10T11:30:47.773000+00:00,,2026-08-10T11:30:47.773000+00:00,,3,Kalu Ganga,Putupaula,55558976-4913-441c-9114-cfc9c75dacba,5,4,1472784,0,1
2026-08-10T11:30:39.789000+00:00,,2026-08-10T11:30:39.789000+00:00,,5,Kalu Ganga,Kalawellawa (Millakanda),9418eeed-53d8-4f5b-adb1-f13a231fbc4e,8,6.5,1472783,0,3.14
2026-08-10T11:30:38.439000+00:00,,2026-08-10T11:30:38.439000+00:00,,3,Mahaweli Ganga,Manampitiya,c97a9bdb-d17f-4979-bf46-d31318f38932,6,4.3,1472782,0,-0.06
2026-08-10T11:30:36.148000+00:00,,2026-08-10T11:30:36.148000+00:00,,4.75,Deduru Oya,Moragaswewa,56651508-1321-4261-91cd-4da3515d0b9a,7,6,1472781,0,0
2026-08-10T11:30:32.902000+00:00,,2026-08-10T11:30:32.902000+00:00,,5,Mahaweli Ganga,Weraganthota,4d959fde-37da-47d1-a924-1a919c2f0c03,8,6,1472780,0,-3.29
2026-08-10T11:26:53.102000+00:00,,2026-08-10T11:26:53.102000+00:00,,5,Mahaweli Ganga,Weraganthota,09ea44e9-ab49-407d-a71a-ee98294c467f,8,6,1472779,0,-3.29
2026-08-10T10:45:30.118000+00:00,,2026-08-10T10:45:30.118000+00:00,,5,Kalu Ganga,Kalawellawa (Millakanda),c0ae77b5-9347-4049-a143-f14c6f6226ff,8,6.5,1472778,0,2.96
2026-08-10T10:43:17.752000+00:00,,2026-08-10T10:43:17.752000+00:00,,4,Kalu Ganga,Magura,f7514129-2b92-4181-8703-7299a8de6134,7.5,6,1472777,0,1.84
2026-08-10T10:42:20.802000+00:00,,2026-08-10T10:42:20.802000+00:00,,3,Kelani Ganga,Kithulgala,1ac4cf0c-f2c5-4d44-8850-bd497c5d4729,6,4,1472776,0,2.1
2026-08-10T10:38:00.767000+00:00,,2026-08-10T10:38:00.767000+00:00,,5,Mahaweli Ganga,Peradeniya,f57b8d2e-1eaa-48ad-8d74-aef04728e1c9,9,7,1472775,0,3.59
2026-08-10T10:36:14.934000+00:00,,2026-08-10T10:36:14.934000+00:00,,4.5,Heda Oya,Siyambalanduwa,f2b5d825-5de6-4f8a-bf34-3f6220547e74,7,6,1472774,0,0.19
2026-08-10T10:35:55.397000+00:00,,2026-08-10T10:35:55.397000+00:00,,4.84,Mee Oya,Galgamuwa,77b3cc2f-e5ac-40df-a2d8-3f86ca2b0bf4,8,5.94,1472773,0,0.02
2026-08-10T10:35:47.342000+00:00,,2026-08-10T10:35:47.342000+00:00,,4,Maduru Oya,Padiyathalawa,38eb8472-6fed-4df0-ae44-105d94b5f294,6,4.5,1472772,0,0.05
2026-08-10T10:35:06.571000+00:00,,2026-08-10T10:35:06.571000+00:00,,5.2,Kalu Ganga,Rathnapura,759ec8f8-e260-4359-a6ea-a5a7152dd3a4,9.5,7.5,1472771,0,2.29
2026-08-10T10:34:40.460000+00:00,,2026-08-10T10:34:40.460000+00:00,,3,Walawe Ganga,Moraketiya,35ac828c-8344-4e2f-9286-0f68ed1ad31e,7,5,1472770,0,0.81
2026-08-10T10:34:38.232000+00:00,,2026-08-10T10:34:38.232000+00:00,,3,Kalu Ganga,Putupaula,0bff71e3-c2c2-473e-b3cd-da4c995b412b,5,4,1472769,0,1
2026-08-10T10:34:35.980000+00:00,,2026-08-10T10:34:35.980000+00:00,,1.4,Nilwala Ganga,Thalgahagoda,f9d113dd-3610-43b3-8a39-361b3cd001f3,2.8,1.7,1472768,0,0.9
2026-08-10T10:34:30.169000+00:00,,2026-08-10T10:34:30.169000+00:00,,1.5,Kelani Ganga,Norwood,9d2e2c57-1c80-4056-8157-2eba729a8d74,4.5,3,1472767,0,0.89
2026-08-10T10:34:05.528000+00:00,,2026-08-10T10:34:05.528000+00:00,,3.5,Gin Ganga,Baddegama,5d82f53c-5adf-4dac-bb37-18ceff94dd93,5,4,1472766,0,2.31
2026-08-10T10:34:04.780000+00:00,,2026-08-10T10:34:04.780000+00:00,,10,Kalu Ganga,Ellagawa,81ebd074-f1ea-4f94-b26c-d73adab59f44,12.2,10.7,1472765,0.8,6.1
2026-08-10T10:34:03.852000+00:00,,2026-08-10T10:34:03.852000+00:00,,3.3,Aththanagalu Oya,Dunamale,4e0e821f-2dba-4cf6-a522-1de6fb68a663,5.5,4.4,1472764,0,0.69
2026-08-10T10:33:54.190000+00:00,,2026-08-10T10:33:54.190000+00:00,,2.5,Nilwala Ganga,Urawa,5be74f7e-fa72-4ee2-82a5-feb83ad95646,6,4,1472763,0,0.31
2026-08-10T10:33:47.969000+00:00,,2026-08-10T10:33:47.969000+00:00,,15,Kelani Ganga,Glencourse,46e8201a-404b-46ce-96a3-743f7f9e0ca7,19,15.5,1472762,0,10.35
2026-08-10T10:33:42.797000+00:00,,2026-08-10T10:33:42.797000+00:00,,5,Maha Oya,Badalgama,1c35e011-91ac-4e7b-820a-539b98746dc4,9.6,6.2,1472761,0,2.07
2026-08-10T10:33:18.715000+00:00,,2026-08-10T10:33:18.715000+00:00,,3,Mahaweli Ganga,Thaldena,b1ed9865-c159-4202-a115-cceb144a8f03,5,4,1472760,0,0.14
2026-08-10T10:32:52.550000+00:00,,2026-08-10T10:32:52.550000+00:00,,6.5,Kelani Ganga,Hanwella,e436e461-7b9b-44e7-a98c-047b0420e5b5,9.5,7.5,1472759,0,2.16
2026-08-10T10:32:36.690000+00:00,,2026-08-10T10:32:36.690000+00:00,,4,Menik Ganga,Katharagama,690129e8-f221-4253-9222-24966e9a33c3,6.5,4.6,1472758,0,-0.25
2026-08-10T10:32:28.576000+00:00,,2026-08-10T10:32:28.576000+00:00,,5.5,Maha Oya,Giriulla,ad769c34-c0b8-4c4b-aa9b-c654dc163ef7,7.5,6.5,1472757,0,1.02
2026-08-10T10:32:27.122000+00:00,,2026-08-10T10:32:27.122000+00:00,,4.4,Kirindi Oya,Wellawaya,59b6c5bc-a44c-4250-a927-364b27903541,5.9,5.4,1472756,0,0.74
2026-08-10T10:32:17.236000+00:00,,2026-08-10T10:32:17.236000+00:00,,4.8,Kelani Ganga,Deraniyagala,9d9dd51d-7862-4f4d-b53d-1bb7f4d67590,7,5.8,1472755,0,1.18
2026-08-10T10:31:56.375000+00:00,,2026-08-10T10:31:56.375000+00:00,,4.75,Deduru Oya,Moragaswewa,80742840-79e3-4ea0-b5be-47d89fd9b2e6,7,6,1472754,0,0
2026-08-10T10:31:46.140000+00:00,,2026-08-10T10:31:46.140000+00:00,,4,Ma Oya,Yaka Wewa,868aaeb5-e6d2-49e7-b940-63ced8cfcc2d,6,5,1472753,0,0.41
2026-08-10T10:31:44.091000+00:00,,2026-08-10T10:31:44.091000+00:00,,4,Kelani Ganga,Nagalagam Street,41e8eb9a-b414-4f9e-bce8-c62b05e67b48,7,5,1472752,0,1.5
2026-08-10T10:31:42.876000+00:00,,2026-08-10T10:31:42.876000+00:00,,4,Nilwala Ganga,Pitabeddara,3f40ef8b-a160-4fdb-9fb1-622bb8c21e1c,6.5,5,1472751,0,0.93
2026-08-10T10:31:40.284000+00:00,,2026-08-10T10:31:40.284000+00:00,,3.5,Mahaweli Ganga,Nawalapitiya,232d500a-6e7e-4314-8fec-ebee94ff1f94,6,5,1472750,0,1.86
2026-08-10T10:31:08.367000+00:00,,2026-08-10T10:31:08.367000+00:00,,4,Kirindi Oya,Thanamalwila,1b4f08f3-7b28-4d60-9c0d-2dd2396f34d5,5.5,5,1472749,0,0.46
2026-08-10T10:31:07.496000+00:00,,2026-08-10T10:31:07.496000+00:00,,6,Yan Oya,Horowpothana,f8047ee1-8ef8-486e-855f-e70468f48303,10.5,7.5,1472748,0,1.68
2026-08-10T10:30:55.041000+00:00,,2026-08-10T10:30:55.041000+00:00,,5,Kumbukkan Oya,Nakkala,1f1560c4-1db7-47d9-9832-f70a73fb37c6,7.5,6,1472747,0,0.61
2026-08-10T10:30:49.835000+00:00,,2026-08-10T10:30:49.835000+00:00,,3,Kelani Ganga,Holombuwa,6a84ad91-cb29-4e8e-bfdf-a638823a0eac,5,3.4,1472746,0,0.48
2026-08-10T10:30:47.432000+00:00,,2026-08-10T10:30:47.432000+00:00,,,Gal Oya,Ampara,d5329175-412f-4ca1-a012-8eb5e2f07023,,,1472745,0,0
2026-08-10T10:30:34.248000+00:00,,2026-08-10T10:30:34.248000+00:00,,3,Mahaweli Ganga,Manampitiya,2e12c08c-b17b-4919-806f-d097593da195,6,4.3,1472744,0,-0.05
2026-08-10T10:30:32.258000+00:00,,2026-08-10T10:30:32.258000+00:00,,5,Malwathu Oya,Thanthirimale,795c6257-792f-4330-a26e-1a76bf48e32e,7.8,6.8,1472743,0,0.94
2026-08-10T10:30:21.856000+00:00,,2026-08-10T10:30:21.856000+00:00,,5,Mahaweli Ganga,Weraganthota,72b31c17-4c27-405c-83e8-dccfed359da8,8,6,1472742,0,-3.22
2026-08-10T10:30:14.835000+00:00,,2026-08-10T10:30:14.835000+00:00,,5,Nilwala Ganga,Panadugama,f9875b7b-37aa-4689-9729-f13d6acdce58,7.5,6,1472741,0,3.73
2026-08-10T10:29:09.204000+00:00,,2026-08-10T10:29:09.204000+00:00,,6.9,Kirindi Oya,Kuda Oya,0c899d7e-90b6-4c33-a101-ced72ecbdf4d,8.8,8.4,1472740,0,0.94
2026-08-10T09:56:05.973000+00:00,,2026-08-10T09:56:05.973000+00:00,,5,Nilwala Ganga,Panadugama,5e70d7cc-8675-414e-bb92-7151946d1699,7.5,6,1472739,0,3.75
2026-08-10T09:44:13.011000+00:00,,2026-08-10T09:44:13.011000+00:00,,5,Nilwala Ganga,Panadugama,f6826e5f-6e3d-40e5-8780-2ade92e13e92,7.5,6,1472738,0,3.75
2026-08-10T09:41:32.514000+00:00,,2026-08-10T09:41:32.514000+00:00,,5,Kalu Ganga,Kalawellawa (Millakanda),256c644b-21d5-4764-b60d-02e6668e37b3,8,6.5,1472737,0,2.88
2026-08-10T09:41:01.741000+00:00,,2026-08-10T09:41:01.741000+00:00,,4,Gin Ganga,Thawalama,2c3fd1a1-870c-44b3-8334-c8280edbaea9,7.5,6,1472736,0,1.9
2026-08-10T09:40:48.174000+00:00,,2026-08-10T09:40:48.174000+00:00,,1.4,Nilwala Ganga,Thalgahagoda,36f0194d-54ed-4493-8a1a-29a1d06b3b26,2.8,1.7,1472735,0,0.9
2026-08-10T09:39:12.929000+00:00,,2026-08-10T09:39:12.929000+00:00,,4,Kalu Ganga,Magura,02060de9-e2a7-48dd-9524-325862424afb,7.5,6,1472734,0,1.85
2026-08-10T09:39:07.126000+00:00,,2026-08-10T09:39:07.126000+00:00,,3.5,Gin Ganga,Baddegama,30bff931-1fa6-4cfa-9ee2-f2459c4cc3d5,5,4,1472733,0,2.31
2026-08-10T09:36:46.226000+00:00,,2026-08-10T09:36:46.226000+00:00,,5.2,Kalu Ganga,Rathnapura,09d0612a-fc5b-4228-ae6e-2ee227b319c6,9.5,7.5,1472732,0,2.3
2026-08-10T09:36:08.872000+00:00,,2026-08-10T09:36:08.872000+00:00,,5,Maha Oya,Badalgama,b314e981-e266-4642-914b-5cf3b02e4443,9.6,6.2,1472731,0,2.06
2026-08-10T09:36:08.451000+00:00,,2026-08-10T09:36:08.451000+00:00,,1.5,Kelani Ganga,Norwood,61937bbd-f2e1-4f93-9120-a88a916aabf4,4.5,3,1472730,0,0.92
2026-08-10T09:35:25.944000+00:00,,2026-08-10T09:35:25.944000+00:00,,15,Kelani Ganga,Glencourse,7ce21776-53ae-4f4e-91cb-7c8073f86c0d,19,15.5,1472729,0,10.37
2026-08-10T09:34:38.231000+00:00,,2026-08-10T09:34:38.231000+00:00,,2.5,Nilwala Ganga,Urawa,7edff630-8920-4d56-aef6-0b25bc452f75,6,4,1472728,0,0.32
2026-08-10T09:34:37.294000+00:00,,2026-08-10T09:34:37.294000+00:00,,4,Maduru Oya,Padiyathalawa,b56bdbf1-a32e-44c8-8978-636bb3a0481f,6,4.5,1472727,0,0.05
2026-08-10T09:34:25.389000+00:00,,2026-08-10T09:34:25.389000+00:00,,4,Kirindi Oya,Thanamalwila,6ae4e028-f661-4e7d-80cc-a9fc0763259e,5.5,5,1472726,0,0.46
2026-08-10T09:34:18.252000+00:00,,2026-08-10T09:34:18.252000+00:00,,,Gal Oya,Ampara,eb59e8e3-071f-46cc-99d8-e7da70463c66,,,1472725,0,0
2026-08-10T09:33:59.359000+00:00,,2026-08-10T09:33:59.359000+00:00,,6.5,Kelani Ganga,Hanwella,3c50a85c-144a-489f-adf1-df86b557eeb5,9.5,7.5,1472724,0,2.22
2026-08-10T09:33:38.730000+00:00,,2026-08-10T09:33:38.730000+00:00,,3,Kelani Ganga,Kithulgala,55579fac-0333-4967-b173-12cc615a3d3a,6,4,1472723,0,2.2
2026-08-10T09:33:29.362000+00:00,,2026-08-10T09:33:29.362000+00:00,,3,Kelani Ganga,Holombuwa,918e6049-f8d4-43e3-aae0-00c05f79fbf3,5,3.4,1472722,0,0.48
2026-08-10T09:33:27.425000+00:00,,2026-08-10T09:33:27.425000+00:00,,3.5,Gin Ganga,Baddegama,8c6f3e19-fa70-4650-9a51-cb7fe52dfd5d,5,4,1472721,0,2.31
2026-08-10T09:33:19.694000+00:00,,2026-08-10T09:33:19.694000+00:00,,4.75,Deduru Oya,Moragaswewa,f7d572ff-69e4-42bb-bdde-d28496a1b6f8,7,6,1472720,0,0.01
2026-08-10T09:33:15.662000+00:00,,2026-08-10T09:33:15.662000+00:00,,4,Nilwala Ganga,Pitabeddara,c4f0bbbc-6185-4ca6-9ada-90d7b26d4279,6.5,5,1472719,3.8,0.94
2026-08-10T09:33:06.758000+00:00,,2026-08-10T09:33:06.758000+00:00,,4.4,Kirindi Oya,Wellawaya,fa3b724e-650e-4ddc-95d3-76ad8ba340f7,5.9,5.4,1472718,0,0.73
2026-08-10T09:33:02.939000+00:00,,2026-08-10T09:33:02.939000+00:00,,10,Kalu Ganga,Ellagawa,6973236b-3455-4b0b-bc51-4fe539b5569a,12.2,10.7,1472717,0,6.15
2026-08-10T09:33:01.274000+00:00,,2026-08-10T09:33:01.274000+00:00,,4.8,Kelani Ganga,Deraniyagala,a955ec69-825c-40d7-a70a-0f58ea701263,7,5.8,1472716,0,1.03
2026-08-10T09:33:00.455000+00:00,,2026-08-10T09:33:00.455000+00:00,,5.5,Maha Oya,Giriulla,6200a0d7-481e-4b13-9928-3531da7c819c,7.5,6.5,1472715,0,1.02
2026-08-10T09:32:59.827000+00:00,,2026-08-10T09:32:59.827000+00:00,,3,Kalu Ganga,Putupaula,bdd370fc-1749-45b6-a224-bf65d2510a83,5,4,1472714,0,1
2026-08-10T09:32:38.753000+00:00,,2026-08-10T09:32:38.753000+00:00,,3,Mahaweli Ganga,Manampitiya,27dbfc98-72c6-42c7-8c79-95066f7895b7,6,4.3,1472713,0,-0.04
2026-08-10T09:32:32.313000+00:00,,2026-08-10T09:32:32.313000+00:00,,5,Mahaweli Ganga,Peradeniya,20810cb9-768d-4ce1-b7cd-4f07d7b0e544,9,7,1472712,0,3.58
2026-08-10T09:32:29.827000+00:00,,2026-08-10T09:32:29.827000+00:00,,3,Walawe Ganga,Moraketiya,eedf9042-79fc-48f2-b999-ba1476db069c,7,5,1472711,0,0.82
2026-08-10T09:32:23.720000+00:00,,2026-08-10T09:32:23.720000+00:00,,4,Ma Oya,Yaka Wewa,87f458ee-9b26-493c-835a-75687518e9e3,6,5,1472710,0,0.41
2026-08-10T09:32:18.610000+00:00,,2026-08-10T09:32:18.610000+00:00,,5,Malwathu Oya,Thanthirimale,085d4dbd-0e2d-40af-8add-f2fdb346549a,7.8,6.8,1472709,0,0.94
2026-08-10T09:32:12.124000+00:00,,2026-08-10T09:32:12.124000+00:00,,4,Menik Ganga,Katharagama,572aa62a-63eb-4324-a21e-b82a5d6f4486,6.5,4.6,1472708,0,-0.25
2026-08-10T09:32:10.731000+00:00,,2026-08-10T09:32:10.731000+00:00,,4.5,Heda Oya,Siyambalanduwa,9bd1710c-f20c-4c6c-b6d0-ba16726902c6,7,6,1472707,0,0.19
2026-08-10T09:31:49.359000+00:00,,2026-08-10T09:31:49.359000+00:00,,3,Mahaweli Ganga,Thaldena,c28c7832-6a99-4207-9555-127cd0a144af,5,4,1472706,0,0.17
2026-08-10T09:31:42.415000+00:00,,2026-08-10T09:31:42.415000+00:00,,4,Kelani Ganga,Nagalagam Street,349a16ba-ce48-46b3-91d8-fbea113e6606,7,5,1472705,0,1.75
2026-08-10T09:31:08.986000+00:00,,2026-08-10T09:31:08.986000+00:00,,3.5,Mahaweli Ganga,Nawalapitiya,facb0675-ee4d-4143-afaa-a356188e1edb,6,5,1472704,0,1.86
2026-08-10T09:30:49.331000+00:00,,2026-08-10T09:30:49.331000+00:00,,6,Yan Oya,Horowpothana,52999400-c62c-4e7e-b5f3-d4781e806e26,10.5,7.5,1472703,0,1.68
2026-08-10T09:30:44.411000+00:00,,2026-08-10T09:30:44.411000+00:00,,6.9,Kirindi Oya,Kuda Oya,6d8d3da9-d3c7-4f87-8c4c-a3808b8c57a0,8.8,8.4,1472702,0,0.94
2026-08-10T09:30:39.001000+00:00,,2026-08-10T09:30:39.001000+00:00,,5,Kumbukkan Oya,Nakkala,7ad10cde-7e85-4ffd-86e2-5c5b881eb981,7.5,6,1472701,0,0.61
2026-08-10T09:30:12.774000+00:00,,2026-08-10T09:30:12.774000+00:00,,5,Mahaweli Ganga,Weraganthota,517c8b11-29a3-4e6b-8d75-8abb502e791b,8,6,1472700,0,-3.15
2026-08-10T08:42:46.701000+00:00,,2026-08-10T08:42:46.701000+00:00,,5,Kalu Ganga,Kalawellawa (Millakanda),2ee63210-5750-4be4-8276-75e414b2ddc9,8,6.5,1472699,0,2.64
2026-08-10T08:41:55.521000+00:00,,2026-08-10T08:41:55.521000+00:00,,4,Gin Ganga,Thawalama,75f7b7eb-1a3e-4999-83fa-312b50afb12a,7.5,6,1472698,0,1.94
2026-08-10T08:40:58.669000+00:00,,2026-08-10T08:40:58.669000+00:00,,4.84,Mee Oya,Galgamuwa,d0293e3f-7745-4161-8e0a-995bdcbdc074,8,5.94,1472697,0,0.02
2026-08-10T08:40:57.487000+00:00,,2026-08-10T08:40:57.487000+00:00,,4.84,Mee Oya,Galgamuwa,9c91e815-d8cd-4ea3-8c7c-a020675c0a89,8,5.94,1472696,0,0.02
2026-08-10T08:39:55.455000+00:00,,2026-08-10T08:39:55.455000+00:00,,5,Mahaweli Ganga,Weraganthota,18babd29-2d10-4040-9b4f-735a79481869,8,6,1472695,0,-3.06
2026-08-10T08:39:49.874000+00:00,,2026-08-10T08:39:49.874000+00:00,,1.4,Nilwala Ganga,Thalgahagoda,993f3085-ca9e-4529-9196-47e996b4a286,2.8,1.7,1472694,0,0.9
2026-08-10T08:39:05.780000+00:00,,2026-08-10T08:39:05.780000+00:00,,6,Yan Oya,Horowpothana,a95b74bf-1562-4e33-8ef9-3b9fa6351e73,10.5,7.5,1472693,0,1.68
2026-08-10T08:38:59.009000+00:00,,2026-08-10T08:38:59.009000+00:00,,2.5,Nilwala Ganga,Urawa,1d20bf43-85f2-4014-a592-53f1e840796a,6,4,1472692,0,0.32
2026-08-10T08:38:49.615000+00:00,,2026-08-10T08:38:49.615000+00:00,,5,Mahaweli Ganga,Peradeniya,d6d9a90f-266b-4906-b939-22b819f0b210,9,7,1472691,0,3.6
2026-08-10T08:37:26.212000+00:00,,2026-08-10T08:37:26.212000+00:00,,3,Kelani Ganga,Kithulgala,39e85f27-f660-4775-88aa-7b1d0251ba7c,6,4,1472690,0,1.97
2026-08-10T08:37:16.275000+00:00,,2026-08-10T08:37:16.275000+00:00,,4,Maduru Oya,Padiyathalawa,82302c0a-aca5-4ae9-ab4a-404620ce72e4,6,4.5,1472689,0,0.05
2026-08-10T08:36:02.371000+00:00,,2026-08-10T08:36:02.371000+00:00,,5,Maha Oya,Badalgama,280aa3d3-14b6-45a4-ada1-f552771c6cf4,9.6,6.2,1472688,0,2.06
2026-08-10T08:36:00.672000+00:00,,2026-08-10T08:36:00.672000+00:00,,4.75,Deduru Oya,Moragaswewa,9b3c7045-69fc-4b02-9c01-3e68dc917b89,7,6,1472687,0,0.01
2026-08-10T08:35:50.030000+00:00,,2026-08-10T08:35:50.030000+00:00,,4,Kirindi Oya,Thanamalwila,cf8bf446-79ec-4626-a448-13f6225912af,5.5,5,1472686,0,0.46
2026-08-10T08:35:38.638000+00:00,,2026-08-10T08:35:38.638000+00:00,,5.2,Kalu Ganga,Rathnapura,a437cf5d-613d-491f-8246-5d1deb0dfbfb,9.5,7.5,1472685,0,2.39
2026-08-10T08:34:13.717000+00:00,,2026-08-10T08:34:13.717000+00:00,,3.3,Aththanagalu Oya,Dunamale,5c1e026c-c6e6-478c-aca1-fd44a25e9f29,5.5,4.4,1472683,0,0.68
2026-08-10T08:33:54.875000+00:00,,2026-08-10T08:33:54.875000+00:00,,,Gal Oya,Ampara,0ef47875-5350-4430-b536-601c553f1fee,,,1472682,0,0
2026-08-10T08:33:53.497000+00:00,,2026-08-10T08:33:53.497000+00:00,,15,Kelani Ganga,Glencourse,6da596db-2d5a-4636-b3cd-889084ba0882,19,15.5,1472681,0,10.46
2026-08-10T08:33:44.438000+00:00,,2026-08-10T08:33:44.438000+00:00,,3,Kelani Ganga,Holombuwa,2f8c49be-da84-4da1-8ae3-e1871b406e80,5,3.4,1472680,0,0.48
2026-08-10T08:33:22.404000+00:00,,2026-08-10T08:33:22.404000+00:00,,3.5,Gin Ganga,Baddegama,ea36d48a-a63e-4901-845f-a1da2655aaf6,5,4,1472679,0,2.3
2026-08-10T08:33:00.022000+00:00,,2026-08-10T08:33:00.022000+00:00,,4,Menik Ganga,Katharagama,47688c0b-29c4-4ec0-824c-c126716e2895,6.5,4.6,1472678,0,-0.25
2026-08-10T08:32:55.539000+00:00,,2026-08-10T08:32:55.539000+00:00,,5,Nilwala Ganga,Panadugama,c7338bcb-aee0-4296-b552-ec695c02a2d7,7.5,6,1472677,0,3.77
2026-08-10T08:32:49.352000+00:00,,2026-08-10T08:32:49.352000+00:00,,1.5,Kelani Ganga,Norwood,1cb64870-788c-42c2-9b80-5f0a14d5c3fa,4.5,3,1472676,0,0.92
2026-08-10T08:32:44.537000+00:00,,2026-08-10T08:32:44.537000+00:00,,3,Mahaweli Ganga,Thaldena,973ddea2-3600-4be7-9988-aa4e129d88b5,5,4,1472675,0,0.21
2026-08-10T08:32:24.713000+00:00,,2026-08-10T08:32:24.713000+00:00,,6.5,Kelani Ganga,Hanwella,961c43dd-de98-4615-86c9-47e2a2e3cb5f,9.5,7.5,1472674,0,2.28
2026-08-10T08:32:17.410000+00:00,,2026-08-10T08:32:17.410000+00:00,,4.4,Kirindi Oya,Wellawaya,05db1c6a-6dbe-4917-a134-77f828124962,5.9,5.4,1472673,0,0.74
2026-08-10T08:32:13.709000+00:00,,2026-08-10T08:32:13.709000+00:00,,4.8,Kelani Ganga,Deraniyagala,702bd043-629c-46d4-95e8-f77f8de13cba,7,5.8,1472672,0,0.97
2026-08-10T08:32:13.014000+00:00,,2026-08-10T08:32:13.014000+00:00,,4,Kalu Ganga,Magura,0b7dc1a5-09ca-4c5c-983a-289c933a445d,7.5,6,1472671,0,1.87
2026-08-10T08:32:11.749000+00:00,,2026-08-10T08:32:11.749000+00:00,,4,Nilwala Ganga,Pitabeddara,707cfcb5-9789-4f21-8a88-4f1e959e1c63,6.5,5,1472670,0,0.95
2026-08-10T08:31:57.947000+00:00,,2026-08-10T08:31:57.947000+00:00,,3.5,Mahaweli Ganga,Nawalapitiya,ef29e6e8-32d0-4de6-9f14-67fc5d602892,6,5,1472669,0,1.87
2026-08-10T08:31:49.480000+00:00,,2026-08-10T08:31:49.480000+00:00,,3,Walawe Ganga,Moraketiya,023da612-2fcf-451f-a394-1456d1c75591,7,5,1472668,0,0.83
2026-08-10T08:31:44.308000+00:00,,2026-08-10T08:31:44.308000+00:00,,4.5,Heda Oya,Siyambalanduwa,fdcfff22-6e30-4ef7-8552-4fdf01009c02,7,6,1472667,0,0.19
2026-08-10T08:31:41.427000+00:00,,2026-08-10T08:31:41.427000+00:00,,3,Mahaweli Ganga,Manampitiya,999e3a19-b692-4d1a-8037-4083e2386c0a,6,4.3,1472666,0,-0.04
2026-08-10T08:31:34.794000+00:00,,2026-08-10T08:31:34.794000+00:00,,4,Ma Oya,Yaka Wewa,dcaa25aa-1bc3-491d-b964-962715a57b67,6,5,1472665,0,0.41
2026-08-10T08:31:34.793000+00:00,,2026-08-10T08:31:34.793000+00:00,,4,Kelani Ganga,Nagalagam Street,dd79d56d-b49e-452d-a495-0bf2205a86c8,7,5,1472664,0,1.9
2026-08-10T08:31:28.518000+00:00,,2026-08-10T08:31:28.518000+00:00,,3,Kalu Ganga,Putupaula,42831a82-d8fb-4563-a744-5b95b0c3dd28,5,4,1472663,0,1
2026-08-10T08:31:20.738000+00:00,,2026-08-10T08:31:20.738000+00:00,,5.5,Maha Oya,Giriulla,05ed86fa-d549-4455-819f-40870209fb5a,7.5,6.5,1472662,0,1.02
2026-08-10T08:31:15.033000+00:00,,2026-08-10T08:31:15.033000+00:00,,10,Kalu Ganga,Ellagawa,478f1d17-7902-4308-9eb8-b0f8190edaf6,12.2,10.7,1472661,2,6.2
2026-08-10T08:30:38.592000+00:00,,2026-08-10T08:30:38.592000+00:00,,5,Malwathu Oya,Thanthirimale,e987f895-1875-4ed4-85a5-4e4aeba7063b,7.8,6.8,1472660,0,0.93
2026-08-10T08:30:31.440000+00:00,,2026-08-10T08:30:31.440000+00:00,,6.9,Kirindi Oya,Kuda Oya,021a98a7-a17b-4f89-97d4-8f3f2ca4f24e,8.8,8.4,1472659,0,0.94
2026-08-10T08:30:12.171000+00:00,,2026-08-10T08:30:12.171000+00:00,,5,Kumbukkan Oya,Nakkala,ca3cb179-6ea4-4a33-adf1-d0bd9708d16a,7.5,6,1472658,0,0.61
2026-08-10T07:55:37.232000+00:00,,2026-08-10T07:55:37.232000+00:00,,5,Kalu Ganga,Kalawellawa (Millakanda),c6d4793f-a22f-43f2-830b-d40a737c69e3,8,6.5,1472657,0,2.42
2026-08-10T07:46:40.839000+00:00,,2026-08-10T07:46:40.839000+00:00,,4,Gin Ganga,Thawalama,6ed50f30-267f-4fa5-8716-489850230805,7.5,6,1472656,0,1.97
2026-08-10T07:45:31.740000+00:00,,2026-08-10T07:45:31.740000+00:00,,4,Kalu Ganga,Magura,8341bb2f-923f-4ce5-b89c-742da07f743f,7.5,6,1472655,0,1.9
2026-08-10T07:44:29.401000+00:00,,2026-08-10T07:44:29.401000+00:00,,6.9,Kirindi Oya,Kuda Oya,8979d929-0f91-45e3-81d4-501caf32a823,8.8,8.4,1472654,0,0.94
2026-08-10T07:44:26.463000+00:00,,2026-08-10T07:44:26.463000+00:00,,1.4,Nilwala Ganga,Thalgahagoda,44931bf0-7151-4708-b6bd-b0506c10126f,2.8,1.7,1472653,0,0.88
2026-08-10T07:42:54.845000+00:00,,2026-08-10T07:42:54.845000+00:00,,2.5,Nilwala Ganga,Urawa,8f6d8268-df19-483e-80bb-176f2ae75b73,6,4,1472652,0,0.32
2026-08-10T07:40:51.652000+00:00,,2026-08-10T07:40:51.652000+00:00,,5,Nilwala Ganga,Panadugama,6d8360e0-3ca3-4633-bf25-faafc448e204,7.5,6,1472651,0,3.78
2026-08-10T07:39:27.506000+00:00,,2026-08-10T07:39:27.506000+00:00,,3,Kelani Ganga,Kithulgala,100c4d66-f47d-465f-9a88-1422c2de7c55,6,4,1472650,2.2,1.87
2026-08-10T07:39:23.047000+00:00,,2026-08-10T07:39:23.047000+00:00,,3,Mahaweli Ganga,Manampitiya,86b9c046-5f26-41cc-a16a-9e0bf0a5bfdf,6,4.3,1472649,0,-0.04
2026-08-10T07:38:23.029000+00:00,,2026-08-10T07:38:23.029000+00:00,,5,Mahaweli Ganga,Peradeniya,155f1d05-7115-493e-8c85-f1bbe8541a97,9,7,1472648,0,3.62
2026-08-10T07:37:03.575000+00:00,,2026-08-10T07:37:03.575000+00:00,,15,Kelani Ganga,Glencourse,3f2819bf-7bb3-4096-8260-13520e72175f,19,15.5,1472647,1.6,10.55
2026-08-10T07:36:09.876000+00:00,,2026-08-10T07:36:09.876000+00:00,,4,Kirindi Oya,Thanamalwila,d11c4752-c84c-48f3-8de4-a81922672a34,5.5,5,1472646,0,0.46
2026-08-10T07:36:04.877000+00:00,,2026-08-10T07:36:04.877000+00:00,,3,Kelani Ganga,Holombuwa,845b3ac8-3487-4b01-93e8-664a23debb2b,5,3.4,1472645,0,0.48
2026-08-10T07:35:48.094000+00:00,,2026-08-10T07:35:48.094000+00:00,,5,Maha Oya,Badalgama,cbc43545-4221-40ae-b15c-59dbdb7c4d07,9.6,6.2,1472644,0,2.06
2026-08-10T07:35:44.284000+00:00,,2026-08-10T07:35:44.284000+00:00,,1.5,Kelani Ganga,Norwood,89060f40-60f4-4c4b-9cde-764a366c8ca2,4.5,3,1472643,0,0.93
2026-08-10T07:34:58.250000+00:00,,2026-08-10T07:34:58.250000+00:00,,3,Kalu Ganga,Putupaula,864db6e9-55f9-436f-991b-a84c3bae8e73,5,4,1472642,0,0.95
2026-08-10T07:34:45.461000+00:00,,2026-08-10T07:34:45.461000+00:00,,5.2,Kalu Ganga,Rathnapura,e508165b-4bbe-481f-8380-a999143a934f,9.5,7.5,1472641,0,2.45
2026-08-10T07:34:19.034000+00:00,,2026-08-10T07:34:19.034000+00:00,,4,Nilwala Ganga,Pitabeddara,826c2968-9726-4c15-9199-8300ef4b7f3a,6.5,5,1472640,0,0.96
2026-08-10T07:33:47.339000+00:00,,2026-08-10T07:33:47.339000+00:00,,4,Menik Ganga,Katharagama,63719570-ebbc-4db3-bec1-43665488c811,6.5,4.6,1472639,0,-0.25
2026-08-10T07:33:29.808000+00:00,,2026-08-10T07:33:29.808000+00:00,,4,Ma Oya,Yaka Wewa,9ce0efdc-108a-4284-8ccc-adfef0c09bea,6,5,1472638,0,0.41
2026-08-10T07:33:24.499000+00:00,,2026-08-10T07:33:24.499000+00:00,,3,Mahaweli Ganga,Thaldena,bc0b855d-45d9-4baa-8b80-d17820edb626,5,4,1472637,0,0.19
2026-08-10T07:33:20.140000+00:00,,2026-08-10T07:33:20.140000+00:00,,4,Maduru Oya,Padiyathalawa,9106871d-895e-48eb-9e86-0aafdf9be512,6,4.5,1472636,0,0.05
2026-08-10T07:32:51.332000+00:00,,2026-08-10T07:32:51.332000+00:00,,4.4,Kirindi Oya,Wellawaya,0cbe664d-5fda-4083-9f67-44ca093d6e89,5.9,5.4,1472635,0,0.76
2026-08-10T07:32:37.003000+00:00,,2026-08-10T07:32:37.003000+00:00,,4,Kelani Ganga,Nagalagam Street,4aebce58-39f8-41c1-9fff-6774d17eb9c3,7,5,1472634,0,2
2026-08-10T07:32:30.098000+00:00,,2026-08-10T07:32:30.098000+00:00,,4.8,Kelani Ganga,Deraniyagala,68f3c5d5-85e8-4842-ae99-b7e700b0a411,7,5.8,1472633,0,0.9
2026-08-10T07:32:27.570000+00:00,,2026-08-10T07:32:27.570000+00:00,,3.3,Aththanagalu Oya,Dunamale,80fabef8-0618-48e5-bf1d-7f0625e6aa41,5.5,4.4,1472632,0,0.68
2026-08-10T07:32:25.142000+00:00,,2026-08-10T07:32:25.142000+00:00,,5.5,Maha Oya,Giriulla,080595f1-6970-4247-bc4a-7a350d7b0c29,7.5,6.5,1472631,0,1.02
2026-08-10T07:32:15.720000+00:00,,2026-08-10T07:32:15.720000+00:00,,6.5,Kelani Ganga,Hanwella,a98b0199-c34d-4d56-966d-403353226aec,9.5,7.5,1472630,0,2.31
2026-08-10T07:32:03.931000+00:00,,2026-08-10T07:32:03.931000+00:00,,4.75,Deduru Oya,Moragaswewa,024b6c3f-dbb9-42d7-991b-b4e5bb6f9288,7,6,1472629,0,0.01
2026-08-10T07:32:03.688000+00:00,,2026-08-10T07:32:03.688000+00:00,,4.5,Heda Oya,Siyambalanduwa,3bc1c952-fac0-4365-ae6c-631be6f1df04,7,6,1472628,0,0.18
2026-08-10T07:32:02.850000+00:00,,2026-08-10T07:32:02.850000+00:00,,3,Walawe Ganga,Moraketiya,209f878f-d869-4221-abce-804ce262ca86,7,5,1472627,0,0.84
2026-08-10T07:31:50.588000+00:00,,2026-08-10T07:31:50.588000+00:00,,3.5,Gin Ganga,Baddegama,24458d38-26be-413b-94fa-e5e6b57406f8,5,4,1472626,0,2.3
2026-08-10T07:31:08.128000+00:00,,2026-08-10T07:31:08.128000+00:00,,10,Kalu Ganga,Ellagawa,ec8375e4-1f29-4c18-a6c4-bb436e83e26d,12.2,10.7,1472625,0,6.26
2026-08-10T07:30:56.742000+00:00,,2026-08-10T07:30:56.742000+00:00,,,Gal Oya,Ampara,124d342c-133a-4d17-84f8-938bf3f79cde,,,1472624,0,0
2026-08-10T07:30:48.404000+00:00,,2026-08-10T07:30:48.404000+00:00,,5,Malwathu Oya,Thanthirimale,011e3685-b52d-40a3-bbcf-7cb0b19be70d,7.8,6.8,1472623,0,0.93
2026-08-10T07:30:45.453000+00:00,,2026-08-10T07:30:45.453000+00:00,,3.5,Mahaweli Ganga,Nawalapitiya,5a281633-7878-4396-b99a-ec6d5328d39d,6,5,1472622,0,1.87
2026-08-10T07:30:35.154000+00:00,,2026-08-10T07:30:35.154000+00:00,,6,Yan Oya,Horowpothana,2b65f9f2-0d25-4b66-a4d6-9f7de887d787,10.5,7.5,1472621,0,1.68
2026-08-10T07:30:34.723000+00:00,,2026-08-10T07:30:34.723000+00:00,,5,Mahaweli Ganga,Weraganthota,cc016fb8-e6e7-4134-bddc-dec4b1cec17d,8,6,1472620,0,-3.01
2026-08-10T07:30:08.055000+00:00,,2026-08-10T07:30:08.055000+00:00,,5,Kumbukkan Oya,Nakkala,06b175b1-3c24-44c1-ac11-bf730f401f25,7.5,6,1472619,0,0.61
2026-08-10T06:42:02.795000+00:00,,2026-08-10T06:42:02.795000+00:00,,3,Mahaweli Ganga,Manampitiya,a93eb893-2705-462b-aa3f-31beec39dd75,6,4.3,1472618,0,-0.04
2026-08-10T06:39:29.791000+00:00,,2026-08-10T06:39:29.791000+00:00,,4.4,Kirindi Oya,Wellawaya,0fad2b8d-0b7e-478c-a0ca-2bda9012cfff,5.9,5.4,1472617,0,0.8
2026-08-10T06:39:10.119000+00:00,,2026-08-10T06:39:10.119000+00:00,,3,Kelani Ganga,Kithulgala,0de61666-8806-4486-98fb-67a340582031,6,4,1472616,0,2.05
2026-08-10T06:38:34.011000+00:00,,2026-08-10T06:38:34.011000+00:00,,5.5,Maha Oya,Giriulla,9c0ba475-7325-464f-b150-17b71722ef94,7.5,6.5,1472615,0,1.02
2026-08-10T06:38:08.258000+00:00,,2026-08-10T06:38:08.258000+00:00,,3.3,Aththanagalu Oya,Dunamale,ec26ff46-83eb-4583-a524-c9a61273b7bb,5.5,4.4,1472614,0,0.68
2026-08-10T06:37:32.637000+00:00,,2026-08-10T06:37:32.637000+00:00,,1.5,Kelani Ganga,Norwood,a7b48457-4092-46d9-9b4a-cd49e86f7e4c,4.5,3,1472613,0,0.93
2026-08-10T06:37:08.277000+00:00,,2026-08-10T06:37:08.277000+00:00,,4,Gin Ganga,Thawalama,a6b32526-b01a-4b56-b72c-a13dcb4cc76b,7.5,6,1472612,0,2
2026-08-10T06:37:07.211000+00:00,,2026-08-10T06:37:07.211000+00:00,,4,Kirindi Oya,Thanamalwila,b7efe2e2-0bed-46f4-8665-01cda69968b3,5.5,5,1472611,0,0.46
2026-08-10T06:37:07.121000+00:00,,2026-08-10T06:37:07.121000+00:00,,4,Kalu Ganga,Magura,40ce84c6-ffd1-4e45-9d48-ee3be294a9bd,7.5,6,1472610,0,1.97
2026-08-10T06:36:49.098000+00:00,,2026-08-10T06:36:49.098000+00:00,,1.4,Nilwala Ganga,Thalgahagoda,fb638aa4-7b41-434d-81c3-3563499d3667,2.8,1.7,1472609,0,0.85
2026-08-10T06:36:26.522000+00:00,,2026-08-10T06:36:26.522000+00:00,,2.5,Nilwala Ganga,Urawa,a4e10cbb-6b59-42f8-b295-3530f0bb4df4,6,4,1472608,0,0.33
2026-08-10T06:35:20.330000+00:00,,2026-08-10T06:35:20.330000+00:00,,15,Kelani Ganga,Glencourse,b3097b19-2383-4d04-bd85-bdb83f00854f,19,15.5,1472607,0,10.67
2026-08-10T06:35:07.828000+00:00,,2026-08-10T06:35:07.828000+00:00,,4,Maduru Oya,Padiyathalawa,c4f65995-800c-4da2-8b50-2e33e75314cb,6,4.5,1472606,0,0.05
2026-08-10T06:35:01.419000+00:00,,2026-08-10T06:35:01.419000+00:00,,3.5,Gin Ganga,Baddegama,5127a306-bd9b-40b2-8c2e-242d4c2b1aa1,5,4,1472605,0,2.3
2026-08-10T06:34:59.122000+00:00,,2026-08-10T06:34:59.122000+00:00,,5,Kalu Ganga,Kalawellawa (Millakanda),07d55212-7797-4ce6-a83e-f58bbaca7c6c,8,6.5,1472604,0,2.32
2026-08-10T06:34:58.554000+00:00,,2026-08-10T06:34:58.554000+00:00,,3,Kalu Ganga,Putupaula,51d2d206-f4f5-405a-80d6-e09d96c77e6f,5,4,1472603,0,0.9
2026-08-10T06:34:56.879000+00:00,,2026-08-10T06:34:56.879000+00:00,,5,Maha Oya,Badalgama,605a47ed-389d-4175-bfeb-76ddf614dcb2,9.6,6.2,1472602,0,2.06
2026-08-10T06:34:44.604000+00:00,,2026-08-10T06:34:44.604000+00:00,,3.5,Mahaweli Ganga,Nawalapitiya,82979ac2-a86f-4f5c-aada-b5306d326aee,6,5,1472601,0.7,1.87
2026-08-10T06:34:30.347000+00:00,,2026-08-10T06:34:30.347000+00:00,,4,Nilwala Ganga,Pitabeddara,bab450c5-3e16-4cb1-a08b-598b2e2f42dd,6.5,5,1472600,0,0.98
2026-08-10T06:34:24.470000+00:00,,2026-08-10T06:34:24.470000+00:00,,4.84,Mee Oya,Galgamuwa,08ec2f38-2430-4f4f-9e98-a754273581f0,8,5.94,1472599,0,0.02
2026-08-10T06:34:14.229000+00:00,,2026-08-10T06:34:14.229000+00:00,,4.8,Kelani Ganga,Deraniyagala,17a6dfd1-a42d-4fbe-9ba0-99bb6c2cceab,7,5.8,1472598,0,1.07
2026-08-10T06:33:52.669000+00:00,,2026-08-10T06:33:52.669000+00:00,,3,Mahaweli Ganga,Thaldena,13e6ba0e-7124-4a06-99d9-7c1874db54d5,5,4,1472597,0,0.18
2026-08-10T06:33:33.797000+00:00,,2026-08-10T06:33:33.797000+00:00,,3,Kelani Ganga,Holombuwa,34860168-4733-4474-bd02-16888f7c6d93,5,3.4,1472596,0,0.48
2026-08-10T06:33:22.152000+00:00,,2026-08-10T06:33:22.152000+00:00,,5,Kumbukkan Oya,Nakkala,dfbf571d-f606-409a-b186-0d6d939e260f,7.5,6,1472595,0,0.61
2026-08-10T06:33:13.117000+00:00,,2026-08-10T06:33:13.117000+00:00,,5.2,Kalu Ganga,Rathnapura,1b95f70a-41c6-4c42-aa7f-62a98eee1c5c,9.5,7.5,1472594,0,2.5
2026-08-10T06:33:06.511000+00:00,,2026-08-10T06:33:06.511000+00:00,,4.75,Deduru Oya,Moragaswewa,b3c5909b-627d-40ff-bb68-9c9771871e15,7,6,1472593,0,0.01
2026-08-10T06:33:02.859000+00:00,,2026-08-10T06:33:02.859000+00:00,,6.5,Kelani Ganga,Hanwella,d8451b57-44b5-44a3-bed4-063408a48746,9.5,7.5,1472592,0,2.35
2026-08-10T06:32:50.723000+00:00,,2026-08-10T06:32:50.723000+00:00,,10,Kalu Ganga,Ellagawa,fb7ae2d8-0402-4a5d-8ef0-c46c4848f41e,12.2,10.7,1472591,0,6.3
2026-08-10T06:32:19.488000+00:00,,2026-08-10T06:32:19.488000+00:00,,5.5,Maha Oya,Giriulla,3fc65c69-d69f-44cc-9444-f4370267b615,7.5,6.5,1472590,0,1.02
2026-08-10T06:32:14.558000+00:00,,2026-08-10T06:32:14.558000+00:00,,4,Menik Ganga,Katharagama,a90675f4-ea92-478b-864d-ba958377988a,6.5,4.6,1472589,0,-0.25
2026-08-10T06:32:06.800000+00:00,,2026-08-10T06:32:06.800000+00:00,,6,Yan Oya,Horowpothana,83205864-e89b-4957-9d9b-099e31338fcc,10.5,7.5,1472588,0,1.68
2026-08-10T06:31:49.764000+00:00,,2026-08-10T06:31:49.764000+00:00,,5,Mahaweli Ganga,Weraganthota,159bbdfd-0e61-403c-aa9f-92059af7339d,8,6,1472587,0,-3.34
2026-08-10T06:31:48.392000+00:00,,2026-08-10T06:31:48.392000+00:00,,3,Walawe Ganga,Moraketiya,b04e7229-24cf-4d29-8727-c5ebff78c4f3,7,5,1472586,0,0.85
2026-08-10T06:31:47.751000+00:00,,2026-08-10T06:31:47.751000+00:00,,4.5,Heda Oya,Siyambalanduwa,00b19c02-bf22-4204-93ea-16d1c94d82c2,7,6,1472585,0,0.18
2026-08-10T06:31:47.658000+00:00,,2026-08-10T06:31:47.658000+00:00,,6.9,Kirindi Oya,Kuda Oya,4aac8088-2fb5-44f3-b2bc-e9eb67c1b636,8.8,8.4,1472584,0,0.94
2026-08-10T06:31:43.284000+00:00,,2026-08-10T06:31:43.284000+00:00,,5,Mahaweli Ganga,Peradeniya,571ef314-f5f4-4eac-b4be-348940ae3e44,9,7,1472583,0,3.64
2026-08-10T06:31:39.916000+00:00,,2026-08-10T06:31:39.916000+00:00,,4,Kelani Ganga,Nagalagam Street,5ae66712-3585-42ae-8e1e-718c2980917a,7,5,1472582,0,1.95
2026-08-10T06:31:30.330000+00:00,,2026-08-10T06:31:30.330000+00:00,,4,Ma Oya,Yaka Wewa,a521e50a-f7c6-4299-bb96-6db3a12fa51a,6,5,1472581,0,0.41
2026-08-10T06:30:46.258000+00:00,,2026-08-10T06:30:46.258000+00:00,,,Gal Oya,Ampara,e137ab55-5e40-4531-b305-cd92ab905852,,,1472580,0,0
2026-08-10T06:30:35.218000+00:00,,2026-08-10T06:30:35.218000+00:00,,5,Malwathu Oya,Thanthirimale,0f6f9bd2-839c-4669-a918-5099173da03b,7.8,6.8,1472579,0,0.93
2026-08-10T05:49:11.929000+00:00,,2026-08-10T05:49:11.929000+00:00,,4,Gin Ganga,Thawalama,d641595b-b247-4c40-bc6b-0ddae487a6ed,7.5,6,1472578,0,2
2026-08-10T05:49:08.249000+00:00,,2026-08-10T05:49:08.249000+00:00,,4,Kirindi Oya,Thanamalwila,f4c95323-31d7-422b-8c94-8c554d6c3213,5.5,5,1472577,0,0.46
2026-08-10T05:45:08.075000+00:00,,2026-08-10T05:45:08.075000+00:00,,4.84,Mee Oya,Galgamuwa,81c09cf4-e3e2-4642-9cfe-c5913a75c052,8,5.94,1472576,0,0.02
2026-08-10T05:40:50.555000+00:00,,2026-08-10T05:40:50.555000+00:00,,5,Nilwala Ganga,Panadugama,6edf94b8-ae1e-4f1f-8598-4bd4345ea79f,7.5,6,1472575,0,3.8
2026-08-10T05:38:47.825000+00:00,,2026-08-10T05:38:47.825000+00:00,,4.75,Deduru Oya,Moragaswewa,ef059735-80e2-4824-ad85-269545191a0d,7,6,1472574,0,0.02
2026-08-10T05:38:39.848000+00:00,,2026-08-10T05:38:39.848000+00:00,,4.5,Heda Oya,Siyambalanduwa,818e8b2a-be5c-4858-89ee-2a21329cd343,7,6,1472573,0,0.18
2026-08-10T05:37:14.037000+00:00,,2026-08-10T05:37:14.037000+00:00,,5,Mahaweli Ganga,Peradeniya,893a2b06-5bec-4542-9b21-617de1351aa6,9,7,1472572,0,3.62
2026-08-10T05:36:20.580000+00:00,,2026-08-10T05:36:20.580000+00:00,,2.5,Nilwala Ganga,Urawa,9fbbaea4-75b3-43c0-bcf2-e449795a60ca,6,4,1472571,1.8,0.34
2026-08-10T05:36:07.412000+00:00,,2026-08-10T05:36:07.412000+00:00,,4,Kalu Ganga,Magura,74533150-82b1-4e15-9575-81255f564537,7.5,6,1472570,0,2.12
2026-08-10T05:36:00.299000+00:00,,2026-08-10T05:36:00.299000+00:00,,5,Maha Oya,Badalgama,e3f9e109-6b03-43b6-859c-a0f75f606159,9.6,6.2,1472569,0,2.06
2026-08-10T05:35:17.340000+00:00,,2026-08-10T05:35:17.340000+00:00,,3.3,Aththanagalu Oya,Dunamale,721a6f7c-9c71-4feb-a056-36c8bfb1367d,5.5,4.4,1472568,0,0.68
2026-08-10T05:34:40.936000+00:00,,2026-08-10T05:34:40.936000+00:00,,5,Kalu Ganga,Kalawellawa (Millakanda),2846fd4c-083e-4517-9edb-16919a96d127,8,6.5,1472567,0,2.41
2026-08-10T05:34:30.128000+00:00,,2026-08-10T05:34:30.128000+00:00,,5.2,Kalu Ganga,Rathnapura,420d0930-a18d-40e3-94a8-5ecd2fc5d904,9.5,7.5,1472566,0,2.59
2026-08-10T05:34:24.653000+00:00,,2026-08-10T05:34:24.653000+00:00,,3,Kelani Ganga,Kithulgala,9adc48b2-219d-4c2a-83b8-469506ceb4cc,6,4,1472565,0,2.24
2026-08-10T05:34:13.178000+00:00,,2026-08-10T05:34:13.178000+00:00,,6.5,Kelani Ganga,Hanwella,47bbf7c6-3b7f-4c52-983c-94b5028d31d6,9.5,7.5,1472564,0,2.37
2026-08-10T05:34:11.170000+00:00,,2026-08-10T05:34:11.170000+00:00,,10,Kalu Ganga,Ellagawa,94ff5427-4747-4419-89f7-bf7adf670599,12.2,10.7,1472563,1.4,6.32
2026-08-10T05:34:08.134000+00:00,,2026-08-10T05:34:08.134000+00:00,,15,Kelani Ganga,Glencourse,a8eace9d-6a22-4d10-9fa5-91b6d9c11e6e,19,15.5,1472562,0,10.77
2026-08-10T05:33:53.085000+00:00,,2026-08-10T05:33:53.085000+00:00,,3,Kelani Ganga,Holombuwa,cffbd347-7a97-4e54-ad2e-9d8e867f6031,5,3.4,1472561,0,0.48
2026-08-10T05:33:51.263000+00:00,,2026-08-10T05:33:51.263000+00:00,,3,Mahaweli Ganga,Thaldena,522500ca-37bc-42f8-8d95-03ee4f6de6ef,5,4,1472560,0,0.19
2026-08-10T05:33:47.519000+00:00,,2026-08-10T05:33:47.519000+00:00,,3.5,Mahaweli Ganga,Nawalapitiya,f20cc404-4d46-4a46-970d-fddb5cef9f84,6,5,1472559,0,1.89
2026-08-10T05:33:30.542000+00:00,,2026-08-10T05:33:30.542000+00:00,,4.4,Kirindi Oya,Wellawaya,e9a627e5-cb05-41c4-b0a7-117b0e0dc24f,5.9,5.4,1472558,0,0.8
2026-08-10T05:33:24.001000+00:00,,2026-08-10T05:33:24.001000+00:00,,4,Menik Ganga,Katharagama,5f99cb20-3bba-4a2e-8ff7-1ddca4b79ac9,6.5,4.6,1472557,0,-0.25
2026-08-10T05:33:22.277000+00:00,,2026-08-10T05:33:22.277000+00:00,,1.4,Nilwala Ganga,Thalgahagoda,a5b96b4b-a8e1-4e5a-8460-b78003683c90,2.8,1.7,1472556,0,0.8
2026-08-10T05:32:50.123000+00:00,,2026-08-10T05:32:50.123000+00:00,,3,Walawe Ganga,Moraketiya,f8efb2f1-02d0-4675-8801-557acb8e8283,7,5,1472555,0,0.86
2026-08-10T05:32:38.650000+00:00,,2026-08-10T05:32:38.650000+00:00,,4,Maduru Oya,Padiyathalawa,3899f254-e73d-436d-94d2-fb94f533fe84,6,4.5,1472554,0,0.05
2026-08-10T05:32:29.107000+00:00,,2026-08-10T05:32:29.107000+00:00,,4.8,Kelani Ganga,Deraniyagala,c74048e6-2958-452f-8167-5e3c3bad3b0c,7,5.8,1472553,0.6,1.1
2026-08-10T05:32:22.571000+00:00,,2026-08-10T05:32:22.571000+00:00,,3,Kalu Ganga,Putupaula,c55f0647-33d9-4d85-8eca-ce60092313c7,5,4,1472552,0,0.84
2026-08-10T05:32:06.362000+00:00,,2026-08-10T05:32:06.362000+00:00,,4,Ma Oya,Yaka Wewa,ecb7068a-6e5f-4e9e-99d5-da9abeeaabcf,6,5,1472551,0,0.41
2026-08-10T05:32:06.358000+00:00,,2026-08-10T05:32:06.358000+00:00,,5.5,Maha Oya,Giriulla,8eb3a802-3628-4455-84bd-033860eaf939,7.5,6.5,1472550,0,1.02
2026-08-10T05:31:38.500000+00:00,,2026-08-10T05:31:38.500000+00:00,,6.9,Kirindi Oya,Kuda Oya,e4f6b298-9ded-4119-b2d6-a4b0be5fee25,8.8,8.4,1472549,0,0.94
2026-08-10T05:31:38.175000+00:00,,2026-08-10T05:31:38.175000+00:00,,6,Yan Oya,Horowpothana,8cc9f590-848f-493a-aeae-f0727ad5e9a8,10.5,7.5,1472548,0,1.68
2026-08-10T05:31:35.291000+00:00,,2026-08-10T05:31:35.291000+00:00,,,Gal Oya,Ampara,df13176e-51b4-4ee0-b30f-378a4237a375,,,1472547,0,0
2026-08-10T05:31:32.310000+00:00,,2026-08-10T05:31:32.310000+00:00,,4,Kelani Ganga,Nagalagam Street,b85530e2-63d3-4bcf-91a2-87c0a9a5cf17,7,5,1472546,0,1.8
2026-08-10T05:31:29.665000+00:00,,2026-08-10T05:31:29.665000+00:00,,5,Malwathu Oya,Thanthirimale,744d7c0d-56a8-4e4a-9be9-dd2f19b5c716,7.8,6.8,1472545,0,0.93
2026-08-10T05:31:08.164000+00:00,,2026-08-10T05:31:08.164000+00:00,,3.5,Gin Ganga,Baddegama,89141812-4538-48c5-853a-ff573a176b69,5,4,1472544,0,2.29
2026-08-10T05:31:04.770000+00:00,,2026-08-10T05:31:04.770000+00:00,,4,Nilwala Ganga,Pitabeddara,f037e829-4d78-4b33-91f0-a86346ce2be5,6.5,5,1472543,0,1.01
2026-08-10T05:30:19.337000+00:00,,2026-08-10T05:30:19.337000+00:00,,3,Mahaweli Ganga,Manampitiya,33ce4784-df7b-44e3-99dd-b06bee9b8084,6,4.3,1472542,0,-0.04
2026-08-10T05:30:16.661000+00:00,,2026-08-10T05:30:16.661000+00:00,,5,Kumbukkan Oya,Nakkala,79e2d529-7631-4a46-9c1d-6e8ae2d4bc6f,7.5,6,1472541,0,0.61
2026-08-10T05:30:13.002000+00:00,,2026-08-10T05:30:13.002000+00:00,,5,Mahaweli Ganga,Weraganthota,3dc3ed6c-7b73-41f7-b54e-8f36a8fdeffe,8,6,1472540,0,-3.32
2026-08-10T04:55:27.604000+00:00,,2026-08-10T04:55:27.604000+00:00,,4.84,Mee Oya,Galgamuwa,1f978e44-d371-488e-8ee7-9405cc818af4,8,5.94,1472539,0,0.02
2026-08-10T04:45:32.731000+00:00,,2026-08-10T04:45:32.731000+00:00,,2.5,Nilwala Ganga,Urawa,8d4b9a52-546a-4c8d-a3b3-f76d57a4e827,6,4,1472538,0,0.35
2026-08-10T04:45:03.440000+00:00,,2026-08-10T04:45:03.440000+00:00,,5,Nilwala Ganga,Panadugama,0229a175-cc58-4f23-a568-8b6d532e07c7,7.5,6,1472537,0,3.8
2026-08-10T04:44:32.510000+00:00,,2026-08-10T04:44:32.510000+00:00,,4,Kalu Ganga,Magura,47a8acb7-7ee0-48e1-936c-360aed32031d,7.5,6,1472536,0,2.2
2026-08-10T04:43:50.530000+00:00,,2026-08-10T04:43:50.530000+00:00,,4,Gin Ganga,Thawalama,160d4bf8-6a41-489a-91dc-59058a1425c9,7.5,6,1472535,0,2.06
2026-08-10T04:41:33.522000+00:00,,2026-08-10T04:41:33.522000+00:00,,,Gal Oya,Ampara,923dea84-4bc1-4298-8244-fe77cfe914fa,,,1472534,0,0
2026-08-10T04:37:47.349000+00:00,,2026-08-10T04:37:47.349000+00:00,,5,Mahaweli Ganga,Peradeniya,c0f34a56-40de-4328-94d4-507be9d4aeaa,9,7,1472533,0,3.68
2026-08-10T04:36:11.698000+00:00,,2026-08-10T04:36:11.698000+00:00,,5,Kumbukkan Oya,Nakkala,b21b8af3-f7fd-43d7-ba2e-9e0175c22f03,7.5,6,1472532,0,0.6
2026-08-10T04:36:10.599000+00:00,,2026-08-10T04:36:10.599000+00:00,,15,Kelani Ganga,Glencourse,446d07af-f81e-4f35-89fd-f8a8aed9a880,19,15.5,1472531,0,10.83
2026-08-10T04:35:40.561000+00:00,,2026-08-10T04:35:40.561000+00:00,,1.5,Kelani Ganga,Norwood,73c6fecb-5166-4e62-9761-a5af3d911900,4.5,3,1472530,0,0.94
2026-08-10T04:35:40.141000+00:00,,2026-08-10T04:35:40.141000+00:00,,6.5,Kelani Ganga,Hanwella,bcbb00ae-8d26-4189-b1ba-f00de660d4b5,9.5,7.5,1472529,0,2.37
2026-08-10T04:35:08.790000+00:00,,2026-08-10T04:35:08.790000+00:00,,5,Maha Oya,Badalgama,93c0a789-68cd-4fe6-bd8e-b9b95c350529,9.6,6.2,1472528,0,2.06
2026-08-10T04:35:03.828000+00:00,,2026-08-10T04:35:03.828000+00:00,,5.2,Kalu Ganga,Rathnapura,47bbe449-8109-424b-8b46-ac85ccb5f454,9.5,7.5,1472527,0.3,2.65
2026-08-10T04:35:02.560000+00:00,,2026-08-10T04:35:02.560000+00:00,,3,Kelani Ganga,Holombuwa,5b80d41f-4573-49c3-91f6-44096c66e198,5,3.4,1472526,0,0.48
2026-08-10T04:34:48.532000+00:00,,2026-08-10T04:34:48.532000+00:00,,3,Walawe Ganga,Moraketiya,6fa96afe-5a32-4956-a854-b8407f499f33,7,5,1472525,0,0.87
2026-08-10T04:34:17.931000+00:00,,2026-08-10T04:34:17.931000+00:00,,5,Kalu Ganga,Kalawellawa (Millakanda),be2d2e6f-5b54-460d-b89d-48631ee6c4e9,8,6.5,1472524,0,2.6
2026-08-10T04:34:17.869000+00:00,,2026-08-10T04:34:17.869000+00:00,,1.4,Nilwala Ganga,Thalgahagoda,4d02eee1-0be1-4158-af40-20b361abf40a,2.8,1.7,1472523,0,0.8
2026-08-10T04:34:05.985000+00:00,,2026-08-10T04:34:05.985000+00:00,,3,Mahaweli Ganga,Thaldena,d7a363f3-7d00-44b3-a40e-3c99e3089010,5,4,1472522,0,0.16
2026-08-10T04:33:28.584000+00:00,,2026-08-10T04:33:28.584000+00:00,,5.5,Maha Oya,Giriulla,268622c3-123d-4aea-827d-8bc80646643b,7.5,6.5,1472521,0,1.02
2026-08-10T04:33:26.176000+00:00,,2026-08-10T04:33:26.176000+00:00,,5,Mahaweli Ganga,Weraganthota,30b40cc7-81ba-4b43-b0ee-1a38ce1f900d,8,6,1472520,0,-3.3
2026-08-10T04:33:25.979000+00:00,,2026-08-10T04:33:25.979000+00:00,,4,Maduru Oya,Padiyathalawa,01661a36-2468-4d83-b01c-b3fe8fc2dc6e,6,4.5,1472519,0,0.05
2026-08-10T04:33:21.594000+00:00,,2026-08-10T04:33:21.594000+00:00,,4,Menik Ganga,Katharagama,e24a54ab-f217-4a99-ae72-307371dfe2a9,6.5,4.6,1472518,0,-0.25
2026-08-10T04:33:16.803000+00:00,,2026-08-10T04:33:16.803000+00:00,,3.3,Aththanagalu Oya,Dunamale,c95ea821-0969-4c97-9e88-b7b86dc4c969,5.5,4.4,1472517,0,0.68
2026-08-10T04:33:02.074000+00:00,,2026-08-10T04:33:02.074000+00:00,,4,Kirindi Oya,Thanamalwila,10a412e5-6f45-4856-b3e6-58d62293be2b,5.5,5,1472516,0,0.46
2026-08-10T04:32:42.959000+00:00,,2026-08-10T04:32:42.959000+00:00,,4.8,Kelani Ganga,Deraniyagala,7fd53e28-582d-4fa4-b1ea-42fb7e9b6cf9,7,5.8,1472515,0,1.13
2026-08-10T04:32:41.381000+00:00,,2026-08-10T04:32:41.381000+00:00,,4.4,Kirindi Oya,Wellawaya,d37a4b88-1467-4177-831a-08405c0c6634,5.9,5.4,1472514,0,0.8
2026-08-10T04:32:24.037000+00:00,,2026-08-10T04:32:24.037000+00:00,,3,Kelani Ganga,Kithulgala,095b07c8-d07d-4ea2-bc38-a9cb680c8aad,6,4,1472513,0,2.05
2026-08-10T04:32:04.389000+00:00,,2026-08-10T04:32:04.389000+00:00,,4,Ma Oya,Yaka Wewa,a13f3bfc-d104-40e7-a9f8-5123fd55201d,6,5,1472512,0,0.41
2026-08-10T04:32:02.014000+00:00,,2026-08-10T04:32:02.014000+00:00,,3,Kalu Ganga,Putupaula,7a4faeb2-6203-4a2e-84f6-f703381d2e13,5,4,1472511,0,0.79
2026-08-10T04:31:49.169000+00:00,,2026-08-10T04:31:49.169000+00:00,,4,Nilwala Ganga,Pitabeddara,bf4837fc-f476-47e8-ae41-7382323c09b9,6.5,5,1472510,0,1.02
2026-08-10T04:31:48.388000+00:00,,2026-08-10T04:31:48.388000+00:00,,5,Malwathu Oya,Thanthirimale,25e1f580-8087-4556-97db-9ab3854144e8,7.8,6.8,1472509,0,0.92
2026-08-10T04:31:47.045000+00:00,,2026-08-10T04:31:47.045000+00:00,,4,Kelani Ganga,Nagalagam Street,40685e31-b17b-49cf-b88e-b2ac8c5855eb,7,5,1472508,0,1.4
2026-08-10T04:31:35.191000+00:00,,2026-08-10T04:31:35.191000+00:00,,3.5,Mahaweli Ganga,Nawalapitiya,9a80a051-510c-450c-ad52-6757bc0efcb9,6,5,1472507,0,1.9
2026-08-10T04:31:21.402000+00:00,,2026-08-10T04:31:21.402000+00:00,,3.5,Gin Ganga,Baddegama,c7776a61-d07b-4beb-a7fe-28d2c5f4d2c4,5,4,1472506,0,2.29
2026-08-10T04:31:14.534000+00:00,,2026-08-10T04:31:14.534000+00:00,,3,Mahaweli Ganga,Manampitiya,99f561aa-9628-4767-bdbe-552cde0037d1,6,4.3,1472505,0,-0.03
2026-08-10T04:31:09.646000+00:00,,2026-08-10T04:31:09.646000+00:00,,10,Kalu Ganga,Ellagawa,2c32f6ab-f0ea-474c-b3a4-638dda6f7b32,12.2,10.7,1472504,0,6.32
2026-08-10T04:30:58.584000+00:00,,2026-08-10T04:30:58.584000+00:00,,4.75,Deduru Oya,Moragaswewa,7f336c59-6921-4e70-b6cb-2b7bed6ccab2,7,6,1472503,0,0.02
2026-08-10T04:30:50.431000+00:00,,2026-08-10T04:30:50.431000+00:00,,4.5,Heda Oya,Siyambalanduwa,a6b87343-ea02-4157-822f-bcf724b3ce55,7,6,1472502,0,0.18
2026-08-10T04:30:49.568000+00:00,,2026-08-10T04:30:49.568000+00:00,,6,Yan Oya,Horowpothana,6ad542af-98ba-4a12-8316-4adcb828f930,10.5,7.5,1472501,0,1.68
2026-08-10T04:30:46.928000+00:00,,2026-08-10T04:30:46.928000+00:00,,6.9,Kirindi Oya,Kuda Oya,35dc7a10-8fa6-44b3-a048-16c2edb84f77,8.8,8.4,1472500,0,0.94
2026-08-10T03:40:24.500000+00:00,,2026-08-10T03:40:24.500000+00:00,,5.2,Kalu Ganga,Rathnapura,09f45200-bf53-4546-a082-d4f8ea21f2c8,9.5,7.5,1472499,0,2.73
2026-08-10T03:40:21.001000+00:00,,2026-08-10T03:40:21.001000+00:00,,5,Nilwala Ganga,Panadugama,91a4121e-e585-422f-8276-4809fea9a672,7.5,6,1472498,0,3.8
2026-08-10T03:37:55.707000+00:00,,2026-08-10T03:37:55.707000+00:00,,15,Kelani Ganga,Glencourse,cf3fe1a7-ea9b-485d-9a09-986799e3e9d3,19,15.5,1472497,0.5,10.9
2026-08-10T03:36:30.108000+00:00,,2026-08-10T03:36:30.108000+00:00,,3,Kelani Ganga,Holombuwa,201db9ae-c032-4aa3-8ffa-e83b956f5582,5,3.4,1472496,0,0.48
2026-08-10T03:36:02.907000+00:00,,2026-08-10T03:36:02.907000+00:00,,4,Kalu Ganga,Magura,dbb25472-ff4d-43bb-8d3d-fa4aebfa4b95,7.5,6,1472495,0,2.29
2026-08-10T03:35:59.355000+00:00,,2026-08-10T03:35:59.355000+00:00,,4,Gin Ganga,Thawalama,14404935-545a-476d-b751-68e5870c7318,7.5,6,1472494,0,2.1
2026-08-10T03:35:53.874000+00:00,,2026-08-10T03:35:53.874000+00:00,,1.5,Kelani Ganga,Norwood,a0b5a906-b732-4ae3-b91b-8603fc7ab634,4.5,3,1472493,0,0.95
2026-08-10T03:35:45.793000+00:00,,2026-08-10T03:35:45.793000+00:00,,2.5,Nilwala Ganga,Urawa,355cf55a-0f92-4ad2-ae79-31c4bfb36aaf,6,4,1472492,0,0.36
2026-08-10T03:35:28.059000+00:00,,2026-08-10T03:35:28.059000+00:00,,5,Maha Oya,Badalgama,b53992d9-73d0-4e80-b365-09491d22a15d,9.6,6.2,1472491,0,2.06
2026-08-10T03:35:22.019000+00:00,,2026-08-10T03:35:22.019000+00:00,,4.8,Kelani Ganga,Deraniyagala,bfe06d04-dfb2-4587-9178-57a00da466f8,7,5.8,1472490,0,1.14
2026-08-10T03:34:54.154000+00:00,,2026-08-10T03:34:54.154000+00:00,,5,Kalu Ganga,Kalawellawa (Millakanda),f7d6930b-fd77-4075-b3db-5925faa98be1,8,6.5,1472489,0,2.72
2026-08-10T03:34:47.884000+00:00,,2026-08-10T03:34:47.884000+00:00,,6.5,Kelani Ganga,Hanwella,780333e1-6aef-400f-a000-1a9fdbf2bbc9,9.5,7.5,1472488,0,2.36
2026-08-10T03:34:35.140000+00:00,,2026-08-10T03:34:35.140000+00:00,,4,Maduru Oya,Padiyathalawa,e0861922-7f13-4224-ada2-21ab003565bf,6,4.5,1472487,0,0.05
2026-08-10T03:34:33.362000+00:00,,2026-08-10T03:34:33.362000+00:00,,1.4,Nilwala Ganga,Thalgahagoda,311dd2fb-bae2-441c-8d47-349d8d71f1b9,2.8,1.7,1472486,0,0.8
2026-08-10T03:34:20.416000+00:00,,2026-08-10T03:34:20.416000+00:00,,3,Kelani Ganga,Kithulgala,327b66fa-c0bb-46b6-a54b-53f725e39299,6,4,1472485,0,1.96
2026-08-10T03:34:04.458000+00:00,,2026-08-10T03:34:04.458000+00:00,,4,Kirindi Oya,Thanamalwila,1ad785a9-7c83-4c10-bd07-6b5276c03fde,5.5,5,1472484,0,0.46
2026-08-10T03:33:59.601000+00:00,,2026-08-10T03:33:59.601000+00:00,,3,Mahaweli Ganga,Thaldena,2c012e98-cc50-4991-a20f-51162f8e7f1e,5,4,1472483,0,0.22
2026-08-10T03:33:57.640000+00:00,,2026-08-10T03:33:57.640000+00:00,,4.75,Deduru Oya,Moragaswewa,bebd3ba0-d127-4237-b81c-e3b913a92a3e,7,6,1472482,0,0.02
2026-08-10T03:33:54.837000+00:00,,2026-08-10T03:33:54.837000+00:00,,6,Yan Oya,Horowpothana,ffa7d478-3da8-4a38-a9b5-866a06b3a22e,10.5,7.5,1472481,0,1.68
2026-08-10T03:33:42.768000+00:00,,2026-08-10T03:33:42.768000+00:00,,4,Menik Ganga,Katharagama,d43cfebb-89cb-488f-9983-ae668a088c48,6.5,4.6,1472480,0,-0.25
2026-08-10T03:33:35.118000+00:00,,2026-08-10T03:33:35.118000+00:00,,3.3,Aththanagalu Oya,Dunamale,e373646d-1779-448f-b8a8-0f37bc2ad4fd,5.5,4.4,1472479,0,0.68
2026-08-10T03:33:15.203000+00:00,,2026-08-10T03:33:15.203000+00:00,,5.5,Maha Oya,Giriulla,376e6db1-dc67-447f-8bd4-69347c1786b2,7.5,6.5,1472478,0,1.02
2026-08-10T03:33:07.753000+00:00,,2026-08-10T03:33:07.753000+00:00,,4,Nilwala Ganga,Pitabeddara,31de898a-8da8-4837-92e1-ad49d1fca10b,6.5,5,1472477,0,1.03
2026-08-10T03:33:01.653000+00:00,,2026-08-10T03:33:01.653000+00:00,,5,Malwathu Oya,Thanthirimale,75411d6a-ed06-470e-806a-36c0d3e51d75,7.8,6.8,1472476,0,0.92
2026-08-10T03:32:37.606000+00:00,,2026-08-10T03:32:37.606000+00:00,,3,Kalu Ganga,Putupaula,44a1179e-8b9b-4061-95ae-836e500728ac,5,4,1472475,0,0.75
2026-08-10T03:32:31.387000+00:00,,2026-08-10T03:32:31.387000+00:00,,3.5,Mahaweli Ganga,Nawalapitiya,40de644b-d8c7-40aa-815a-2c29041e01a3,6,5,1472474,0.5,1.92
2026-08-10T03:32:20.316000+00:00,,2026-08-10T03:32:20.316000+00:00,,4.4,Kirindi Oya,Wellawaya,f2a25d31-1f5a-4a9c-9f34-c58e76d9d2d2,5.9,5.4,1472473,0,0.8
2026-08-10T03:32:14.721000+00:00,,2026-08-10T03:32:14.721000+00:00,,10,Kalu Ganga,Ellagawa,6e24083d-74c7-4a82-b7f2-0fa0364a7fcc,12.2,10.7,1472472,0.8,6.34
2026-08-10T03:32:11.787000+00:00,,2026-08-10T03:32:11.787000+00:00,,3,Walawe Ganga,Moraketiya,4de9df8f-3ce4-47c0-b52e-0b93516de841,7,5,1472471,0,0.87
2026-08-10T03:32:07.323000+00:00,,2026-08-10T03:32:07.323000+00:00,,5,Mahaweli Ganga,Peradeniya,14cd7f99-c31b-423a-904b-6124c2ee5bc9,9,7,1472470,0,3.71
2026-08-10T03:32:06.774000+00:00,,2026-08-10T03:32:06.774000+00:00,,5,Kumbukkan Oya,Nakkala,2b61b892-7bae-4e7d-8228-144170c42848,7.5,6,1472469,0,0.62
2026-08-10T03:32:06.268000+00:00,,2026-08-10T03:32:06.268000+00:00,,4.5,Heda Oya,Siyambalanduwa,c6ab5461-65ba-4a48-849c-6c905c86beb4,7,6,1472468,0,0.17
2026-08-10T03:32:05.950000+00:00,,2026-08-10T03:32:05.950000+00:00,,6.9,Kirindi Oya,Kuda Oya,d00c1468-70a3-4b9d-82d7-5e1abf15eeaa,8.8,8.4,1472467,0,0.94
2026-08-10T03:31:55.863000+00:00,,2026-08-10T03:31:55.863000+00:00,,4,Ma Oya,Yaka Wewa,baa1fcd2-9824-4a36-ac03-b49e7ecdf274,6,5,1472466,0,0.41
2026-08-10T03:31:41.022000+00:00,,2026-08-10T03:31:41.022000+00:00,,3.5,Gin Ganga,Baddegama,e15e8440-0047-43b0-bc64-fa2189489b92,5,4,1472465,0,2.29
2026-08-10T03:31:38.156000+00:00,,2026-08-10T03:31:38.156000+00:00,,4.84,Mee Oya,Galgamuwa,f72caca4-cfc8-4c15-8d7a-5c0be8c6affc,8,5.94,1472464,0,0.01
2026-08-10T03:31:29.783000+00:00,,2026-08-10T03:31:29.783000+00:00,,4,Kelani Ganga,Nagalagam Street,302089fa-ce72-4055-9a36-eeda75cf83d5,7,5,1472463,0,1
2026-08-10T03:31:29.155000+00:00,,2026-08-10T03:31:29.155000+00:00,,,Gal Oya,Ampara,de7487ee-2b45-45ec-9e7b-4e902e497dfd,,,1472462,0,0
2026-08-10T03:30:42.794000+00:00,,2026-08-10T03:30:42.794000+00:00,,5,Mahaweli Ganga,Weraganthota,2e8f1544-49b3-4e3f-9228-0260abc3911a,8,6,1472461,0,-3.28
2026-08-10T03:30:31.528000+00:00,,2026-08-10T03:30:31.528000+00:00,,3,Mahaweli Ganga,Manampitiya,719f5d61-c5d1-40db-a7d8-ff0185f93ce5,6,4.3,1472460,0,-0.01
2026-08-10T02:57:31.103000+00:00,,2026-08-10T02:57:31.103000+00:00,,4.75,Deduru Oya,Moragaswewa,a5dc07b2-689b-4509-9374-284b72dab4ca,7,6,1472459,0,0.02
2026-08-10T02:43:37.849000+00:00,,2026-08-10T02:43:37.849000+00:00,,5,Nilwala Ganga,Panadugama,69e6a70f-7bb2-4b2d-a6a8-d93754f4f16b,7.5,6,1472458,0,3.8
2026-08-10T02:43:11.504000+00:00,,2026-08-10T02:43:11.504000+00:00,,5,Kalu Ganga,Kalawellawa (Millakanda),9c0b9cac-b483-442b-8ebf-c0dc900dc925,8,6.5,1472457,0,2.76
2026-08-10T02:43:08.364000+00:00,,2026-08-10T02:43:08.364000+00:00,,4.84,Mee Oya,Galgamuwa,1995751d-7606-4808-b479-4ca4310a50d4,8,5.94,1472456,0,0.01
2026-08-10T02:43:03.038000+00:00,,2026-08-10T02:43:03.038000+00:00,,3,Walawe Ganga,Moraketiya,16f6f0b8-14c3-4648-9d7d-ece251bc5b68,7,5,1472455,0,0.81
2026-08-10T02:42:03.814000+00:00,,2026-08-10T02:42:03.814000+00:00,,3.5,Gin Ganga,Baddegama,7f5be950-0bbc-47c2-8552-f1153637d14d,5,4,1472454,0,2.29
2026-08-10T02:41:16.670000+00:00,,2026-08-10T02:41:16.670000+00:00,,2.5,Nilwala Ganga,Urawa,39214bcc-ba6c-4f4c-9313-00f464c056e5,6,4,1472453,0,0.37
2026-08-10T02:40:49.494000+00:00,,2026-08-10T02:40:49.494000+00:00,,4,Gin Ganga,Thawalama,bc8def8d-ed11-47f7-a9a7-a5f935a94190,7.5,6,1472452,0,2.03
2026-08-10T02:38:40.572000+00:00,,2026-08-10T02:38:40.572000+00:00,,5,Mahaweli Ganga,Peradeniya,4b2f470e-6e5b-41cf-947c-c6f9e8a4c62b,9,7,1472451,0,3.73
2026-08-10T02:38:11.218000+00:00,,2026-08-10T02:38:11.218000+00:00,,4,Kalu Ganga,Magura,f65bbd3d-6cd6-449c-9e9a-d4f9f7265a4a,7.5,6,1472450,0,2.27
2026-08-10T02:37:40.646000+00:00,,2026-08-10T02:37:40.646000+00:00,,5.2,Kalu Ganga,Rathnapura,ef3520d5-902f-4483-ac67-36cd73d6dfe1,9.5,7.5,1472449,0,2.78
2026-08-10T02:37:33.746000+00:00,,2026-08-10T02:37:33.746000+00:00,,1.4,Nilwala Ganga,Thalgahagoda,77ae7c81-56d0-4de9-b9f8-bb902f77d9db,2.8,1.7,1472448,0,0.8
2026-08-10T02:37:25.062000+00:00,,2026-08-10T02:37:25.062000+00:00,,3,Kelani Ganga,Holombuwa,058a20e1-c20e-4cfe-8838-558f79b8f2b1,5,3.4,1472447,0,0.48
2026-08-10T02:35:54.436000+00:00,,2026-08-10T02:35:54.436000+00:00,,5,Maha Oya,Badalgama,a7737122-97cf-4dcc-be7a-d0ddef21756e,9.6,6.2,1472446,0,2.06
2026-08-10T02:35:42.396000+00:00,,2026-08-10T02:35:42.396000+00:00,,4,Maduru Oya,Padiyathalawa,26f90e7a-1df3-47e5-89b9-3b9da4faaa24,6,4.5,1472445,0,0.05
2026-08-10T02:35:40.431000+00:00,,2026-08-10T02:35:40.431000+00:00,,4,Menik Ganga,Katharagama,ac4f1e83-1364-4601-b58f-4d9ab1e3fb18,6.5,4.6,1472444,0,-0.25
2026-08-10T02:35:38.084000+00:00,,2026-08-10T02:35:38.084000+00:00,,4,Nilwala Ganga,Pitabeddara,e8290821-577f-4645-accd-56b53f1f3a6d,6.5,5,1472443,0,1.03
2026-08-10T02:35:14.205000+00:00,,2026-08-10T02:35:14.205000+00:00,,3,Kalu Ganga,Putupaula,9a9055d0-0785-4793-afd2-b8b786b4bb81,5,4,1472442,0.3,0.74
2026-08-10T02:34:58.838000+00:00,,2026-08-10T02:34:58.838000+00:00,,5,Mahaweli Ganga,Weraganthota,98e8e56f-5743-478c-8b46-97cb7ca90a2d,8,6,1472441,0,-3.23
2026-08-10T02:34:42.982000+00:00,,2026-08-10T02:34:42.982000+00:00,,3,Mahaweli Ganga,Thaldena,74de4896-d5b2-46d8-9323-ccada1319c47,5,4,1472440,0,0.2
2026-08-10T02:34:16.643000+00:00,,2026-08-10T02:34:16.643000+00:00,,4,Ma Oya,Yaka Wewa,9da28d0f-584c-4f3e-9466-488b73af75b6,6,5,1472439,0,0.41
2026-08-10T02:34:05.432000+00:00,,2026-08-10T02:34:05.432000+00:00,,15,Kelani Ganga,Glencourse,4de1d044-b8b7-4e1b-a02f-20777659e663,19,15.5,1472438,0.6,10.94
2026-08-10T02:33:51.859000+00:00,,2026-08-10T02:33:51.859000+00:00,,4.5,Heda Oya,Siyambalanduwa,7ea06f46-64bb-4a62-aee1-d01320936263,7,6,1472437,0,0.16
2026-08-10T02:33:49.629000+00:00,,2026-08-10T02:33:49.629000+00:00,,3.3,Aththanagalu Oya,Dunamale,be18d30f-a8a2-4b53-a6b3-af33e7648288,5.5,4.4,1472436,1.6,0.68
2026-08-10T02:33:44.853000+00:00,,2026-08-10T02:33:44.853000+00:00,,4,Kirindi Oya,Thanamalwila,cc3a9979-fd0d-45b2-bb9e-07f28aeca36a,5.5,5,1472435,0,0.45
2026-08-10T02:33:39.304000+00:00,,2026-08-10T02:33:39.304000+00:00,,1.5,Kelani Ganga,Norwood,1e886805-75a5-4cfd-a4bc-79057adbc9ea,4.5,3,1472434,0,0.95
2026-08-10T02:33:31.855000+00:00,,2026-08-10T02:33:31.855000+00:00,,3,Walawe Ganga,Moraketiya,59b4b8f3-82d5-4e1a-8cdd-a0a7920eafac,7,5,1472433,0,0.81
2026-08-10T02:33:29.091000+00:00,,2026-08-10T02:33:29.091000+00:00,,3,Kelani Ganga,Kithulgala,edfe8308-f7eb-4b4f-b752-bb2e754ef19f,6,4,1472432,0,1.86
2026-08-10T02:33:15.260000+00:00,,2026-08-10T02:33:15.260000+00:00,,6.5,Kelani Ganga,Hanwella,e9d318f3-e512-4df0-9dd0-04f9ce57d29b,9.5,7.5,1472431,0,2.34
2026-08-10T02:33:14.469000+00:00,,2026-08-10T02:33:14.469000+00:00,,3.5,Mahaweli Ganga,Nawalapitiya,db7f2973-d5cb-4732-819d-3250d0dde22a,6,5,1472430,0,1.83
2026-08-10T02:32:47.290000+00:00,,2026-08-10T02:32:47.290000+00:00,,6,Yan Oya,Horowpothana,622f1cea-bbc4-4bfd-819e-2035eb81477d,10.5,7.5,1472429,0,1.68
2026-08-10T02:32:14.379000+00:00,,2026-08-10T02:32:14.379000+00:00,,4.4,Kirindi Oya,Wellawaya,754e6bec-3a6c-4b15-9c40-7dd69aca0629,5.9,5.4,1472428,0,0.8
2026-08-10T02:32:12.635000+00:00,,2026-08-10T02:32:12.635000+00:00,,4.8,Kelani Ganga,Deraniyagala,231423fe-700a-471d-97f5-4839e7e9ee19,7,5.8,1472427,0,1.17
2026-08-10T02:31:37.486000+00:00,,2026-08-10T02:31:37.486000+00:00,,5.5,Maha Oya,Giriulla,3e44be1a-c1d5-4fc5-8d65-51c53bef8dd1,7.5,6.5,1472426,0,1.01
2026-08-10T02:31:27.464000+00:00,,2026-08-10T02:31:27.464000+00:00,,4,Kelani Ganga,Nagalagam Street,e1b1d1ec-9262-4bb6-9885-71d76f27ec05,7,5,1472425,0,0.8
2026-08-10T02:31:24.644000+00:00,,2026-08-10T02:31:24.644000+00:00,,10,Kalu Ganga,Ellagawa,53ad7d75-a701-418c-8169-be54a22a2d1b,12.2,10.7,1472424,0,6.35
2026-08-10T02:30:56.910000+00:00,,2026-08-10T02:30:56.910000+00:00,,5,Malwathu Oya,Thanthirimale,730cb129-7742-4413-bd43-f56b26485efa,7.8,6.8,1472423,0,0.91
2026-08-10T02:30:44.035000+00:00,,2026-08-10T02:30:44.035000+00:00,,3,Mahaweli Ganga,Manampitiya,41a66414-3629-41c7-b270-49a727ba4a42,6,4.3,1472422,0,-0.01
2026-08-10T02:30:42.755000+00:00,,2026-08-10T02:30:42.755000+00:00,,,Gal Oya,Ampara,5dd6b408-02b7-4a3a-834a-e6f00605d18a,,,1472421,0,0
2026-08-10T02:30:31.084000+00:00,,2026-08-10T02:30:31.084000+00:00,,6.9,Kirindi Oya,Kuda Oya,1cb02cb8-aae0-478e-a3d1-3c51d6cdd5ad,8.8,8.4,1472420,0,0.94
2026-08-10T02:30:10.101000+00:00,,2026-08-10T02:30:10.101000+00:00,,5,Kumbukkan Oya,Nakkala,62f5c825-8589-4d1f-8129-12b3244d3136,7.5,6,1472419,0,0.62
2026-08-10T02:06:36.219000+00:00,,2026-08-10T02:06:36.219000+00:00,,5,Nilwala Ganga,Panadugama,dfc92688-bee9-4ddf-a20f-0e43f569dd10,7.5,6,1472418,0,3.79
2026-08-10T02:03:42.204000+00:00,,2026-08-10T02:03:42.204000+00:00,,1.4,Nilwala Ganga,Thalgahagoda,69922f65-6672-4d21-8e7d-8ceeb837c2eb,2.8,1.7,1472417,0,0.8
2026-08-10T01:58:28.209000+00:00,,2026-08-10T01:58:28.209000+00:00,,5,Kalu Ganga,Kalawellawa (Millakanda),a7bbdf1e-a936-4f4d-aa84-c62813fd2e43,8,6.5,1472416,0,2.84
2026-08-10T01:55:05.480000+00:00,,2026-08-10T01:55:05.480000+00:00,,5,Malwathu Oya,Thanthirimale,3c714712-b16f-4910-b745-92dd792ab72d,7.8,6.8,1472415,0,0.91
2026-08-10T01:46:24.112000+00:00,,2026-08-10T01:46:24.112000+00:00,,2.5,Nilwala Ganga,Urawa,15f4ebc1-4c82-4c44-9ce2-bc0c0c9a962a,6,4,1472414,0,0.39
2026-08-10T01:42:39.953000+00:00,,2026-08-10T01:42:39.953000+00:00,,4,Nilwala Ganga,Pitabeddara,b8f81218-f65d-469d-a547-ec5cfd1803b7,6.5,5,1472413,0,1.04
2026-08-10T01:37:40.535000+00:00,,2026-08-10T01:37:40.535000+00:00,,4,Kirindi Oya,Thanamalwila,601209c1-a665-4c53-8a7f-ac4e6b850d5d,5.5,5,1472412,0,0.45
2026-08-10T01:37:04.016000+00:00,,2026-08-10T01:37:04.016000+00:00,,5.2,Kalu Ganga,Rathnapura,b861df36-dd6a-48ed-b2ce-f8317fd9378b,9.5,7.5,1472411,0,2.84
2026-08-10T01:36:53.417000+00:00,,2026-08-10T01:36:53.417000+00:00,,3,Walawe Ganga,Moraketiya,9ef785dd-46d0-46c1-b410-4dc682e2e8b8,7,5,1472410,0,0.81
2026-08-10T01:36:34.821000+00:00,,2026-08-10T01:36:34.821000+00:00,,,Gal Oya,Ampara,7b73bdb8-a48f-4075-822f-9d1ea3358049,,,1472409,0,0
2026-08-10T01:36:33.376000+00:00,,2026-08-10T01:36:33.376000+00:00,,3,Kelani Ganga,Kithulgala,143f9c71-9aa7-41cb-a2fb-539ad26c972e,6,4,1472408,0,2.08
2026-08-10T01:36:01.114000+00:00,,2026-08-10T01:36:01.114000+00:00,,3.3,Aththanagalu Oya,Dunamale,f9452c96-fae5-48d5-ace4-0fe30a93c253,5.5,4.4,1472407,0,0.68
2026-08-10T01:35:59.192000+00:00,,2026-08-10T01:35:59.192000+00:00,,4,Kalu Ganga,Magura,c6b9d182-3393-44de-9309-252449913b2f,7.5,6,1472406,0,2.21
2026-08-10T01:35:27.620000+00:00,,2026-08-10T01:35:27.620000+00:00,,4.75,Deduru Oya,Moragaswewa,1d77411c-639b-4c1f-b0df-8c2bb9c502a1,7,6,1472405,0,0.02
2026-08-10T01:35:26.205000+00:00,,2026-08-10T01:35:26.205000+00:00,,3,Kelani Ganga,Holombuwa,635c9725-e1a7-4a11-a630-e65475768c4b,5,3.4,1472404,0,0.49
2026-08-10T01:35:20.485000+00:00,,2026-08-10T01:35:20.485000+00:00,,4.84,Mee Oya,Galgamuwa,1e706e0a-d5bf-461a-a702-145825245a2f,8,5.94,1472403,0,0.01
2026-08-10T01:35:12.522000+00:00,,2026-08-10T01:35:12.522000+00:00,,4,Maduru Oya,Padiyathalawa,e1358128-3ac5-40a4-b6e3-e2189d7ac63c,6,4.5,1472402,0,0.05
2026-08-10T01:35:09.202000+00:00,,2026-08-10T01:35:09.202000+00:00,,3,Mahaweli Ganga,Thaldena,cfc380b0-8751-4a04-95a1-5fc5d0bd3c02,5,4,1472401,0,0.18
2026-08-10T01:34:46.242000+00:00,,2026-08-10T01:34:46.242000+00:00,,3.5,Gin Ganga,Baddegama,48e31f7b-762c-4a64-a862-11c073522a9c,5,4,1472400,0,2.28
2026-08-10T01:34:31.775000+00:00,,2026-08-10T01:34:31.775000+00:00,,4,Menik Ganga,Katharagama,9fd86eee-3085-47f3-97d8-84f89911228c,6.5,4.6,1472399,0,-0.24
2026-08-10T01:34:25.334000+00:00,,2026-08-10T01:34:25.334000+00:00,,4,Gin Ganga,Thawalama,27b622dc-4067-42a2-91a6-5d31f1f3132b,7.5,6,1472398,0,2.02
2026-08-10T01:34:07.852000+00:00,,2026-08-10T01:34:07.852000+00:00,,5,Mahaweli Ganga,Peradeniya,f0a28ca7-97ce-4089-a17b-9d64c338c77e,9,7,1472397,0,3.75
2026-08-10T01:34:03.310000+00:00,,2026-08-10T01:34:03.310000+00:00,,4,Kelani Ganga,Nagalagam Street,98d6c44e-8fd8-4d1f-b247-ed50bb7ebc5f,7,5,1472396,0,1.1
2026-08-10T01:34:02.473000+00:00,,2026-08-10T01:34:02.473000+00:00,,5,Mahaweli Ganga,Weraganthota,645afb79-02a4-4813-aca1-3a3df8acd06d,8,6,1472395,0,-3.15
2026-08-10T01:34:02.246000+00:00,,2026-08-10T01:34:02.246000+00:00,,6.5,Kelani Ganga,Hanwella,a9637cba-2920-4f35-964e-e430585220cc,9.5,7.5,1472394,0,2.31
2026-08-10T01:33:55.571000+00:00,,2026-08-10T01:33:55.571000+00:00,,5,Maha Oya,Badalgama,f459e0c0-ef15-4c13-89dc-6ad38ffbede4,9.6,6.2,1472393,0,2.06
2026-08-10T01:33:12.239000+00:00,,2026-08-10T01:33:12.239000+00:00,,15,Kelani Ganga,Glencourse,f8f84b48-3438-4c6e-a01e-36376ed241b3,19,15.5,1472392,0,10.95
2026-08-10T01:33:09.030000+00:00,,2026-08-10T01:33:09.030000+00:00,,1.5,Kelani Ganga,Norwood,882a3f19-132b-4f08-8af2-41b526b39357,4.5,3,1472391,0,0.96
2026-08-10T01:32:55.920000+00:00,,2026-08-10T01:32:55.920000+00:00,,10,Kalu Ganga,Ellagawa,d1f17e1c-393e-4256-b289-fe838af66dbb,12.2,10.7,1472390,0,6.35
2026-08-10T01:32:46.146000+00:00,,2026-08-10T01:32:46.146000+00:00,,4.5,Heda Oya,Siyambalanduwa,b7795a29-a73a-4960-9c48-5d861558f8c0,7,6,1472389,0,0.16
2026-08-10T01:32:19.333000+00:00,,2026-08-10T01:32:19.333000+00:00,,4.8,Kelani Ganga,Deraniyagala,f9dc99fe-341a-4744-8e94-f9f63525c08a,7,5.8,1472388,0,1.2
2026-08-10T01:32:12.716000+00:00,,2026-08-10T01:32:12.716000+00:00,,5.5,Maha Oya,Giriulla,b1b2588d-5568-4335-964b-cc681c9b0a39,7.5,6.5,1472387,0,1
2026-08-10T01:32:07.162000+00:00,,2026-08-10T01:32:07.162000+00:00,,4.4,Kirindi Oya,Wellawaya,fc9e937c-e54a-44e6-9743-c09c2eaa8174,5.9,5.4,1472386,0,0.8
2026-08-10T01:31:45.062000+00:00,,2026-08-10T01:31:45.062000+00:00,,4,Ma Oya,Yaka Wewa,afe3f5e0-214a-4e3b-b45a-405810130f7c,6,5,1472385,0,0.41
2026-08-10T01:31:11.196000+00:00,,2026-08-10T01:31:11.196000+00:00,,3,Mahaweli Ganga,Manampitiya,2509db65-8f10-4b55-900e-61e9ec94d57b,6,4.3,1472384,0,-0.05
2026-08-10T01:31:04.544000+00:00,,2026-08-10T01:31:04.544000+00:00,,6.9,Kirindi Oya,Kuda Oya,020420a9-3f36-4fea-bdc2-60d9e6e8062f,8.8,8.4,1472383,0,0.93
2026-08-10T01:30:16.898000+00:00,,2026-08-10T01:30:16.898000+00:00,,6,Yan Oya,Horowpothana,aa450cdb-882c-4347-a9a0-8fa7c4b5f0b7,10.5,7.5,1472382,0,1.68
2026-08-10T01:30:10.822000+00:00,,2026-08-10T01:30:10.822000+00:00,,5,Kumbukkan Oya,Nakkala,2c494347-c3a5-4f43-85ab-cbff51108964,7.5,6,1472381,0,0.57
2026-08-10T01:30:09.245000+00:00,,2026-08-10T01:30:09.245000+00:00,,3.5,Mahaweli Ganga,Nawalapitiya,43626b7b-1f7c-45e0-b920-8a16d241bb02,6,5,1472380,0,1.95
2026-08-10T01:01:49.011000+00:00,,2026-08-10T01:01:49.011000+00:00,,4.84,Mee Oya,Galgamuwa,d4bea420-ad3a-4fc9-9bcc-4a8b5e31523a,8,5.94,1472379,0,0.01
2026-08-10T01:01:11.775000+00:00,,2026-08-10T01:01:11.775000+00:00,,2.5,Nilwala Ganga,Urawa,886d3acb-5ed0-46f1-a7ab-370011957a1f,6,4,1472378,0,0.4
2026-08-10T00:41:35.476000+00:00,,2026-08-10T00:41:35.476000+00:00,,4.8,Kelani Ganga,Deraniyagala,ba66dc62-c870-4e8e-82bd-1e744adf105a,7,5.8,1472377,0,1.24
2026-08-10T00:40:20.236000+00:00,,2026-08-10T00:40:20.236000+00:00,,3,Walawe Ganga,Moraketiya,b4759ca6-4694-4025-8220-2415afd70d10,7,5,1472376,0,0.81
2026-08-10T00:40:03.052000+00:00,,2026-08-10T00:40:03.052000+00:00,,3.5,Gin Ganga,Baddegama,f9607c9e-b30c-4044-877c-26c69b794321,5,4,1472375,0,2.28
2026-08-10T00:40:02.697000+00:00,,2026-08-10T00:40:02.697000+00:00,,5,Kalu Ganga,Kalawellawa (Millakanda),23a462be-61fe-445d-ad53-d6c0d80ae0e5,8,6.5,1472374,0,2.86
2026-08-10T00:40:00.415000+00:00,,2026-08-10T00:40:00.415000+00:00,,5,Nilwala Ganga,Panadugama,bf6ee052-db40-44bb-b7e0-6b5ee60499f2,7.5,6,1472373,0,3.78
2026-08-10T00:38:58.422000+00:00,,2026-08-10T00:38:58.422000+00:00,,15,Kelani Ganga,Glencourse,779b6484-2d45-4a07-887d-3dfaeab99fbf,19,15.5,1472372,0,10.96
2026-08-10T00:38:55.100000+00:00,,2026-08-10T00:38:55.100000+00:00,,15,Kelani Ganga,Glencourse,0122ca36-c6af-4414-b576-0733ab95b8dc,19,15.5,1472371,0,10.95
2026-08-10T00:38:53.385000+00:00,,2026-08-10T00:38:53.385000+00:00,,15,Kelani Ganga,Glencourse,6ef019a7-4236-45e9-92ca-f265df0b504e,19,15.5,1472370,0,10.9
2026-08-10T00:38:21.035000+00:00,,2026-08-10T00:38:21.035000+00:00,,4.75,Deduru Oya,Moragaswewa,b43debff-0a23-44bd-b92b-3df968433d1d,7,6,1472369,0,0.02
2026-08-10T00:37:55.244000+00:00,,2026-08-10T00:37:55.244000+00:00,,4,Kirindi Oya,Thanamalwila,54ecd53b-d885-4028-ab01-eec59dd52a50,5.5,5,1472368,0,0.44
2026-08-10T00:37:36.728000+00:00,,2026-08-10T00:37:36.728000+00:00,,10,Kalu Ganga,Ellagawa,dfa1f550-7a3e-48ae-9779-2189f9c17c35,12.2,10.7,1472367,0,6.34
2026-08-10T00:37:00.563000+00:00,,2026-08-10T00:37:00.563000+00:00,,2.5,Nilwala Ganga,Urawa,c19133d0-1860-437a-b616-8ba508961d7d,6,4,1472366,0,0.4
2026-08-10T00:35:25.798000+00:00,,2026-08-10T00:35:25.798000+00:00,,3,Kelani Ganga,Holombuwa,b97edf97-fbfa-4d6c-80da-b18989088d2c,5,3.4,1472365,0,0.49
2026-08-10T00:35:21.267000+00:00,,2026-08-10T00:35:21.267000+00:00,,3,Kelani Ganga,Kithulgala,d3bf2fe7-f899-4dc4-a9f3-af214bbbf159,6,4,1472364,0,2.1
2026-08-10T00:35:14.281000+00:00,,2026-08-10T00:35:14.281000+00:00,,4,Menik Ganga,Katharagama,40bea8b1-3c5c-4d89-8c63-ddedbab018c1,6.5,4.6,1472363,0,-0.23
2026-08-10T00:35:11.078000+00:00,,2026-08-10T00:35:11.078000+00:00,,5.2,Kalu Ganga,Rathnapura,7ab21e74-818b-4599-b3e8-de91abf64e6a,9.5,7.5,1472362,0.3,2.91
2026-08-10T00:34:42.906000+00:00,,2026-08-10T00:34:42.906000+00:00,,4,Maduru Oya,Padiyathalawa,9fa35cd6-859d-467b-bffb-da5d7968ef09,6,4.5,1472361,0,0.05
2026-08-10T00:34:34.960000+00:00,,2026-08-10T00:34:34.960000+00:00,,6.5,Kelani Ganga,Hanwella,d0cccb24-8d13-44bf-a9b4-37bd7647ada7,9.5,7.5,1472360,0,2.28
2026-08-10T00:34:21.979000+00:00,,2026-08-10T00:34:21.979000+00:00,,5,Kumbukkan Oya,Nakkala,b70c523a-a220-491c-b001-510681a4588d,7.5,6,1472359,0,0.57
2026-08-10T00:33:54.263000+00:00,,2026-08-10T00:33:54.263000+00:00,,3,Mahaweli Ganga,Thaldena,11bc19c5-3039-490e-8ba9-7cf85c42473e,5,4,1472358,0,0.12
2026-08-10T00:33:22.638000+00:00,,2026-08-10T00:33:22.638000+00:00,,4,Gin Ganga,Thawalama,8cb52403-1fb0-4738-8ef5-d1cc66252673,7.5,6,1472357,1,1.99
2026-08-10T00:33:20.336000+00:00,,2026-08-10T00:33:20.336000+00:00,,4.4,Kirindi Oya,Wellawaya,253830ff-01a6-4fb0-868f-43ee0aa56073,5.9,5.4,1472356,0,0.8
2026-08-10T00:33:12.437000+00:00,,2026-08-10T00:33:12.437000+00:00,,5,Mahaweli Ganga,Peradeniya,f8265eac-ce7d-4e23-91a0-05f1dc4475a1,9,7,1472355,0,3.77
2026-08-10T00:33:11.593000+00:00,,2026-08-10T00:33:11.593000+00:00,,3.3,Aththanagalu Oya,Dunamale,b3f32ee5-5b89-4746-87b1-0312790e490a,5.5,4.4,1472354,0,0.69
2026-08-10T00:32:53.305000+00:00,,2026-08-10T00:32:53.305000+00:00,,4,Ma Oya,Yaka Wewa,1c278642-0a47-47c9-91fc-733c323820e8,6,5,1472353,0,0.41
2026-08-10T00:32:38.016000+00:00,,2026-08-10T00:32:38.016000+00:00,,1.4,Nilwala Ganga,Thalgahagoda,0a2b9b91-0f9f-4f2b-88a2-0f533019651e,2.8,1.7,1472352,0,0.8
2026-08-10T00:32:25.589000+00:00,,2026-08-10T00:32:25.589000+00:00,,5,Mahaweli Ganga,Weraganthota,b52c68b1-9778-4c76-9fff-fbe1f0ec7d35,8,6,1472351,0,-3.07
2026-08-10T00:32:24.044000+00:00,,2026-08-10T00:32:24.044000+00:00,,5.5,Maha Oya,Giriulla,d8c9beac-4695-4cc0-bc23-d402852cad34,7.5,6.5,1472350,0,1
2026-08-10T00:32:18.952000+00:00,,2026-08-10T00:32:18.952000+00:00,,4,Kalu Ganga,Magura,ecb59187-f487-4a1c-ba27-c8cad918ad68,7.5,6,1472349,0,2.15
2026-08-10T00:32:15.873000+00:00,,2026-08-10T00:32:15.873000+00:00,,5,Maha Oya,Badalgama,bc6f3ef8-4be4-4b8d-b5b9-bb866e18d000,9.6,6.2,1472348,0,2.06
2026-08-10T00:32:07.622000+00:00,,2026-08-10T00:32:07.622000+00:00,,6.9,Kirindi Oya,Kuda Oya,75e50372-0b6e-42ac-8854-e227dcd07201,8.8,8.4,1472347,0,0.93
2026-08-10T00:31:41.562000+00:00,,2026-08-10T00:31:41.562000+00:00,,1.5,Kelani Ganga,Norwood,322de2e3-b5ec-47fc-b176-3e45b73b508b,4.5,3,1472346,0,0.96
2026-08-10T00:31:30.835000+00:00,,2026-08-10T00:31:30.835000+00:00,,6,Yan Oya,Horowpothana,60382c57-9c55-4bfb-9743-4e357217b903,10.5,7.5,1472345,0,1.68
2026-08-10T00:31:27.541000+00:00,,2026-08-10T00:31:27.541000+00:00,,4,Nilwala Ganga,Pitabeddara,48f39ab7-9a1a-46e3-844d-6c2bbf3cff0b,6.5,5,1472344,0,1.05
2026-08-10T00:31:23.964000+00:00,,2026-08-10T00:31:23.964000+00:00,,,Gal Oya,Ampara,2ad33c0b-81d4-40f4-8bc0-662188d00497,,,1472343,0,0
2026-08-10T00:31:16.389000+00:00,,2026-08-10T00:31:16.389000+00:00,,3.5,Mahaweli Ganga,Nawalapitiya,54068055-15e5-49d7-8553-66377dd05575,6,5,1472342,0,1.98
2026-08-10T00:31:12.871000+00:00,,2026-08-10T00:31:12.871000+00:00,,3,Mahaweli Ganga,Manampitiya,e8d294e9-8933-43a5-a1a9-6c390620b79d,6,4.3,1472341,0,-0.09
2026-08-10T00:31:02.615000+00:00,,2026-08-10T00:31:02.615000+00:00,,3,Kalu Ganga,Putupaula,66c353e7-f17f-40f9-a78f-90dc6075c84b,5,4,1472340,0,0.75
2026-08-10T00:30:50.929000+00:00,,2026-08-10T00:30:50.929000+00:00,,4,Kelani Ganga,Nagalagam Street,9a30543a-7d26-4fd3-9b0e-6ae1a83a7e6b,7,5,1472339,0,1.7
2026-08-10T00:30:22.076000+00:00,,2026-08-10T00:30:22.076000+00:00,,4.5,Heda Oya,Siyambalanduwa,f83add32-aed7-41d2-b573-7a8a9d287be0,7,6,1472338,0,0.16
2026-08-10T00:17:12.560000+00:00,,2026-08-10T00:17:12.560000+00:00,,4,Kalu Ganga,Magura,7f213449-88a9-44b1-a5e2-b68819bfa768,7.5,6,1472337,0,2.05
2026-08-10T00:16:54.416000+00:00,,2026-08-10T00:16:54.416000+00:00,,6.9,Kirindi Oya,Kuda Oya,a8bc2051-99f6-49e0-8f72-e66c526d4001,8.8,8.4,1472336,0,0.93
2026-08-10T00:12:17.217000+00:00,,2026-08-10T00:12:17.217000+00:00,,5,Nilwala Ganga,Panadugama,ab7b9bdb-f392-4e63-8771-f90276ab3b34,7.5,6,1472335,0,3.77
2026-08-09T23:57:02.355000+00:00,,2026-08-09T23:57:02.355000+00:00,,4,Ma Oya,Yaka Wewa,ecf697d9-1488-4b21-9c53-eff717e4f776,6,5,1472334,0,0.41
2026-08-09T23:46:51.019000+00:00,,2026-08-09T23:46:51.019000+00:00,,4,Kirindi Oya,Thanamalwila,3d0adb74-96f4-49cf-9a60-5b8483f2e0f3,5.5,5,1472333,0,0.43
2026-08-09T23:45:35.831000+00:00,,2026-08-09T23:45:35.831000+00:00,,4,Kalu Ganga,Magura,f0be5fd1-a18d-4eca-b2e6-45fffe51c4ef,7.5,6,1472332,0,1.84
2026-08-09T23:44:26.900000+00:00,,2026-08-09T23:44:26.900000+00:00,,5,Kumbukkan Oya,Nakkala,fb1400a2-72ac-48d9-83f4-ab889aed348e,7.5,6,1472331,0,0.57
2026-08-09T23:41:15.246000+00:00,,2026-08-09T23:41:15.246000+00:00,,3,Kelani Ganga,Holombuwa,11c1bbf6-c31e-4d43-9d0f-bcd7f64acb15,5,3.4,1472330,0,0.5
2026-08-09T23:41:11.634000+00:00,,2026-08-09T23:41:11.634000+00:00,,5.2,Kalu Ganga,Rathnapura,69d5770a-2574-4134-b94a-360a7615ed37,9.5,7.5,1472329,0,2.96
2026-08-09T23:39:58.743000+00:00,,2026-08-09T23:39:58.743000+00:00,,3.5,Gin Ganga,Baddegama,9ad0d62c-ab03-4eaf-aa58-53e72b94172b,5,4,1472328,0.5,2.26
2026-08-09T23:37:16.269000+00:00,,2026-08-09T23:37:16.269000+00:00,,4,Gin Ganga,Thawalama,1ee1eae8-49f6-4586-8350-df354bce1574,7.5,6,1472327,0,1.92
2026-08-09T23:36:36.589000+00:00,,2026-08-09T23:36:36.589000+00:00,,4.8,Kelani Ganga,Deraniyagala,0fb45b7e-11d4-400f-9aac-42fad1c31bdc,7,5.8,1472326,0,1.25
2026-08-09T23:36:15.631000+00:00,,2026-08-09T23:36:15.631000+00:00,,4,Ma Oya,Yaka Wewa,f2d80131-59b5-481a-9f3e-601210f7950c,6,5,1472325,0,0.51
2026-08-09T23:35:55.420000+00:00,,2026-08-09T23:35:55.420000+00:00,,4,Nilwala Ganga,Pitabeddara,71c21970-4652-4aac-a59e-5ec029671cd3,6.5,5,1472324,0,1.07
2026-08-09T23:35:50.760000+00:00,,2026-08-09T23:35:50.760000+00:00,,4,Menik Ganga,Katharagama,e01f01e8-54ae-47dd-a28f-994bbb396ea0,6.5,4.6,1472323,0,-0.23
2026-08-09T23:35:49.481000+00:00,,2026-08-09T23:35:49.481000+00:00,,2.5,Nilwala Ganga,Urawa,cee8e302-9d9f-4601-8857-65f1194fd4e5,6,4,1472322,0,0.4
2026-08-09T23:35:21.271000+00:00,,2026-08-09T23:35:21.271000+00:00,,3,Kalu Ganga,Putupaula,1f966fef-3d55-4e4c-89af-fc0fea4cd36b,5,4,1472321,0,0.73
2026-08-09T23:34:22.970000+00:00,,2026-08-09T23:34:22.970000+00:00,,6.5,Kelani Ganga,Hanwella,88520369-40ea-48fa-90c5-d90ea32ae249,9.5,7.5,1472320,0,2.24
2026-08-09T23:34:12.053000+00:00,,2026-08-09T23:34:12.053000+00:00,,4,Maduru Oya,Padiyathalawa,2209d977-a557-405a-aa06-c4fe3105555d,6,4.5,1472319,0,0.05
2026-08-09T23:33:43.296000+00:00,,2026-08-09T23:33:43.296000+00:00,,10,Kalu Ganga,Ellagawa,0a2f923a-c2c2-4371-9db2-1fc2e8370ebf,12.2,10.7,1472318,0,6.32
2026-08-09T23:33:37.936000+00:00,,2026-08-09T23:33:37.936000+00:00,,4.4,Kirindi Oya,Wellawaya,ef2c60b3-b10a-45d9-99ce-11541e16bd69,5.9,5.4,1472317,0,0.8
2026-08-09T23:33:28.183000+00:00,,2026-08-09T23:33:28.183000+00:00,,1.5,Kelani Ganga,Norwood,6a7ed016-0d28-4522-a276-51e82042d39a,4.5,3,1472316,0,0.97
2026-08-09T23:33:25.686000+00:00,,2026-08-09T23:33:25.686000+00:00,,3,Kelani Ganga,Kithulgala,8f7b0ac6-3e43-4437-bb9c-79dead4a1364,6,4,1472315,0,2.26
2026-08-09T23:33:23.362000+00:00,,2026-08-09T23:33:23.362000+00:00,,3,Mahaweli Ganga,Manampitiya,1c3f56a7-8505-4339-ad24-ff78725e5d30,6,4.3,1472314,0,-0.1
2026-08-09T23:33:12.277000+00:00,,2026-08-09T23:33:12.277000+00:00,,3.5,Mahaweli Ganga,Nawalapitiya,836a083e-1e8e-4f49-951c-9b2d4d87696a,6,5,1472313,0,2
2026-08-09T23:32:43.993000+00:00,,2026-08-09T23:32:43.993000+00:00,,6,Yan Oya,Horowpothana,7c52d3ed-5632-49bf-ba00-578354a975da,10.5,7.5,1472312,0,1.68
2026-08-09T23:32:31.703000+00:00,,2026-08-09T23:32:31.703000+00:00,,3.3,Aththanagalu Oya,Dunamale,82d5d5e1-7e9c-4781-b4ad-27549e79b003,5.5,4.4,1472311,0,0.69
2026-08-09T23:32:06.949000+00:00,,2026-08-09T23:32:06.949000+00:00,,5,Maha Oya,Badalgama,facbea2f-5a41-4323-bdc9-1c47880e5eed,9.6,6.2,1472310,0,2.06
2026-08-09T23:31:58.804000+00:00,,2026-08-09T23:31:58.804000+00:00,,4,Kelani Ganga,Nagalagam Street,42a2c7bf-382d-4a4a-8614-2478806eb1c4,7,5,1472309,0,1.6
2026-08-09T23:31:54.082000+00:00,,2026-08-09T23:31:54.082000+00:00,,,Gal Oya,Ampara,3c7d3c1b-1b95-4f96-8a9f-1d7795b653fc,,,1472308,0,0
2026-08-09T23:31:43.284000+00:00,,2026-08-09T23:31:43.284000+00:00,,3,Mahaweli Ganga,Thaldena,f1198988-cf05-40c3-9178-a36500fab53e,5,4,1472307,0,0.11
2026-08-09T23:31:29.275000+00:00,,2026-08-09T23:31:29.275000+00:00,,4.75,Deduru Oya,Moragaswewa,58ae3ae9-486f-4bab-83e0-48f2d3276b5b,7,6,1472306,0,0.02
2026-08-09T23:31:18.821000+00:00,,2026-08-09T23:31:18.821000+00:00,,5.5,Maha Oya,Giriulla,c44ab3e3-1ee4-4f51-bca9-8b4270693dee,7.5,6.5,1472305,0,1.01
2026-08-09T23:31:03.450000+00:00,,2026-08-09T23:31:03.450000+00:00,,5,Mahaweli Ganga,Peradeniya,c1b5bbea-8683-4184-9adc-3a9f1ff48d39,9,7,1472304,0,3.77
2026-08-09T23:30:21.204000+00:00,,2026-08-09T23:30:21.204000+00:00,,1.4,Nilwala Ganga,Thalgahagoda,eb682122-edcf-489a-afc6-bed76809726c,2.8,1.7,1472303,0.7,0.8
2026-08-09T23:30:09.220000+00:00,,2026-08-09T23:30:09.220000+00:00,,4.5,Heda Oya,Siyambalanduwa,963f1cd1-b3e8-47e7-8fe2-30f81eb3f573,7,6,1472302,0,0.16
2026-08-09T23:07:33.173000+00:00,,2026-08-09T23:07:33.173000+00:00,,3,Kalu Ganga,Putupaula,839e4cbf-20b7-4958-980e-99a40b31580f,5,4,1472301,0,0.7
2026-08-09T23:03:51.999000+00:00,,2026-08-09T23:03:51.999000+00:00,,1.4,Nilwala Ganga,Thalgahagoda,4d641387-753f-454b-954f-5073b447363b,2.8,1.7,1472300,0,0.8
2026-08-09T23:00:17.901000+00:00,,2026-08-09T23:00:17.901000+00:00,,5,Nilwala Ganga,Panadugama,1f1b9452-5294-46da-b34d-6e5e38e1500c,7.5,6,1472299,0,3.76
2026-08-09T22:52:28.449000+00:00,,2026-08-09T22:52:28.449000+00:00,,6,Yan Oya,Horowpothana,1db08f58-5a74-4187-81e3-39b8e7250557,10.5,7.5,1472298,0,1.68
2026-08-09T22:46:07.383000+00:00,,2026-08-09T22:46:07.383000+00:00,,3,Kelani Ganga,Holombuwa,588bfdde-6a26-439c-988e-17db39dc6d19,5,3.4,1472297,0,0.5
2026-08-09T22:43:15.168000+00:00,,2026-08-09T22:43:15.168000+00:00,,4,Kelani Ganga,Nagalagam Street,3e5511e9-f572-4f28-97cf-65895ecdb82b,7,5,1472296,0,1.4
2026-08-09T22:42:25.662000+00:00,,2026-08-09T22:42:25.662000+00:00,,3.5,Gin Ganga,Baddegama,22f3dc72-b176-4cc7-b604-28ac811cd3bd,5,4,1472295,0,2.24
2026-08-09T22:40:04.438000+00:00,,2026-08-09T22:40:04.438000+00:00,,5,Mahaweli Ganga,Peradeniya,60167faa-6a7b-4950-9bd5-cd6ec9aa59b4,9,7,1472294,0,3.77
2026-08-09T22:38:42.480000+00:00,,2026-08-09T22:38:42.480000+00:00,,4.8,Kelani Ganga,Deraniyagala,135351bc-22b9-4819-b16d-f7c1706f614f,7,5.8,1472293,0,1.26
2026-08-09T22:38:05.954000+00:00,,2026-08-09T22:38:05.954000+00:00,,4,Gin Ganga,Thawalama,4718a478-0373-457f-8b83-1e21d9173e92,7.5,6,1472292,0,1.86
2026-08-09T22:37:53.807000+00:00,,2026-08-09T22:37:53.807000+00:00,,2.5,Nilwala Ganga,Urawa,6f106166-2d25-4479-bac0-f34ad80186a2,6,4,1472291,0,0.41
2026-08-09T22:36:43.196000+00:00,,2026-08-09T22:36:43.196000+00:00,,3,Walawe Ganga,Moraketiya,5c0a3269-e261-44a6-9b7a-439776cc31e6,7,5,1472290,0,0.8
2026-08-09T22:36:10.461000+00:00,,2026-08-09T22:36:10.461000+00:00,,10,Kalu Ganga,Ellagawa,03faa8ff-e2e3-4ef6-b878-e2de31534694,12.2,10.7,1472289,0,6.24
2026-08-09T22:36:07.815000+00:00,,2026-08-09T22:36:07.815000+00:00,,4,Nilwala Ganga,Pitabeddara,ced4a94b-af68-4504-a57d-5b5002c491f5,6.5,5,1472288,0,1.08
2026-08-09T22:35:32.594000+00:00,,2026-08-09T22:35:32.594000+00:00,,4,Menik Ganga,Katharagama,309e13f7-cd4e-4b4a-af00-e8c1799f8704,6.5,4.6,1472287,0,-0.23
2026-08-09T22:35:16.082000+00:00,,2026-08-09T22:35:16.082000+00:00,,3.3,Aththanagalu Oya,Dunamale,f69285d3-b45c-44a2-839b-07b194c3bc5c,5.5,4.4,1472286,0,0.69
2026-08-09T22:33:51.863000+00:00,,2026-08-09T22:33:51.863000+00:00,,3.5,Mahaweli Ganga,Nawalapitiya,02e2dca4-ea0c-4955-b6f5-8dce58ddcc1b,6,5,1472285,0.3,2.02
2026-08-09T22:33:44.156000+00:00,,2026-08-09T22:33:44.156000+00:00,,4,Maduru Oya,Padiyathalawa,d10487fb-af92-4385-8131-980ecb9ba9e1,6,4.5,1472284,0,0.05
2026-08-09T22:33:21.056000+00:00,,2026-08-09T22:33:21.056000+00:00,,3,Mahaweli Ganga,Manampitiya,e0d0b2db-47d6-4b60-b578-a33f941eb63b,6,4.3,1472283,0,-0.11
2026-08-09T22:33:01.112000+00:00,,2026-08-09T22:33:01.112000+00:00,,5.2,Kalu Ganga,Rathnapura,28a8895b-23fd-4a2a-bcd7-e7db8ee4d241,9.5,7.5,1472282,0,3.04
2026-08-09T22:32:58.216000+00:00,,2026-08-09T22:32:58.216000+00:00,,3,Kelani Ganga,Kithulgala,59fcc1ec-b442-4156-8b2e-46eb47a1f404,6,4,1472281,0.7,2.31
2026-08-09T22:32:56.367000+00:00,,2026-08-09T22:32:56.367000+00:00,,1.5,Kelani Ganga,Norwood,ed18fba1-fbfb-45b6-a928-7d6e79255c31,4.5,3,1472280,0,0.98
2026-08-09T22:32:36.570000+00:00,,2026-08-09T22:32:36.570000+00:00,,6.5,Kelani Ganga,Hanwella,8322bb9b-ac31-428a-94a9-21e8a971bf57,9.5,7.5,1472279,0,2.21
2026-08-09T22:32:16.684000+00:00,,2026-08-09T22:32:16.684000+00:00,,4.4,Kirindi Oya,Wellawaya,e95b8f42-561c-4f82-9613-7988976b9734,5.9,5.4,1472278,0,0.8
2026-08-09T22:32:08.659000+00:00,,2026-08-09T22:32:08.659000+00:00,,5,Maha Oya,Badalgama,17983eb3-a23a-4b64-89ac-083ff4c1088e,9.6,6.2,1472277,0,2.06
2026-08-09T22:31:42.688000+00:00,,2026-08-09T22:31:42.688000+00:00,,4,Ma Oya,Yaka Wewa,52c9b02b-1f28-452e-a562-9347a654932a,6,5,1472276,0,0.41
2026-08-09T22:31:41.192000+00:00,,2026-08-09T22:31:41.192000+00:00,,,Gal Oya,Ampara,79485648-0eb9-4c14-b8fa-8a46e800571d,,,1472275,0,0
2026-08-09T22:31:21.029000+00:00,,2026-08-09T22:31:21.029000+00:00,,5.5,Maha Oya,Giriulla,b141a5dd-97e4-4a2f-a63f-d858bb0eb5a2,7.5,6.5,1472274,0,1.01
2026-08-09T22:31:12.512000+00:00,,2026-08-09T22:31:12.512000+00:00,,6.9,Kirindi Oya,Kuda Oya,93cfcaaa-3459-4e99-8600-7c2a5b20227e,8.8,8.4,1472273,0,0.949
2026-08-09T22:31:06.843000+00:00,,2026-08-09T22:31:06.843000+00:00,,4.75,Deduru Oya,Moragaswewa,f97b2747-3c7c-4df2-bffe-80c30fd20bf0,7,6,1472272,0,0.02
2026-08-09T22:30:51.940000+00:00,,2026-08-09T22:30:51.940000+00:00,,5,Kumbukkan Oya,Nakkala,22a15645-ef74-4d3f-b44f-f182bd36a1e1,7.5,6,1472271,0,0.57
2026-08-09T22:30:49.141000+00:00,,2026-08-09T22:30:49.141000+00:00,,5,Kalu Ganga,Kalawellawa (Millakanda),61a332bb-eea8-45ac-94f2-b4d00ecea249,8,6.5,1472270,0,2.96
2026-08-09T22:30:47.361000+00:00,,2026-08-09T22:30:47.361000+00:00,,4.5,Heda Oya,Siyambalanduwa,fe758941-3c28-4557-8bad-57ce7f732b87,7,6,1472269,0,0.16
2026-08-09T22:30:46.409000+00:00,,2026-08-09T22:30:46.409000+00:00,,3,Mahaweli Ganga,Thaldena,6e8e7c1a-977e-4149-bb8d-bab2eddf7774,5,4,1472268,0,0.11
2026-08-09T22:29:59.683000+00:00,,2026-08-09T22:29:59.683000+00:00,,4,Kalu Ganga,Magura,eaa58b59-9b56-475f-9411-470cadd4990e,7.5,6,1472267,0,1.69
2026-08-09T21:45:25.900000+00:00,,2026-08-09T21:45:25.900000+00:00,,4.8,Kelani Ganga,Deraniyagala,87453796-9df3-4b6f-a585-8a8c7df993a4,7,5.8,1472266,0,1.28
2026-08-09T21:43:46.214000+00:00,,2026-08-09T21:43:46.214000+00:00,,6.5,Kelani Ganga,Hanwella,86ae742d-f4b1-4437-bc78-814808e60db4,9.5,7.5,1472265,0,2.2
2026-08-09T21:42:08.219000+00:00,,2026-08-09T21:42:08.219000+00:00,,3.3,Aththanagalu Oya,Dunamale,6f11f271-5294-4166-9175-9d4d97d039f9,5.5,4.4,1472264,0,0.69
2026-08-09T21:41:49.551000+00:00,,2026-08-09T21:41:49.551000+00:00,,3,Kalu Ganga,Putupaula,e4179cee-ff2c-4916-ae90-d214f0b3a227,5,4,1472263,0,0.67
2026-08-09T21:41:14.001000+00:00,,2026-08-09T21:41:14.001000+00:00,,5,Kalu Ganga,Kalawellawa (Millakanda),d9d15c34-d5f9-4226-98fc-c1d7ca8cd017,8,6.5,1472262,0,3.02
2026-08-09T21:39:36.224000+00:00,,2026-08-09T21:39:36.224000+00:00,,3,Kelani Ganga,Holombuwa,1441bad3-62fe-4733-81e4-83d99bd6bf73,5,3.4,1472261,0.6,0.5
2026-08-09T21:39:23.057000+00:00,,2026-08-09T21:39:23.057000+00:00,,3,Walawe Ganga,Moraketiya,7adbdf25-ac6c-456b-8d6a-becafe5fe03b,7,5,1472260,0,0.8
2026-08-09T21:38:36.159000+00:00,,2026-08-09T21:38:36.159000+00:00,,3,Mahaweli Ganga,Manampitiya,0f20ecd9-2087-4fd0-a0c1-165b0a833704,6,4.3,1472259,0,-0.11
2026-08-09T21:38:25.491000+00:00,,2026-08-09T21:38:25.491000+00:00,,5,Nilwala Ganga,Panadugama,6e03f33a-b154-46c7-ad7b-c717197924d7,7.5,6,1472258,0,3.75
2026-08-09T21:37:45.189000+00:00,,2026-08-09T21:37:45.189000+00:00,,4,Kirindi Oya,Thanamalwila,9eabe35c-c31d-46d1-9037-d8d89356dd2e,5.5,5,1472257,0,0.45
2026-08-09T21:37:36.762000+00:00,,2026-08-09T21:37:36.762000+00:00,,1.5,Kelani Ganga,Norwood,c4ed1ceb-c128-4b42-b7e9-e9f90b8eebfd,4.5,3,1472256,0,0.98
2026-08-09T21:37:31.070000+00:00,,2026-08-09T21:37:31.070000+00:00,,3.5,Gin Ganga,Baddegama,cb06f33e-8873-416e-bc1f-a840d703d631,5,4,1472255,0,2.24
2026-08-09T21:37:03.929000+00:00,,2026-08-09T21:37:03.929000+00:00,,5.2,Kalu Ganga,Rathnapura,f322025e-f2c3-4698-96d7-d8545998918b,9.5,7.5,1472254,0,3.1
2026-08-09T21:37:02.961000+00:00,,2026-08-09T21:37:02.961000+00:00,,5,Maha Oya,Badalgama,115fc84b-20c8-4482-9417-ca321a3b1daf,9.6,6.2,1472253,0,2.06
2026-08-09T21:37:01.507000+00:00,,2026-08-09T21:37:01.507000+00:00,,3,Kelani Ganga,Kithulgala,06a058bb-e22d-41c5-babd-bc36c2214a44,6,4,1472252,0,2.36
2026-08-09T21:36:49.669000+00:00,,2026-08-09T21:36:49.669000+00:00,,5,Mahaweli Ganga,Peradeniya,b6e2395b-e1fd-45aa-83c1-c7957c5dcd3d,9,7,1472251,0,3.78
2026-08-09T21:36:39.933000+00:00,,2026-08-09T21:36:39.933000+00:00,,1.4,Nilwala Ganga,Thalgahagoda,5d2db48e-62ff-44ff-98c6-c22af2b5340e,2.8,1.7,1472250,0.6,0.8
2026-08-09T21:36:25.847000+00:00,,2026-08-09T21:36:25.847000+00:00,,15,Kelani Ganga,Glencourse,490ff2f3-a2ee-46f8-a686-7a5dfe6005c6,19,15.5,1472249,0,10.85
2026-08-09T21:35:55.495000+00:00,,2026-08-09T21:35:55.495000+00:00,,10,Kalu Ganga,Ellagawa,359d74e4-c591-426a-b6a5-307d60c4b2f7,12.2,10.7,1472248,0,6.16
2026-08-09T21:35:43.692000+00:00,,2026-08-09T21:35:43.692000+00:00,,4.4,Kirindi Oya,Wellawaya,8c96d2b9-b804-45c0-9729-f3be233eb4d0,5.9,5.4,1472247,0,0.8
2026-08-09T21:35:12.076000+00:00,,2026-08-09T21:35:12.076000+00:00,,3,Mahaweli Ganga,Thaldena,ca044be1-de2d-4b6a-8bef-92eb4339d37f,5,4,1472246,0,0.11
2026-08-09T21:34:11.654000+00:00,,2026-08-09T21:34:11.654000+00:00,,4,Menik Ganga,Katharagama,aa35c288-1ca7-4249-becb-38e763df6678,6.5,4.6,1472245,0,-0.23
2026-08-09T21:34:07.075000+00:00,,2026-08-09T21:34:07.075000+00:00,,2.5,Nilwala Ganga,Urawa,be6a18cb-0784-4b08-a063-e39afe40458e,6,4,1472244,0,0.44
2026-08-09T21:33:34.494000+00:00,,2026-08-09T21:33:34.494000+00:00,,5.5,Maha Oya,Giriulla,ef4c830e-2bc8-458d-bb3e-778748bc63b1,7.5,6.5,1472243,0,1.01
2026-08-09T21:33:11.610000+00:00,,2026-08-09T21:33:11.610000+00:00,,4,Maduru Oya,Padiyathalawa,0001c43f-5c19-46a1-af08-862847c67550,6,4.5,1472242,0,0.05
2026-08-09T21:32:28.545000+00:00,,2026-08-09T21:32:28.545000+00:00,,4,Nilwala Ganga,Pitabeddara,4b20b3db-82ff-4414-8c50-e7c1bb0b93db,6.5,5,1472241,0,1.1
2026-08-09T21:32:24.136000+00:00,,2026-08-09T21:32:24.136000+00:00,,4,Gin Ganga,Thawalama,20e9481f-6548-402f-9ee8-6ca5acd885b9,7.5,6,1472240,0,1.81
2026-08-09T21:31:51.129000+00:00,,2026-08-09T21:31:51.129000+00:00,,4,Ma Oya,Yaka Wewa,fdbedf00-4f8c-445b-b2e7-0f85459e5e61,6,5,1472239,0,0.41
2026-08-09T21:31:45.291000+00:00,,2026-08-09T21:31:45.291000+00:00,,4.5,Heda Oya,Siyambalanduwa,13699204-4b4c-4d92-a5f2-902fa50ce198,7,6,1472238,0,0.17
2026-08-09T21:31:44.886000+00:00,,2026-08-09T21:31:44.886000+00:00,,6.9,Kirindi Oya,Kuda Oya,c97aa315-481d-471c-9903-f0219f82eca6,8.8,8.4,1472237,0,0.93
2026-08-09T21:31:21.112000+00:00,,2026-08-09T21:31:21.112000+00:00,,5,Kumbukkan Oya,Nakkala,b36d65cc-7b77-4654-a8fe-62af1bfe8dec,7.5,6,1472236,0,0.57
2026-08-09T21:31:20.142000+00:00,,2026-08-09T21:31:20.142000+00:00,,3.5,Mahaweli Ganga,Nawalapitiya,05a20c2d-152e-4f50-a37a-3345465f1c7a,6,5,1472235,0,2.05
2026-08-09T21:31:19.237000+00:00,,2026-08-09T21:31:19.237000+00:00,,,Gal Oya,Ampara,d7f13982-dcd9-4bb0-94c4-1b0371e8a723,,,1472234,0,0
2026-08-09T21:30:51.717000+00:00,,2026-08-09T21:30:51.717000+00:00,,4.75,Deduru Oya,Moragaswewa,6dad073a-615d-4d2c-a294-5b4382bc7048,7,6,1472233,0,0.02
2026-08-09T21:30:20.936000+00:00,,2026-08-09T21:30:20.936000+00:00,,6,Yan Oya,Horowpothana,52a32bc6-d92e-429a-9a53-100edab5c0be,10.5,7.5,1472232,0,1.69
2026-08-09T21:28:38.951000+00:00,,2026-08-09T21:28:38.951000+00:00,,4,Kalu Ganga,Magura,5ef55f5e-f949-4b47-bf29-f7bf39dc8926,7.5,6,1472231,0,1.67
2026-08-09T21:28:30.451000+00:00,,2026-08-09T21:28:30.451000+00:00,,4,Ma Oya,Yaka Wewa,24606f74-96a4-42bf-875f-6cbd0e59bade,6,5,1472230,0,0.41
2026-08-09T21:11:39.128000+00:00,,2026-08-09T21:11:39.128000+00:00,,5,Nilwala Ganga,Panadugama,64306cf8-97d9-40c2-acc0-f1a9e8fa05d4,7.5,6,1472229,0,3.74
2026-08-09T20:44:44.037000+00:00,,2026-08-09T20:44:44.037000+00:00,,3,Mahaweli Ganga,Thaldena,7d0c7670-7ec4-4f79-a6fb-2bedf84eb742,5,4,1472228,0,0.11
2026-08-09T20:42:08.125000+00:00,,2026-08-09T20:42:08.125000+00:00,,3,Kelani Ganga,Holombuwa,c8ce743d-f4dc-443e-98c9-cbe68099a93c,5,3.4,1472227,0,0.51
2026-08-09T20:40:41.137000+00:00,,2026-08-09T20:40:41.137000+00:00,,4.4,Kirindi Oya,Wellawaya,e4e5a095-9741-4e24-b1a0-30d79aa3c901,5.9,5.4,1472226,0,0.8
2026-08-09T20:38:58.403000+00:00,,2026-08-09T20:38:58.403000+00:00,,3.5,Gin Ganga,Baddegama,fbfb3bca-4b16-4fab-af0f-50e0d029681b,5,4,1472225,0,2.24
2026-08-09T20:37:28.456000+00:00,,2026-08-09T20:37:28.456000+00:00,,15,Kelani Ganga,Glencourse,d2874b63-d281-4038-9c9a-415e54ad4fbf,19,15.5,1472224,1,10.8
2026-08-09T20:37:12.794000+00:00,,2026-08-09T20:37:12.794000+00:00,,2.5,Nilwala Ganga,Urawa,6ce64121-c2d6-4947-903e-7c2b87f40311,6,4,1472223,0,0.41
2026-08-09T20:36:59.511000+00:00,,2026-08-09T20:36:59.511000+00:00,,,Gal Oya,Ampara,a1b651f2-d569-4d89-8976-a9dbd312df15,,,1472222,0,0
2026-08-09T20:36:55.865000+00:00,,2026-08-09T20:36:55.865000+00:00,,15,Kelani Ganga,Glencourse,4d2b06bb-0d54-4721-955d-5cf13b9f5846,19,15.5,1472221,0,10.77
2026-08-09T20:36:42.781000+00:00,,2026-08-09T20:36:42.781000+00:00,,4,Nilwala Ganga,Pitabeddara,fb1128db-7578-46b8-8fd9-65967346f105,6.5,5,1472220,0,1.1
2026-08-09T20:36:32.689000+00:00,,2026-08-09T20:36:32.689000+00:00,,3,Kelani Ganga,Kithulgala,ffc59d10-7c91-46d7-812e-3a806d12a917,6,4,1472219,0,2.4
2026-08-09T20:36:09.435000+00:00,,2026-08-09T20:36:09.435000+00:00,,4,Menik Ganga,Katharagama,954c4339-78bd-41e5-a395-8f423b2bafc3,6.5,4.6,1472218,0,-0.23
2026-08-09T20:36:08.240000+00:00,,2026-08-09T20:36:08.240000+00:00,,3.5,Mahaweli Ganga,Nawalapitiya,894b1e94-07b3-4cbf-8bf8-33e69e876222,6,5,1472217,0,2.07
2026-08-09T20:35:09.762000+00:00,,2026-08-09T20:35:09.762000+00:00,,4,Kirindi Oya,Thanamalwila,f02553da-46b1-4a08-a317-ab0aef78defa,5.5,5,1472216,0,0.45
2026-08-09T20:35:05.649000+00:00,,2026-08-09T20:35:05.649000+00:00,,5.2,Kalu Ganga,Rathnapura,238ca81f-9aff-4f3c-909f-ca62d7e9d187,9.5,7.5,1472215,0,3.16
2026-08-09T20:34:51.068000+00:00,,2026-08-09T20:34:51.068000+00:00,,4,Gin Ganga,Thawalama,e5cb978b-e830-44ec-8b80-d5776d7635ca,7.5,6,1472214,0,1.88
2026-08-09T20:33:47.244000+00:00,,2026-08-09T20:33:47.244000+00:00,,6.5,Kelani Ganga,Hanwella,7a065d95-4aab-4c90-a4ee-703d4954765a,9.5,7.5,1472213,0,2.2
2026-08-09T20:33:39.071000+00:00,,2026-08-09T20:33:39.071000+00:00,,1.4,Nilwala Ganga,Thalgahagoda,9c179149-0f49-4cfa-b092-7c010e1d0bfd,2.8,1.7,1472212,0,0.77
2026-08-09T20:33:35.575000+00:00,,2026-08-09T20:33:35.575000+00:00,,3.3,Aththanagalu Oya,Dunamale,f55cf344-e2f9-43f1-9f3f-5adb966f06d7,5.5,4.4,1472211,0.3,0.68
2026-08-09T20:32:44.352000+00:00,,2026-08-09T20:32:44.352000+00:00,,1.5,Kelani Ganga,Norwood,90202702-1588-484b-b0f0-c37d0cbe94b9,4.5,3,1472210,0,0.98
2026-08-09T20:32:43.462000+00:00,,2026-08-09T20:32:43.462000+00:00,,5.5,Maha Oya,Giriulla,a74e98ae-d749-4b49-b550-638fe8acd233,7.5,6.5,1472209,0,1.01
2026-08-09T20:32:42.304000+00:00,,2026-08-09T20:32:42.304000+00:00,,4,Maduru Oya,Padiyathalawa,54f26b74-5bcb-4f79-82f5-721e7b10511f,6,4.5,1472208,0,0.05
2026-08-09T20:32:32.947000+00:00,,2026-08-09T20:32:32.947000+00:00,,5,Maha Oya,Badalgama,a3d9e1dc-d4a7-4e95-9093-a8401d6d80ff,9.6,6.2,1472207,0,2.06
2026-08-09T20:32:25.767000+00:00,,2026-08-09T20:32:25.767000+00:00,,4,Kelani Ganga,Nagalagam Street,ad2eb46d-efaa-41e8-9d48-652b74b3f31f,7,5,1472206,0,1.3
2026-08-09T20:32:15.142000+00:00,,2026-08-09T20:32:15.142000+00:00,,4.8,Kelani Ganga,Deraniyagala,941182a8-7659-42ab-96ac-00ae8a1128f6,7,5.8,1472205,0,1.31
2026-08-09T20:32:06.784000+00:00,,2026-08-09T20:32:06.784000+00:00,,6.9,Kirindi Oya,Kuda Oya,7aa29f51-18f3-4af9-a7a8-f0ab9ff2babf,8.8,8.4,1472204,0,0.93
2026-08-09T20:32:04.681000+00:00,,2026-08-09T20:32:04.681000+00:00,,4,Ma Oya,Yaka Wewa,86b996de-5aa2-47ac-9453-ee485ed5119b,6,5,1472203,0,0.41
2026-08-09T20:31:48.588000+00:00,,2026-08-09T20:31:48.588000+00:00,,10,Kalu Ganga,Ellagawa,fa791bc5-6891-4540-823b-9031419b5b95,12.2,10.7,1472202,1.2,6.15
2026-08-09T20:31:38.706000+00:00,,2026-08-09T20:31:38.706000+00:00,,4.5,Heda Oya,Siyambalanduwa,6c2472ba-8bc5-4362-b9fc-7f97f69fe6cf,7,6,1472201,0,0.17
2026-08-09T20:31:36.745000+00:00,,2026-08-09T20:31:36.745000+00:00,,5,Mahaweli Ganga,Peradeniya,4fcc282f-55e7-483e-93b7-7ce3748b6f37,9,7,1472200,0,3.78
2026-08-09T20:31:26.071000+00:00,,2026-08-09T20:31:26.071000+00:00,,3,Walawe Ganga,Moraketiya,c0c570a2-df63-45cd-b590-ece84ec02749,7,5,1472199,0,0.8
2026-08-09T20:31:19.001000+00:00,,2026-08-09T20:31:19.001000+00:00,,4.75,Deduru Oya,Moragaswewa,ca3baa09-cab3-4d0c-b84a-f2a3b80c4a33,7,6,1472198,0,0.02
2026-08-09T20:31:11.407000+00:00,,2026-08-09T20:31:11.407000+00:00,,3,Mahaweli Ganga,Manampitiya,a349bd28-9a69-4e55-8305-8250ca534844,6,4.3,1472197,0,-0.11
2026-08-09T20:12:15.395000+00:00,,2026-08-09T20:12:15.395000+00:00,,5,Kumbukkan Oya,Nakkala,1a29c149-70ad-4c00-b23c-1e89fa89b924,7.5,6,1472196,0,0.57
2026-08-09T20:00:34.864000+00:00,,2026-08-09T20:00:34.864000+00:00,,6,Yan Oya,Horowpothana,67cce7b0-64e1-4faa-9d62-4e2fdde40123,10.5,7.5,1472195,0,1.69
2026-08-09T19:54:25.728000+00:00,,2026-08-09T19:54:25.728000+00:00,,3,Kalu Ganga,Putupaula,6c9dd337-68f1-446a-95ac-6d7ba748f4e5,5,4,1472194,0,0.58
2026-08-09T19:40:44.960000+00:00,,2026-08-09T19:40:44.960000+00:00,,3,Kelani Ganga,Holombuwa,70e3a4da-a9c6-4b2d-893d-6611d41013a4,5,3.4,1472193,0,0.52
2026-08-09T19:40:16.714000+00:00,,2026-08-09T19:40:16.714000+00:00,,3.5,Gin Ganga,Baddegama,a85ab58b-f6b2-4fff-9961-09d62b1f452d,5,4,1472192,0.25,2.25
2026-08-09T19:38:21.127000+00:00,,2026-08-09T19:38:21.127000+00:00,,5,Nilwala Ganga,Panadugama,599031bd-c777-4472-8a66-60b42b4a9a9c,7.5,6,1472191,0,3.72
2026-08-09T19:37:19.699000+00:00,,2026-08-09T19:37:19.699000+00:00,,3,Kelani Ganga,Kithulgala,ef85984a-b568-4a6d-8afa-eb6ae4dec6f4,6,4,1472190,0,2.37
2026-08-09T19:37:14.767000+00:00,,2026-08-09T19:37:14.767000+00:00,,4,Nilwala Ganga,Pitabeddara,34520ff5-0239-4751-a851-7586de6293fd,6.5,5,1472189,0,1.08
2026-08-09T19:37:12.524000+00:00,,2026-08-09T19:37:12.524000+00:00,,4,Ma Oya,Yaka Wewa,04ce431a-7933-4e58-8fcd-f7808e38a020,6,5,1472188,0,0.41
2026-08-09T19:36:54.768000+00:00,,2026-08-09T19:36:54.768000+00:00,,4,Kirindi Oya,Thanamalwila,c2772d97-ce1f-46bc-a2a6-2864f58e2496,5.5,5,1472187,0,0.45
2026-08-09T19:36:24.617000+00:00,,2026-08-09T19:36:24.617000+00:00,,4.8,Kelani Ganga,Deraniyagala,c4932a81-4194-4f8c-ae16-9b8d5a186524,7,5.8,1472186,1.3,1.32
2026-08-09T19:36:09.041000+00:00,,2026-08-09T19:36:09.041000+00:00,,4.4,Kirindi Oya,Wellawaya,1f2b50cb-4a54-4d2d-8b77-326f0bf3b9d8,5.9,5.4,1472185,0,0.8
2026-08-09T19:35:18.766000+00:00,,2026-08-09T19:35:18.766000+00:00,,3.3,Aththanagalu Oya,Dunamale,c3965324-578c-4663-8531-a1f853c613cf,5.5,4.4,1472184,0.5,0.68
2026-08-09T19:34:53.767000+00:00,,2026-08-09T19:34:53.767000+00:00,,4,Menik Ganga,Katharagama,f39e04d7-09e4-4b4d-9cde-d389ebd738ef,6.5,4.6,1472183,0,-0.22
2026-08-09T19:34:47.638000+00:00,,2026-08-09T19:34:47.638000+00:00,,6.5,Kelani Ganga,Hanwella,589b6510-8431-4d64-a653-09553a3ab6ec,9.5,7.5,1472182,0,2.19
2026-08-09T19:34:26.834000+00:00,,2026-08-09T19:34:26.834000+00:00,,4,Kalu Ganga,Magura,7058f071-6c85-462b-833b-743006496bc0,7.5,6,1472181,0,1.65
2026-08-09T19:33:47.297000+00:00,,2026-08-09T19:33:47.297000+00:00,,4,Kelani Ganga,Nagalagam Street,bc255639-63b0-4954-8969-f3f6d436dfa4,7,5,1472180,0,1.2
2026-08-09T19:33:44.664000+00:00,,2026-08-09T19:33:44.664000+00:00,,5.2,Kalu Ganga,Rathnapura,df56a71f-239a-4770-bdc2-bb69b45ca800,9.5,7.5,1472179,0,3.22
2026-08-09T19:33:33.671000+00:00,,2026-08-09T19:33:33.671000+00:00,,1.5,Kelani Ganga,Norwood,dbfee05d-4572-492f-896d-be5f0fc3c5e7,4.5,3,1472178,0,0.99
2026-08-09T19:33:14.762000+00:00,,2026-08-09T19:33:14.762000+00:00,,5,Maha Oya,Badalgama,f6626ef7-074c-47ee-a578-c57f38630267,9.6,6.2,1472177,2.7,2.06
2026-08-09T19:33:05.619000+00:00,,2026-08-09T19:33:05.619000+00:00,,5.5,Maha Oya,Giriulla,aed3ca13-806e-4c98-bb0a-76c08986ffef,7.5,6.5,1472176,1.7,1.01
2026-08-09T19:33:05.181000+00:00,,2026-08-09T19:33:05.181000+00:00,,4,Gin Ganga,Thawalama,665cd4eb-8881-40a0-be98-90a83913978c,7.5,6,1472175,0,1.92
2026-08-09T19:32:39.298000+00:00,,2026-08-09T19:32:39.298000+00:00,,6.9,Kirindi Oya,Kuda Oya,f92ef872-5f75-440b-b49c-a766844c908c,8.8,8.4,1472174,0,0.93
2026-08-09T19:32:27.119000+00:00,,2026-08-09T19:32:27.119000+00:00,,3,Walawe Ganga,Moraketiya,5757b2e6-2151-4d6c-b207-7647d7966375,7,5,1472173,0,0.8
2026-08-09T19:32:13.075000+00:00,,2026-08-09T19:32:13.075000+00:00,,10,Kalu Ganga,Ellagawa,21fa1193-4f39-4488-94ac-a24ec90996f1,12.2,10.7,1472172,0,6.12
2026-08-09T19:32:11.995000+00:00,,2026-08-09T19:32:11.995000+00:00,,4,Maduru Oya,Padiyathalawa,ac172b86-a6bb-4791-a296-a3a4bc78c77b,6,4.5,1472171,0,0.05
2026-08-09T19:32:06.102000+00:00,,2026-08-09T19:32:06.102000+00:00,,,Gal Oya,Ampara,12f81a3c-f20b-4ddc-be0d-a615659e0a6d,,,1472170,0,0
2026-08-09T19:32:01.891000+00:00,,2026-08-09T19:32:01.891000+00:00,,4.5,Heda Oya,Siyambalanduwa,3a1597ca-4491-4621-8cc3-dba9d0f72af6,7,6,1472169,0,0.17
2026-08-09T19:31:44.543000+00:00,,2026-08-09T19:31:44.543000+00:00,,1.4,Nilwala Ganga,Thalgahagoda,a4e5223b-40d7-42b0-98dd-6395a367df86,2.8,1.7,1472168,0,0.78
2026-08-09T19:31:43.371000+00:00,,2026-08-09T19:31:43.371000+00:00,,3.5,Mahaweli Ganga,Nawalapitiya,4b59b24f-ee35-40d0-a387-0467219c15e2,6,5,1472167,1,2.09
2026-08-09T19:31:38.815000+00:00,,2026-08-09T19:31:38.815000+00:00,,5,Mahaweli Ganga,Peradeniya,96e3d38d-3065-4de2-b543-39a09a87dc08,9,7,1472166,0,3.81
2026-08-09T19:31:17.327000+00:00,,2026-08-09T19:31:17.327000+00:00,,3,Mahaweli Ganga,Thaldena,d1b2e342-14bc-4386-b800-8df41e8fdd4b,5,4,1472165,0,0.11
2026-08-09T19:31:15.721000+00:00,,2026-08-09T19:31:15.721000+00:00,,4.75,Deduru Oya,Moragaswewa,e328f740-1844-404d-a519-bc86eff43017,7,6,1472164,0.05,0.02
2026-08-09T19:30:42.109000+00:00,,2026-08-09T19:30:42.109000+00:00,,3,Mahaweli Ganga,Manampitiya,5e1d9810-8c5d-4ef9-8763-4c7eeb6ff7d3,6,4.3,1472163,0,-0.11
2026-08-09T18:51:38.438000+00:00,,2026-08-09T18:51:38.438000+00:00,,3,Kelani Ganga,Holombuwa,2eaa101d-3b69-4eb7-b2f6-22e7ca868970,5,3.4,1472162,0,0.52
2026-08-09T18:47:11.494000+00:00,,2026-08-09T18:47:11.494000+00:00,,6,Yan Oya,Horowpothana,e454367f-b098-4bc6-9431-a42e9aa918ef,10.5,7.5,1472161,0,1.69
2026-08-09T18:45:45.764000+00:00,,2026-08-09T18:45:45.764000+00:00,,3,Kalu Ganga,Putupaula,1037eeef-5e22-467f-a880-ca3c616d1d2f,5,4,1472160,0,0.55
2026-08-09T18:45:43.746000+00:00,,2026-08-09T18:45:43.746000+00:00,,6.5,Kelani Ganga,Hanwella,0f7c5ddf-7d9a-4ff9-9187-7b1ae2341a1f,9.5,7.5,1472159,0,2.18
2026-08-09T18:45:12.797000+00:00,,2026-08-09T18:45:12.797000+00:00,,5,Kalu Ganga,Kalawellawa (Millakanda),3d43f5c2-e14c-4d64-84c5-bb8b813b0213,8,6.5,1472158,0,2.8
2026-08-09T18:43:32.077000+00:00,,2026-08-09T18:43:32.077000+00:00,,4,Kalu Ganga,Magura,1ae6378c-c5e8-4fd7-a01b-bee3e68aa0c2,7.5,6,1472157,0,1.66
2026-08-09T18:42:31.429000+00:00,,2026-08-09T18:42:31.429000+00:00,,5.2,Kalu Ganga,Rathnapura,9417e72d-e560-4b42-8fd0-e345161c8dd9,9.5,7.5,1472156,0,3.27
2026-08-09T18:37:29.398000+00:00,,2026-08-09T18:37:29.398000+00:00,,2.5,Nilwala Ganga,Urawa,63065123-902d-4afc-8264-94e48a8ab9f1,6,4,1472155,0,0.4
2026-08-09T18:37:12.207000+00:00,,2026-08-09T18:37:12.207000+00:00,,15,Kelani Ganga,Glencourse,ea7af4a0-d096-49d7-9157-11e6f8c9c44d,19,15.5,1472154,0,10.75
2026-08-09T18:37:02.153000+00:00,,2026-08-09T18:37:02.153000+00:00,,4,Nilwala Ganga,Pitabeddara,46e0f47b-4f96-46fa-847a-03f992a6fb00,6.5,5,1472153,0.5,1.05
2026-08-09T18:36:32.476000+00:00,,2026-08-09T18:36:32.476000+00:00,,5,Mahaweli Ganga,Peradeniya,1ef1b69d-b9aa-4818-a30c-6aed89fb1fc1,9,7,1472152,0,3.83
2026-08-09T18:36:16.120000+00:00,,2026-08-09T18:36:16.120000+00:00,,4.4,Kirindi Oya,Wellawaya,b6a465c2-3aba-4a37-8ed5-c7f8b05599ba,5.9,5.4,1472151,0,0.8
2026-08-09T18:35:14.973000+00:00,,2026-08-09T18:35:14.973000+00:00,,4.8,Kelani Ganga,Deraniyagala,c05761d5-3b0d-4769-8029-7fdf838ae806,7,5.8,1472150,2.1,1.35
2026-08-09T18:34:33.076000+00:00,,2026-08-09T18:34:33.076000+00:00,,3,Kelani Ganga,Kithulgala,1bd39aa4-5d64-4ae8-817f-6461d02c3772,6,4,1472149,2.3,2.53
2026-08-09T18:34:31.368000+00:00,,2026-08-09T18:34:31.368000+00:00,,4,Menik Ganga,Katharagama,49c597b8-f24e-41ae-b86e-3eeb3c4bac9c,6.5,4.6,1472148,0,-0.22
2026-08-09T18:34:04.001000+00:00,,2026-08-09T18:34:04.001000+00:00,,4,Gin Ganga,Thawalama,19ab3858-27df-4d69-b951-b8d8506846aa,7.5,6,1472147,0,1.95
2026-08-09T18:33:59.131000+00:00,,2026-08-09T18:33:59.131000+00:00,,1.5,Kelani Ganga,Norwood,96464731-ac2c-444e-816e-1545fc862690,4.5,3,1472146,0,1
2026-08-09T18:33:56.770000+00:00,,2026-08-09T18:33:56.770000+00:00,,3,Mahaweli Ganga,Thaldena,888e26f6-3e5b-4714-9d5b-ef6d5504f8f8,5,4,1472145,0,0.11
2026-08-09T18:33:55.669000+00:00,,2026-08-09T18:33:55.669000+00:00,,3,Mahaweli Ganga,Thaldena,d0ac0f10-e042-4390-96da-fbe924489d83,5,4,1472144,0,0.11
2026-08-09T18:33:38.162000+00:00,,2026-08-09T18:33:38.162000+00:00,,5,Nilwala Ganga,Panadugama,75466ab0-dbd7-4f6c-a27f-6468ae8e70e1,7.5,6,1472143,0,3.7
2026-08-09T18:33:36.841000+00:00,,2026-08-09T18:33:36.841000+00:00,,3.3,Aththanagalu Oya,Dunamale,1227ba35-3324-4cce-bc46-7f22a4b9814c,5.5,4.4,1472142,0,0.68
2026-08-09T18:33:22.783000+00:00,,2026-08-09T18:33:22.783000+00:00,,10,Kalu Ganga,Ellagawa,74e5e7f4-207d-4a8f-8e35-94f1651c6b35,12.2,10.7,1472141,0,6.03
2026-08-09T18:33:19.558000+00:00,,2026-08-09T18:33:19.558000+00:00,,3,Mahaweli Ganga,Manampitiya,0f2b783e-38de-4a0d-b5da-2d4b77afbbf4,6,4.3,1472140,0,-0.11
2026-08-09T18:33:17.036000+00:00,,2026-08-09T18:33:17.036000+00:00,,3.5,Gin Ganga,Baddegama,afedadae-c406-4b2e-aea3-4c4fd6e0dff0,5,4,1472139,0,2.26
2026-08-09T18:33:06.888000+00:00,,2026-08-09T18:33:06.888000+00:00,,4,Kirindi Oya,Thanamalwila,35a931b4-7aaf-4fdd-b219-470e003060ed,5.5,5,1472138,0,0.45
2026-08-09T18:33:00.508000+00:00,,2026-08-09T18:33:00.508000+00:00,,5,Maha Oya,Badalgama,8dab9e75-4503-4ca3-a72a-aa205580b350,9.6,6.2,1472137,0,2.07
2026-08-09T18:32:34.110000+00:00,,2026-08-09T18:32:34.110000+00:00,,5.5,Maha Oya,Giriulla,3f77cc84-faff-4b3a-a523-df7fe7abfab4,7.5,6.5,1472136,0,1.01
2026-08-09T18:32:21.005000+00:00,,2026-08-09T18:32:21.005000+00:00,,4,Kelani Ganga,Nagalagam Street,0c3e14f7-b37f-4367-ba45-de67f18c619f,7,5,1472135,0,1.1
2026-08-09T18:32:01.941000+00:00,,2026-08-09T18:32:01.941000+00:00,,3.5,Mahaweli Ganga,Nawalapitiya,b382cd94-5611-401e-b380-efc6065c589e,6,5,1472134,0,2.11
2026-08-09T18:31:57.937000+00:00,,2026-08-09T18:31:57.937000+00:00,,4,Ma Oya,Yaka Wewa,dacd33f1-83b8-4ccd-ad35-2826b7f5cbbc,6,5,1472133,0,0.41
2026-08-09T18:31:43.704000+00:00,,2026-08-09T18:31:43.704000+00:00,,4,Maduru Oya,Padiyathalawa,f518a822-2193-4e05-a7b0-1f37209c4954,6,4.5,1472132,0,0.05
2026-08-09T18:31:15.523000+00:00,,2026-08-09T18:31:15.523000+00:00,,6.9,Kirindi Oya,Kuda Oya,96064d1b-89d3-40f8-b3b0-e7cd08654270,8.8,8.4,1472131,0,0.93
2026-08-09T18:31:09.209000+00:00,,2026-08-09T18:31:09.209000+00:00,,4.5,Heda Oya,Siyambalanduwa,4b741ba2-dbcc-45f6-9244-432b575ad822,7,6,1472130,0,0.17
2026-08-09T18:31:08.190000+00:00,,2026-08-09T18:31:08.190000+00:00,,5,Kumbukkan Oya,Nakkala,b8fb33ef-089c-42f6-9554-2d706ba48e0a,7.5,6,1472129,0,0.57
2026-08-09T18:30:56.689000+00:00,,2026-08-09T18:30:56.689000+00:00,,,Gal Oya,Ampara,7bc8732b-0ac0-49f7-98b1-4d8604a1567b,,,1472128,0,0
2026-08-09T18:30:52.359000+00:00,,2026-08-09T18:30:52.359000+00:00,,3,Walawe Ganga,Moraketiya,3d99ad42-a658-4703-8183-d9182d5f5b34,7,5,1472127,0,0.8
2026-08-09T18:30:29.429000+00:00,,2026-08-09T18:30:29.429000+00:00,,1.4,Nilwala Ganga,Thalgahagoda,8e73be31-8a98-4be5-b0b9-4f6d7da689dd,2.8,1.7,1472126,0,0.79
2026-08-09T18:30:12.304000+00:00,,2026-08-09T18:30:12.304000+00:00,,4.75,Deduru Oya,Moragaswewa,88a68b40-1afd-46a5-8d60-2159cbca2aca,7,6,1472125,0.5,0.02
2026-08-09T18:28:05.256000+00:00,,2026-08-09T18:28:05.256000+00:00,,4,Ma Oya,Yaka Wewa,aa13653e-3138-4aa8-bc81-9f8c5a01e3a4,6,5,1472124,0,0.41
2026-08-09T17:44:01.425000+00:00,,2026-08-09T17:44:01.425000+00:00,,15,Kelani Ganga,Glencourse,c8c78484-908c-4ea3-85f6-3e17b010c3e3,19,15.5,1472123,0.5,10.73
2026-08-09T17:37:52.575000+00:00,,2026-08-09T17:37:52.575000+00:00,,4,Nilwala Ganga,Pitabeddara,534654f6-1ff3-49db-9aa0-aee9a991bfed,6.5,5,1472122,0,1.03
2026-08-09T17:37:46.297000+00:00,,2026-08-09T17:37:46.297000+00:00,,3,Kelani Ganga,Holombuwa,2bb6303d-c00a-40c4-a46a-d1be78bd2ef4,5,3.4,1472121,0,0.52
2026-08-09T17:37:32.212000+00:00,,2026-08-09T17:37:32.212000+00:00,,3,Mahaweli Ganga,Manampitiya,0216fe25-2682-4300-97a7-b0b3955f38a7,6,4.3,1472120,0,-0.11
2026-08-09T17:37:27.434000+00:00,,2026-08-09T17:37:27.434000+00:00,,2.5,Nilwala Ganga,Urawa,0108705c-2521-4c16-8ab8-caa9aa3ae561,6,4,1472119,0,0.36
2026-08-09T17:37:02.842000+00:00,,2026-08-09T17:37:02.842000+00:00,,6,Yan Oya,Horowpothana,6e125401-9156-4db9-b80e-e7e068251b5c,10.5,7.5,1472118,0,1.69
2026-08-09T17:36:25.328000+00:00,,2026-08-09T17:36:25.328000+00:00,,3,Kelani Ganga,Kithulgala,1aad4394-a603-40f5-a40e-ca81aa1775f7,6,4,1472117,0,2.49
2026-08-09T17:36:23.393000+00:00,,2026-08-09T17:36:23.393000+00:00,,4,Kirindi Oya,Thanamalwila,ce03b11f-b2bf-4204-9a30-81898a4d677a,5.5,5,1472116,0,0.46
2026-08-09T17:35:33.663000+00:00,,2026-08-09T17:35:33.663000+00:00,,1.4,Nilwala Ganga,Thalgahagoda,a7c16d16-286d-459f-8f8c-381605526b7b,2.8,1.7,1472115,0,0.79
2026-08-09T17:35:23.549000+00:00,,2026-08-09T17:35:23.549000+00:00,,4,Menik Ganga,Katharagama,bf639b49-b3c1-4c1b-8ff3-0af003589ae2,6.5,4.6,1472114,0,-0.21
2026-08-09T17:34:49.172000+00:00,,2026-08-09T17:34:49.172000+00:00,,3.5,Gin Ganga,Baddegama,793e8f21-e5d9-4c43-aad5-e56473482c57,5,4,1472113,0,2.27
2026-08-09T17:33:57.336000+00:00,,2026-08-09T17:33:57.336000+00:00,,4,Kelani Ganga,Nagalagam Street,bde1c45a-cb4b-4a70-9315-d3b370a1e23c,7,5,1472112,0,1
2026-08-09T17:32:56.314000+00:00,,2026-08-09T17:32:56.314000+00:00,,10,Kalu Ganga,Ellagawa,3f4a742d-823e-46ce-8820-0305897fd185,12.2,10.7,1472111,1.5,5.94
2026-08-09T17:32:55.300000+00:00,,2026-08-09T17:32:55.300000+00:00,,5,Mahaweli Ganga,Peradeniya,fd5b0a9e-c5cd-4624-a3d4-00372f635cbb,9,7,1472110,0.2,3.82
2026-08-09T17:32:46.066000+00:00,,2026-08-09T17:32:46.066000+00:00,,5,Maha Oya,Badalgama,6893a911-5949-4e39-b4c9-3709d80c8c89,9.6,6.2,1472109,0,2.07
2026-08-09T17:32:45.600000+00:00,,2026-08-09T17:32:45.600000+00:00,,6.5,Kelani Ganga,Hanwella,3652a268-88fd-4ba3-a8fc-19440b901863,9.5,7.5,1472108,0,2.17
2026-08-09T17:32:44.492000+00:00,,2026-08-09T17:32:44.492000+00:00,,5.5,Maha Oya,Giriulla,da751d8f-315f-4683-a86c-554086df0b0e,7.5,6.5,1472107,0,1.01
2026-08-09T17:32:35.134000+00:00,,2026-08-09T17:32:35.134000+00:00,,4.8,Kelani Ganga,Deraniyagala,2d5cd288-b459-46d9-8135-38b18138bb7a,7,5.8,1472106,6.7,1.44
2026-08-09T17:32:23.888000+00:00,,2026-08-09T17:32:23.888000+00:00,,5,Nilwala Ganga,Panadugama,1b3f0d6a-ab45-46ce-9100-bc0d6e4e0fee,7.5,6,1472105,0,3.69
2026-08-09T17:32:23.371000+00:00,,2026-08-09T17:32:23.371000+00:00,,4.4,Kirindi Oya,Wellawaya,b402f891-6ed6-43e7-831f-9aadc4f92e8c,5.9,5.4,1472104,0,0.8
2026-08-09T17:32:15.103000+00:00,,2026-08-09T17:32:15.103000+00:00,,3,Walawe Ganga,Moraketiya,354eb6fe-e6dc-46c5-b30d-7c30091d2ef6,7,5,1472103,0,0.79
2026-08-09T17:31:49.783000+00:00,,2026-08-09T17:31:49.783000+00:00,,4,Gin Ganga,Thawalama,c338be21-d876-4641-8817-38e2d84b0026,7.5,6,1472102,0,1.97
2026-08-09T17:31:49.768000+00:00,,2026-08-09T17:31:49.768000+00:00,,4,Ma Oya,Yaka Wewa,c35c6655-8e21-4986-9805-712873813f00,6,5,1472101,0,0.41
2026-08-09T17:31:35.566000+00:00,,2026-08-09T17:31:35.566000+00:00,,3.5,Mahaweli Ganga,Nawalapitiya,e391ae8d-5c45-41ae-a947-e7e25d75fc22,6,5,1472100,0.3,2.13
2026-08-09T17:31:23.344000+00:00,,2026-08-09T17:31:23.344000+00:00,,5,Kumbukkan Oya,Nakkala,b903fdfb-f5ce-4d7b-9f93-b2e6ff49c9cd,7.5,6,1472099,0,0.57
2026-08-09T17:31:21.667000+00:00,,2026-08-09T17:31:21.667000+00:00,,6.9,Kirindi Oya,Kuda Oya,dfe10255-3c3f-4733-baa1-2c67d181b9a5,8.8,8.4,1472098,0,0.93
2026-08-09T17:31:13.141000+00:00,,2026-08-09T17:31:13.141000+00:00,,4,Maduru Oya,Padiyathalawa,733fd0d0-e28e-4472-a876-f7fc94d7dc74,6,4.5,1472097,0,0.05
2026-08-09T17:30:44.098000+00:00,,2026-08-09T17:30:44.098000+00:00,,,Gal Oya,Ampara,3f7b84ad-2e88-49dd-95fe-63f8beaba250,,,1472096,0,0
2026-08-09T17:30:44.084000+00:00,,2026-08-09T17:30:44.084000+00:00,,4.75,Deduru Oya,Moragaswewa,e988caad-8cd5-402a-8946-8ae8c635e250,7,6,1472095,0,0.01
2026-08-09T17:30:11.903000+00:00,,2026-08-09T17:30:11.903000+00:00,,4.5,Heda Oya,Siyambalanduwa,c0a39938-1ece-4af0-aec0-eef0eb7dd407,7,6,1472094,0,0.17
2026-08-09T16:47:13.551000+00:00,,2026-08-09T16:47:13.551000+00:00,,4,Maduru Oya,Padiyathalawa,b1db544f-fdbb-49ba-aef9-578290656570,6,4.5,1472093,0,0.05
2026-08-09T16:46:47.995000+00:00,,2026-08-09T16:46:47.995000+00:00,,3.3,Aththanagalu Oya,Dunamale,8b7d834d-94b7-4e3c-93f2-2c468a5b4238,5.5,4.4,1472092,0,0.69
2026-08-09T16:42:13.195000+00:00,,2026-08-09T16:42:13.195000+00:00,,5.2,Kalu Ganga,Rathnapura,749afc22-0493-4ac9-92a8-30fddfcbc68a,9.5,7.5,1472091,0,3.33
2026-08-09T16:41:00.350000+00:00,,2026-08-09T16:41:00.350000+00:00,,3,Kalu Ganga,Putupaula,36e763bc-382e-4124-b47b-6e6cfc290e84,5,4,1472090,0,0.57
2026-08-09T16:39:30.488000+00:00,,2026-08-09T16:39:30.488000+00:00,,4,Kalu Ganga,Magura,35fa73bb-fde0-4e05-b2e1-863b85b2268b,7.5,6,1472089,0,1.68
2026-08-09T16:37:43.071000+00:00,,2026-08-09T16:37:43.071000+00:00,,2.5,Nilwala Ganga,Urawa,f45f384f-0bcf-46b1-972b-e41410bb5421,6,4,1472088,0,0.32
2026-08-09T16:37:16.463000+00:00,,2026-08-09T16:37:16.463000+00:00,,3.5,Gin Ganga,Baddegama,7260533e-7db3-45bc-bdf7-336c3664dd86,5,4,1472087,0,2.28
2026-08-09T16:37:04.554000+00:00,,2026-08-09T16:37:04.554000+00:00,,3,Kelani Ganga,Holombuwa,34106206-b7f1-4707-a717-df2f50a12b6c,5,3.4,1472086,0,0.52
2026-08-09T16:36:45.723000+00:00,,2026-08-09T16:36:45.723000+00:00,,3,Kelani Ganga,Kithulgala,3bd7d3f8-2449-4ab3-8982-4190792e23d4,6,4,1472085,0.7,2.5
2026-08-09T16:36:03.167000+00:00,,2026-08-09T16:36:03.167000+00:00,,4,Nilwala Ganga,Pitabeddara,2613e122-9d4d-4239-91e7-ec82104f62b8,6.5,5,1472084,0,1
2026-08-09T16:35:55.649000+00:00,,2026-08-09T16:35:55.649000+00:00,,5,Nilwala Ganga,Panadugama,a5a3512a-781f-4b61-8ca6-0ed015efa1f3,7.5,6,1472083,0,3.68
2026-08-09T16:35:26.600000+00:00,,2026-08-09T16:35:26.600000+00:00,,4,Kirindi Oya,Thanamalwila,75e1d9e5-3dae-46e1-9a0f-ab15895fa5a3,5.5,5,1472082,0,0.46
2026-08-09T16:35:06.567000+00:00,,2026-08-09T16:35:06.567000+00:00,,6,Yan Oya,Horowpothana,604314ad-9d37-4b3e-89d4-9f4cfcc99ddf,10.5,7.5,1472081,0,1.69
2026-08-09T16:34:55.247000+00:00,,2026-08-09T16:34:55.247000+00:00,,3,Walawe Ganga,Moraketiya,9f391d59-9ca9-4b5d-adb1-37fc47681e88,7,5,1472080,0,0.78
2026-08-09T16:34:16.122000+00:00,,2026-08-09T16:34:16.122000+00:00,,4,Menik Ganga,Katharagama,7b520c39-02ca-4784-93ac-8ee0cd6731f1,6.5,4.6,1472079,0,-0.21
2026-08-09T16:34:01.259000+00:00,,2026-08-09T16:34:01.259000+00:00,,4.5,Heda Oya,Siyambalanduwa,4b0df5a6-722e-47c0-97af-b570a7dc8bd5,7,6,1472078,0,0.17
2026-08-09T16:33:44.209000+00:00,,2026-08-09T16:33:44.209000+00:00,,1.5,Kelani Ganga,Norwood,ea941df7-9319-4f81-8328-d18913df579b,4.5,3,1472077,0,1.01
2026-08-09T16:33:39.826000+00:00,,2026-08-09T16:33:39.826000+00:00,,15,Kelani Ganga,Glencourse,0bbc4215-93cd-4097-a024-8096988352f3,19,15.5,1472076,0,10.72
2026-08-09T16:33:11.618000+00:00,,2026-08-09T16:33:11.618000+00:00,,5,Maha Oya,Badalgama,968fc7be-1a82-41dd-8d1e-10e44ca1e37d,9.6,6.2,1472075,0,2.07
2026-08-09T16:33:10.229000+00:00,,2026-08-09T16:33:10.229000+00:00,,3,Mahaweli Ganga,Manampitiya,6effd024-3293-43b2-97b9-32fb9b1bc09d,6,4.3,1472074,0,-0.11
2026-08-09T16:33:03.118000+00:00,,2026-08-09T16:33:03.118000+00:00,,4.4,Kirindi Oya,Wellawaya,bd2a585a-21d2-48a4-909b-f6f2c4cdfe1a,5.9,5.4,1472073,0,0.8
2026-08-09T16:32:56.734000+00:00,,2026-08-09T16:32:56.734000+00:00,,1.4,Nilwala Ganga,Thalgahagoda,2cab59a3-81e7-49c0-817e-b221acfa4b22,2.8,1.7,1472072,0,0.79
2026-08-09T16:32:55.709000+00:00,,2026-08-09T16:32:55.709000+00:00,,4,Ma Oya,Yaka Wewa,a219934a-c695-4079-bc4f-c3a3fe9ed1b3,6,5,1472071,0,0.41
2026-08-09T16:32:24.682000+00:00,,2026-08-09T16:32:24.682000+00:00,,4.8,Kelani Ganga,Deraniyagala,4e6fe12a-e5a6-4c24-af3c-869c545fbbd9,7,5.8,1472070,0,1.6
2026-08-09T16:32:16.955000+00:00,,2026-08-09T16:32:16.955000+00:00,,5.5,Maha Oya,Giriulla,978afa26-2db5-469f-8bb0-798122047f5c,7.5,6.5,1472069,0,1.01
2026-08-09T16:32:09.417000+00:00,,2026-08-09T16:32:09.417000+00:00,,3.5,Mahaweli Ganga,Nawalapitiya,642f214d-825b-4ded-b893-51878f9929ae,6,5,1472068,7.3,2.14
2026-08-09T16:32:08.896000+00:00,,2026-08-09T16:32:08.896000+00:00,,5,Kumbukkan Oya,Nakkala,1c2e2399-3628-4cb0-8107-d8411139d6a1,7.5,6,1472067,0,0.57
2026-08-09T16:32:07.231000+00:00,,2026-08-09T16:32:07.231000+00:00,,10,Kalu Ganga,Ellagawa,0aae5f26-cef3-479f-8c53-c654f3529ef8,12.2,10.7,1472066,0,5.88
2026-08-09T16:32:06.277000+00:00,,2026-08-09T16:32:06.277000+00:00,,6.5,Kelani Ganga,Hanwella,014a2601-2d79-4652-a168-c1292fa89cfe,9.5,7.5,1472065,0,2.16
2026-08-09T16:32:00.951000+00:00,,2026-08-09T16:32:00.951000+00:00,,4,Gin Ganga,Thawalama,1fdead90-efd9-42fa-8e84-9bc4990df4ae,7.5,6,1472064,0,1.95
2026-08-09T16:31:41.266000+00:00,,2026-08-09T16:31:41.266000+00:00,,5,Mahaweli Ganga,Peradeniya,d7fab53c-7756-4bc6-b582-75208f498d6e,9,7,1472063,0.2,3.8
2026-08-09T16:31:31.900000+00:00,,2026-08-09T16:31:31.900000+00:00,,6.9,Kirindi Oya,Kuda Oya,593b5dea-eea8-441a-909a-7cc67fae34b1,8.8,8.4,1472062,0,0.93
2026-08-09T16:31:29.778000+00:00,,2026-08-09T16:31:29.778000+00:00,,4,Kelani Ganga,Nagalagam Street,94bfa7da-9e75-4b16-b7f0-943e6f21e6c1,7,5,1472061,0,0.9
2026-08-09T16:30:48.322000+00:00,,2026-08-09T16:30:48.322000+00:00,,3,Mahaweli Ganga,Thaldena,c770e662-f815-4f95-a5e4-d22404950cba,5,4,1472060,0,0.11
2026-08-09T16:30:40.140000+00:00,,2026-08-09T16:30:40.140000+00:00,,4.75,Deduru Oya,Moragaswewa,77d2a894-eeba-4910-ad68-b63d62dfea89,7,6,1472059,0,0.01
2026-08-09T16:30:15.009000+00:00,,2026-08-09T16:30:15.009000+00:00,,,Gal Oya,Ampara,17a024eb-c483-402a-b53b-949494381cd4,,,1472058,0,0
2026-08-09T15:42:42.015000+00:00,,2026-08-09T15:42:42.015000+00:00,,5.2,Kalu Ganga,Rathnapura,cb76c79f-0499-4ae2-b493-eba0376b04ab,9.5,7.5,1472057,0,3.33
2026-08-09T15:39:33.314000+00:00,,2026-08-09T15:39:33.314000+00:00,,5,Kalu Ganga,Kalawellawa (Millakanda),28c8ea13-1bb0-4ea8-9816-fc5defc97e6c,8,6.5,1472056,1,2.66
2026-08-09T15:39:26.580000+00:00,,2026-08-09T15:39:26.580000+00:00,,5,Nilwala Ganga,Panadugama,623db090-1958-4e1b-9110-dc0990385d8f,7.5,6,1472055,0,3.68
2026-08-09T15:39:16.021000+00:00,,2026-08-09T15:39:16.021000+00:00,,2.5,Nilwala Ganga,Urawa,81a1738c-81a3-4175-819e-54b0d07cb0e9,6,4,1472054,1.2,0.29
2026-08-09T15:39:05.953000+00:00,,2026-08-09T15:39:05.953000+00:00,,3,Kelani Ganga,Holombuwa,44ea24f1-6029-4e71-a1b0-b4d6d04cd9a9,5,3.4,1472053,2.5,0.54
2026-08-09T15:38:30.401000+00:00,,2026-08-09T15:38:30.401000+00:00,,15,Kelani Ganga,Glencourse,38b6d0eb-5024-45a9-a78d-0918275cd8ca,19,15.5,1472052,2.6,10.71
2026-08-09T15:35:39.904000+00:00,,2026-08-09T15:35:39.904000+00:00,,4.8,Kelani Ganga,Deraniyagala,57f702ed-fc6f-4731-b880-632ec64e1444,7,5.8,1472051,0,1.77
2026-08-09T15:35:13.104000+00:00,,2026-08-09T15:35:13.104000+00:00,,4,Menik Ganga,Katharagama,34451b53-8eb5-422f-92fb-b398689aeafc,6.5,4.6,1472050,0,-0.2
2026-08-09T15:34:42.969000+00:00,,2026-08-09T15:34:42.969000+00:00,,4.5,Heda Oya,Siyambalanduwa,ab7f2f27-5a28-4a79-a3c7-8d9399527ff8,7,6,1472049,0,0.17
2026-08-09T15:34:40.883000+00:00,,2026-08-09T15:34:40.883000+00:00,,3,Kelani Ganga,Kithulgala,ddcf529f-3840-4729-8656-f079172ece66,6,4,1472048,2.1,2.38
2026-08-09T15:34:40.526000+00:00,,2026-08-09T15:34:40.526000+00:00,,4,Kalu Ganga,Magura,d18a779e-df57-4774-bf7d-d28de87da2bd,7.5,6,1472047,0.7,1.69
2026-08-09T15:34:07.073000+00:00,,2026-08-09T15:34:07.073000+00:00,,1.5,Kelani Ganga,Norwood,39e309b3-cf4e-427c-a280-719ccd9fb5e1,4.5,3,1472046,0.5,1.01
2026-08-09T15:33:29.489000+00:00,,2026-08-09T15:33:29.489000+00:00,,4,Kelani Ganga,Nagalagam Street,517958ea-0fd7-41c4-9920-9eebaffb5d1d,7,5,1472045,0,0.9
2026-08-09T15:33:19.816000+00:00,,2026-08-09T15:33:19.816000+00:00,,4,Kirindi Oya,Thanamalwila,343e834d-45a4-464c-91c0-8f9047c0c67b,5.5,5,1472044,0,0.46
2026-08-09T15:33:09.330000+00:00,,2026-08-09T15:33:09.330000+00:00,,4.4,Kirindi Oya,Wellawaya,f95ada8d-ca5d-45dc-bd2b-5abf2546aa27,5.9,5.4,1472043,0,0.8
2026-08-09T15:33:07.233000+00:00,,2026-08-09T15:33:07.233000+00:00,,4,Gin Ganga,Thawalama,77ece7f7-7eff-4b3d-86ea-f7f374cf83f0,7.5,6,1472042,0,1.93
2026-08-09T15:33:05.006000+00:00,,2026-08-09T15:33:05.006000+00:00,,5,Maha Oya,Badalgama,5a952a95-b5c3-4965-8bf3-552b448a7929,9.6,6.2,1472041,0,2.07
2026-08-09T15:33:01.576000+00:00,,2026-08-09T15:33:01.576000+00:00,,4,Maduru Oya,Padiyathalawa,baa1e1c8-017b-43cf-aeda-f1acb3b79c2d,6,4.5,1472040,0,0.05
2026-08-09T15:32:51.005000+00:00,,2026-08-09T15:32:51.005000+00:00,,5.5,Maha Oya,Giriulla,37710965-df82-4d0e-b2f2-fdcf85f4bc0a,7.5,6.5,1472039,0,1.01
2026-08-09T15:32:39.150000+00:00,,2026-08-09T15:32:39.150000+00:00,,10,Kalu Ganga,Ellagawa,2b0f9ee3-8229-4b32-b9c9-44d4da431188,12.2,10.7,1472038,0,5.82
2026-08-09T15:32:35.682000+00:00,,2026-08-09T15:32:35.682000+00:00,,1.4,Nilwala Ganga,Thalgahagoda,f769b793-8f75-464b-971b-f3873706a85e,2.8,1.7,1472037,0,0.8
2026-08-09T15:32:24.152000+00:00,,2026-08-09T15:32:24.152000+00:00,,3.5,Gin Ganga,Baddegama,fe00256c-2bf5-4184-a6f0-a2bd8adce9bc,5,4,1472036,0,2.29
2026-08-09T15:32:10.526000+00:00,,2026-08-09T15:32:10.526000+00:00,,3,Mahaweli Ganga,Manampitiya,a19e1250-30b0-4181-b796-e7096a4d2ab1,6,4.3,1472035,0,-0.12
2026-08-09T15:32:09.141000+00:00,,2026-08-09T15:32:09.141000+00:00,,3.3,Aththanagalu Oya,Dunamale,2563b94e-aa6e-45e1-9a55-e477f51791f2,5.5,4.4,1472034,0,0.68
2026-08-09T15:32:07.767000+00:00,,2026-08-09T15:32:07.767000+00:00,,4.75,Deduru Oya,Moragaswewa,b554a849-c4a7-4c65-b737-019811c8492e,7,6,1472033,0,0.01
2026-08-09T15:32:01.006000+00:00,,2026-08-09T15:32:01.006000+00:00,,4,Ma Oya,Yaka Wewa,a7e54c62-9800-4429-8a3c-fa91511180d1,6,5,1472032,0,0.41
2026-08-09T15:31:54.598000+00:00,,2026-08-09T15:31:54.598000+00:00,,5,Mahaweli Ganga,Peradeniya,9a089f1c-1aa8-4304-a96b-6c334390ee92,9,7,1472031,0,3.81
2026-08-09T15:31:48.548000+00:00,,2026-08-09T15:31:48.548000+00:00,,6.5,Kelani Ganga,Hanwella,50cc02e6-79c1-474a-9bf5-bdeb4b41b67b,9.5,7.5,1472030,0,2.16
2026-08-09T15:31:45.622000+00:00,,2026-08-09T15:31:45.622000+00:00,,3.5,Mahaweli Ganga,Nawalapitiya,a1aa6d30-04f7-4519-ad14-5d27a5829d16,6,5,1472029,1.3,2.19
2026-08-09T15:31:33.312000+00:00,,2026-08-09T15:31:33.312000+00:00,,4,Nilwala Ganga,Pitabeddara,8ce334d4-4e1d-4b60-a89f-7dfc9e6b28c6,6.5,5,1472028,0,0.94
2026-08-09T15:31:26.914000+00:00,,2026-08-09T15:31:26.914000+00:00,,3,Kalu Ganga,Putupaula,b52a1e86-64ae-437d-aa9d-e8b164a13223,5,4,1472027,0,0.6
2026-08-09T15:31:05.025000+00:00,,2026-08-09T15:31:05.025000+00:00,,3,Walawe Ganga,Moraketiya,40462a49-9f2a-4ac5-a277-d6bfc34c5e1b,7,5,1472026,0,0.78
2026-08-09T15:31:02.762000+00:00,,2026-08-09T15:31:02.762000+00:00,,3,Mahaweli Ganga,Thaldena,08541f5e-5ebd-41ea-ba2c-7a37585216ea,5,4,1472025,0,0.11
2026-08-09T15:30:55.592000+00:00,,2026-08-09T15:30:55.592000+00:00,,6,Yan Oya,Horowpothana,4bd68f62-fa7f-43e2-b676-2658e2c46483,10.5,7.5,1472024,0,1.69
2026-08-09T15:30:42.650000+00:00,,2026-08-09T15:30:42.650000+00:00,,,Gal Oya,Ampara,8cc92fdd-7a02-4a85-9856-408b93689dcb,,,1472023,0,0
2026-08-09T15:30:35.020000+00:00,,2026-08-09T15:30:35.020000+00:00,,5,Kumbukkan Oya,Nakkala,642f0183-39b8-4d69-b18b-cc3b2c19275d,7.5,6,1472022,0,0.57
2026-08-09T15:30:11.193000+00:00,,2026-08-09T15:30:11.193000+00:00,,6.9,Kirindi Oya,Kuda Oya,331794b9-8faa-440a-8888-8904f58ea337,8.8,8.4,1472021,0,0.93
2026-08-09T14:49:54.503000+00:00,,2026-08-09T14:49:54.503000+00:00,,5.2,Kalu Ganga,Rathnapura,321fc957-d849-41be-8d25-4f765e0f0300,9.5,7.5,1472020,0,3.25
2026-08-09T14:41:39.912000+00:00,,2026-08-09T14:41:39.912000+00:00,,3,Mahaweli Ganga,Thaldena,32efba78-1081-4cd4-90be-39beecc82b97,5,4,1472019,0,0.11
2026-08-09T14:41:37.722000+00:00,,2026-08-09T14:41:37.722000+00:00,,5,Kumbukkan Oya,Nakkala,15c5902b-4a3f-4eae-a69e-658eeb07ce9c,7.5,6,1472018,0,0.57
2026-08-09T14:40:02.394000+00:00,,2026-08-09T14:40:02.394000+00:00,,4,Kalu Ganga,Magura,e81bd789-8780-4e14-a56b-a0a556895cc6,7.5,6,1472017,1.5,1.71
2026-08-09T14:39:22.900000+00:00,,2026-08-09T14:39:22.900000+00:00,,15,Kelani Ganga,Glencourse,babf89ce-2855-4ec3-a4cf-1fab18781946,19,15.5,1472016,0,10.7
2026-08-09T14:39:03.959000+00:00,,2026-08-09T14:39:03.959000+00:00,,1.4,Nilwala Ganga,Thalgahagoda,392d4e2c-b29c-44a2-975d-b02bce479d78,2.8,1.7,1472015,0,0.8
2026-08-09T14:38:47.628000+00:00,,2026-08-09T14:38:47.628000+00:00,,3,Kalu Ganga,Putupaula,2c866d1a-b3d3-477a-9a84-3d21a09d586a,5,4,1472014,0,0.6
2026-08-09T14:38:43.286000+00:00,,2026-08-09T14:38:43.286000+00:00,,3,Kelani Ganga,Holombuwa,270afc3a-dcdb-414d-b28c-a7623159eb0b,5,3.4,1472013,0,0.53
2026-08-09T14:38:20.849000+00:00,,2026-08-09T14:38:20.849000+00:00,,4.75,Deduru Oya,Moragaswewa,e1fc48ef-ec80-4268-8f54-cc0d728544c5,7,6,1472012,0,0.01
2026-08-09T14:38:09.037000+00:00,,2026-08-09T14:38:09.037000+00:00,,4,Gin Ganga,Thawalama,5ddf0891-ba2e-4b4d-a05c-de74504a8b41,7.5,6,1472011,8,1.89
2026-08-09T14:36:04.155000+00:00,,2026-08-09T14:36:04.155000+00:00,,4,Maduru Oya,Padiyathalawa,c82da3ff-c9dc-4948-8fea-70c76db7941b,6,4.5,1472010,0,0.05
2026-08-09T14:36:02.380000+00:00,,2026-08-09T14:36:02.380000+00:00,,5,Nilwala Ganga,Panadugama,efd849a3-193c-412d-90d0-b2e8c5c22362,7.5,6,1472009,0.9,3.68
2026-08-09T14:35:46.703000+00:00,,2026-08-09T14:35:46.703000+00:00,,5,Maha Oya,Badalgama,0ea607d1-9ebd-4116-87d7-b15a70369e6e,9.6,6.2,1472008,0,2.07
2026-08-09T14:35:42.962000+00:00,,2026-08-09T14:35:42.962000+00:00,,4,Menik Ganga,Katharagama,4d1af21f-6317-4c8a-938f-7742a944d44e,6.5,4.6,1472007,0,-0.2
2026-08-09T14:35:29.974000+00:00,,2026-08-09T14:35:29.974000+00:00,,6.5,Kelani Ganga,Hanwella,418a0842-0e8f-459c-bc02-a9975bcaba5f,9.5,7.5,1472006,5.5,2.16
2026-08-09T14:35:26.499000+00:00,,2026-08-09T14:35:26.499000+00:00,,4.4,Kirindi Oya,Wellawaya,29aeae2d-88e7-4c68-99d8-746d75d507d2,5.9,5.4,1472005,0,0.79
2026-08-09T14:35:19.749000+00:00,,2026-08-09T14:35:19.749000+00:00,,4.8,Kelani Ganga,Deraniyagala,86784a6a-856b-4f32-8202-e3c71cab82c5,7,5.8,1472004,0.6,1.86
2026-08-09T14:35:17.824000+00:00,,2026-08-09T14:35:17.824000+00:00,,3.5,Gin Ganga,Baddegama,bbc4ddc3-5bf6-4cb4-88ee-3c343a453566,5,4,1472003,0,2.3
2026-08-09T14:35:10.839000+00:00,,2026-08-09T14:35:10.839000+00:00,,3,Kelani Ganga,Kithulgala,70a4a5fb-02c9-46e3-be60-7fd872f716fc,6,4,1472002,0,2.08
2026-08-09T14:35:00.337000+00:00,,2026-08-09T14:35:00.337000+00:00,,4,Kirindi Oya,Thanamalwila,b3126d63-fcdb-470c-bf88-9cb4f2db4f97,5.5,5,1472001,0,0.46
2026-08-09T14:34:55.778000+00:00,,2026-08-09T14:34:55.778000+00:00,,5,Kalu Ganga,Kalawellawa (Millakanda),e6629496-7d2a-4657-bc26-baca80a292d2,8,6.5,1472000,0,2.6
2026-08-09T14:34:34.719000+00:00,,2026-08-09T14:34:34.719000+00:00,,15,Kelani Ganga,Glencourse,0b25e4c0-7aca-44df-ae4b-d462eb2de4f6,19,15.5,1471999,0,10.7
2026-08-09T14:33:37.146000+00:00,,2026-08-09T14:33:37.146000+00:00,,3,Walawe Ganga,Moraketiya,4f547953-8aad-40f8-9ed5-2d592b603f93,7,5,1471998,0,0.78
2026-08-09T14:33:26.196000+00:00,,2026-08-09T14:33:26.196000+00:00,,3.3,Aththanagalu Oya,Dunamale,d093397b-b138-492b-b960-ee4fb38fc4a1,5.5,4.4,1471997,0,0.68
2026-08-09T14:33:16.244000+00:00,,2026-08-09T14:33:16.244000+00:00,,4,Kelani Ganga,Nagalagam Street,98ea6df1-3363-441b-9061-9061559b3f72,7,5,1471996,0,0.9
2026-08-09T14:33:02.672000+00:00,,2026-08-09T14:33:02.672000+00:00,,1.5,Kelani Ganga,Norwood,c59195ae-19a7-4b51-8814-c31a55c512e8,4.5,3,1471995,0,1.02
2026-08-09T14:33:02.346000+00:00,,2026-08-09T14:33:02.346000+00:00,,6.9,Kirindi Oya,Kuda Oya,bfc556ea-24f5-45b6-a38e-3d4d2d7acadd,8.8,8.4,1471994,0,0.93
2026-08-09T14:33:01.237000+00:00,,2026-08-09T14:33:01.237000+00:00,,10,Kalu Ganga,Ellagawa,4b23d451-5a9e-4377-be76-c78a1c5b8bbf,12.2,10.7,1471993,0,5.79
2026-08-09T14:32:39.141000+00:00,,2026-08-09T14:32:39.141000+00:00,,2.5,Nilwala Ganga,Urawa,87b8e1ba-a120-44d1-b81f-595ea90693d2,6,4,1471992,0,0.27
2026-08-09T14:32:32.666000+00:00,,2026-08-09T14:32:32.666000+00:00,,5,Mahaweli Ganga,Peradeniya,0c256f25-ef8f-4a78-9c33-53248d89759f,9,7,1471991,0,3.79
2026-08-09T14:32:11.353000+00:00,,2026-08-09T14:32:11.353000+00:00,,6,Yan Oya,Horowpothana,af2d7bf5-e2d4-4736-ad15-172b01d67e41,10.5,7.5,1471990,0,1.69
2026-08-09T14:32:07.649000+00:00,,2026-08-09T14:32:07.649000+00:00,,4,Nilwala Ganga,Pitabeddara,2fc84401-fd36-4244-adf9-7d55c14f9c43,6.5,5,1471989,1,0.9
2026-08-09T14:31:34.103000+00:00,,2026-08-09T14:31:34.103000+00:00,,4,Ma Oya,Yaka Wewa,1f7c5e6d-941f-4197-a6de-bfd39bd0dd76,6,5,1471988,0,0.41
2026-08-09T14:30:59.018000+00:00,,2026-08-09T14:30:59.018000+00:00,,5.5,Maha Oya,Giriulla,b75979a6-f5b7-473e-bf48-3115fc6a7e46,7.5,6.5,1471987,0,1.01
2026-08-09T14:30:49.651000+00:00,,2026-08-09T14:30:49.651000+00:00,,3,Mahaweli Ganga,Manampitiya,f3a0a6fb-2aa0-4f04-ba24-bbba14fec2b6,6,4.3,1471986,0,-0.11
2026-08-09T14:30:48.241000+00:00,,2026-08-09T14:30:48.241000+00:00,,4.5,Heda Oya,Siyambalanduwa,7363695d-2a8f-4493-8944-6fb52af6c5df,7,6,1471985,0,0.17
2026-08-09T14:30:35.697000+00:00,,2026-08-09T14:30:35.697000+00:00,,,Gal Oya,Ampara,f661d715-2b4f-4547-8ccc-c9c42de0d5cc,,,1471984,0,0
2026-08-09T14:30:27.865000+00:00,,2026-08-09T14:30:27.865000+00:00,,3.5,Mahaweli Ganga,Nawalapitiya,e38f4913-b99a-4837-9887-abaade310228,6,5,1471983,0,2.25
2026-08-09T13:47:11.959000+00:00,,2026-08-09T13:47:11.959000+00:00,,3,Kalu Ganga,Putupaula,72ddf210-e031-43b3-9292-5562d37c3606,5,4,1471982,0,0.66
2026-08-09T13:42:57.920000+00:00,,2026-08-09T13:42:57.920000+00:00,,5,Kalu Ganga,Kalawellawa (Millakanda),b6fc3ff7-71d7-4a2b-ac0b-496056f74cd2,8,6.5,1471981,0,2.58
2026-08-09T13:40:44.157000+00:00,,2026-08-09T13:40:44.157000+00:00,,5.2,Kalu Ganga,Rathnapura,27d0de8a-0338-4a50-b11c-7be7831df2c2,9.5,7.5,1471980,0.6,3.08
2026-08-09T13:40:14.544000+00:00,,2026-08-09T13:40:14.544000+00:00,,4,Kalu Ganga,Magura,387ec48e-eb21-48b9-a506-6560906fc679,7.5,6,1471979,0,1.73
2026-08-09T13:39:26.562000+00:00,,2026-08-09T13:39:26.562000+00:00,,3,Kelani Ganga,Kithulgala,5fe53f8e-024f-4c8b-b83b-d579a638f5fe,6,4,1471978,0,2.08
2026-08-09T13:38:16.244000+00:00,,2026-08-09T13:38:16.244000+00:00,,4,Ma Oya,Yaka Wewa,e63df2e2-52f5-499f-a7b2-f27c6a7779b7,6,5,1471977,0,0.41
2026-08-09T13:38:00.268000+00:00,,2026-08-09T13:38:00.268000+00:00,,4.75,Deduru Oya,Moragaswewa,8022a6a2-575e-4bf1-b49c-c58a849d8443,7,6,1471976,0,0
2026-08-09T13:37:41.572000+00:00,,2026-08-09T13:37:41.572000+00:00,,3,Mahaweli Ganga,Thaldena,43248bf8-5227-4483-ba58-9d6f43f86699,5,4,1471975,0,0.1
2026-08-09T13:37:25.807000+00:00,,2026-08-09T13:37:25.807000+00:00,,15,Kelani Ganga,Glencourse,d094daee-72e5-4f23-b478-45d5d2a446d4,19,15.5,1471974,0,10.69
2026-08-09T13:36:42.724000+00:00,,2026-08-09T13:36:42.724000+00:00,,5,Nilwala Ganga,Panadugama,8b9b4f4a-581e-4f56-a001-906b216794d1,7.5,6,1471973,0,3.69
2026-08-09T13:36:01.610000+00:00,,2026-08-09T13:36:01.610000+00:00,,5,Maha Oya,Badalgama,8a58317e-a0b8-4caf-be41-e7b53ebe4abd,9.6,6.2,1471972,0,2.08
2026-08-09T13:35:17.509000+00:00,,2026-08-09T13:35:17.509000+00:00,,4,Menik Ganga,Katharagama,1089adc4-6609-4128-8e92-c42edd87de2a,6.5,4.6,1471971,0,-0.2
2026-08-09T13:35:13.137000+00:00,,2026-08-09T13:35:13.137000+00:00,,4.4,Kirindi Oya,Wellawaya,1455acbe-546b-4354-b5b0-a88445195c1b,5.9,5.4,1471970,0,0.79
2026-08-09T13:35:11.797000+00:00,,2026-08-09T13:35:11.797000+00:00,,3,Mahaweli Ganga,Manampitiya,6e77533e-4064-4a60-8fe8-6eef6c56d4b6,6,4.3,1471969,0,-0.11
2026-08-09T13:35:02.359000+00:00,,2026-08-09T13:35:02.359000+00:00,,5,Mahaweli Ganga,Peradeniya,3a7990ea-79e8-422a-a338-eed7fe243abb,9,7,1471968,0,3.77
2026-08-09T13:34:51.561000+00:00,,2026-08-09T13:34:51.561000+00:00,,6.5,Kelani Ganga,Hanwella,297a6c35-28bd-4fa6-bb0e-a9105f279026,9.5,7.5,1471967,0,2.16
2026-08-09T13:34:47.590000+00:00,,2026-08-09T13:34:47.590000+00:00,,5.5,Maha Oya,Giriulla,8780ff6e-ecfa-471a-91a9-7d4de29b2441,7.5,6.5,1471966,0,1.01
2026-08-09T13:34:44.017000+00:00,,2026-08-09T13:34:44.017000+00:00,,1.4,Nilwala Ganga,Thalgahagoda,e6c3736e-cd15-4425-8f2f-f6dec3acb1c3,2.8,1.7,1471965,0,0.82
2026-08-09T13:34:12.142000+00:00,,2026-08-09T13:34:12.142000+00:00,,4.8,Kelani Ganga,Deraniyagala,2f8e4759-cf71-4ad4-ad58-0e7b5afc14c3,7,5.8,1471964,0,1.67
2026-08-09T13:33:53.781000+00:00,,2026-08-09T13:33:53.781000+00:00,,3,Kelani Ganga,Holombuwa,007caefc-772e-4e03-8444-78cbda761f5c,5,3.4,1471963,0,0.55
2026-08-09T13:33:44.220000+00:00,,2026-08-09T13:33:44.220000+00:00,,2.5,Nilwala Ganga,Urawa,094b78d5-8167-484e-8d66-7635239cb73e,6,4,1471962,0,0.26
2026-08-09T13:33:37.980000+00:00,,2026-08-09T13:33:37.980000+00:00,,10,Kalu Ganga,Ellagawa,8d0bf255-e01c-4fbd-a157-a49a2eaaf699,12.2,10.7,1471961,0.4,5.77
2026-08-09T13:32:48.610000+00:00,,2026-08-09T13:32:48.610000+00:00,,4,Kelani Ganga,Nagalagam Street,22184ee8-eb23-4169-b8ff-988deaef81b5,7,5,1471960,0,1
2026-08-09T13:32:32.713000+00:00,,2026-08-09T13:32:32.713000+00:00,,3.5,Gin Ganga,Baddegama,56698c41-8971-4063-b960-9a558257732f,5,4,1471959,0,2.32
2026-08-09T13:32:29.322000+00:00,,2026-08-09T13:32:29.322000+00:00,,3.3,Aththanagalu Oya,Dunamale,42ca51e2-b4a8-4e4f-b84f-9c3006bdd385,5.5,4.4,1471958,0,0.68
2026-08-09T13:32:23.998000+00:00,,2026-08-09T13:32:23.998000+00:00,,4,Gin Ganga,Thawalama,6b158de7-296c-4654-8f80-2e1589adc229,7.5,6,1471957,0,1.86
2026-08-09T13:32:13.442000+00:00,,2026-08-09T13:32:13.442000+00:00,,4,Nilwala Ganga,Pitabeddara,c789cce9-3473-44d9-a129-a654a1cd8774,6.5,5,1471956,0,0.86
2026-08-09T13:31:48.222000+00:00,,2026-08-09T13:31:48.222000+00:00,,6.9,Kirindi Oya,Kuda Oya,4dc4c883-fc7c-47dc-98e8-a9f56a9baacf,8.8,8.4,1471955,0,0.93
2026-08-09T13:31:47.410000+00:00,,2026-08-09T13:31:47.410000+00:00,,4.5,Heda Oya,Siyambalanduwa,766ee2ee-3933-4ba0-b68d-27328c878da5,7,6,1471954,0,0.17
2026-08-09T13:31:26.731000+00:00,,2026-08-09T13:31:26.731000+00:00,,4,Maduru Oya,Padiyathalawa,155f538d-b057-4119-b6ce-e539daa5e200,6,4.5,1471953,0,0.05
2026-08-09T13:31:02.552000+00:00,,2026-08-09T13:31:02.552000+00:00,,3,Walawe Ganga,Moraketiya,f71a917e-ed46-4699-82c0-37243e8a4a68,7,5,1471952,0,0.78
2026-08-09T13:31:01.727000+00:00,,2026-08-09T13:31:01.727000+00:00,,4,Kirindi Oya,Thanamalwila,724843e2-cdc6-4701-878c-2663caadbafd,5.5,5,1471951,0,0.47
2026-08-09T13:30:59.704000+00:00,,2026-08-09T13:30:59.704000+00:00,,,Gal Oya,Ampara,73f59c0b-b98d-4e6d-8441-b1a651d7a2f4,,,1471950,0,0
2026-08-09T13:30:55.649000+00:00,,2026-08-09T13:30:55.649000+00:00,,1.5,Kelani Ganga,Norwood,490a8abb-196d-44a6-bdf7-a78af447fb81,4.5,3,1471949,0,1.03
2026-08-09T13:30:21.351000+00:00,,2026-08-09T13:30:21.351000+00:00,,3.5,Mahaweli Ganga,Nawalapitiya,6b02aaf8-e976-4bab-9e39-dce174c54988,6,5,1471948,0.3,2.28
2026-08-09T13:30:11.668000+00:00,,2026-08-09T13:30:11.668000+00:00,,5,Kumbukkan Oya,Nakkala,1c7a9831-eb31-431a-a2a9-7f905c184d1b,7.5,6,1471947,0,0.57
2026-08-09T13:30:11.169000+00:00,,2026-08-09T13:30:11.169000+00:00,,6,Yan Oya,Horowpothana,464636f3-9f76-418e-9dc0-a5feadfa2863,10.5,7.5,1471946,0,1.69
2026-08-09T12:44:07.732000+00:00,,2026-08-09T12:44:07.732000+00:00,,6,Yan Oya,Horowpothana,6e901e7d-b736-4de1-80e1-9cb97eecb2ae,10.5,7.5,1471945,0,1.69
2026-08-09T12:41:43.392000+00:00,,2026-08-09T12:41:43.392000+00:00,,3.5,Gin Ganga,Baddegama,9d09132f-d3aa-441e-b79c-7d81f6cf8a4f,5,4,1471944,0,2.35
2026-08-09T12:40:53.021000+00:00,,2026-08-09T12:40:53.021000+00:00,,2.5,Nilwala Ganga,Urawa,cbdbab67-e756-411f-b5cf-afe7948d77f1,6,4,1471943,6.61,0.26
2026-08-09T12:38:40.597000+00:00,,2026-08-09T12:38:40.597000+00:00,,4,Gin Ganga,Thawalama,579e5518-363a-4a5f-bb8f-bfa23eb21efc,7.5,6,1471942,0.5,1.84
2026-08-09T12:37:11.777000+00:00,,2026-08-09T12:37:11.777000+00:00,,3,Kelani Ganga,Holombuwa,eede9aa2-7cdc-4bbf-9496-5473392328f6,5,3.4,1471941,0,0.45
2026-08-09T12:36:47.641000+00:00,,2026-08-09T12:36:47.641000+00:00,,6.9,Kirindi Oya,Kuda Oya,915fbe24-9daf-4cb5-bde8-d96bb901d7a7,8.8,8.4,1471940,0,0.93
2026-08-09T12:36:46.043000+00:00,,2026-08-09T12:36:46.043000+00:00,,6.9,Kirindi Oya,Kuda Oya,a3d29aa6-dcf0-4fbe-a44d-df8299247acf,8.8,8.4,1471939,0,0.93
2026-08-09T12:36:44.303000+00:00,,2026-08-09T12:36:44.303000+00:00,,6.9,Kirindi Oya,Kuda Oya,afa5b920-a399-4278-b164-47e77ef8fc39,8.8,8.4,1471938,0,0.93
2026-08-09T12:36:03.458000+00:00,,2026-08-09T12:36:03.458000+00:00,,15,Kelani Ganga,Glencourse,1febf3f9-6bd9-42a4-aa53-88c0c460d3af,19,15.5,1471937,0,10.67
2026-08-09T12:35:32.836000+00:00,,2026-08-09T12:35:32.836000+00:00,,4,Maduru Oya,Padiyathalawa,9d425963-9c54-4a97-b175-64e784fc4306,6,4.5,1471936,0,0.05
2026-08-09T12:35:30.388000+00:00,,2026-08-09T12:35:30.388000+00:00,,5.2,Kalu Ganga,Rathnapura,81465911-c5a2-44f2-bfd2-b049bd316720,9.5,7.5,1471935,0,2.86
2026-08-09T12:34:57.897000+00:00,,2026-08-09T12:34:57.897000+00:00,,3.3,Aththanagalu Oya,Dunamale,5c22954c-9699-4ea3-8061-9bc60d2df74f,5.5,4.4,1471934,0,0.66
2026-08-09T12:34:55.809000+00:00,,2026-08-09T12:34:55.809000+00:00,,3,Mahaweli Ganga,Thaldena,31d314b0-4179-46bf-bf89-4b237360b148,5,4,1471933,0,0.1
2026-08-09T12:34:48.417000+00:00,,2026-08-09T12:34:48.417000+00:00,,5,Maha Oya,Badalgama,981adc7b-5549-4921-b3ee-e35c0c658867,9.6,6.2,1471931,0,2.08
2026-08-09T12:34:48.410000+00:00,,2026-08-09T12:34:48.410000+00:00,,4.8,Kelani Ganga,Deraniyagala,9184c408-2f5a-4576-bef2-071ada5377f8,7,5.8,1471932,0,1.7
2026-08-09T12:34:42.634000+00:00,,2026-08-09T12:34:42.634000+00:00,,5.5,Maha Oya,Giriulla,c548e4c9-cd55-4cd6-bc19-6af3fa974132,7.5,6.5,1471930,0,1.02
2026-08-09T12:34:17.900000+00:00,,2026-08-09T12:34:17.900000+00:00,,5,Nilwala Ganga,Panadugama,c59eec16-58ea-4335-8066-5bf21bc28cec,7.5,6,1471929,0,3.71
2026-08-09T12:33:48.224000+00:00,,2026-08-09T12:33:48.224000+00:00,,4,Kelani Ganga,Nagalagam Street,de2e4f1a-92b4-4af2-90e4-8303c0ea4763,7,5,1471928,0,1.2
2026-08-09T12:33:43.134000+00:00,,2026-08-09T12:33:43.134000+00:00,,4.84,Mee Oya,Galgamuwa,9db8d183-1b76-4fb7-b220-fec964016630,8,5.94,1471927,0,0.01
2026-08-09T12:33:40.243000+00:00,,2026-08-09T12:33:40.243000+00:00,,4,Menik Ganga,Katharagama,e2747949-9f2a-4113-bd85-e041641fda8a,6.5,4.6,1471926,0,-0.2
2026-08-09T12:33:39.507000+00:00,,2026-08-09T12:33:39.507000+00:00,,6.5,Kelani Ganga,Hanwella,3647f6c1-1996-4f87-a417-13ef48f71b90,9.5,7.5,1471925,0,2.16
2026-08-09T12:33:17.872000+00:00,,2026-08-09T12:33:17.872000+00:00,,4.4,Kirindi Oya,Wellawaya,62819e7e-3c6a-4e4c-adda-b4a887511fdb,5.9,5.4,1471924,0,0.79
2026-08-09T12:33:01.341000+00:00,,2026-08-09T12:33:01.341000+00:00,,3,Mahaweli Ganga,Manampitiya,7aa025e9-428e-41a0-a072-c2c3c424417f,6,4.3,1471923,0,-0.12
2026-08-09T12:32:59.352000+00:00,,2026-08-09T12:32:59.352000+00:00,,4,Ma Oya,Yaka Wewa,072d37eb-eea2-441e-b14c-7503d26f8bee,6,5,1471922,0,0.41
2026-08-09T12:32:57.075000+00:00,,2026-08-09T12:32:57.075000+00:00,,5,Kalu Ganga,Kalawellawa (Millakanda),3025686f-4865-459c-ad24-e1ee4e590f54,8,6.5,1471921,0,2.56
2026-08-09T12:32:51.969000+00:00,,2026-08-09T12:32:51.969000+00:00,,,Gal Oya,Ampara,e5bab202-911f-48cf-89a6-fc1a3f4a0edf,,,1471920,0,0
2026-08-09T12:32:49.261000+00:00,,2026-08-09T12:32:49.261000+00:00,,3,Walawe Ganga,Moraketiya,ce27f183-5bc5-47eb-908a-321e79a7a80a,7,5,1471919,0,0.78
2026-08-09T12:32:40.599000+00:00,,2026-08-09T12:32:40.599000+00:00,,1.5,Kelani Ganga,Norwood,ca1323de-e277-49b5-8b75-0784a18d9b65,4.5,3,1471918,0.5,1.03
2026-08-09T12:32:37.144000+00:00,,2026-08-09T12:32:37.144000+00:00,,4.75,Deduru Oya,Moragaswewa,19d698f5-57bb-410a-8da2-a58077c7bb93,7,6,1471917,0,0
2026-08-09T12:32:25.642000+00:00,,2026-08-09T12:32:25.642000+00:00,,5,Mahaweli Ganga,Weraganthota,185b5469-79f9-4b8b-8ad5-8f0a917aae45,8,6,1471916,0,-3.3
2026-08-09T12:32:23.074000+00:00,,2026-08-09T12:32:23.074000+00:00,,4.5,Heda Oya,Siyambalanduwa,c5378399-a0ff-459b-b645-f07a0b7b90c9,7,6,1471915,0,0.17
2026-08-09T12:32:12.272000+00:00,,2026-08-09T12:32:12.272000+00:00,,10,Kalu Ganga,Ellagawa,769bdb1e-91ea-45a0-b21a-570947c04995,12.2,10.7,1471914,0.6,5.73
2026-08-09T12:31:55.905000+00:00,,2026-08-09T12:31:55.905000+00:00,,3.5,Mahaweli Ganga,Nawalapitiya,6074b3d0-e5fe-444d-983f-a56bfd0107c9,6,5,1471913,1.3,2.24
2026-08-09T12:31:53.193000+00:00,,2026-08-09T12:31:53.193000+00:00,,4,Kirindi Oya,Thanamalwila,1664ff6c-6b16-4e48-a835-c018296986cd,5.5,5,1471912,0,0.47
2026-08-09T12:31:49.061000+00:00,,2026-08-09T12:31:49.061000+00:00,,5,Mahaweli Ganga,Peradeniya,c5e04f09-73a9-4b02-858e-5cc4e30deee9,9,7,1471911,0,3.68
2026-08-09T12:31:40.172000+00:00,,2026-08-09T12:31:40.172000+00:00,,4,Kalu Ganga,Magura,a230500a-496b-43a6-beca-9bc815e7d290,7.5,6,1471910,0,1.76
2026-08-09T12:31:38.673000+00:00,,2026-08-09T12:31:38.673000+00:00,,5,Kumbukkan Oya,Nakkala,a0741416-6290-4644-a472-8eeaa24b8671,7.5,6,1471909,0,0.58
2026-08-09T12:31:36.501000+00:00,,2026-08-09T12:31:36.501000+00:00,,5,Malwathu Oya,Thanthirimale,9f895c65-c5fc-4625-8fc1-069a45fc8839,7.8,6.8,1471908,0,0.7
2026-08-09T12:31:25.593000+00:00,,2026-08-09T12:31:25.593000+00:00,,4,Nilwala Ganga,Pitabeddara,3f65a9bc-2d4e-4788-beab-bd5a170712de,6.5,5,1471907,4.2,0.86
2026-08-09T12:31:22.546000+00:00,,2026-08-09T12:31:22.546000+00:00,,3,Kelani Ganga,Kithulgala,9304496a-01d6-4ccc-8645-6ad6e31bd7ea,6,4,1471906,0,2.1
2026-08-09T12:30:51.971000+00:00,,2026-08-09T12:30:51.971000+00:00,,1.4,Nilwala Ganga,Thalgahagoda,b943b3fb-a1c6-4048-ad8c-e04e43df17a9,2.8,1.7,1471905,0,0.83
2026-08-09T12:30:09.744000+00:00,,2026-08-09T12:30:09.744000+00:00,,3,Kalu Ganga,Putupaula,35cd6c10-4aaa-46bf-9b3b-403b53ce4e38,5,4,1471904,0,0.7
2026-08-09T11:42:48.636000+00:00,,2026-08-09T11:42:48.636000+00:00,,4,Kalu Ganga,Magura,4c56278e-1e64-499b-8d5e-ad8ac5b64d3e,7.5,6,1471903,0,1.8
2026-08-09T11:42:09.944000+00:00,,2026-08-09T11:42:09.944000+00:00,,5,Nilwala Ganga,Panadugama,7a88f318-4842-40ce-9811-bfbf419baf0c,7.5,6,1471902,7.6,3.74
2026-08-09T11:41:40.913000+00:00,,2026-08-09T11:41:40.913000+00:00,,1.4,Nilwala Ganga,Thalgahagoda,c000169b-b6af-495f-99f3-44a75e07e63f,2.8,1.7,1471901,0,0.85
2026-08-09T11:40:44.766000+00:00,,2026-08-09T11:40:44.766000+00:00,,5,Kalu Ganga,Kalawellawa (Millakanda),cd0789b4-060a-4642-b1f4-62b88299356d,8,6.5,1471900,2,2.61
2026-08-09T11:37:35.744000+00:00,,2026-08-09T11:37:35.744000+00:00,,3.3,Aththanagalu Oya,Dunamale,ad1d6470-6dc7-48ce-9091-33f0d6327ac9,5.5,4.4,1471899,0,0.66
2026-08-09T11:37:13.356000+00:00,,2026-08-09T11:37:13.356000+00:00,,3.5,Gin Ganga,Baddegama,ed30658d-f920-4f02-977b-73d4e501c18c,5,4,1471898,0,2.35
2026-08-09T11:36:52.897000+00:00,,2026-08-09T11:36:52.897000+00:00,,4,Kirindi Oya,Thanamalwila,12639ccf-3225-4499-aa87-9ac1ba93d3a9,5.5,5,1471897,0,0.48
2026-08-09T11:36:46.112000+00:00,,2026-08-09T11:36:46.112000+00:00,,4,Nilwala Ganga,Pitabeddara,05e118c1-2cc9-4034-8335-f32bd3442e70,6.5,5,1471896,0,0.86
2026-08-09T11:36:38.207000+00:00,,2026-08-09T11:36:38.207000+00:00,,3,Kelani Ganga,Holombuwa,0d087d14-a36c-434a-ae25-4c4ba91c7ae4,5,3.4,1471895,0,0.43
2026-08-09T11:36:33.568000+00:00,,2026-08-09T11:36:33.568000+00:00,,5.5,Maha Oya,Giriulla,e1c65acd-2e41-4261-9ba5-c57502bfacc9,7.5,6.5,1471894,0,1.02
2026-08-09T11:36:06.314000+00:00,,2026-08-09T11:36:06.314000+00:00,,5,Maha Oya,Badalgama,86fee70f-8d40-4f6f-b627-34d420b1ae6d,9.6,6.2,1471893,0,2.08
2026-08-09T11:35:39.838000+00:00,,2026-08-09T11:35:39.838000+00:00,,3,Walawe Ganga,Moraketiya,5edb1353-bb1a-4440-bc10-86365267967c,7,5,1471892,0,0.78
2026-08-09T11:35:13.627000+00:00,,2026-08-09T11:35:13.627000+00:00,,3,Kalu Ganga,Putupaula,b61d4640-1710-4911-b966-6efa47e985e3,5,4,1471891,0.8,0.75
2026-08-09T11:34:51.705000+00:00,,2026-08-10T07:26:42.955000+00:00,IEHydrology,,Gal Oya,Ampara,615bb08d-d608-4451-ac70-ca1a60a69e40,,,1471890,3.7,0
2026-08-09T11:34:16.879000+00:00,,2026-08-09T11:34:16.879000+00:00,,4,Gin Ganga,Thawalama,08032492-3a99-4c04-b80e-d6f8e9000eaa,7.5,6,1471889,0.5,1.87
2026-08-09T11:34:12.036000+00:00,,2026-08-09T11:34:12.036000+00:00,,4,Menik Ganga,Katharagama,4d608bb6-055c-483c-8a7a-36398e171a69,6.5,4.6,1471888,0,-0.2
2026-08-09T11:33:57.845000+00:00,,2026-08-09T11:33:57.845000+00:00,,4.8,Kelani Ganga,Deraniyagala,e153b25a-6aea-4ccb-b6f2-70beb3adcbb3,7,5.8,1471887,0,1.66
2026-08-09T11:33:53.642000+00:00,,2026-08-09T11:33:53.642000+00:00,,3,Mahaweli Ganga,Thaldena,1d00f09c-3bb9-4e3c-bf71-dfa2974dab43,5,4,1471886,0,0.1
2026-08-09T11:33:44.471000+00:00,,2026-08-09T11:33:44.471000+00:00,,1.5,Kelani Ganga,Norwood,241951ea-26d8-48a0-b754-49bd51e7251f,4.5,3,1471885,1.3,1.04
2026-08-09T11:33:43.944000+00:00,,2026-08-09T11:33:43.944000+00:00,,6.5,Kelani Ganga,Hanwella,f6277df5-0749-4539-b035-3dce8d75889e,9.5,7.5,1471884,0,2.16
2026-08-09T11:33:37.807000+00:00,,2026-08-09T11:33:37.807000+00:00,,2.5,Nilwala Ganga,Urawa,17f8825a-77f8-416b-ba9b-fb93fe80f48e,6,4,1471883,0,0.26
2026-08-09T11:33:29.029000+00:00,,2026-08-09T11:33:29.029000+00:00,,3,Kelani Ganga,Kithulgala,0c916817-c310-4844-877e-e1a9cf26f6ab,6,4,1471882,1.5,2.1
2026-08-09T11:33:20.747000+00:00,,2026-08-09T11:33:20.747000+00:00,,5.2,Kalu Ganga,Rathnapura,43608efa-f93c-4529-9565-1821bebbf3c2,9.5,7.5,1471881,4.8,2.62
2026-08-09T11:32:57.792000+00:00,,2026-08-09T11:32:57.792000+00:00,,4.84,Mee Oya,Galgamuwa,0f1c4be4-cd5c-44bc-9ccc-1d6a6253b2f4,8,5.94,1471880,0,0.01
2026-08-09T11:32:54.696000+00:00,,2026-08-09T11:32:54.696000+00:00,,5,Malwathu Oya,Thanthirimale,484cb6ba-87f7-4ca2-adac-ca6447a40a69,7.8,6.8,1471879,0,0.69
2026-08-09T11:32:52.285000+00:00,,2026-08-09T11:32:52.285000+00:00,,10,Kalu Ganga,Ellagawa,90b8dd9c-57bf-4e83-ae75-6d8ae5d24fe6,12.2,10.7,1471878,0,5.75
2026-08-09T11:32:37.451000+00:00,,2026-08-09T11:32:37.451000+00:00,,5,Mahaweli Ganga,Peradeniya,e8bf9278-ad54-455a-90b6-ced59fd2c802,9,7,1471877,0,3.61
2026-08-09T11:32:26.059000+00:00,,2026-08-09T11:32:26.059000+00:00,,4,Maduru Oya,Padiyathalawa,8c482397-c7e5-4e8b-a84b-69719a9bb12c,6,4.5,1471876,0,0.05
2026-08-09T11:32:21.023000+00:00,,2026-08-09T11:32:21.023000+00:00,,3.5,Mahaweli Ganga,Nawalapitiya,e4de3f06-6969-4dee-a97e-a85ec62bff4a,6,5,1471875,0,2.2
2026-08-09T11:32:20.417000+00:00,,2026-08-09T11:32:20.417000+00:00,,5,Kumbukkan Oya,Nakkala,c86db9a5-a6b5-4e34-aec6-714ae00fba06,7.5,6,1471874,0,0.58
2026-08-09T11:32:17.877000+00:00,,2026-08-09T11:32:17.877000+00:00,,5,Mahaweli Ganga,Weraganthota,be7f9014-78a2-4b8f-9fbd-965c22f52694,8,6,1471873,0,-3.26
2026-08-09T11:31:46.843000+00:00,,2026-08-09T11:31:46.843000+00:00,,4,Ma Oya,Yaka Wewa,6e2eb87f-0888-4f46-a1d2-b3130ec85224,6,5,1471872,0,0.41
2026-08-09T11:31:43.460000+00:00,,2026-08-09T11:31:43.460000+00:00,,4.5,Heda Oya,Siyambalanduwa,17dfd06a-fb84-4668-8408-245eea9d4109,7,6,1471871,0,0.16
2026-08-09T11:31:37.214000+00:00,,2026-08-09T11:31:37.214000+00:00,,4,Kelani Ganga,Nagalagam Street,f8f1db5a-44c4-4985-8954-022940a64416,7,5,1471870,0,1.4
2026-08-09T11:31:31.448000+00:00,,2026-08-09T11:31:31.448000+00:00,,15,Kelani Ganga,Glencourse,2f4b9b1a-7b36-4ed1-9967-760a9c51327c,19,15.5,1471869,0,10.65
2026-08-09T11:31:29.027000+00:00,,2026-08-09T11:31:29.027000+00:00,,6,Yan Oya,Horowpothana,731e031f-1912-4416-9012-5e797250718c,10.5,7.5,1471868,0,1.69
2026-08-09T11:31:19.483000+00:00,,2026-08-09T11:31:19.483000+00:00,,4.4,Kirindi Oya,Wellawaya,afcc4335-8cf1-4eba-8c9b-c95d0cffd18d,5.9,5.4,1471867,0,0.8
2026-08-09T11:31:17.094000+00:00,,2026-08-09T11:31:17.094000+00:00,,3,Mahaweli Ganga,Manampitiya,005e9d0a-2c9c-4ae8-9cd6-4ae9cfc3a31e,6,4.3,1471866,0,-0.13
2026-08-09T11:31:07.384000+00:00,,2026-08-09T11:31:07.384000+00:00,,4.75,Deduru Oya,Moragaswewa,f6da3aef-ac70-4b91-95fa-8498fbbed766,7,6,1471865,0,0.01
2026-08-09T11:02:04.684000+00:00,,2026-08-09T11:02:04.684000+00:00,,1.4,Nilwala Ganga,Thalgahagoda,e096108e-1888-4b97-b9fe-e7d7cbd28486,2.8,1.7,1471864,0,0.85
2026-08-09T10:58:03.697000+00:00,,2026-08-09T10:58:03.697000+00:00,,4.75,Deduru Oya,Moragaswewa,7b3bf4c1-8819-4fee-b3d1-e8e3621ee166,7,6,1471863,0,0.01
2026-08-09T10:58:03.582000+00:00,,2026-08-09T10:58:03.582000+00:00,,3,Mahaweli Ganga,Manampitiya,ab5f83b7-8f79-4398-9080-07b2339a01bb,6,4.3,1471862,0,-0.14
2026-08-09T10:50:51.271000+00:00,,2026-08-09T10:50:51.271000+00:00,,2.5,Nilwala Ganga,Urawa,cdebfe25-18e3-4c97-bf3f-680e323b9235,6,4,1471861,4.3,0.26
2026-08-09T10:47:21.203000+00:00,,2026-08-09T10:47:21.203000+00:00,,5.5,Maha Oya,Giriulla,4460d847-e2ef-49ef-933f-2c5a0df3032d,7.5,6.5,1471860,0,1.02
2026-08-09T10:42:42.282000+00:00,,2026-08-09T10:42:42.282000+00:00,,5,Mahaweli Ganga,Peradeniya,fee876c0-fec1-4318-aa5d-be0cbd8d45e7,9,7,1471859,0,3.63
2026-08-09T10:37:59.856000+00:00,,2026-08-09T10:37:59.856000+00:00,,5,Maha Oya,Badalgama,cedb4c5c-fe52-411c-97a0-a1ff3c0cfc09,9.6,6.2,1471858,0,2.08
2026-08-09T10:37:27.744000+00:00,,2026-08-09T10:37:27.744000+00:00,,3,Kelani Ganga,Holombuwa,25341649-1dfd-4c62-9860-f1bebeacc78d,5,3.4,1471857,0,0.44
2026-08-09T10:37:24.378000+00:00,,2026-08-09T10:37:24.378000+00:00,,5.2,Kalu Ganga,Rathnapura,598a3af5-adf1-420b-ad74-988de87177f4,9.5,7.5,1471856,0,2.39
2026-08-09T10:36:39.112000+00:00,,2026-08-09T10:36:39.112000+00:00,,4.84,Mee Oya,Galgamuwa,c0d485e1-8712-4e63-8e96-6d1c6d78bc84,8,5.94,1471855,0,0.01
2026-08-09T10:36:00.338000+00:00,,2026-08-09T10:36:00.338000+00:00,,15,Kelani Ganga,Glencourse,29a82726-995d-4122-b831-600fe53a0cfc,19,15.5,1471854,0,10.65
2026-08-09T10:35:57.319000+00:00,,2026-08-09T10:35:57.319000+00:00,,4,Nilwala Ganga,Pitabeddara,74625e1d-6487-4634-92cf-5328ca02b5a5,6.5,5,1471853,0,0.87
2026-08-09T10:35:53.837000+00:00,,2026-08-09T10:35:53.837000+00:00,,3,Walawe Ganga,Moraketiya,6460422a-a807-419e-9ab8-6df34b20dad0,7,5,1471852,0,0.78
2026-08-09T10:35:10.482000+00:00,,2026-08-09T10:35:10.482000+00:00,,5,Kalu Ganga,Kalawellawa (Millakanda),4b775443-ccfc-4890-96d0-6dc4ed866fa6,8,6.5,1471851,0,2.66
2026-08-09T10:34:54.278000+00:00,,2026-08-09T10:34:54.278000+00:00,,4.8,Kelani Ganga,Deraniyagala,245b3ce0-9c1d-43ac-aba1-c0df45de3827,7,5.8,1471850,0,1.51
2026-08-09T10:34:50.842000+00:00,,2026-08-09T10:34:50.842000+00:00,,4,Kalu Ganga,Magura,75d75a95-969b-41fa-97a2-b3ae7e7037ac,7.5,6,1471849,0,1.82
2026-08-09T10:34:43.012000+00:00,,2026-08-09T10:34:43.012000+00:00,,4,Gin Ganga,Thawalama,7a763123-8c6f-4ce9-9e83-c21cf79e3b5d,7.5,6,1471848,0,1.9
2026-08-09T10:34:40.735000+00:00,,2026-08-09T10:34:40.735000+00:00,,1.5,Kelani Ganga,Norwood,49d12642-75fa-4b9b-b0e3-2183a7044346,4.5,3,1471847,2.1,1.03
2026-08-09T10:34:31.550000+00:00,,2026-08-09T10:34:31.550000+00:00,,4,Kirindi Oya,Thanamalwila,3d3958b9-14a5-434c-a219-20fa6f777ac1,5.5,5,1471846,0,0.48
2026-08-09T10:34:26.321000+00:00,,2026-08-09T10:34:26.321000+00:00,,3.5,Gin Ganga,Baddegama,e79bf44e-9024-44f3-8545-59607f2cceb0,5,4,1471845,0,2.35
2026-08-09T10:33:38.206000+00:00,,2026-08-09T10:33:38.206000+00:00,,4,Menik Ganga,Katharagama,fcd2dd25-eb33-4c39-80d2-5bfa9ca8afac,6.5,4.6,1471844,0,-0.2
2026-08-09T10:33:22.855000+00:00,,2026-08-09T10:33:22.855000+00:00,,6.5,Kelani Ganga,Hanwella,aad89b00-a4a9-4237-86e4-f1f89baeb2f2,9.5,7.5,1471843,0,2.17
2026-08-09T10:33:16.269000+00:00,,2026-08-09T10:33:16.269000+00:00,,3.5,Mahaweli Ganga,Nawalapitiya,9ed5d3b2-0600-45f9-83e0-f7b0e4fc6391,6,5,1471842,3.8,2.22
2026-08-09T10:33:13.588000+00:00,,2026-08-09T10:33:13.588000+00:00,,3,Kalu Ganga,Putupaula,dc5110d6-d3c9-4ac0-a4ce-7520fef82f8a,5,4,1471841,0,0.78
2026-08-09T10:32:56.066000+00:00,,2026-08-09T10:32:56.066000+00:00,,6.9,Kirindi Oya,Kuda Oya,06d5ea74-fa1d-4bc0-a5f1-07db21d617b9,8.8,8.4,1471840,0,0.94
2026-08-09T10:32:45.763000+00:00,,2026-08-09T10:32:45.763000+00:00,,3.3,Aththanagalu Oya,Dunamale,64b4f72d-bc08-471c-a4de-55e498eaf2bc,5.5,4.4,1471839,0,0.66
2026-08-09T10:32:27.888000+00:00,,2026-08-09T10:32:27.888000+00:00,,6.9,Kirindi Oya,Kuda Oya,7b56a9b7-6653-4641-ae5e-245fec4d1468,8.8,8.4,1471838,0,0.94
2026-08-09T10:32:24.407000+00:00,,2026-08-09T10:32:24.407000+00:00,,4,Kelani Ganga,Nagalagam Street,8dfe6ec1-4d4f-461f-b540-5aa476adbe64,7,5,1471837,0,1.6
2026-08-09T10:32:21.247000+00:00,,2026-08-09T10:32:21.247000+00:00,,4,Ma Oya,Yaka Wewa,bbfc1aa8-fc4c-4325-a7fc-4e6a82aee9d7,6,5,1471836,0,0.41
2026-08-09T10:32:09.188000+00:00,,2026-08-09T10:32:09.188000+00:00,,,Gal Oya,Ampara,622389f7-b5c6-4335-a3ca-78357c0f409b,,,1471835,23,0
2026-08-09T10:31:56.583000+00:00,,2026-08-09T10:31:56.583000+00:00,,4.4,Kirindi Oya,Wellawaya,e1dd86fa-ef2b-4f20-9f8e-59b61814b575,5.9,5.4,1471834,0,0.8
2026-08-09T10:31:52.877000+00:00,,2026-08-09T10:31:52.877000+00:00,,5,Kumbukkan Oya,Nakkala,de0992b9-3ce6-4f7d-aae0-7c463e8e5ea9,7.5,6,1471833,0,0.58
2026-08-09T10:31:47.137000+00:00,,2026-08-09T10:31:47.137000+00:00,,10,Kalu Ganga,Ellagawa,cb80d38e-f3fb-4301-bf38-a307e5e8b83b,12.2,10.7,1471832,2.4,5.78
2026-08-09T10:31:46.329000+00:00,,2026-08-09T10:31:46.329000+00:00,,3,Mahaweli Ganga,Thaldena,d78501c4-35f3-4064-a3b0-95e7d7de54b6,5,4,1471831,0,0.11
2026-08-09T10:31:42.980000+00:00,,2026-08-09T10:31:42.980000+00:00,,4,Maduru Oya,Padiyathalawa,898e3c2e-bf1f-405f-be4a-7fdeb34dcf6e,6,4.5,1471830,0,0.05
2026-08-09T10:31:23.583000+00:00,,2026-08-09T10:31:23.583000+00:00,,5,Nilwala Ganga,Panadugama,977a9390-8928-4a81-a44a-7ccd488a3b08,7.5,6,1471829,0.6,3.79
2026-08-09T10:31:21.970000+00:00,,2026-08-09T10:31:21.970000+00:00,,3,Kelani Ganga,Kithulgala,0ffd1795-e95b-4290-858b-4c56ca1c5b5c,6,4,1471828,0.5,1.93
2026-08-09T10:31:21.462000+00:00,,2026-08-09T10:31:21.462000+00:00,,5,Mahaweli Ganga,Weraganthota,ef2f70d6-af25-4c1b-9b04-603a41234d25,8,6,1471827,0,-3.21
2026-08-09T10:31:15.228000+00:00,,2026-08-09T10:31:15.228000+00:00,,5,Malwathu Oya,Thanthirimale,65ab0308-a6c3-433f-8db1-6fc4d9561571,7.8,6.8,1471826,0,0.69
2026-08-09T10:30:41.880000+00:00,,2026-08-09T10:30:41.880000+00:00,,6,Yan Oya,Horowpothana,650ba35c-d531-4aa6-897d-0421a341dc9f,10.5,7.5,1471825,0,1.69
2026-08-09T10:30:08.234000+00:00,,2026-08-09T10:30:08.234000+00:00,,4.5,Heda Oya,Siyambalanduwa,e9be6240-e643-4b3d-ae43-3a6d8fd7e319,7,6,1471824,0,0.16
2026-08-09T09:48:22.339000+00:00,,2026-08-09T09:48:22.339000+00:00,,6,Yan Oya,Horowpothana,8523f894-6789-4746-8754-ea8d08daf1dd,10.5,7.5,1471823,0,1.69
2026-08-09T09:42:40.848000+00:00,,2026-08-09T09:42:40.848000+00:00,,4,Gin Ganga,Thawalama,93e19609-a025-4554-aa53-d605134583f9,7.5,6,1471822,3.7,1.9
2026-08-09T09:41:59.809000+00:00,,2026-08-09T09:41:59.809000+00:00,,1.4,Nilwala Ganga,Thalgahagoda,cc796119-259a-4bef-a4c8-afd2720e0302,2.8,1.7,1471821,0,0.85
2026-08-09T09:40:56.134000+00:00,,2026-08-09T09:40:56.134000+00:00,,3.5,Gin Ganga,Baddegama,d9544877-b7c2-4750-9f75-0a33490322a3,5,4,1471820,0,2.35
2026-08-09T09:38:47.924000+00:00,,2026-08-09T09:38:47.924000+00:00,,4,Kalu Ganga,Magura,c542628f-ca19-4fad-bab1-4609f8235eb5,7.5,6,1471819,0,1.81
2026-08-09T09:37:45.658000+00:00,,2026-08-09T09:37:45.658000+00:00,,4,Maduru Oya,Padiyathalawa,15bd0faa-ad17-4d3a-924c-e75d5ad33669,6,4.5,1471818,0,0.05
2026-08-09T09:37:42.849000+00:00,,2026-08-09T09:37:42.849000+00:00,,1.4,Nilwala Ganga,Thalgahagoda,8437a858-9bca-4cc2-ac7b-6cb8f47a8da4,2.8,1.7,1471817,0,0.85
2026-08-09T09:36:55.175000+00:00,,2026-08-09T09:36:55.175000+00:00,,5,Nilwala Ganga,Panadugama,66b793a0-7b17-46f6-b661-bac662910172,7.5,6,1471816,0,3.86
2026-08-09T09:36:46.798000+00:00,,2026-08-09T09:36:46.798000+00:00,,15,Kelani Ganga,Glencourse,623d0b62-4b8e-4041-9f11-6200e0076857,19,15.5,1471815,0,10.65
2026-08-09T09:36:40.590000+00:00,,2026-08-09T09:36:40.590000+00:00,,5,Kalu Ganga,Kalawellawa (Millakanda),f0b83f07-9420-4d30-9ef3-edee3dfcdf65,8,6.5,1471814,0,2.7
2026-08-09T09:36:14.909000+00:00,,2026-08-09T09:36:14.909000+00:00,,4,Kirindi Oya,Thanamalwila,a3c98e47-37ce-4a8d-b1a3-fdb219efc9f8,5.5,5,1471813,0,0.49
2026-08-09T09:35:48.862000+00:00,,2026-08-09T09:35:48.862000+00:00,,1.5,Kelani Ganga,Norwood,0e6f2188-5104-4509-a861-00b0ae569c89,4.5,3,1471812,5.4,1.02
2026-08-09T09:35:35.182000+00:00,,2026-08-09T09:35:35.182000+00:00,,3,Kelani Ganga,Kithulgala,0fabed0c-d61f-4b35-8869-c82de72f6684,6,4,1471811,6.3,2.1
2026-08-09T09:35:15.966000+00:00,,2026-08-09T09:35:15.966000+00:00,,2.5,Nilwala Ganga,Urawa,1af4346c-694b-4d18-894a-023c929e3fa2,6,4,1471810,0,0.27
2026-08-09T09:34:57.060000+00:00,,2026-08-09T09:34:57.060000+00:00,,3,Walawe Ganga,Moraketiya,12b74e93-7c5e-4164-b373-a374e7ad4ddf,7,5,1471809,0,0.78
2026-08-09T09:34:56.354000+00:00,,2026-08-09T09:34:56.354000+00:00,,5,Maha Oya,Badalgama,774d1c8a-c07b-4891-91ea-598df854a0eb,9.6,6.2,1471808,0,2.08
2026-08-09T09:33:49.455000+00:00,,2026-08-09T09:33:49.455000+00:00,,3.3,Aththanagalu Oya,Dunamale,b55b798a-3538-4061-8198-e7c1661c64a7,5.5,4.4,1471807,0,0.66
2026-08-09T09:33:46.744000+00:00,,2026-08-09T09:33:46.744000+00:00,,3,Kelani Ganga,Holombuwa,bd01c69b-ab78-4f1b-ad18-34886d7744a1,5,3.4,1471806,0,0.44
2026-08-09T09:33:39.820000+00:00,,2026-08-09T09:33:39.820000+00:00,,5,Malwathu Oya,Thanthirimale,bb3abfbb-53d5-46f5-a572-85ce035a9300,7.8,6.8,1471805,0,0.68
2026-08-09T09:33:32.005000+00:00,,2026-08-09T09:33:32.005000+00:00,,4,Menik Ganga,Katharagama,a7c43062-1e72-435c-80f7-af62658dbbab,6.5,4.6,1471804,0,-0.2
2026-08-09T09:33:27.082000+00:00,,2026-08-09T09:33:27.082000+00:00,,5.5,Maha Oya,Giriulla,c9bf6c00-d490-4dbc-a264-9328e74c1d3c,7.5,6.5,1471803,0,1.02
2026-08-09T09:33:25.054000+00:00,,2026-08-09T09:33:25.054000+00:00,,3.5,Mahaweli Ganga,Nawalapitiya,1288412d-ce75-4fea-a724-b70abb34868e,6,5,1471802,4,2.15
2026-08-09T09:33:19.425000+00:00,,2026-08-09T09:33:19.425000+00:00,,4.84,Mee Oya,Galgamuwa,25399ca2-8d90-45f0-a777-58e572eddb05,8,5.94,1471801,0,0.01
2026-08-09T09:33:18.284000+00:00,,2026-08-09T09:33:18.284000+00:00,,10,Kalu Ganga,Ellagawa,cbfbb23f-bedb-40ad-ac5f-83c7c506d3f6,12.2,10.7,1471800,1.6,5.8
2026-08-09T09:33:00.067000+00:00,,2026-08-09T09:33:00.067000+00:00,,2.5,Nilwala Ganga,Urawa,6a45ccd9-5317-4ca4-b875-d35729b91d40,6,4,1471799,0,0.27
2026-08-09T09:32:44.116000+00:00,,2026-08-09T09:32:44.116000+00:00,,3,Mahaweli Ganga,Thaldena,09b77d2c-43e9-4d3e-b63b-537e32831684,5,4,1471798,0,0.1
2026-08-09T09:32:34.797000+00:00,,2026-08-09T09:32:34.797000+00:00,,4,Nilwala Ganga,Pitabeddara,4b96f657-f384-462f-9a10-125bbaeb249a,6.5,5,1471797,1,0.88
2026-08-09T09:32:30.664000+00:00,,2026-08-09T09:32:30.664000+00:00,,6.5,Kelani Ganga,Hanwella,2e88149b-cc9c-4f82-b0a5-af847ed4e6f2,9.5,7.5,1471796,0,2.18
2026-08-09T09:32:27.275000+00:00,,2026-08-09T09:32:27.275000+00:00,,3,Kalu Ganga,Putupaula,87c5cd0e-401f-40c0-8400-d7dcd9bc24de,5,4,1471795,0,0.8
2026-08-09T09:32:16.742000+00:00,,2026-08-09T09:32:16.742000+00:00,,4,Ma Oya,Yaka Wewa,9f8f0882-db93-4e7f-991a-7161c1075442,6,5,1471794,0,0.41
2026-08-09T09:31:40.103000+00:00,,2026-08-09T09:31:40.103000+00:00,,4,Kelani Ganga,Nagalagam Street,e35085ec-9ca3-4731-856e-688f03ebde16,7,5,1471793,0,1.7
2026-08-09T09:31:39.378000+00:00,,2026-08-09T09:31:39.378000+00:00,,5.2,Kalu Ganga,Rathnapura,d5ef85d3-1cb1-4483-bf61-0d1f5e823429,9.5,7.5,1471792,10.6,2.21
2026-08-09T09:31:37.220000+00:00,,2026-08-09T09:31:37.220000+00:00,,5,Mahaweli Ganga,Weraganthota,8640f9b8-b1a4-4964-8f34-8121dce5a5f5,8,6,1471791,0,-3.14
2026-08-09T09:31:19.690000+00:00,,2026-08-09T09:31:19.690000+00:00,,5,Mahaweli Ganga,Peradeniya,4dd282a0-0a49-46ff-81c5-76a526ac54fa,9,7,1471790,0,3.63
2026-08-09T09:31:19.537000+00:00,,2026-08-09T09:31:19.537000+00:00,,5,Kumbukkan Oya,Nakkala,97dc15f9-3897-4c18-b3d8-f6d0708e94bb,7.5,6,1471789,1.5,0.57
2026-08-09T09:31:05.532000+00:00,,2026-08-09T09:31:05.532000+00:00,,3,Mahaweli Ganga,Manampitiya,3a6c3eb2-79b5-4a46-ba50-fb3c493c07e1,6,4.3,1471788,0,-0.15
2026-08-09T09:30:53.784000+00:00,,2026-08-09T09:30:53.784000+00:00,,,Gal Oya,Ampara,c0d15a41-8db0-4ca5-b911-9c2d75d24103,,,1471787,0,0
2026-08-09T09:30:53.756000+00:00,,2026-08-09T09:30:53.756000+00:00,,4.5,Heda Oya,Siyambalanduwa,b60dfaca-9b17-4761-9b87-bff7e5d0610d,7,6,1471786,0,0.16
2026-08-09T09:30:33.808000+00:00,,2026-08-09T09:30:33.808000+00:00,,4.4,Kirindi Oya,Wellawaya,0a031906-2acf-4e6e-a4f5-efa2330bd9fe,5.9,5.4,1471785,0,0.8
2026-08-09T09:16:38.054000+00:00,,2026-08-09T09:16:38.054000+00:00,,3,Mahaweli Ganga,Manampitiya,63f61463-008b-4229-a6b5-fcde0ee16353,6,4.3,1471784,0,-0.14
2026-08-09T08:46:31.576000+00:00,,2026-08-09T08:46:31.576000+00:00,,2.5,Nilwala Ganga,Urawa,598b5226-5e28-411d-a70e-51e5c39d77a5,6,4,1471783,0,0.28
2026-08-09T08:46:05.828000+00:00,,2026-08-09T08:46:05.828000+00:00,,4,Kalu Ganga,Magura,8df2d764-1fa5-46a0-8031-46eab14bd494,7.5,6,1471782,0,1.79
2026-08-09T08:43:41.765000+00:00,,2026-08-09T08:43:41.765000+00:00,,4,Gin Ganga,Thawalama,04f9e3ae-571b-4a01-b7fa-250075e7d9ea,7.5,6,1471781,0,1.83
2026-08-09T08:40:28.910000+00:00,,2026-08-09T08:40:28.910000+00:00,,6.9,Kirindi Oya,Kuda Oya,4692164f-a4f9-4b17-b6a8-cb5b0b213be2,8.8,8.4,1471780,0,0.94
2026-08-09T08:39:30.124000+00:00,,2026-08-09T08:39:30.124000+00:00,,1.4,Nilwala Ganga,Thalgahagoda,d58c0c93-fbd0-4b84-a089-d1fcdf363170,2.8,1.7,1471779,0,0.85
2026-08-09T08:37:45.044000+00:00,,2026-08-09T08:37:45.044000+00:00,,5,Mahaweli Ganga,Peradeniya,2e6c6296-ca49-4cf9-a66a-81ee3f96eaff,9,7,1471778,0.5,3.62
2026-08-09T08:37:13.056000+00:00,,2026-08-09T08:37:13.056000+00:00,,3,Kelani Ganga,Holombuwa,7cf4c7a3-f686-4b9d-8531-d60e0a46c975,5,3.4,1471777,0,0.46
2026-08-09T08:36:46.062000+00:00,,2026-08-09T08:36:46.062000+00:00,,5,Maha Oya,Badalgama,68863639-5222-43ef-88aa-309c88846800,9.6,6.2,1471776,0,2.08
2026-08-09T08:36:09.043000+00:00,,2026-08-09T08:36:09.043000+00:00,,3.5,Gin Ganga,Baddegama,c0c9f9e2-de87-4ad7-955e-91df7c4a1dcf,5,4,1471775,0,2.34
2026-08-09T08:35:58.803000+00:00,,2026-08-09T08:35:58.803000+00:00,,4,Menik Ganga,Katharagama,e0eac79a-ffce-4c63-9876-63c5b5ff0c0b,6.5,4.6,1471774,0,-0.2
2026-08-09T08:34:42.590000+00:00,,2026-08-09T08:34:42.590000+00:00,,5.2,Kalu Ganga,Rathnapura,3536194f-4b68-41eb-a913-7725d7cff73d,9.5,7.5,1471773,0.3,2.22
2026-08-09T08:34:30.984000+00:00,,2026-08-09T08:34:30.984000+00:00,,3,Mahaweli Ganga,Thaldena,d756b25e-34f7-4055-9e13-ce5dccc231cb,5,4,1471772,0,0.11
2026-08-09T08:34:27.109000+00:00,,2026-08-09T08:34:27.109000+00:00,,3.3,Aththanagalu Oya,Dunamale,caff032d-f733-4594-a72b-2fc448e36fd2,5.5,4.4,1471771,0,0.66
2026-08-09T08:34:22.813000+00:00,,2026-08-09T08:34:22.813000+00:00,,4.84,Mee Oya,Galgamuwa,1cf31bca-5c3b-4386-bdda-9cebc083c222,8,5.94,1471770,0,0.01
2026-08-09T08:34:06.134000+00:00,,2026-08-09T08:34:06.134000+00:00,,5,Kalu Ganga,Kalawellawa (Millakanda),2a39b406-001c-49f8-bef4-a058f8e8c78e,8,6.5,1471769,0,2.77
2026-08-09T08:33:53.589000+00:00,,2026-08-09T08:33:53.589000+00:00,,4.8,Kelani Ganga,Deraniyagala,6dbae794-ee1f-4616-99d6-1ff8ed282597,7,5.8,1471768,0,1.19
2026-08-09T08:33:46.151000+00:00,,2026-08-09T08:33:46.151000+00:00,,3,Walawe Ganga,Moraketiya,8a5fc42c-548e-4e51-9fa7-b782a11256df,7,5,1471767,0,0.78
2026-08-09T08:33:30.949000+00:00,,2026-08-09T08:33:30.949000+00:00,,4,Kirindi Oya,Thanamalwila,45bd3394-8408-41e1-aced-fa2771dae768,5.5,5,1471766,0,0.5
2026-08-09T08:33:26.057000+00:00,,2026-08-09T08:33:26.057000+00:00,,4,Kelani Ganga,Nagalagam Street,b590a28f-f021-4f99-92ac-c9d5293bffaa,7,5,1471765,0,1.8
2026-08-09T08:33:22.145000+00:00,,2026-08-09T08:33:22.145000+00:00,,4,Nilwala Ganga,Pitabeddara,af7621b9-3919-4ff9-a8da-f99410454a01,6.5,5,1471764,1.9,0.9
2026-08-09T08:33:14.310000+00:00,,2026-08-09T08:33:14.310000+00:00,,4,Ma Oya,Yaka Wewa,34cf525f-1f8f-4b2c-b6c7-e76726554010,6,5,1471763,0,0.41
2026-08-09T08:33:09.921000+00:00,,2026-08-09T08:33:09.921000+00:00,,,Gal Oya,Ampara,0a08b3eb-baa7-4a36-a161-f5b445345f5e,,,1471762,0,0
2026-08-09T08:32:49.643000+00:00,,2026-08-09T08:32:49.643000+00:00,,6.5,Kelani Ganga,Hanwella,181dc880-595f-41cd-af87-0b60bc8e89d7,9.5,7.5,1471761,0,2.19
2026-08-09T08:32:42.777000+00:00,,2026-08-09T08:32:42.777000+00:00,,1.5,Kelani Ganga,Norwood,1bb7344c-4b39-4b9d-8d71-73413d0b3472,4.5,3,1471760,0,1.01
2026-08-09T08:32:36.236000+00:00,,2026-08-09T08:32:36.236000+00:00,,5,Nilwala Ganga,Panadugama,a5e60f6c-9374-4521-a0d9-6eaa7c7d26e9,7.5,6,1471759,0,3.96
2026-08-09T08:32:33.001000+00:00,,2026-08-09T08:32:33.001000+00:00,,3.5,Mahaweli Ganga,Nawalapitiya,7df6eb18-d73e-4583-b3b5-69124bb4608e,6,5,1471758,3.2,2.07
2026-08-09T08:32:29.173000+00:00,,2026-08-09T08:32:29.173000+00:00,,5,Mahaweli Ganga,Weraganthota,774a08e2-d0dd-405e-87b6-9733dea97152,8,6,1471757,0,-3.08
2026-08-09T08:32:27.597000+00:00,,2026-08-09T08:32:27.597000+00:00,,4.4,Kirindi Oya,Wellawaya,08c7d4d2-977f-4956-8723-ef833118ad83,5.9,5.4,1471756,0,0.8
2026-08-09T08:32:21.453000+00:00,,2026-08-09T08:32:21.453000+00:00,,3,Kelani Ganga,Kithulgala,30fb704d-4051-4205-8dd2-5106e2e99b9a,6,4,1471755,0,2.22
2026-08-09T08:32:07.028000+00:00,,2026-08-09T08:32:07.028000+00:00,,5,Kumbukkan Oya,Nakkala,df85136a-84ba-4d6d-a838-5c68f6beafac,7.5,6,1471754,0.2,0.56
2026-08-09T08:31:59.522000+00:00,,2026-08-09T08:31:59.522000+00:00,,15,Kelani Ganga,Glencourse,8a878ef4-99e7-40d8-b6e2-7162267321cb,19,15.5,1471753,0,10.68
2026-08-09T08:31:52.455000+00:00,,2026-08-09T08:31:52.455000+00:00,,4,Maduru Oya,Padiyathalawa,0ea3ce09-6098-451a-8bbd-e5800f3a734a,6,4.5,1471752,0,0.05
2026-08-09T08:31:47.817000+00:00,,2026-08-09T08:31:47.817000+00:00,,4.5,Heda Oya,Siyambalanduwa,f8439777-8c04-4cd1-a90a-fb8d7692ea6f,7,6,1471751,0,0.16
2026-08-09T08:31:18.877000+00:00,,2026-08-09T08:31:18.877000+00:00,,4.75,Deduru Oya,Moragaswewa,1ec096f3-a6df-474e-aca5-a3046a733036,7,6,1471750,0,0.02
2026-08-09T08:31:18.158000+00:00,,2026-08-09T08:31:18.158000+00:00,,5,Malwathu Oya,Thanthirimale,30d5baca-a807-492c-9a52-5c40f98d0a97,7.8,6.8,1471749,0,0.68
2026-08-09T08:31:11.753000+00:00,,2026-08-09T08:31:11.753000+00:00,,3,Mahaweli Ganga,Manampitiya,636db135-4aeb-4cdc-8d36-faf2ee879ff6,6,4.3,1471748,0,-0.14
2026-08-09T08:31:08.197000+00:00,,2026-08-09T08:31:08.197000+00:00,,10,Kalu Ganga,Ellagawa,992512f2-8b16-417e-9f30-a21ee05d22e3,12.2,10.7,1471747,4,5.81
2026-08-09T08:31:07.193000+00:00,,2026-08-09T08:31:07.193000+00:00,,3,Kalu Ganga,Putupaula,beb97f4c-9a7c-47a2-be2f-9c31ff2bd0b8,5,4,1471746,0,0.82
2026-08-09T08:30:55.044000+00:00,,2026-08-09T08:30:55.044000+00:00,,6.9,Kirindi Oya,Kuda Oya,a9f78144-247a-48f5-a73e-e177733d95b1,8.8,8.4,1471745,0,0.94
2026-08-09T08:30:12.454000+00:00,,2026-08-09T08:30:12.454000+00:00,,6,Yan Oya,Horowpothana,5264c039-2f30-408e-b812-db1a2e639329,10.5,7.5,1471744,0,1.7
2026-08-09T07:51:47.294000+00:00,,2026-08-09T07:51:47.294000+00:00,,3.5,Gin Ganga,Baddegama,5a9a2ba3-f381-4dea-8d15-e9fe247ad27b,5,4,1471743,0,2.33
2026-08-09T07:45:28.788000+00:00,,2026-08-09T07:45:28.788000+00:00,,5,Kumbukkan Oya,Nakkala,53791572-9a86-432e-bd81-88675593cd16,7.5,6,1471742,0,0.56
2026-08-09T07:44:45.176000+00:00,,2026-08-09T07:44:45.176000+00:00,,4,Nilwala Ganga,Pitabeddara,0e921d6d-78ce-4726-b633-fc4f7d320258,6.5,5,1471741,0,0.9
2026-08-09T07:43:30.119000+00:00,,2026-08-09T07:43:30.119000+00:00,,1.4,Nilwala Ganga,Thalgahagoda,1fc7d92d-c75e-428c-8f4f-884b81d9804b,2.8,1.7,1471740,0,0.85
2026-08-09T07:42:47.868000+00:00,,2026-08-09T07:42:47.868000+00:00,,4.75,Deduru Oya,Moragaswewa,04988214-43eb-4528-9ab0-f071d2eec096,7,6,1471739,0,0.02
2026-08-09T07:41:31.838000+00:00,,2026-08-09T07:41:31.838000+00:00,,3.3,Aththanagalu Oya,Dunamale,3e5ca5dc-2327-4cd9-a618-d4bee1e68051,5.5,4.4,1471738,0,0.66
2026-08-09T07:41:11.798000+00:00,,2026-08-09T07:41:11.798000+00:00,,4.84,Mee Oya,Galgamuwa,2104638c-2680-487a-ace8-db492d02f125,8,5.94,1471737,0,0.01
2026-08-09T07:40:36.829000+00:00,,2026-08-09T07:40:36.829000+00:00,,4,Kalu Ganga,Magura,8fe0ab15-846e-4288-9779-0d4b49115550,7.5,6,1471736,0,1.76
2026-08-09T07:40:31.147000+00:00,,2026-08-09T07:40:31.147000+00:00,,5,Nilwala Ganga,Panadugama,20e8a9ff-a75d-4ad5-96bd-b4ee9b4f939b,7.5,6,1471735,0,4.07
2026-08-09T07:39:38.208000+00:00,,2026-08-09T07:39:38.208000+00:00,,5.5,Maha Oya,Giriulla,2fb96ef4-c8d4-481e-ae26-f4fec4092ea5,7.5,6.5,1471734,0,1.03
2026-08-09T07:39:30.794000+00:00,,2026-08-09T07:39:30.794000+00:00,,3,Kelani Ganga,Kithulgala,fce4f1d0-a6a0-4cd8-a541-8d529d3a2847,6,4,1471733,5.7,2.23
2026-08-09T07:37:26.238000+00:00,,2026-08-09T07:37:26.238000+00:00,,1.4,Nilwala Ganga,Thalgahagoda,07f4b7db-4ad6-4606-93d9-75e128cb4fa0,2.8,1.7,1471732,0,0.85
2026-08-09T07:37:04.246000+00:00,,2026-08-09T07:37:04.246000+00:00,,5,Mahaweli Ganga,Peradeniya,592982d2-5208-42e3-bacf-2d0db98af9ab,9,7,1471731,0,3.6
2026-08-09T07:36:52.091000+00:00,,2026-08-09T07:36:52.091000+00:00,,5.2,Kalu Ganga,Rathnapura,8db88603-98e4-4b31-a349-75f0dce43496,9.5,7.5,1471730,0,2.24
2026-08-09T07:36:12.716000+00:00,,2026-08-09T07:36:12.716000+00:00,,5,Maha Oya,Badalgama,b98f49e1-b55c-4c0b-97e9-e6ad00c4b473,9.6,6.2,1471729,0,2.08
2026-08-09T07:35:24.204000+00:00,,2026-08-09T07:35:24.204000+00:00,,5,Kalu Ganga,Kalawellawa (Millakanda),61a2e6c1-dba3-48ae-bc6b-92cee600f074,8,6.5,1471728,0,2.82
2026-08-09T07:35:14.033000+00:00,,2026-08-09T07:35:14.033000+00:00,,2.5,Nilwala Ganga,Urawa,58fa5871-08ac-4cb5-8c69-ffce9fcb0264,6,4,1471727,0,0.29
2026-08-09T07:34:52.729000+00:00,,2026-08-09T07:34:52.729000+00:00,,4,Gin Ganga,Thawalama,0d082ac5-aeef-4ba2-a5df-c7cbf5be6c74,7.5,6,1471726,0,1.9
2026-08-09T07:34:31.204000+00:00,,2026-08-09T07:34:31.204000+00:00,,3,Kelani Ganga,Holombuwa,308626f8-8b9d-420a-ae24-44406a96e1e1,5,3.4,1471725,0,0.46
2026-08-09T07:33:52.525000+00:00,,2026-08-09T07:33:52.525000+00:00,,4,Menik Ganga,Katharagama,b44a9213-e563-4eeb-8bdf-5b4102855147,6.5,4.6,1471724,0,-0.2
2026-08-09T07:33:01.657000+00:00,,2026-08-09T07:33:01.657000+00:00,,4.8,Kelani Ganga,Deraniyagala,a4b4b3e7-8ea4-497a-9155-322497226bb4,7,5.8,1471722,0,1.05
2026-08-09T07:33:01.455000+00:00,,2026-08-09T07:33:01.455000+00:00,,3,Kalu Ganga,Putupaula,44a550bb-3e65-433a-ab45-5e388abeb891,5,4,1471723,0,0.83
2026-08-09T07:33:00.229000+00:00,,2026-08-09T07:33:00.229000+00:00,,,Gal Oya,Ampara,52be4cbd-dd5d-4dbf-b2cf-5104ac5bd9e6,,,1471721,0,0
2026-08-09T07:32:57.090000+00:00,,2026-08-09T07:32:57.090000+00:00,,6.9,Kirindi Oya,Kuda Oya,a26ba097-3d3e-4aed-ba19-fd558f5dc7cd,8.8,8.4,1471720,0,0.94
2026-08-09T07:32:56.376000+00:00,,2026-08-09T07:32:56.376000+00:00,,1.5,Kelani Ganga,Norwood,0a19acf9-e105-4798-8637-ea900770f74d,4.5,3,1471719,0,1.02
2026-08-09T07:32:51.182000+00:00,,2026-08-09T07:32:51.182000+00:00,,6.5,Kelani Ganga,Hanwella,eefd1b2d-9c1c-4c99-9fc6-60fc33c8c6e9,9.5,7.5,1471718,0,2.2
2026-08-09T07:32:40.104000+00:00,,2026-08-09T07:32:40.104000+00:00,,3.5,Mahaweli Ganga,Nawalapitiya,582d3125-48e4-4921-8531-a8f90b4eeea9,6,5,1471717,3,2.04
2026-08-09T07:32:33.461000+00:00,,2026-08-09T07:32:33.461000+00:00,,4,Maduru Oya,Padiyathalawa,d41d9c9d-1e4a-4ac9-85d2-34e775121031,6,4.5,1471716,0,0.05
2026-08-09T07:32:28.420000+00:00,,2026-08-09T07:32:28.420000+00:00,,4,Kelani Ganga,Nagalagam Street,12d0df9d-eb1c-4d6f-99e8-ab5f0987496f,7,5,1471715,0,2.1
2026-08-09T07:32:15.942000+00:00,,2026-08-09T07:32:15.942000+00:00,,4.4,Kirindi Oya,Wellawaya,b35f7010-fc6c-468f-9667-4e1033aedba4,5.9,5.4,1471714,0,0.8
2026-08-09T07:32:14.833000+00:00,,2026-08-09T07:32:14.833000+00:00,,15,Kelani Ganga,Glencourse,d3f75d8d-0479-49e7-b24b-5b2d377cf0dc,19,15.5,1471713,0,10.7
2026-08-09T07:32:06.486000+00:00,,2026-08-09T07:32:06.486000+00:00,,4,Kirindi Oya,Thanamalwila,8bd701f5-11af-40de-919b-0f21a0dbd240,5.5,5,1471712,0,0.5
2026-08-09T07:31:59.861000+00:00,,2026-08-09T07:31:59.861000+00:00,,4,Ma Oya,Yaka Wewa,d05ee372-0b4b-4f9d-95c4-34a2926c34c2,6,5,1471711,0,0.41
2026-08-09T07:31:38.061000+00:00,,2026-08-09T07:31:38.061000+00:00,,5,Mahaweli Ganga,Weraganthota,161ed611-b9db-43b6-a155-689cfc7d96ec,8,6,1471710,0,-3.04
2026-08-09T07:31:25.239000+00:00,,2026-08-09T07:31:25.239000+00:00,,3,Walawe Ganga,Moraketiya,4a8a34a3-e061-4ef6-8fb2-bc5c6c4a556b,7,5,1471709,0,0.78
2026-08-09T07:31:22.673000+00:00,,2026-08-09T07:31:22.673000+00:00,,3,Mahaweli Ganga,Thaldena,df0e0ffb-b37c-4c02-b53d-82b9df94d89f,5,4,1471708,0,0.1
2026-08-09T07:31:21.120000+00:00,,2026-08-09T07:31:21.120000+00:00,,10,Kalu Ganga,Ellagawa,74c421fb-6ddf-4ec8-b758-38cc0b37570f,12.2,10.7,1471707,0,5.82
2026-08-09T07:31:12.530000+00:00,,2026-08-09T07:31:12.530000+00:00,,5,Malwathu Oya,Thanthirimale,fcea274d-7d3d-496f-95a5-2433c9dc6c29,7.8,6.8,1471706,0,0.67
2026-08-09T07:30:39.984000+00:00,,2026-08-09T07:30:39.984000+00:00,,6,Yan Oya,Horowpothana,3415dfb4-c7ae-46bf-996b-91293ecf01e3,10.5,7.5,1471705,0,1.7
2026-08-09T07:30:08.461000+00:00,,2026-08-09T07:30:08.461000+00:00,,4.5,Heda Oya,Siyambalanduwa,3ccc8f44-6087-4eb5-96ea-14258d904be9,7,6,1471704,0,0.16
2026-08-09T07:29:27.642000+00:00,,2026-08-09T07:29:27.642000+00:00,,5.2,Kalu Ganga,Rathnapura,6db76a27-8d7b-4eda-a350-6469bc3d83a6,9.5,7.5,1471703,0,2.24
2026-08-09T06:58:04.781000+00:00,,2026-08-09T06:58:04.781000+00:00,,2.5,Nilwala Ganga,Urawa,03ddf7e8-1263-48a9-91c5-cc3a7a92efe3,6,4,1471702,0,0.29
2026-08-09T06:49:06.753000+00:00,,2026-08-09T06:49:06.753000+00:00,,3.5,Gin Ganga,Baddegama,1be2ace6-4bca-4d04-978a-e4448ec34def,5,4,1471701,0,2.32
2026-08-09T06:45:49.223000+00:00,,2026-08-09T06:45:49.223000+00:00,,3,Mahaweli Ganga,Manampitiya,d2376fee-e457-4dc1-ba42-ba11cac0c786,6,4.3,1471700,0,-0.14
2026-08-09T06:40:28.888000+00:00,,2026-08-09T06:40:28.888000+00:00,,5,Kumbukkan Oya,Nakkala,e0f77f71-1d7d-4002-ac48-139314521934,7.5,6,1471699,0,0.56
2026-08-09T06:39:59.519000+00:00,,2026-08-09T06:39:59.519000+00:00,,5,Nilwala Ganga,Panadugama,f9d39863-0de8-48f9-87d0-1980842a81fb,7.5,6,1471698,3.3,4.2
2026-08-09T06:39:42.468000+00:00,,2026-08-09T06:39:42.468000+00:00,,15,Kelani Ganga,Glencourse,dad31cee-ccf6-4bd1-9e41-51abc81f3708,19,15.5,1471697,0.8,10.65
2026-08-09T06:37:55.536000+00:00,,2026-08-09T06:37:55.536000+00:00,,4,Kalu Ganga,Magura,fa55ca32-0ff8-488a-868c-9e6a2e057b0a,7.5,6,1471696,0.7,1.72
2026-08-09T06:37:02.937000+00:00,,2026-08-09T06:37:02.937000+00:00,,5.5,Maha Oya,Giriulla,4d58afa5-edfd-4f23-938d-23a6054f75c3,7.5,6.5,1471695,0,1.03
2026-08-09T06:35:37.575000+00:00,,2026-08-09T06:35:37.575000+00:00,,4,Gin Ganga,Thawalama,162c9169-3c3b-45bc-a203-96b69cdccd25,7.5,6,1471694,0,1.92
2026-08-09T06:34:47.594000+00:00,,2026-08-09T06:34:47.594000+00:00,,5,Maha Oya,Badalgama,b404f103-725f-4a4c-a783-93671e8de647,9.6,6.2,1471693,0,2.09
2026-08-09T06:34:38.956000+00:00,,2026-08-09T06:34:38.956000+00:00,,3,Walawe Ganga,Moraketiya,2c1ccb17-4092-40bf-a7e1-b2c52f113ad7,7,5,1471692,0,0.78
2026-08-09T06:34:19.007000+00:00,,2026-08-09T06:34:19.007000+00:00,,1.5,Kelani Ganga,Norwood,5978a742-0df4-41d1-81a2-d0c01e5703db,4.5,3,1471691,1.7,1.02
2026-08-09T06:34:09.156000+00:00,,2026-08-09T06:34:09.156000+00:00,,4,Nilwala Ganga,Pitabeddara,d4ed605c-5bb7-49d8-a8f5-b422189f3f3e,6.5,5,1471690,3.5,0.93
2026-08-09T06:34:06.839000+00:00,,2026-08-09T06:34:06.839000+00:00,,3.3,Aththanagalu Oya,Dunamale,c0d30e15-c611-415c-ab73-1a7cbe421a53,5.5,4.4,1471689,0,0.65
2026-08-09T06:34:06.529000+00:00,,2026-08-09T06:34:06.529000+00:00,,2.5,Nilwala Ganga,Urawa,e65cd8e0-3e3a-4f74-a0d8-fbb524a6fc24,6,4,1471688,0,0.29
2026-08-09T06:33:51.476000+00:00,,2026-08-09T06:33:51.476000+00:00,,3,Kalu Ganga,Putupaula,0723634c-da78-44d8-8c9a-e90e806aea38,5,4,1471687,0,0.8
2026-08-09T06:33:40.972000+00:00,,2026-08-09T06:33:40.972000+00:00,,3,Kelani Ganga,Holombuwa,275c1b97-d391-4c4b-b6d0-d40881d0b340,5,3.4,1471686,0,0.47
2026-08-09T06:33:38.689000+00:00,,2026-08-09T06:33:38.689000+00:00,,4.8,Kelani Ganga,Deraniyagala,95ca7874-df51-433f-9c56-9afa8bd8a25b,7,5.8,1471685,0.6,1.07
2026-08-09T06:33:31.818000+00:00,,2026-08-09T06:33:31.818000+00:00,,4,Menik Ganga,Katharagama,7fcc44df-c043-4c91-8488-2579487f72d4,6.5,4.6,1471684,0,-0.2
2026-08-09T06:33:30.506000+00:00,,2026-08-09T06:33:30.506000+00:00,,6.5,Kelani Ganga,Hanwella,cf430f88-99ff-4c13-8ff4-bba26acd7226,9.5,7.5,1471683,0,2.2
2026-08-09T06:33:21.193000+00:00,,2026-08-09T06:33:21.193000+00:00,,10,Kalu Ganga,Ellagawa,e8f25a8d-69b6-44c9-b06a-9af62cf92819,12.2,10.7,1471682,0,5.81
2026-08-09T06:33:17.018000+00:00,,2026-08-09T06:33:17.018000+00:00,,4.5,Heda Oya,Siyambalanduwa,47742ad0-9c32-4be1-9c32-bb58085c6144,7,6,1471681,0,0.16
2026-08-09T06:33:11.749000+00:00,,2026-08-09T06:33:11.749000+00:00,,5,Kalu Ganga,Kalawellawa (Millakanda),545b858b-c447-4967-b09f-83a457561647,8,6.5,1471680,0,2.9
2026-08-09T06:33:01.102000+00:00,,2026-08-09T06:33:01.102000+00:00,,1.4,Nilwala Ganga,Thalgahagoda,532472c7-7c75-4e22-94cc-ae7ca1d18cb5,2.8,1.7,1471679,0,0.85
2026-08-09T06:32:57.404000+00:00,,2026-08-09T06:32:57.404000+00:00,,3,Mahaweli Ganga,Thaldena,18db95d5-53bd-4270-9ddc-c0eaf6501bc3,5,4,1471678,0,0.1
2026-08-09T06:32:56.162000+00:00,,2026-08-09T06:32:56.162000+00:00,,4.84,Mee Oya,Galgamuwa,44f0c334-3d0b-4136-9bcc-806f73d2c24a,8,5.94,1471677,0,0.01
2026-08-09T06:32:42.979000+00:00,,2026-08-09T06:32:42.979000+00:00,,4,Maduru Oya,Padiyathalawa,aacd1570-0b67-4464-8db4-7a9f84336041,6,4.5,1471676,0,0.05
2026-08-09T06:32:40.011000+00:00,,2026-08-09T06:32:40.011000+00:00,,5.2,Kalu Ganga,Rathnapura,7b530140-a214-4bf3-862e-e97a4df6676a,9.5,7.5,1471675,0,2.27
2026-08-09T06:32:13.434000+00:00,,2026-08-09T06:32:13.434000+00:00,,4,Ma Oya,Yaka Wewa,15f41f74-9b8f-4c32-b656-294b677d2861,6,5,1471674,0,0.41
2026-08-09T06:32:08.001000+00:00,,2026-08-09T06:32:08.001000+00:00,,4,Kirindi Oya,Thanamalwila,bb953fb4-ef70-43af-a86e-4dccf57878c1,5.5,5,1471673,0,0.51
2026-08-09T06:32:04.365000+00:00,,2026-08-09T06:32:04.365000+00:00,,4.4,Kirindi Oya,Wellawaya,2bf4ac2d-2d34-45cd-9a7b-407eeba6f354,5.9,5.4,1471672,0,0.8
2026-08-09T06:32:04.347000+00:00,,2026-08-09T06:32:04.347000+00:00,,4,Kelani Ganga,Nagalagam Street,f67f767f-b723-4090-915b-fe5af37d78fb,7,5,1471671,0,2.1
2026-08-09T06:31:58.240000+00:00,,2026-08-09T06:31:58.240000+00:00,,5,Mahaweli Ganga,Weraganthota,a0266418-c9bc-4d71-9e54-b02e450eb08e,8,6,1471670,0,-3.06
2026-08-09T06:31:41.561000+00:00,,2026-08-09T06:31:41.561000+00:00,,4.75,Deduru Oya,Moragaswewa,cd5acf91-243d-46d7-a64a-a2b31f7d4ab9,7,6,1471669,0,0.03
2026-08-09T06:31:14.118000+00:00,,2026-08-09T06:31:14.118000+00:00,,3,Kelani Ganga,Kithulgala,898d451a-0fd3-4bca-aa57-50d408dc3826,6,4,1471668,0.5,2.25
2026-08-09T06:31:09.991000+00:00,,2026-08-09T06:31:09.991000+00:00,,5,Mahaweli Ganga,Peradeniya,f5a12c69-714d-4fc8-96ba-ffbbc8a3d5f3,9,7,1471667,0.8,3.62
2026-08-09T06:31:09.055000+00:00,,2026-08-09T06:31:09.055000+00:00,,3.5,Mahaweli Ganga,Nawalapitiya,65917225-78c6-4a25-9ede-6dae636a923b,6,5,1471666,3,1.94
2026-08-09T06:30:50.257000+00:00,,2026-08-09T06:30:50.257000+00:00,,,Gal Oya,Ampara,35386e9e-599f-4a14-9d45-96352010d562,,,1471665,0,0
2026-08-09T06:30:29.093000+00:00,,2026-08-09T06:30:29.093000+00:00,,6.9,Kirindi Oya,Kuda Oya,8bcbd880-78cd-4474-b5f0-fe590fe956fe,8.8,8.4,1471664,0,0.94
2026-08-09T06:30:27.739000+00:00,,2026-08-09T06:30:27.739000+00:00,,6.9,Kirindi Oya,Kuda Oya,abac6d69-abd1-474f-a414-4c8553d51665,8.8,8.4,1471663,0,0.94
2026-08-09T06:30:19.611000+00:00,,2026-08-09T06:30:19.611000+00:00,,6,Yan Oya,Horowpothana,63b8b1e6-0fc8-49f8-87d0-d4f5fc051710,10.5,7.5,1471662,0,1.7
2026-08-09T06:29:41.983000+00:00,,2026-08-09T06:29:41.983000+00:00,,5,Malwathu Oya,Thanthirimale,dfb5e580-e7f3-48fc-a1a8-a1e5a6a1eca9,7.8,6.8,1471661,0,0.66
2026-08-09T06:15:04.920000+00:00,,2026-08-09T06:15:04.920000+00:00,,3,Mahaweli Ganga,Manampitiya,93a0aac6-78da-491a-bc34-c6c86038df97,6,4.3,1471660,0,-0.13
2026-08-09T05:47:33.634000+00:00,,2026-08-09T05:47:33.634000+00:00,,5,Kalu Ganga,Kalawellawa (Millakanda),939e0e92-b8e1-43f6-a6c9-a417078b46c3,8,6.5,1471659,0,2.9
2026-08-09T05:46:52.710000+00:00,,2026-08-09T05:46:52.710000+00:00,,6,Yan Oya,Horowpothana,c65d26da-17e5-4c88-9c7e-11448791b6e2,10.5,7.5,1471658,0,1.7
2026-08-09T05:42:26.230000+00:00,,2026-08-09T05:42:26.230000+00:00,,2.5,Nilwala Ganga,Urawa,9799556b-795b-48e3-80dd-00f9696ccf32,6,4,1471657,0,0.29
2026-08-09T05:41:13.031000+00:00,,2026-08-09T05:41:13.031000+00:00,,1.4,Nilwala Ganga,Thalgahagoda,9925d107-a611-491a-b51e-83bee4d99eb7,2.8,1.7,1471656,0,0.82
2026-08-09T05:40:38.463000+00:00,,2026-08-09T05:40:38.463000+00:00,,4,Kalu Ganga,Magura,653ae418-20fe-48ee-af02-765cfca86d92,7.5,6,1471655,1.4,1.67
2026-08-09T05:38:42.806000+00:00,,2026-08-09T05:38:42.806000+00:00,,5,Mahaweli Ganga,Peradeniya,842558b6-9b7e-4d0f-ad8b-756986981ba5,9,7,1471654,0,3.63
2026-08-09T05:38:31.067000+00:00,,2026-08-09T05:38:31.067000+00:00,,5.5,Maha Oya,Giriulla,e03bda63-17c5-4d9b-9df9-c78eab52ebcc,7.5,6.5,1471653,0,1.02
2026-08-09T05:36:53.631000+00:00,,2026-08-09T05:36:53.631000+00:00,,3.5,Gin Ganga,Baddegama,6e271f96-13d5-4085-82b3-0d6aa0c8cca1,5,4,1471652,0,2.32
2026-08-09T05:36:43.632000+00:00,,2026-08-09T05:36:43.632000+00:00,,4.4,Kirindi Oya,Wellawaya,432708e1-fb9e-4dbe-821c-faa758907461,5.9,5.4,1471651,0,0.8
2026-08-09T05:36:37.188000+00:00,,2026-08-09T05:36:37.188000+00:00,,4,Nilwala Ganga,Pitabeddara,b4c4b398-ea74-4e84-af56-98549c274aee,6.5,5,1471650,0,0.95
2026-08-09T05:36:07.281000+00:00,,2026-08-09T05:36:07.281000+00:00,,5,Maha Oya,Badalgama,ab66e889-e60f-4253-b2fe-e8a8326f1a0f,9.6,6.2,1471649,0,2.09
2026-08-09T05:36:06.777000+00:00,,2026-08-09T05:36:06.777000+00:00,,5.2,Kalu Ganga,Rathnapura,5410ce92-66c3-4ac9-bc3c-2b22807a1d4a,9.5,7.5,1471648,0.6,2.3
2026-08-09T05:35:55.599000+00:00,,2026-08-09T05:35:55.599000+00:00,,15,Kelani Ganga,Glencourse,d1bdabfe-afcb-4baa-9fb7-3fd1ddb5feef,19,15.5,1471647,6.4,10.67
2026-08-09T05:35:27.032000+00:00,,2026-08-09T05:35:27.032000+00:00,,4.75,Deduru Oya,Moragaswewa,81e5b8b9-97da-4585-a20a-fb84852bbcf1,7,6,1471646,0,0.03
2026-08-09T05:35:20.652000+00:00,,2026-08-09T05:35:20.652000+00:00,,5,Nilwala Ganga,Panadugama,aefbd8b9-fb7b-4c7b-98f2-b9158de9c18e,7.5,6,1471645,0,4.33
2026-08-09T05:34:36.105000+00:00,,2026-08-09T05:34:36.105000+00:00,,3,Kelani Ganga,Holombuwa,34887adc-5e3b-48b7-a340-2a517709b70f,5,3.4,1471644,0,0.48
2026-08-09T05:34:32.041000+00:00,,2026-08-09T05:34:32.041000+00:00,,4,Kirindi Oya,Thanamalwila,3a30752c-cedc-410e-ba60-159ab8b5a571,5.5,5,1471643,0,0.51
2026-08-09T05:34:26.413000+00:00,,2026-08-09T05:34:26.413000+00:00,,3,Walawe Ganga,Moraketiya,8eab13dd-f167-44fb-8703-30b7f6f1e445,7,5,1471642,0,0.79
2026-08-09T05:34:10.281000+00:00,,2026-08-09T05:34:10.281000+00:00,,4.84,Mee Oya,Galgamuwa,60818a66-64ba-4fdf-acf3-4eb77b8ec336,8,5.94,1471641,0,0.01
2026-08-09T05:34:04.321000+00:00,,2026-08-09T05:34:04.321000+00:00,,3,Kelani Ganga,Kithulgala,026d1b70-caf4-4634-9ec5-34a786ab71a3,6,4,1471640,10,2.35
2026-08-09T05:33:37.666000+00:00,,2026-08-09T05:33:37.666000+00:00,,6.5,Kelani Ganga,Hanwella,0d1ef625-9461-4231-86c0-09024da4db94,9.5,7.5,1471639,0,2.21
2026-08-09T05:33:35.336000+00:00,,2026-08-09T05:33:35.336000+00:00,,4.8,Kelani Ganga,Deraniyagala,a2372938-a676-482b-b039-afd36955afad,7,5.8,1471638,7.4,1.01
2026-08-09T05:33:28.329000+00:00,,2026-08-09T05:33:28.329000+00:00,,4,Gin Ganga,Thawalama,4987742b-4355-4488-941a-806063c08ac2,7.5,6,1471637,0,2
2026-08-09T05:33:27.642000+00:00,,2026-08-09T05:33:27.642000+00:00,,4,Menik Ganga,Katharagama,8dc5a853-b719-42c4-903d-735c01aa196c,6.5,4.6,1471636,0,-0.2
2026-08-09T05:33:25.080000+00:00,,2026-08-09T05:33:25.080000+00:00,,3.3,Aththanagalu Oya,Dunamale,5c38f5bb-1451-438c-b631-ffaf13b49038,5.5,4.4,1471635,0,0.65
2026-08-09T05:32:59.467000+00:00,,2026-08-09T05:32:59.467000+00:00,,4,Kelani Ganga,Nagalagam Street,ef1688d0-2c3b-432e-a849-aea14e75c1e9,7,5,1471634,0,2
2026-08-09T05:32:40.479000+00:00,,2026-08-09T05:32:40.479000+00:00,,3,Kalu Ganga,Putupaula,be097f09-75b2-4391-9f59-7c63abb7f30e,5,4,1471633,0,0.78
2026-08-09T05:32:33.242000+00:00,,2026-08-09T05:32:33.242000+00:00,,5,Kumbukkan Oya,Nakkala,ef42d6ad-75a4-4267-94a2-986dcc5bc584,7.5,6,1471632,0,0.56
2026-08-09T05:32:17.291000+00:00,,2026-08-09T05:32:17.291000+00:00,,4.5,Heda Oya,Siyambalanduwa,a9cccda4-5b63-4ee0-ab8d-a7f1a4877b72,7,6,1471631,0,0.16
2026-08-09T05:32:15.601000+00:00,,2026-08-09T05:32:15.601000+00:00,,1.5,Kelani Ganga,Norwood,2bd84f02-bd8b-48d1-ba2b-dd711532b440,4.5,3,1471630,0,1.02
2026-08-09T05:31:44.331000+00:00,,2026-08-09T05:31:44.331000+00:00,,4,Ma Oya,Yaka Wewa,b77f9de7-46fa-4cfe-84db-802142efc83f,6,5,1471629,0,0.41
2026-08-09T05:31:43.329000+00:00,,2026-08-09T05:31:43.329000+00:00,,,Gal Oya,Ampara,5e0af0ef-3c7f-4704-b33e-63988feb725b,,,1471628,0,0
2026-08-09T05:31:26.495000+00:00,,2026-08-09T05:31:26.495000+00:00,,3.5,Mahaweli Ganga,Nawalapitiya,6f556abc-37cf-4e85-b0a4-f802e285582f,6,5,1471627,0.3,1.92
2026-08-09T05:31:21.858000+00:00,,2026-08-09T05:31:21.858000+00:00,,4,Maduru Oya,Padiyathalawa,3477a422-3c42-4702-8e51-edbc209eeb7e,6,4.5,1471626,0,0.05
2026-08-09T05:31:18.266000+00:00,,2026-08-09T05:31:18.266000+00:00,,10,Kalu Ganga,Ellagawa,eb7b0ef4-f043-4587-b3a4-9e122452dccc,12.2,10.7,1471625,6.4,5.8
2026-08-09T05:31:18.226000+00:00,,2026-08-09T05:31:18.226000+00:00,,5,Mahaweli Ganga,Weraganthota,53bfcb00-42c9-4f5a-9406-41b29927b00f,8,6,1471624,0,-3.31
2026-08-09T05:31:04.526000+00:00,,2026-08-09T05:31:04.526000+00:00,,6.9,Kirindi Oya,Kuda Oya,e48ba1aa-6d24-40ac-adb6-f586a49bd500,8.8,8.4,1471623,0,0.94
2026-08-09T05:31:01.846000+00:00,,2026-08-09T05:31:01.846000+00:00,,3,Mahaweli Ganga,Thaldena,f9f0df3c-49ce-4cea-ad12-2b428fb9fe2a,5,4,1471622,0,0.11
2026-08-09T05:30:44.934000+00:00,,2026-08-09T05:30:44.934000+00:00,,5,Malwathu Oya,Thanthirimale,d40c01e7-af5f-49b2-bc9d-500dd2ac4337,7.8,6.8,1471621,0,0.65
2026-08-09T04:44:47.544000+00:00,,2026-08-09T04:44:47.544000+00:00,,5.2,Kalu Ganga,Rathnapura,08b9649b-b3d9-4b68-a9c0-c47e29924162,9.5,7.5,1471620,0,2.31
2026-08-09T04:42:59.452000+00:00,,2026-08-09T04:42:59.452000+00:00,,2.5,Nilwala Ganga,Urawa,a5d872ce-f74e-4e88-939b-b7088ff89707,6,4,1471619,0,0.3
2026-08-09T04:42:54.342000+00:00,,2026-08-09T04:42:54.342000+00:00,,4.75,Deduru Oya,Moragaswewa,a4864704-7e91-4c20-ae97-743758982aea,7,6,1471618,0,0.03
2026-08-09T04:42:51.469000+00:00,,2026-08-09T04:42:51.469000+00:00,,3.5,Gin Ganga,Baddegama,9bcebee1-be68-40c3-a089-d5bcd6992f05,5,4,1471617,0,2.34
2026-08-09T04:41:21.418000+00:00,,2026-08-09T04:41:21.418000+00:00,,1.4,Nilwala Ganga,Thalgahagoda,32d8d940-6da4-4880-826e-1c06652af8e9,2.8,1.7,1471616,2.3,0.82
2026-08-09T04:40:30.756000+00:00,,2026-08-09T04:40:30.756000+00:00,,5,Kalu Ganga,Kalawellawa (Millakanda),25d13e07-2ec9-4b62-abe0-57d901ba3545,8,6.5,1471615,3.1,2.92
2026-08-09T04:39:37.724000+00:00,,2026-08-09T04:39:37.724000+00:00,,4.84,Mee Oya,Galgamuwa,c24c2381-3562-4040-976c-ed9a7af45635,8,5.94,1471614,0,0.01
2026-08-09T04:39:20.222000+00:00,,2026-08-09T04:39:20.222000+00:00,,4,Kalu Ganga,Magura,60d67c66-2459-4f50-8158-2cab039aea32,7.5,6,1471613,0,1.64
2026-08-09T04:39:19.886000+00:00,,2026-08-09T04:39:19.886000+00:00,,6.9,Kirindi Oya,Kuda Oya,1fc9cd83-db8a-4df2-8c86-95cc5b6be051,8.8,8.4,1471612,0,0.94
2026-08-09T04:39:01.876000+00:00,,2026-08-09T04:39:01.876000+00:00,,4,Kelani Ganga,Nagalagam Street,0c9c779c-38e2-498f-8f6f-cb70254ee3ca,7,5,1471611,0,1.8
2026-08-09T04:38:52.389000+00:00,,2026-08-09T04:38:52.389000+00:00,,3,Kalu Ganga,Putupaula,dd5d263a-ea1d-4d42-9b8c-e31806a4789b,5,4,1471610,0,0.7
2026-08-09T04:38:32.748000+00:00,,2026-08-09T04:38:32.748000+00:00,,3,Kelani Ganga,Holombuwa,7cc67a35-1d9c-4c84-b1d5-b671b1b5d26c,5,3.4,1471609,0,0.48
2026-08-09T04:37:16.338000+00:00,,2026-08-09T04:37:16.338000+00:00,,4.8,Kelani Ganga,Deraniyagala,817b5207-7827-435f-9cb7-eb3a19cf2bf3,7,5.8,1471608,0,0.97
2026-08-09T04:36:39.575000+00:00,,2026-08-09T04:36:39.575000+00:00,,5.5,Maha Oya,Giriulla,5a780855-11ba-4614-b15a-d4c9f1bb05c4,7.5,6.5,1471607,1.7,1.02
2026-08-09T04:36:23.624000+00:00,,2026-08-09T04:36:23.624000+00:00,,5,Maha Oya,Badalgama,956b81e1-e8f9-4a23-91f7-58a26e2692e3,9.6,6.2,1471606,0,2.09
2026-08-09T04:36:23.120000+00:00,,2026-08-09T04:36:23.120000+00:00,,4,Nilwala Ganga,Pitabeddara,290bc77b-04fe-4146-89d8-21d7b3d784ea,6.5,5,1471605,0,0.98
2026-08-09T04:36:05.392000+00:00,,2026-08-09T04:36:05.392000+00:00,,3,Walawe Ganga,Moraketiya,7b493fec-dfcf-426a-96f0-211bfbe6fc53,7,5,1471604,0,0.8
2026-08-09T04:35:50.928000+00:00,,2026-08-09T04:35:50.928000+00:00,,4,Gin Ganga,Thawalama,b1c7abb4-eb04-42fc-b0f1-deea3234db9b,7.5,6,1471603,0.6,2.08
2026-08-09T04:35:32.963000+00:00,,2026-08-09T04:35:32.963000+00:00,,5,Nilwala Ganga,Panadugama,f74345df-4335-45f5-ae9f-f7c80af45a71,7.5,6,1471602,1.8,4.47
2026-08-09T04:35:11.912000+00:00,,2026-08-09T04:35:11.912000+00:00,,4,Menik Ganga,Katharagama,0e162f4f-9a5f-41d1-b95c-fe2bb17fd7c1,6.5,4.6,1471601,0,-0.21
2026-08-09T04:34:55.092000+00:00,,2026-08-09T04:34:55.092000+00:00,,15,Kelani Ganga,Glencourse,c260acfe-29e6-49bc-a7cd-6c1df1da4980,19,15.5,1471600,0,10.7
2026-08-09T04:34:23.927000+00:00,,2026-08-09T04:34:23.927000+00:00,,4,Ma Oya,Yaka Wewa,02845cbb-3ceb-4d3c-b4b7-9b1b99f83def,6,5,1471599,0,0.41
2026-08-09T04:33:43.128000+00:00,,2026-08-09T04:33:43.128000+00:00,,3,Mahaweli Ganga,Thaldena,509b1489-3aa1-4702-9adf-e9bec214653d,5,4,1471598,0,0.11
2026-08-09T04:33:33.772000+00:00,,2026-08-09T04:33:33.772000+00:00,,1.5,Kelani Ganga,Norwood,c9f3726a-d008-4c05-8893-9f210bb27c32,4.5,3,1471597,1.6,1.03
2026-08-09T04:33:25.627000+00:00,,2026-08-09T04:33:25.627000+00:00,,5,Mahaweli Ganga,Peradeniya,fdad988a-5822-4a5f-be39-f22bdae76c7b,9,7,1471596,0.8,3.67
2026-08-09T04:33:02.221000+00:00,,2026-08-09T04:33:02.221000+00:00,,6.5,Kelani Ganga,Hanwella,9e81bb71-3a57-44d5-a1fc-86317f3cf8df,9.5,7.5,1471595,0,2.22
2026-08-09T04:32:23.016000+00:00,,2026-08-09T04:32:23.016000+00:00,,3,Kelani Ganga,Kithulgala,894b4945-adf0-42fd-a8b5-d5066b074d19,6,4,1471594,0,2.37
2026-08-09T04:32:22.815000+00:00,,2026-08-09T04:32:22.815000+00:00,,3.5,Mahaweli Ganga,Nawalapitiya,b4d89310-35ed-48f1-8f50-203d4e5010ce,6,5,1471593,0.2,1.92
2026-08-09T04:32:22.530000+00:00,,2026-08-09T04:32:22.530000+00:00,,3.3,Aththanagalu Oya,Dunamale,ffe8044f-6c4a-488c-843a-8c339565decd,5.5,4.4,1471592,0,0.65
2026-08-09T04:32:06.171000+00:00,,2026-08-09T04:32:06.171000+00:00,,6,Yan Oya,Horowpothana,d5de10eb-4802-45ed-877e-6376776f0abd,10.5,7.5,1471591,0,1.7
2026-08-09T04:31:58.139000+00:00,,2026-08-09T04:31:58.139000+00:00,,3,Mahaweli Ganga,Manampitiya,8c7fe3e2-e633-4cca-9961-ac0ec4f330e1,6,4.3,1471590,0,-0.12
2026-08-09T04:31:57.729000+00:00,,2026-08-09T04:31:57.729000+00:00,,5,Mahaweli Ganga,Weraganthota,8ce169e1-a50c-41e4-8ad2-e97bca5a4bfd,8,6,1471589,0,-3.31
2026-08-09T04:31:33.206000+00:00,,2026-08-09T04:31:33.206000+00:00,,4,Kirindi Oya,Thanamalwila,f4fff705-6289-4ca0-81ca-60df9d24a06a,5.5,5,1471588,0,0.52
2026-08-09T04:31:31.437000+00:00,,2026-08-09T04:31:31.437000+00:00,,4,Maduru Oya,Padiyathalawa,2d2e702e-3c9f-4d52-83a7-e23c2371f8cf,6,4.5,1471587,0,0.05
2026-08-09T04:31:30.317000+00:00,,2026-08-09T04:31:30.317000+00:00,,4.4,Kirindi Oya,Wellawaya,dae5bbc3-e392-417e-be5c-0db986072c85,5.9,5.4,1471586,0,0.8
2026-08-09T04:31:29.345000+00:00,,2026-08-09T04:31:29.345000+00:00,,10,Kalu Ganga,Ellagawa,9e6372f3-8741-4a37-adb8-faba5e5c9657,12.2,10.7,1471585,0,5.79
2026-08-09T04:31:17.706000+00:00,,2026-08-09T04:31:17.706000+00:00,,,Gal Oya,Ampara,59679c2b-02e2-4530-9e73-be65ec7a550f,,,1471584,0,0
2026-08-09T04:31:10.284000+00:00,,2026-08-09T04:31:10.284000+00:00,,4.5,Heda Oya,Siyambalanduwa,d1b89f3f-fb91-4631-9340-956b6119cdfa,7,6,1471583,0,0.16
2026-08-09T04:31:01.145000+00:00,,2026-08-09T04:31:01.145000+00:00,,5,Kumbukkan Oya,Nakkala,7aba4993-154d-42fd-a73f-f70c7b87c240,7.5,6,1471582,0,0.56
2026-08-09T04:30:54.001000+00:00,,2026-08-09T04:30:54.001000+00:00,,5,Malwathu Oya,Thanthirimale,80623648-fd01-4053-88ce-32f35270f9ff,7.8,6.8,1471581,0,0.65
2026-08-09T04:30:17.177000+00:00,,2026-08-09T04:30:17.177000+00:00,,6.9,Kirindi Oya,Kuda Oya,23429370-4607-41ad-9461-bb5d2e6e7621,8.8,8.4,1471580,0,0.94
2026-08-09T04:06:04.616000+00:00,,2026-08-09T04:06:04.616000+00:00,,2.5,Nilwala Ganga,Urawa,cad4516c-b8f7-4bce-9288-47936c42ed23,6,4,1471579,3.2,0.3
2026-08-09T04:04:51.493000+00:00,,2026-08-09T04:04:51.493000+00:00,,3.5,Gin Ganga,Baddegama,300ca4e4-2e83-449e-b94a-9d6358ccab8c,5,4,1471578,0,2.33
2026-08-09T03:42:59.708000+00:00,,2026-08-09T03:42:59.708000+00:00,,5.5,Maha Oya,Giriulla,1e9cd59d-0130-4d68-8642-fcc84da3bcaa,7.5,6.5,1471577,0,1.02
2026-08-09T03:41:09.639000+00:00,,2026-08-09T03:41:09.639000+00:00,,5,Nilwala Ganga,Panadugama,37096508-b2f2-44a6-aabd-71831beb4d5d,7.5,6,1471576,0,4.62
2026-08-09T03:39:31.893000+00:00,,2026-08-09T03:39:31.893000+00:00,,4,Kelani Ganga,Nagalagam Street,6aeb2ca4-ec3a-44a4-ae8c-2c92caffd4bc,7,5,1471575,0,1.6
2026-08-09T03:38:38.855000+00:00,,2026-08-09T03:38:38.855000+00:00,,1.4,Nilwala Ganga,Thalgahagoda,8f5f1681-9bad-4b92-9e0e-31b874149f4d,2.8,1.7,1471574,0,0.82
2026-08-09T03:36:54.175000+00:00,,2026-08-09T03:36:54.175000+00:00,,4,Kalu Ganga,Magura,28cbede8-b859-4c7e-bb17-3a639eefa7d8,7.5,6,1471573,3.3,1.64
2026-08-09T03:36:24.680000+00:00,,2026-08-09T03:36:24.680000+00:00,,4.75,Deduru Oya,Moragaswewa,529d2a17-bcaf-4a62-825c-f16e3b970425,7,6,1471572,0,0.04
2026-08-09T03:35:57.815000+00:00,,2026-08-09T03:35:57.815000+00:00,,3,Kelani Ganga,Holombuwa,b5580355-e080-408d-850f-a7f7f00dba7d,5,3.4,1471571,0,0.48
2026-08-09T03:35:39.410000+00:00,,2026-08-09T03:35:39.410000+00:00,,5,Kumbukkan Oya,Nakkala,4c800d06-ad23-4947-939f-dc151562be5b,7.5,6,1471570,0,0.56
2026-08-09T03:35:34.315000+00:00,,2026-08-09T03:35:34.315000+00:00,,4.8,Kelani Ganga,Deraniyagala,9d3daf95-ac69-497f-80e6-4f504a2c6d1a,7,5.8,1471569,1.5,1.08
2026-08-09T03:35:20.928000+00:00,,2026-08-09T03:35:20.928000+00:00,,5,Maha Oya,Badalgama,df68846a-b5d6-4061-92a3-14e54edd86ea,9.6,6.2,1471568,0.6,2.09
2026-08-09T03:35:20.839000+00:00,,2026-08-09T03:35:20.839000+00:00,,5,Kalu Ganga,Kalawellawa (Millakanda),184b5b6f-e1ac-4434-aaad-d4edc5ef942e,8,6.5,1471567,0,2.9
2026-08-09T03:34:55.334000+00:00,,2026-08-09T03:34:55.334000+00:00,,4,Ma Oya,Yaka Wewa,26a828ee-3a2e-49df-b5a7-601ae61fe615,6,5,1471566,0,0.41
2026-08-09T03:34:43.687000+00:00,,2026-08-09T03:34:43.687000+00:00,,4,Menik Ganga,Katharagama,0c3d1627-7067-4252-9b6f-532cacfcb556,6.5,4.6,1471565,0,-0.21
2026-08-09T03:34:30.022000+00:00,,2026-08-09T03:34:30.022000+00:00,,3.3,Aththanagalu Oya,Dunamale,2559c057-2b01-4a39-a589-239343fafebe,5.5,4.4,1471564,0,0.65
2026-08-09T03:34:29.104000+00:00,,2026-08-09T03:34:29.104000+00:00,,3,Kelani Ganga,Kithulgala,e067d9fa-1b49-41c8-90d2-56b882a21508,6,4,1471563,0,2.35
2026-08-09T03:34:22.281000+00:00,,2026-08-09T03:34:22.281000+00:00,,4,Gin Ganga,Thawalama,e8adb0c1-051f-43f1-aed2-7b575c44c030,7.5,6,1471562,1.5,2.1
2026-08-09T03:34:16.075000+00:00,,2026-08-09T03:34:16.075000+00:00,,4,Maduru Oya,Padiyathalawa,8c7a3462-69f8-471b-91ca-9a456cd493fa,6,4.5,1471561,0,0.05
2026-08-09T03:34:01.940000+00:00,,2026-08-09T03:34:01.940000+00:00,,3,Kalu Ganga,Putupaula,52b8d48b-d5f5-49f9-9230-98ae4740a2ea,5,4,1471560,0.6,0.67
2026-08-09T03:33:50.685000+00:00,,2026-08-09T03:33:50.685000+00:00,,4.84,Mee Oya,Galgamuwa,a2ea08ca-c097-4619-8779-893582187d10,8,5.94,1471559,0,0.01
2026-08-09T03:33:45.969000+00:00,,2026-08-09T03:33:45.969000+00:00,,4,Nilwala Ganga,Pitabeddara,f62ef46a-2517-4847-becb-bff5f64e4950,6.5,5,1471558,2.4,1
2026-08-09T03:33:25.557000+00:00,,2026-08-09T03:33:25.557000+00:00,,5.2,Kalu Ganga,Rathnapura,7d438e84-745a-4a8e-a96b-ad07abc3a655,9.5,7.5,1471557,0,2.33
2026-08-09T03:33:24.729000+00:00,,2026-08-09T03:33:24.729000+00:00,,3,Walawe Ganga,Moraketiya,5871e607-f60f-4209-a6c5-9aa02caa96e9,7,5,1471556,0,0.8
2026-08-09T03:33:03.760000+00:00,,2026-08-09T03:33:03.760000+00:00,,4,Kirindi Oya,Thanamalwila,f006deb3-f3f8-45be-8844-95ec8141c6a4,5.5,5,1471555,0,0.52
2026-08-09T03:32:41.518000+00:00,,2026-08-09T03:32:41.518000+00:00,,3,Mahaweli Ganga,Thaldena,5d0ad774-d165-40d4-bc05-eb3d432bf127,5,4,1471554,0,0.11
2026-08-09T03:32:32.432000+00:00,,2026-08-09T03:32:32.432000+00:00,,15,Kelani Ganga,Glencourse,ce0e33c8-88d1-4b4c-adb3-86274da37308,19,15.5,1471553,0,10.7
2026-08-09T03:32:27.418000+00:00,,2026-08-09T03:32:27.418000+00:00,,5,Mahaweli Ganga,Weraganthota,e7b66eed-3602-4d74-b4a3-a7584cf4490d,8,6,1471552,0,-3.27
2026-08-09T03:32:23.015000+00:00,,2026-08-09T03:32:23.015000+00:00,,1.5,Kelani Ganga,Norwood,971248a2-ea42-4932-b22d-bac9ff157e89,4.5,3,1471551,1,1.03
2026-08-09T03:32:19.769000+00:00,,2026-08-09T03:32:19.769000+00:00,,4.4,Kirindi Oya,Wellawaya,319d48d2-40e7-4d39-b657-9303bfbc401d,5.9,5.4,1471550,0,0.8
2026-08-09T03:32:16.304000+00:00,,2026-08-09T03:32:16.304000+00:00,,6.5,Kelani Ganga,Hanwella,1855d343-0fc7-4294-964d-62086934711f,9.5,7.5,1471549,0,2.23
2026-08-09T03:31:51.977000+00:00,,2026-08-09T03:31:51.977000+00:00,,5,Malwathu Oya,Thanthirimale,34d80d2a-68ea-4689-8c96-323527f09cef,7.8,6.8,1471548,0,0.64
2026-08-09T03:31:44.004000+00:00,,2026-08-09T03:31:44.004000+00:00,,3.5,Mahaweli Ganga,Nawalapitiya,6021a989-1a3d-4f51-8d86-5764a5cbba99,6,5,1471547,0.6,1.93
2026-08-09T03:31:20.501000+00:00,,2026-08-09T03:31:20.501000+00:00,,6.9,Kirindi Oya,Kuda Oya,719a2b48-4342-43ba-a27a-53f53890dd7b,8.8,8.4,1471546,0,0.94
2026-08-09T03:31:18.648000+00:00,,2026-08-09T03:31:18.648000+00:00,,5,Mahaweli Ganga,Peradeniya,45075385-8773-475c-8621-c652a13c9400,9,7,1471545,0,3.65
2026-08-09T03:31:16.725000+00:00,,2026-08-09T03:31:16.725000+00:00,,10,Kalu Ganga,Ellagawa,09d9e3c6-7fa4-41a7-b30b-01cc3715b56f,12.2,10.7,1471544,0,5.78
2026-08-09T03:31:03.496000+00:00,,2026-08-09T03:31:03.496000+00:00,,3,Mahaweli Ganga,Manampitiya,a81fbc11-dba3-44db-adb5-6eecbb55a131,6,4.3,1471543,0,-0.11
2026-08-09T03:30:45.754000+00:00,,2026-08-09T03:30:45.754000+00:00,,6,Yan Oya,Horowpothana,6b363787-82b7-4d5b-9960-85054321bc1f,10.5,7.5,1471542,0,1.7
2026-08-09T03:30:42.136000+00:00,,2026-08-09T03:30:42.136000+00:00,,,Gal Oya,Ampara,8ae4c399-1245-4206-bf38-d9cf4b2f761d,,,1471541,0,0
2026-08-09T03:30:18.987000+00:00,,2026-08-09T03:30:18.987000+00:00,,4.5,Heda Oya,Siyambalanduwa,136dd224-ac6d-4c8d-837e-cfe8a4d5aad7,7,6,1471540,0,0.16
2026-08-09T03:04:05.121000+00:00,,2026-08-09T03:04:05.121000+00:00,,2.5,Nilwala Ganga,Urawa,c26f9e73-7a36-4127-aee5-754657060e53,6,4,1471539,0,0.32
2026-08-09T02:47:44.550000+00:00,,2026-08-09T02:47:44.550000+00:00,,4,Gin Ganga,Thawalama,efb8029c-64a0-48a7-820d-d46772918642,7.5,6,1471538,1.4,2.15
2026-08-09T02:41:38.980000+00:00,,2026-08-09T02:41:38.980000+00:00,,1.4,Nilwala Ganga,Thalgahagoda,6ec3a25b-9248-4cb6-b270-8fe72fb243b8,2.8,1.7,1471537,0,0.82
2026-08-09T02:40:41.455000+00:00,,2026-08-09T02:40:41.455000+00:00,,3,Kelani Ganga,Holombuwa,2a410278-da55-4f98-9763-c7761ce82752,5,3.4,1471536,0,0.48
2026-08-09T02:39:44.794000+00:00,,2026-08-09T02:39:44.794000+00:00,,4.75,Deduru Oya,Moragaswewa,81627187-1aee-49e8-a171-24dcbe011907,7,6,1471535,0,0.04
2026-08-09T02:38:53.247000+00:00,,2026-08-09T02:38:53.247000+00:00,,5.5,Maha Oya,Giriulla,bd8a8fd5-b49b-428f-9694-2bc7f1f139d6,7.5,6.5,1471534,0,1.02
2026-08-09T02:38:22.605000+00:00,,2026-08-09T02:38:22.605000+00:00,,4,Kalu Ganga,Magura,918da34d-f34a-4e64-9147-a1dadd8a40b4,7.5,6,1471533,0,1.65
2026-08-09T02:38:09.878000+00:00,,2026-08-09T02:38:09.878000+00:00,,4,Ma Oya,Yaka Wewa,0d937e06-a719-4ae8-8f62-61cb872e2466,6,5,1471532,0,0.41
2026-08-09T02:37:37.912000+00:00,,2026-08-09T02:37:37.912000+00:00,,6,Yan Oya,Horowpothana,8a9374fa-3a20-427b-81b9-76790bcb8ebe,10.5,7.5,1471531,0,1.7
2026-08-09T02:37:34.476000+00:00,,2026-08-09T02:37:34.476000+00:00,,5,Nilwala Ganga,Panadugama,f23cbcfe-afcf-4a90-b8ff-7548eeeca393,7.5,6,1471530,0,4.75
2026-08-09T02:36:35.887000+00:00,,2026-08-09T02:36:35.887000+00:00,,5,Kalu Ganga,Kalawellawa (Millakanda),9f1ceed4-909e-465b-9550-1589009b03da,8,6.5,1471529,0.75,2.9
2026-08-09T02:35:46.374000+00:00,,2026-08-09T02:35:46.374000+00:00,,6.5,Kelani Ganga,Hanwella,7a4a9e28-764c-4a48-a499-1c1723ea5c3f,9.5,7.5,1471528,0.4,2.24
2026-08-09T02:35:45.540000+00:00,,2026-08-09T02:35:45.540000+00:00,,4,Nilwala Ganga,Pitabeddara,0627fc29-b5b4-48be-88d0-4702159fde9f,6.5,5,1471527,0,1.02
2026-08-09T02:34:44.026000+00:00,,2026-08-09T02:34:44.026000+00:00,,4.84,Mee Oya,Galgamuwa,88932354-eb94-4913-9574-0d69f75732e6,8,5.94,1471526,0,0.01
2026-08-09T02:34:42.050000+00:00,,2026-08-09T02:34:42.050000+00:00,,4.84,Mee Oya,Galgamuwa,a485d142-e707-4b0d-8109-d04b58348aa0,8,5.94,1471525,0,0.01
2026-08-09T02:34:41.383000+00:00,,2026-08-09T02:34:41.383000+00:00,,4,Menik Ganga,Katharagama,53177367-3712-493b-8ec5-9e3249add164,6.5,4.6,1471524,0,-0.21
2026-08-09T02:34:39.383000+00:00,,2026-08-09T02:34:39.383000+00:00,,3.5,Gin Ganga,Baddegama,c452b4ce-876d-48fa-a38b-1598e356892c,5,4,1471523,0,2.33
2026-08-09T02:34:32.327000+00:00,,2026-08-09T02:34:32.327000+00:00,,4,Kirindi Oya,Thanamalwila,f3a0c46b-f29f-43f9-8a47-0a0d23f2eff3,5.5,5,1471522,0,0.52
2026-08-09T02:34:28.965000+00:00,,2026-08-09T02:34:28.965000+00:00,,4.8,Kelani Ganga,Deraniyagala,c080aaa1-a131-49ea-b76c-aafd82c85df6,7,5.8,1471521,0,1.02
2026-08-09T02:34:17.635000+00:00,,2026-08-09T02:34:17.635000+00:00,,5,Maha Oya,Badalgama,a2a9b4f0-02c3-4b46-9f09-56c428440132,9.6,6.2,1471520,0,2.09
2026-08-09T02:33:58.582000+00:00,,2026-08-09T02:33:58.582000+00:00,,3,Kalu Ganga,Putupaula,4c41374d-f3d2-48a2-a783-ffefec87bb1e,5,4,1471519,2.1,0.64
2026-08-09T02:33:49.094000+00:00,,2026-08-09T02:33:49.094000+00:00,,4.75,Deduru Oya,Moragaswewa,23b6a0b1-0700-46e3-902d-fb188d6226a5,7,6,1471518,0,0.04
2026-08-09T02:33:48.812000+00:00,,2026-08-09T02:33:48.812000+00:00,,3,Mahaweli Ganga,Thaldena,756cd276-6c10-4664-b5ef-ce575ca762b1,5,4,1471517,0,0.1
2026-08-09T02:33:34.657000+00:00,,2026-08-09T02:33:34.657000+00:00,,10,Kalu Ganga,Ellagawa,f43e1910-fc23-47e0-bce2-1f751f4c4741,12.2,10.7,1471516,0.6,5.78
2026-08-09T02:33:33.938000+00:00,,2026-08-09T02:33:33.938000+00:00,,5,Kumbukkan Oya,Nakkala,e533198e-28c0-495c-a28e-fbdd26a3ee12,7.5,6,1471515,0,0.56
2026-08-09T02:33:17.074000+00:00,,2026-08-09T02:33:17.074000+00:00,,3,Walawe Ganga,Moraketiya,0e4df5c3-1378-4db1-b7cb-751e51eac542,7,5,1471514,0,0.8
2026-08-09T02:33:04.080000+00:00,,2026-08-09T02:33:04.080000+00:00,,1.5,Kelani Ganga,Norwood,642a7714-132d-450d-acb9-019e1160a488,4.5,3,1471513,1.9,1.03
2026-08-09T02:33:03.001000+00:00,,2026-08-09T02:33:03.001000+00:00,,5,Mahaweli Ganga,Weraganthota,745fd626-610e-4e01-be57-052cb1d5dcbb,8,6,1471512,0,-3.23
2026-08-09T02:33:00.358000+00:00,,2026-08-09T02:33:00.358000+00:00,,5,Mahaweli Ganga,Peradeniya,bf6a3eb1-9666-4aac-98c2-edead9832ffd,9,7,1471511,0,3.7
2026-08-09T02:32:50.609000+00:00,,2026-08-09T02:32:50.609000+00:00,,3,Mahaweli Ganga,Manampitiya,523795ca-ec34-48e4-87c0-ede012b940b1,6,4.3,1471510,0,-0.1
2026-08-09T02:32:47.564000+00:00,,2026-08-09T02:32:47.564000+00:00,,3.3,Aththanagalu Oya,Dunamale,72103939-d635-4a7d-ad94-90db2dceb2b0,5.5,4.4,1471509,0,0.64
2026-08-09T02:32:41.502000+00:00,,2026-08-09T02:32:41.502000+00:00,,3,Kelani Ganga,Kithulgala,bc0ea105-0b1c-4318-a8ab-06bcbb893314,6,4,1471508,0,2.33
2026-08-09T02:32:19.968000+00:00,,2026-08-09T02:32:19.968000+00:00,,4.4,Kirindi Oya,Wellawaya,c2e4e8ab-eb89-4511-9066-6760383d90eb,5.9,5.4,1471507,0,0.8
2026-08-09T02:32:17.136000+00:00,,2026-08-09T02:32:17.136000+00:00,,4,Kelani Ganga,Nagalagam Street,94839a57-3094-44fc-9a9f-6c204fced2bd,7,5,1471506,0,1.5
2026-08-09T02:31:45.639000+00:00,,2026-08-09T02:31:45.639000+00:00,,15,Kelani Ganga,Glencourse,2278d5e7-a861-4373-a4f6-02fdaba3853a,19,15.5,1471505,0,10.7
2026-08-09T02:31:37.795000+00:00,,2026-08-09T02:31:37.795000+00:00,,5.2,Kalu Ganga,Rathnapura,65e115e3-2c94-407b-b15f-4fd8eebe06ca,9.5,7.5,1471504,0.3,2.36
2026-08-09T02:31:16.771000+00:00,,2026-08-09T02:31:16.771000+00:00,,6,Yan Oya,Horowpothana,d619cfa0-4d54-4328-be9e-691aa74151f9,10.5,7.5,1471503,0,1.7
2026-08-09T02:31:15.273000+00:00,,2026-08-09T02:31:15.273000+00:00,,4,Maduru Oya,Padiyathalawa,1e33e349-e60e-4ab2-8568-bec7b4a9e2af,6,4.5,1471502,0,0.05
2026-08-09T02:31:11.630000+00:00,,2026-08-09T02:31:11.630000+00:00,,,Gal Oya,Ampara,ee1e19e2-088d-4be5-9f2b-0f775cf012c2,,,1471501,0,0
2026-08-09T02:30:43.784000+00:00,,2026-08-09T02:30:43.784000+00:00,,5,Malwathu Oya,Thanthirimale,19257c7a-5a93-4fae-a248-7c066d4d264d,7.8,6.8,1471500,0,0.64
2026-08-09T02:30:29.688000+00:00,,2026-08-09T02:30:29.688000+00:00,,6.9,Kirindi Oya,Kuda Oya,b84eae48-3f39-4204-8586-df81fefec2b0,8.8,8.4,1471499,0,0.94
2026-08-09T02:30:22.270000+00:00,,2026-08-09T02:30:22.270000+00:00,,3.5,Mahaweli Ganga,Nawalapitiya,8587766a-bec3-4c43-b118-1ba270841fe3,6,5,1471498,0.5,1.95
2026-08-09T02:30:17.553000+00:00,,2026-08-09T02:30:17.553000+00:00,,4.5,Heda Oya,Siyambalanduwa,8fbc0660-3533-4e76-b5a1-7ef938af90e7,7,6,1471497,0,0.16
2026-08-09T01:56:26.785000+00:00,,2026-08-09T01:56:26.785000+00:00,,1.4,Nilwala Ganga,Thalgahagoda,d41362d4-96a1-448d-800f-3f297011ee83,2.8,1.7,1471496,0,0.82
2026-08-09T01:46:52.364000+00:00,,2026-08-09T01:46:52.364000+00:00,,5,Nilwala Ganga,Panadugama,0307c8a4-8074-4804-8e36-763c240f4321,7.5,6,1471495,0,4.86
2026-08-09T01:45:19.518000+00:00,,2026-08-09T01:45:19.518000+00:00,,4,Kalu Ganga,Magura,5e0d5925-345a-4f0b-a6e0-0bf69641b9bb,7.5,6,1471494,0,1.67
2026-08-09T01:41:28.300000+00:00,,2026-08-09T01:41:28.300000+00:00,,3.5,Gin Ganga,Baddegama,22279a3b-0b9c-4b64-a7a8-29869ef39f98,5,4,1471493,0,2.33
2026-08-09T01:39:27.046000+00:00,,2026-08-09T01:39:27.046000+00:00,,4.8,Kelani Ganga,Deraniyagala,d6c6b5bc-a94f-4bcc-9d11-be3ffddeed45,7,5.8,1471492,0,1.02
2026-08-09T01:39:17.697000+00:00,,2026-08-09T01:39:17.697000+00:00,,5,Malwathu Oya,Thanthirimale,a0fc0f94-30ca-4414-b9e1-3e6cf870d94e,7.8,6.8,1471491,0,0.64
2026-08-09T01:38:50.438000+00:00,,2026-08-09T01:38:50.438000+00:00,,3,Kelani Ganga,Holombuwa,b9bb8fcd-eda7-4485-b7bf-a1a1788af9a1,5,3.4,1471490,0,0.48
2026-08-09T01:37:51.948000+00:00,,2026-08-09T01:37:51.948000+00:00,,4,Kelani Ganga,Nagalagam Street,a6cebb1d-345b-4048-be9a-7a76b88c0af1,7,5,1471489,0,1.5
2026-08-09T01:37:22.149000+00:00,,2026-08-09T01:37:22.149000+00:00,,4,Gin Ganga,Thawalama,53952855-d72a-4820-bd32-b278fdffe261,7.5,6,1471488,0,2.2
2026-08-09T01:36:19.578000+00:00,,2026-08-09T01:36:19.578000+00:00,,3,Mahaweli Ganga,Thaldena,e6616189-06e6-477e-abf6-001403185a76,5,4,1471487,0,0.1
2026-08-09T01:35:44.958000+00:00,,2026-08-09T01:35:44.958000+00:00,,3.3,Aththanagalu Oya,Dunamale,2041af1a-d2fb-472b-94a0-bbf392f1f0b9,5.5,4.4,1471486,0,0.63
2026-08-09T01:35:43.715000+00:00,,2026-08-09T01:35:43.715000+00:00,,5,Mahaweli Ganga,Peradeniya,a03598be-0da5-4c08-9c6f-1042d03252bf,9,7,1471485,0,3.72
2026-08-09T01:35:35.513000+00:00,,2026-08-09T01:35:35.513000+00:00,,6.5,Kelani Ganga,Hanwella,95c8584b-b135-49cb-876a-5acfb7306d15,9.5,7.5,1471484,0,2.26
2026-08-09T01:35:21.542000+00:00,,2026-08-09T01:35:21.542000+00:00,,15,Kelani Ganga,Glencourse,20249aca-e591-42e2-ad4a-d5d2248fa15f,19,15.5,1471483,0,10.7
2026-08-09T01:35:03.659000+00:00,,2026-08-09T01:35:03.659000+00:00,,3,Kalu Ganga,Putupaula,b3bce537-7a0b-4c65-95d5-f920806dfd85,5,4,1471482,0,0.6
2026-08-09T01:34:59.258000+00:00,,2026-08-09T01:34:59.258000+00:00,,5,Maha Oya,Badalgama,b7f9176a-b337-4ca3-8328-92e6e0f635d2,9.6,6.2,1471481,0,2.09
2026-08-09T01:34:51.530000+00:00,,2026-08-09T01:34:51.530000+00:00,,2.5,Nilwala Ganga,Urawa,427d86f7-b85e-49a1-8260-dd8570d82751,6,4,1471480,0,0.35
2026-08-09T01:34:50.195000+00:00,,2026-08-09T01:34:50.195000+00:00,,5.5,Maha Oya,Giriulla,280a9fda-f0d9-48aa-87cd-0797ed7246a5,7.5,6.5,1471479,0,1.02
2026-08-09T01:34:36.648000+00:00,,2026-08-09T01:34:36.648000+00:00,,6.9,Kirindi Oya,Kuda Oya,945020db-dc2a-4dde-963a-2c8e3f3f1403,8.8,8.4,1471478,0,0.94
2026-08-09T01:34:25.797000+00:00,,2026-08-09T01:34:25.797000+00:00,,4,Menik Ganga,Katharagama,0947d7d2-04e2-4123-94a8-303fd5ffb564,6.5,4.6,1471477,0,-0.22
2026-08-09T01:33:48.052000+00:00,,2026-08-09T01:33:48.052000+00:00,,5,Kalu Ganga,Kalawellawa (Millakanda),e1fd6613-a7b5-4437-b9d2-b97553ef27dc,8,6.5,1471476,0,2.9
2026-08-09T01:33:29.331000+00:00,,2026-08-09T01:33:29.331000+00:00,,1.5,Kelani Ganga,Norwood,edc8a04e-f130-4eb1-aa3e-c3a73963969b,4.5,3,1471475,1.5,1.03
2026-08-09T01:33:16.555000+00:00,,2026-08-09T01:33:16.555000+00:00,,4,Kirindi Oya,Thanamalwila,f608ab36-5c91-45e6-a137-f85628463c15,5.5,5,1471474,0,0.52
2026-08-09T01:32:57.496000+00:00,,2026-08-09T01:32:57.496000+00:00,,3,Walawe Ganga,Moraketiya,fe836357-4a09-49e4-93b0-fa6a905dc059,7,5,1471473,0,0.79
2026-08-09T01:32:23.862000+00:00,,2026-08-09T01:32:23.862000+00:00,,3.5,Mahaweli Ganga,Nawalapitiya,bd0dada3-6476-4fd4-9c68-0f31be1f663f,6,5,1471472,0,1.96
2026-08-09T01:32:16.395000+00:00,,2026-08-09T01:32:16.395000+00:00,,3,Kelani Ganga,Kithulgala,0fde1ddd-90ad-4655-9266-45bd16ce6940,6,4,1471471,0,2.28
2026-08-09T01:32:15.565000+00:00,,2026-08-09T01:32:15.565000+00:00,,4.4,Kirindi Oya,Wellawaya,040c9a8b-e896-46f6-b4f6-5ac2585944b4,5.9,5.4,1471470,0,0.8
2026-08-09T01:32:06.704000+00:00,,2026-08-09T01:32:06.704000+00:00,,,Gal Oya,Ampara,c68c0875-c167-4e4c-b9c9-215538815a52,,,1471469,0,0
2026-08-09T01:32:02.769000+00:00,,2026-08-09T01:32:02.769000+00:00,,5,Kumbukkan Oya,Nakkala,d1d24b4f-0757-423b-928f-8496782dd83d,7.5,6,1471468,0,0.56
2026-08-09T01:31:52.804000+00:00,,2026-08-09T01:31:52.804000+00:00,,4.75,Deduru Oya,Moragaswewa,f11f98c1-fda7-4744-b9dc-de476200b4f3,7,6,1471467,0,0.04
2026-08-09T01:31:50.194000+00:00,,2026-08-09T01:31:50.194000+00:00,,4,Ma Oya,Yaka Wewa,bb4b7f6b-7a18-427e-b593-16fde3c7fce4,6,5,1471466,0,0.41
2026-08-09T01:31:29.729000+00:00,,2026-08-09T01:31:29.729000+00:00,,10,Kalu Ganga,Ellagawa,8f97f26c-5875-4fa3-8195-5a48c07f7e5d,12.2,10.7,1471465,0,5.8
2026-08-09T01:31:13.819000+00:00,,2026-08-09T01:31:13.819000+00:00,,5.2,Kalu Ganga,Rathnapura,9cd50de8-313e-4016-8569-b24dacfc35eb,9.5,7.5,1471464,0,2.38
2026-08-09T01:31:13.197000+00:00,,2026-08-09T01:31:13.197000+00:00,,4,Maduru Oya,Padiyathalawa,a94b9baf-1597-4358-9d7b-3cbc238fbb35,6,4.5,1471463,0,0.05
2026-08-09T01:30:53.359000+00:00,,2026-08-09T01:30:53.359000+00:00,,3,Mahaweli Ganga,Manampitiya,563222f1-ed58-4ee0-932b-6a38cbc482ca,6,4.3,1471462,0,-0.1
2026-08-09T01:30:39.083000+00:00,,2026-08-09T01:30:39.083000+00:00,,6,Yan Oya,Horowpothana,f430b235-b599-4847-952a-c9bf6ef27f93,10.5,7.5,1471461,0,1.7
2026-08-09T01:30:26.966000+00:00,,2026-08-09T01:30:26.966000+00:00,,5,Mahaweli Ganga,Weraganthota,67d3c2bf-acd1-455e-afbb-e9253b7e5baa,8,6,1471460,0,-3.17
2026-08-09T01:30:19.142000+00:00,,2026-08-09T01:30:19.142000+00:00,,4.5,Heda Oya,Siyambalanduwa,b6b70206-729a-4d34-8f67-88ae7cdfdd0f,7,6,1471459,0,0.15
2026-08-09T01:30:16.987000+00:00,,2026-08-09T01:30:16.987000+00:00,,4,Nilwala Ganga,Pitabeddara,6b3bd826-098b-4f63-8b8e-5b2b79f006ff,6.5,5,1471458,0,1.06
2026-08-09T00:57:22.011000+00:00,,2026-08-09T00:57:22.011000+00:00,,5,Nilwala Ganga,Panadugama,bbd81aa2-5ff2-4440-89ee-bf82bf2790d2,7.5,6,1471457,0,4.91
2026-08-09T00:57:03.115000+00:00,,2026-08-09T00:57:03.115000+00:00,,5,Nilwala Ganga,Panadugama,3597edea-641d-4c6b-a7ad-2cc313f28651,7.5,6,1471456,0,4.79
2026-08-09T00:41:58.570000+00:00,,2026-08-09T00:41:58.570000+00:00,,1.4,Nilwala Ganga,Thalgahagoda,b2f1db3a-cbce-4177-91f4-832c09fb8199,2.8,1.7,1471455,0,0.82
2026-08-09T00:39:41.800000+00:00,,2026-08-09T00:39:41.800000+00:00,,10,Kalu Ganga,Ellagawa,c957fae5-0f99-421d-8e39-87a12e1f608c,12.2,10.7,1471454,0,5.77
2026-08-09T00:38:23.306000+00:00,,2026-08-09T00:38:23.306000+00:00,,5,Mahaweli Ganga,Weraganthota,daa6183d-7c15-4f51-929a-446e4594ce63,8,6,1471453,0,-3.05
2026-08-09T00:37:51.134000+00:00,,2026-08-09T00:37:51.134000+00:00,,5,Kumbukkan Oya,Nakkala,4dc6cd88-cec2-465f-8609-3dc8334c7b86,7.5,6,1471452,0,0.56
2026-08-09T00:37:25.648000+00:00,,2026-08-09T00:37:25.648000+00:00,,5,Mahaweli Ganga,Peradeniya,692ea268-c5c6-4ee5-9a4e-06cc9e66fca5,9,7,1471451,0,3.7
2026-08-09T00:36:04.786000+00:00,,2026-08-09T00:36:04.786000+00:00,,4.8,Kelani Ganga,Deraniyagala,1e364170-78c5-40c7-903c-0afe0bebe4a6,7,5.8,1471450,0.5,1.02
2026-08-09T00:36:01.109000+00:00,,2026-08-09T00:36:01.109000+00:00,,4,Nilwala Ganga,Pitabeddara,3bee4148-ba65-4548-9186-ac389c85d095,6.5,5,1471449,0,1.1
2026-08-09T00:35:54.311000+00:00,,2026-08-09T00:35:54.311000+00:00,,15,Kelani Ganga,Glencourse,328e6a83-dbee-4c7f-98ab-99e22420f2c7,19,15.5,1471448,0,10.72
2026-08-09T00:35:44.679000+00:00,,2026-08-09T00:35:44.679000+00:00,,4,Maduru Oya,Padiyathalawa,786e63f4-15d8-4232-8cdb-6dd74b35e5e5,6,4.5,1471447,0,0.05
2026-08-09T00:35:20.203000+00:00,,2026-08-09T00:35:20.203000+00:00,,5,Maha Oya,Badalgama,14823e8c-dcd9-45c7-b344-fe97fa77b21a,9.6,6.2,1471446,0,2.09
2026-08-09T00:35:09.725000+00:00,,2026-08-09T00:35:09.725000+00:00,,5.2,Kalu Ganga,Rathnapura,72a8d0dd-9cb7-4421-bf93-dd1ecb11594b,9.5,7.5,1471445,0,2.42
2026-08-09T00:35:01.488000+00:00,,2026-08-09T00:35:01.488000+00:00,,3,Kelani Ganga,Kithulgala,b1f79bbb-07bb-4d1c-bb15-5d6cb9f6c26d,6,4,1471444,0,2.35
2026-08-09T00:34:56.785000+00:00,,2026-08-09T00:34:56.785000+00:00,,4.75,Deduru Oya,Moragaswewa,34d45ee6-da5b-453e-bcd1-9e845c42d392,7,6,1471443,0,0.04
2026-08-09T00:34:21.768000+00:00,,2026-08-09T00:34:21.768000+00:00,,3,Mahaweli Ganga,Thaldena,cd1f90af-db7e-4453-8e5a-60033e46e8c8,5,4,1471442,0,0.11
2026-08-09T00:33:56.769000+00:00,,2026-08-09T00:33:56.769000+00:00,,4,Kirindi Oya,Thanamalwila,93c704db-9bd9-47ef-a6fc-c89930952521,5.5,5,1471441,0,0.52
2026-08-09T00:33:47.691000+00:00,,2026-08-09T00:33:47.691000+00:00,,1.5,Kelani Ganga,Norwood,dfab814b-048d-47fb-818d-ad9a75f22401,4.5,3,1471440,2.5,1.03
2026-08-09T00:33:35.969000+00:00,,2026-08-09T00:33:35.969000+00:00,,3.5,Mahaweli Ganga,Nawalapitiya,c9156574-dca2-43b8-bcfb-fc2943547dbb,6,5,1471439,0,1.97
2026-08-09T00:33:30.599000+00:00,,2026-08-09T00:33:30.599000+00:00,,4,Kelani Ganga,Nagalagam Street,d64ec6a5-73fc-4783-9af8-5130bee82b6a,7,5,1471438,0,1.3
2026-08-09T00:33:16.191000+00:00,,2026-08-09T00:33:16.191000+00:00,,2.5,Nilwala Ganga,Urawa,050fb1fe-c826-4a03-81c6-293763b97c25,6,4,1471437,0,0.38
2026-08-09T00:32:53.527000+00:00,,2026-08-09T00:32:53.527000+00:00,,3.3,Aththanagalu Oya,Dunamale,b1c43054-11d4-44cd-9e32-a4b4643dd90b,5.5,4.4,1471436,0,0.62
2026-08-09T00:32:53.160000+00:00,,2026-08-09T00:32:53.160000+00:00,,3,Walawe Ganga,Moraketiya,a9620ad1-771a-4a3c-a9d3-b70ff73d93ea,7,5,1471435,0,0.77
2026-08-09T00:32:51.215000+00:00,,2026-08-09T00:32:51.215000+00:00,,5,Maha Oya,Badalgama,3aea2382-26a1-49fb-83a4-092c81278d1b,9.6,6.2,1471434,0,2.09
2026-08-09T00:32:48.786000+00:00,,2026-08-09T00:32:48.786000+00:00,,5,Kalu Ganga,Kalawellawa (Millakanda),896a3af1-c553-44a2-b527-bb2f25007130,8,6.5,1471433,0,2.81
2026-08-09T00:32:36.223000+00:00,,2026-08-09T00:32:36.223000+00:00,,4,Kalu Ganga,Magura,155aac1c-11e5-402b-8447-ef84472e4b2d,7.5,6,1471432,0,1.7
2026-08-09T00:32:28.622000+00:00,,2026-08-09T00:32:28.622000+00:00,,6.5,Kelani Ganga,Hanwella,bd9c41e8-770b-4931-afc0-07a06d959514,9.5,7.5,1471431,0,2.29
2026-08-09T00:32:16.628000+00:00,,2026-08-09T00:32:16.628000+00:00,,4.4,Kirindi Oya,Wellawaya,76d60928-191b-4e46-acac-d28517092b5d,5.9,5.4,1471430,0,0.8
2026-08-09T00:32:09.730000+00:00,,2026-08-09T00:32:09.730000+00:00,,4,Menik Ganga,Katharagama,24b15f7c-5e08-4eb4-bf10-04f8a2c1ddb6,6.5,4.6,1471429,0,-0.22
2026-08-09T00:31:56.352000+00:00,,2026-08-09T00:31:56.352000+00:00,,3,Kelani Ganga,Holombuwa,eceb3e85-a5b4-4a29-a5aa-f6460c38e742,5,3.4,1471428,0,0.49
2026-08-09T00:31:55.641000+00:00,,2026-08-09T00:31:55.641000+00:00,,,Gal Oya,Ampara,cfd4ecd5-729b-466b-9ee1-2473304e6990,,,1471427,0,0
2026-08-09T00:31:47.194000+00:00,,2026-08-09T00:31:47.194000+00:00,,5.5,Maha Oya,Giriulla,a8f7cb8a-b05e-4841-80b2-74c5bd8e02dd,7.5,6.5,1471426,0,1.02
2026-08-09T00:31:41.292000+00:00,,2026-08-09T00:31:41.292000+00:00,,6,Yan Oya,Horowpothana,548c49f8-5c26-4372-b8a8-7c95e95a7e15,10.5,7.5,1471425,0,1.7
2026-08-09T00:31:39.125000+00:00,,2026-08-09T00:31:39.125000+00:00,,3.5,Gin Ganga,Baddegama,41e99db2-93dd-4af5-9255-38484a263a92,5,4,1471424,0,2.37
2026-08-09T00:31:37.883000+00:00,,2026-08-09T00:31:37.883000+00:00,,4,Gin Ganga,Thawalama,ecc3e0dd-c4d6-491f-b4d3-46c4eefbeca0,7.5,6,1471423,8.9,2.24
2026-08-09T00:31:32.389000+00:00,,2026-08-09T00:31:32.389000+00:00,,4,Ma Oya,Yaka Wewa,ef22af67-7327-4c2d-87a4-2490c8d9c8d9,6,5,1471422,0,0.41
2026-08-09T00:31:12.383000+00:00,,2026-08-09T00:31:12.383000+00:00,,6.9,Kirindi Oya,Kuda Oya,03e33c2a-ffd3-4a8c-9392-e1cce18cc7e7,8.8,8.4,1471421,0,0.94
2026-08-09T00:31:06.295000+00:00,,2026-08-09T00:31:06.295000+00:00,,3,Kalu Ganga,Putupaula,89128029-4c22-448c-99a8-5fba2bd331f5,5,4,1471420,0,0.55
2026-08-09T00:30:49.540000+00:00,,2026-08-09T00:30:49.540000+00:00,,4.5,Heda Oya,Siyambalanduwa,9eb754ad-9162-4842-8649-a7b56a7d3723,7,6,1471419,0,0.15
2026-08-09T00:30:41.567000+00:00,,2026-08-09T00:30:41.567000+00:00,,3,Mahaweli Ganga,Manampitiya,2f2b7559-e119-40c2-bc0f-3dad033461d2,6,4.3,1471418,0,-0.1
2026-08-09T00:20:10.336000+00:00,,2026-08-09T00:20:10.336000+00:00,,6.9,Kirindi Oya,Kuda Oya,d44f3d7b-9050-4d45-bfa2-8bcf05469e5d,8.8,8.4,1471417,0,0.94
2026-08-09T00:17:55.946000+00:00,,2026-08-09T00:17:55.946000+00:00,,3,Kelani Ganga,Kithulgala,4501fcc3-23ec-40be-a8fd-ea62c25a81e8,6,4,1471416,0,2.35
2026-08-09T00:10:35+00:00,,2026-08-09T00:10:35+00:00,,5,Kalu Ganga,Kalawellawa (Millakanda),26b073ef-1367-4473-8e9e-064e66e826af,8,6.5,1471415,0,2.66
2026-08-09T00:06:35.758000+00:00,,2026-08-09T00:06:35.758000+00:00,,4,Ma Oya,Yaka Wewa,f4b2effe-fea1-47c2-9c97-b03fbbbc5014,6,5,1471414,0,0.41
2026-08-09T00:06:06.743000+00:00,,2026-08-09T00:06:06.743000+00:00,,6,Yan Oya,Horowpothana,b28f91d7-e27e-4412-89c0-0d409b2c09e6,10.5,7.5,1471413,0,1.7
2026-08-08T23:59:01.894000+00:00,,2026-08-08T23:59:01.894000+00:00,,3,Mahaweli Ganga,Manampitiya,e49e271c-bb0e-4b09-a39a-76b2266c516b,6,4.3,1471412,0,-0.1
2026-08-08T23:53:31.342000+00:00,,2026-08-08T23:53:31.342000+00:00,,4,Kirindi Oya,Thanamalwila,b0b71a33-54c0-41ee-a965-c56432cf4361,5.5,5,1471411,0,0.52
2026-08-08T23:41:27.663000+00:00,,2026-08-08T23:41:27.663000+00:00,,10,Kalu Ganga,Ellagawa,e2d59f0d-c854-4dc8-92e9-92fc1f542579,12.2,10.7,1471410,0,5.77
2026-08-08T23:40:20.641000+00:00,,2026-08-08T23:40:20.641000+00:00,,3.5,Mahaweli Ganga,Nawalapitiya,9e6e0b8f-9da2-4183-aac0-f5ff2b17e5e8,6,5,1471409,1.9,1.99
2026-08-08T23:40:06.540000+00:00,,2026-08-08T23:40:06.540000+00:00,,4.5,Heda Oya,Siyambalanduwa,49ac5308-4a7f-4e62-bded-84b3ffb9e8f2,7,6,1471408,0,0.15
2026-08-08T23:38:36.006000+00:00,,2026-08-08T23:38:36.006000+00:00,,3.5,Gin Ganga,Baddegama,afba0114-958c-4103-9429-962a9340f7a1,5,4,1471407,0,2.3
2026-08-08T23:38:27.765000+00:00,,2026-08-08T23:38:27.765000+00:00,,4,Nilwala Ganga,Pitabeddara,aa758e8c-1b5b-49b9-9254-0f8a7a801e9e,6.5,5,1471406,4.8,1.12
2026-08-08T23:38:06.859000+00:00,,2026-08-08T23:38:06.859000+00:00,,5.2,Kalu Ganga,Rathnapura,06d3977c-fa61-432f-9139-c87f8b9863b7,9.5,7.5,1471405,7.3,2.44
2026-08-08T23:37:10.325000+00:00,,2026-08-08T23:37:10.325000+00:00,,4,Kalu Ganga,Magura,4ec64e82-380f-42a3-aeeb-6fbbae17a6b5,7.5,6,1471404,0,1.75
2026-08-08T23:36:47.196000+00:00,,2026-08-08T23:36:47.196000+00:00,,3,Kalu Ganga,Putupaula,fcd0df05-b557-4abc-bdc4-cb8101ac0d5c,5,4,1471403,0,0.55
2026-08-08T23:35:36.818000+00:00,,2026-08-08T23:35:36.818000+00:00,,4.8,Kelani Ganga,Deraniyagala,20410513-7d7b-44dd-8e76-5b5bcb59bd58,7,5.8,1471402,0,1.04
2026-08-08T23:35:31.395000+00:00,,2026-08-08T23:35:31.395000+00:00,,4,Menik Ganga,Katharagama,c3dcaeba-6a49-4ed1-a5f7-06d32ddaa00b,6.5,4.6,1471401,0,-0.23
2026-08-08T23:34:54.189000+00:00,,2026-08-08T23:34:54.189000+00:00,,2.5,Nilwala Ganga,Urawa,bfcfca9b-6ed0-4d16-9da6-bbd05906e412,6,4,1471400,0,0.45
2026-08-08T23:34:53.725000+00:00,,2026-08-08T23:34:53.725000+00:00,,5,Mahaweli Ganga,Peradeniya,02c70f21-48a5-49d1-aa6f-08fedbaa37c3,9,7,1471399,0,3.71
2026-08-08T23:34:15.177000+00:00,,2026-08-08T23:34:15.177000+00:00,,4.4,Kirindi Oya,Wellawaya,1e3e7abe-fcf0-4d9d-954b-21ba5afdf949,5.9,5.4,1471398,0,0.8
2026-08-08T23:33:57.354000+00:00,,2026-08-08T23:33:57.354000+00:00,,1.5,Kelani Ganga,Norwood,108af8f8-9d35-4841-8611-fdeea9bf291b,4.5,3,1471397,1.1,1.02
2026-08-08T23:33:36.241000+00:00,,2026-08-08T23:33:36.241000+00:00,,1.4,Nilwala Ganga,Thalgahagoda,a74908c9-3fe7-4b5b-90e4-4ed8f2003795,2.8,1.7,1471396,0,0.8
2026-08-08T23:33:27.724000+00:00,,2026-08-08T23:33:27.724000+00:00,,15,Kelani Ganga,Glencourse,9d2bc566-0281-4071-9407-803871744499,19,15.5,1471395,0,10.73
2026-08-08T23:33:12.415000+00:00,,2026-08-08T23:33:12.415000+00:00,,3.3,Aththanagalu Oya,Dunamale,3df0b0a4-2f3f-49e9-b705-b52a882cd0ba,5.5,4.4,1471394,0,0.62
2026-08-08T23:32:40.163000+00:00,,2026-08-08T23:32:40.163000+00:00,,4,Gin Ganga,Thawalama,aca250ef-3482-4b3a-acbe-ba1df6342bf3,7.5,6,1471393,0,2.28
2026-08-08T23:32:25.265000+00:00,,2026-08-08T23:32:25.265000+00:00,,5,Maha Oya,Badalgama,d5681636-ad1f-4c49-9111-f2e0e0bc2073,9.6,6.2,1471392,0,2.09
2026-08-08T23:32:08.619000+00:00,,2026-08-08T23:32:08.619000+00:00,,6.5,Kelani Ganga,Hanwella,39dea8d3-3ec1-4d40-871b-ea333a653a6c,9.5,7.5,1471391,0,2.29
2026-08-08T23:31:57.719000+00:00,,2026-08-08T23:31:57.719000+00:00,,3,Mahaweli Ganga,Manampitiya,66e70925-25cc-4d5c-a043-464027e24d39,6,4.3,1471390,0,-0.1
2026-08-08T23:31:41.768000+00:00,,2026-08-08T23:31:41.768000+00:00,,5.5,Maha Oya,Giriulla,6b3dc326-8aa1-4d22-90fe-66c6dbebc1b9,7.5,6.5,1471389,0,1.03
2026-08-08T23:31:14.742000+00:00,,2026-08-08T23:31:14.742000+00:00,,3,Walawe Ganga,Moraketiya,71174333-4b47-4a0d-92e6-532ac9aa77d1,7,5,1471388,0,0.75
2026-08-08T23:31:09.421000+00:00,,2026-08-08T23:31:09.421000+00:00,,4,Maduru Oya,Padiyathalawa,8f9fbcdc-68bb-4ff0-ac41-fa0b6add867d,6,4.5,1471387,0,0.05
2026-08-08T23:30:57.923000+00:00,,2026-08-08T23:30:57.923000+00:00,,,Gal Oya,Ampara,cc7dad01-5313-47c6-a28b-93f12c0971d0,,,1471386,0,0
2026-08-08T23:30:56.474000+00:00,,2026-08-08T23:30:56.474000+00:00,,3,Mahaweli Ganga,Thaldena,1095b1f4-1f86-41fe-9b5e-2c56ad03a4b9,5,4,1471385,0,0.11
2026-08-08T23:30:44.729000+00:00,,2026-08-08T23:30:44.729000+00:00,,4.75,Deduru Oya,Moragaswewa,a0571522-1702-4e85-9f2c-1268c96c6fc6,7,6,1471384,0,0.04
2026-08-08T23:30:26.045000+00:00,,2026-08-08T23:30:26.045000+00:00,,5,Kumbukkan Oya,Nakkala,5a224fdc-d6c8-463f-b43e-b453b853782b,7.5,6,1471383,0,0.56
2026-08-08T23:30:17.756000+00:00,,2026-08-08T23:30:17.756000+00:00,,4,Maduru Oya,Padiyathalawa,e2729651-3541-4c5c-af7c-0d7def77f745,6,4.5,1471382,0,0.05
2026-08-08T23:26:04.315000+00:00,,2026-08-08T23:26:04.315000+00:00,,4,Kalu Ganga,Magura,0966e72e-03ca-4159-a1cd-1bcb8bef4c09,7.5,6,1471381,0,1.81
2026-08-08T23:03:45.863000+00:00,,2026-08-08T23:03:45.863000+00:00,,6.9,Kirindi Oya,Kuda Oya,ef36192a-68f0-4ed9-ae4f-08876b73cc0e,8.8,8.4,1471380,0,0.94
2026-08-08T22:46:58.528000+00:00,,2026-08-08T22:46:58.528000+00:00,,4,Ma Oya,Yaka Wewa,cae41929-874a-47c6-b031-a02feb745c51,6,5,1471379,0,0.41
2026-08-08T22:46:28.178000+00:00,,2026-08-08T22:46:28.178000+00:00,,4,Kalu Ganga,Magura,7324633a-5ebb-463a-b485-cbeffd89f546,7.5,6,1471378,1.6,1.86
2026-08-08T22:45:44.742000+00:00,,2026-08-08T22:45:44.742000+00:00,,5,Kumbukkan Oya,Nakkala,7b475232-90e4-46dc-be20-55e92750887e,7.5,6,1471377,0,0.56
2026-08-08T22:45:43.394000+00:00,,2026-08-08T22:45:43.394000+00:00,,5,Kumbukkan Oya,Nakkala,b39d464b-fd08-423a-a05d-b413b844857c,7.5,6,1471376,0,0.56
2026-08-08T22:41:09.328000+00:00,,2026-08-08T22:41:09.328000+00:00,,3,Kelani Ganga,Holombuwa,95b2fe51-a15e-4d18-959e-87a15d8ce493,5,3.4,1471375,0,0.49
2026-08-08T22:38:10.977000+00:00,,2026-08-08T22:38:10.977000+00:00,,15,Kelani Ganga,Glencourse,4e88db5d-9a23-4e91-b209-e9a5ce048b98,19,15.5,1471374,0.5,10.77
2026-08-08T22:37:51.354000+00:00,,2026-08-08T22:37:51.354000+00:00,,3,Kalu Ganga,Putupaula,7d190b0a-e243-4b87-b334-1bb0f8597b48,5,4,1471373,0,0.58
2026-08-08T22:37:16.553000+00:00,,2026-08-08T22:37:16.553000+00:00,,2.5,Nilwala Ganga,Urawa,2948740a-435b-4291-9b70-1ccac35f5f09,6,4,1471372,0,0.5
2026-08-08T22:37:13.749000+00:00,,2026-08-08T22:37:13.749000+00:00,,4.5,Heda Oya,Siyambalanduwa,2d574941-a704-4cce-a205-1afed003c088,7,6,1471371,0,0.15
2026-08-08T22:36:47.010000+00:00,,2026-08-08T22:36:47.010000+00:00,,4,Nilwala Ganga,Pitabeddara,39db331d-822e-44a0-bb2f-37474396366d,6.5,5,1471370,0,1.1
2026-08-08T22:36:22.779000+00:00,,2026-08-08T22:36:22.779000+00:00,,4.8,Kelani Ganga,Deraniyagala,c1080949-6aed-4a31-ace2-516e4223dc29,7,5.8,1471369,10.6,1.04
2026-08-08T22:36:06.984000+00:00,,2026-08-08T22:36:06.984000+00:00,,5.2,Kalu Ganga,Rathnapura,a084517d-a8dc-4178-acb6-c0e183594547,9.5,7.5,1471368,0,2.47
2026-08-08T22:35:04.764000+00:00,,2026-08-08T22:35:04.764000+00:00,,6,Yan Oya,Horowpothana,d2436002-8942-4973-9829-3172890ba280,10.5,7.5,1471367,0,1.7
2026-08-08T22:34:42.394000+00:00,,2026-08-08T22:34:42.394000+00:00,,3,Kelani Ganga,Kithulgala,55dcda6c-fa29-4fdc-b5b2-11a61b49f1ff,6,4,1471366,0,2.36
2026-08-08T22:34:23.911000+00:00,,2026-08-08T22:34:23.911000+00:00,,3,Mahaweli Ganga,Manampitiya,b8c0f93a-949f-415b-86d6-8665e17c0f69,6,4.3,1471365,0,-0.1
2026-08-08T22:34:05.212000+00:00,,2026-08-08T22:34:05.212000+00:00,,4.75,Deduru Oya,Moragaswewa,fc181151-2819-47fe-b2e8-ced73d93b719,7,6,1471364,0,0.04
2026-08-08T22:33:46.256000+00:00,,2026-08-08T22:33:46.256000+00:00,,3,Mahaweli Ganga,Manampitiya,d28b586c-99f8-4183-b9e4-97d26a9bf062,6,4.3,1471363,0,-0.1
2026-08-08T22:33:42.343000+00:00,,2026-08-08T22:33:42.343000+00:00,,4,Menik Ganga,Katharagama,08c5af0f-a9b3-48c9-b40f-469de898c0bf,6.5,4.6,1471362,0,-0.23
2026-08-08T22:33:40.008000+00:00,,2026-08-08T22:33:40.008000+00:00,,1.4,Nilwala Ganga,Thalgahagoda,e73b0aff-63f7-40a8-82c9-1e7eb4cf06d8,2.8,1.7,1471361,0,0.79
2026-08-08T22:33:38.817000+00:00,,2026-08-08T22:33:38.817000+00:00,,5,Mahaweli Ganga,Peradeniya,c2b96728-5fa6-43cb-93db-185c0de00140,9,7,1471360,0,3.7
2026-08-08T22:33:37.570000+00:00,,2026-08-08T22:33:37.570000+00:00,,5,Mahaweli Ganga,Peradeniya,6d4f63e1-0935-4f43-9aa2-a9909524a234,9,7,1471359,0,3.7
2026-08-08T22:33:29.185000+00:00,,2026-08-08T22:33:29.185000+00:00,,6.5,Kelani Ganga,Hanwella,a57d0896-496e-47ce-9df0-e8c77c501f74,9.5,7.5,1471358,0,2.28
2026-08-08T22:33:26.677000+00:00,,2026-08-08T22:33:26.677000+00:00,,4,Gin Ganga,Thawalama,29cd22d7-cccd-4241-aa66-1915f29c7bf7,7.5,6,1471357,2.3,2.3
2026-08-08T22:33:20.588000+00:00,,2026-08-08T22:33:20.588000+00:00,,5,Nilwala Ganga,Panadugama,5f38c6ee-40cf-402c-ac7c-ede6b122c6c0,7.5,6,1471356,0,4.73
2026-08-08T22:33:12.032000+00:00,,2026-08-08T22:33:12.032000+00:00,,3,Mahaweli Ganga,Manampitiya,dbd9fb6f-0a91-4942-80a5-a8bf974cbb52,6,4.3,1471355,0,-0.1
2026-08-08T22:32:58.170000+00:00,,2026-08-08T22:32:58.170000+00:00,,1.5,Kelani Ganga,Norwood,d104396e-9528-4b0f-ac63-cdc2ae1f82e4,4.5,3,1471354,1.3,1.01
2026-08-08T22:32:52.943000+00:00,,2026-08-08T22:32:52.943000+00:00,,10,Kalu Ganga,Ellagawa,77351543-dae4-43ad-a22c-1bec5b41b653,12.2,10.7,1471353,0,5.72
2026-08-08T22:32:49.184000+00:00,,2026-08-08T22:32:49.184000+00:00,,5,Maha Oya,Badalgama,4b1bdc14-4cdb-4b9f-b111-02f318825ea9,9.6,6.2,1471352,0,2.09
2026-08-08T22:32:45.604000+00:00,,2026-08-08T22:32:45.604000+00:00,,3.3,Aththanagalu Oya,Dunamale,9029f3db-5b75-474b-bc6c-e4456c81beeb,5.5,4.4,1471351,0,0.62
2026-08-08T22:32:38.477000+00:00,,2026-08-08T22:32:38.477000+00:00,,3.5,Mahaweli Ganga,Nawalapitiya,b148dd00-381c-4c34-a4f4-8d1788f02c46,6,5,1471350,0,2.02
2026-08-08T22:32:37.262000+00:00,,2026-08-08T22:32:37.262000+00:00,,4,Kelani Ganga,Nagalagam Street,6eea5670-f023-4677-b66d-f6d3ecad4537,7,5,1471349,0,1
2026-08-08T22:32:31.592000+00:00,,2026-08-08T22:32:31.592000+00:00,,3,Mahaweli Ganga,Thaldena,07bf626e-d407-426c-a90a-e6cb1af8bbb0,5,4,1471348,0,0.11
2026-08-08T22:32:17.483000+00:00,,2026-08-08T22:32:17.483000+00:00,,5.5,Maha Oya,Giriulla,aa712934-683e-44c8-9d8a-0428436e9d8a,7.5,6.5,1471347,0,1.03
2026-08-08T22:31:57.020000+00:00,,2026-08-08T22:31:57.020000+00:00,,5,Kalu Ganga,Kalawellawa (Millakanda),11103510-e89d-4e6b-837a-4435551f424c,8,6.5,1471346,0,2.47
2026-08-08T22:31:32.553000+00:00,,2026-08-08T22:31:32.553000+00:00,,,Gal Oya,Ampara,65a7e0f9-ef6d-4e2f-97f6-0afba5fab3a9,,,1471345,0,0
2026-08-08T22:31:08.089000+00:00,,2026-08-08T22:31:08.089000+00:00,,4.4,Kirindi Oya,Wellawaya,a46c8145-648f-4ad8-b7c3-bdd20b2eef08,5.9,5.4,1471344,0,0.82
2026-08-08T22:30:58.307000+00:00,,2026-08-08T22:30:58.307000+00:00,,3.5,Gin Ganga,Baddegama,2669dc9f-3b8c-42c2-9138-2214d8533912,5,4,1471343,0,2.27
2026-08-08T22:30:48.768000+00:00,,2026-08-08T22:30:48.768000+00:00,,3,Walawe Ganga,Moraketiya,025cec9a-203b-4cb7-add4-571ef37effec,7,5,1471342,0,0.74
2026-08-08T22:10:39.468000+00:00,,2026-08-08T22:10:39.468000+00:00,,5,Nilwala Ganga,Panadugama,0b417fb4-d0c8-4c59-9d17-60e61aacb07d,7.5,6,1471341,0,4.51
2026-08-08T21:39:55.015000+00:00,,2026-08-08T21:39:55.015000+00:00,,4,Nilwala Ganga,Pitabeddara,c2b091ae-5409-4d84-b8cd-97b893e78682,6.5,5,1471340,0,1.1
2026-08-08T21:39:39.948000+00:00,,2026-08-08T21:39:39.948000+00:00,,3,Kelani Ganga,Holombuwa,98a90c4e-5c0d-4601-8bf0-b7605ebf6472,5,3.4,1471339,0,0.5
2026-08-08T21:38:14.322000+00:00,,2026-08-08T21:38:14.322000+00:00,,15,Kelani Ganga,Glencourse,839bb482-1f0f-433a-a53e-3b325277c1d1,19,15.5,1471338,1.1,10.81
2026-08-08T21:37:30.015000+00:00,,2026-08-08T21:37:30.015000+00:00,,3,Walawe Ganga,Moraketiya,97694811-b1fd-4f53-9b77-62b222aa1f80,7,5,1471337,0,0.73
2026-08-08T21:37:20.609000+00:00,,2026-08-08T21:37:20.609000+00:00,,4.8,Kelani Ganga,Deraniyagala,fcc60760-9b8f-4ca4-b337-202e6509d491,7,5.8,1471336,1.8,1.05
2026-08-08T21:35:49.593000+00:00,,2026-08-08T21:35:49.593000+00:00,,1.4,Nilwala Ganga,Thalgahagoda,a7466d37-4ffc-4b71-bb6e-46f1f7dff86b,2.8,1.7,1471335,0,0.78
2026-08-08T21:35:22.097000+00:00,,2026-08-08T21:35:22.097000+00:00,,2.5,Nilwala Ganga,Urawa,e0ad2335-7dd5-497b-8376-1834b0f18db9,6,4,1471334,0,0.56
2026-08-08T21:35:15.143000+00:00,,2026-08-08T21:35:15.143000+00:00,,6.5,Kelani Ganga,Hanwella,28e1d059-4cc8-4cbf-9132-bb955ff2188d,9.5,7.5,1471333,2.8,2.23
2026-08-08T21:34:56.951000+00:00,,2026-08-08T21:34:56.951000+00:00,,4,Kalu Ganga,Magura,aec6c195-d670-4569-afba-cadd825688be,7.5,6,1471332,0,1.87
2026-08-08T21:34:40.135000+00:00,,2026-08-08T21:34:40.135000+00:00,,5,Maha Oya,Badalgama,2ce6d90f-f704-4429-bc8a-ae56a944d2c3,9.6,6.2,1471331,0,2.09
2026-08-08T21:34:35.552000+00:00,,2026-08-08T21:34:35.552000+00:00,,4.5,Heda Oya,Siyambalanduwa,f9cd193b-7a8e-4dbe-abc6-d615237bc9a2,7,6,1471330,0,0.15
2026-08-08T21:34:28.684000+00:00,,2026-08-08T21:34:28.684000+00:00,,4,Kirindi Oya,Thanamalwila,625a7739-b689-4f95-84d3-29dc02809607,5.5,5,1471329,0,0.54
2026-08-08T21:34:24.429000+00:00,,2026-08-08T21:34:24.429000+00:00,,3,Kelani Ganga,Kithulgala,219ecf93-175c-4734-b799-9b30f3ef9ce3,6,4,1471328,1.6,2.34
2026-08-08T21:34:21.297000+00:00,,2026-08-08T21:34:21.297000+00:00,,3.5,Mahaweli Ganga,Nawalapitiya,7eb57209-743e-43d0-aec2-e36cca14fd0f,6,5,1471327,0,2.04
2026-08-08T21:34:20.521000+00:00,,2026-08-08T21:34:20.521000+00:00,,6.5,Kelani Ganga,Hanwella,098a3e1e-a6a4-43ff-a38b-ff11b789e687,9.5,7.5,1471326,0,2.23
2026-08-08T21:34:11.810000+00:00,,2026-08-08T21:34:11.810000+00:00,,5,Mahaweli Ganga,Peradeniya,4621bb84-fd65-4f19-97c6-dbf140145cfa,9,7,1471325,0,3.69
2026-08-08T21:34:04.203000+00:00,,2026-08-08T21:34:04.203000+00:00,,5.2,Kalu Ganga,Rathnapura,21317ae0-e330-4703-aace-bfd13cd651f8,9.5,7.5,1471324,0,2.48
2026-08-08T21:34:01.125000+00:00,,2026-08-08T21:34:01.125000+00:00,,5,Kalu Ganga,Kalawellawa (Millakanda),90a8ec7b-f14e-4a9d-9c1e-e11d926780f6,8,6.5,1471323,14.8,2.46
2026-08-08T21:33:46.219000+00:00,,2026-08-08T21:33:46.219000+00:00,,3,Kalu Ganga,Putupaula,5bee6d1b-1f6e-4f7c-9c28-378b09604e5a,5,4,1471322,6.3,0.6
2026-08-08T21:33:09.998000+00:00,,2026-08-08T21:33:09.998000+00:00,,4,Maduru Oya,Padiyathalawa,3ceb86d4-78aa-4552-8776-659e8017a8fc,6,4.5,1471320,0,0.05
2026-08-08T21:33:09.989000+00:00,,2026-08-08T21:33:09.989000+00:00,,6,Yan Oya,Horowpothana,3d940df6-cc53-40d7-8f8b-3897a29522ad,10.5,7.5,1471321,0,1.7
2026-08-08T21:33:09.578000+00:00,,2026-08-08T21:33:09.578000+00:00,,4.4,Kirindi Oya,Wellawaya,f416e6db-e880-4cab-8db0-9f63128188b7,5.9,5.4,1471319,0,0.81
2026-08-08T21:32:51.565000+00:00,,2026-08-08T21:32:51.565000+00:00,,5.5,Maha Oya,Giriulla,8dcfbdcc-d02c-4c04-9c1a-ece817d26db2,7.5,6.5,1471318,0,1.03
2026-08-08T21:32:48.891000+00:00,,2026-08-08T21:32:48.891000+00:00,,6,Yan Oya,Horowpothana,9148f451-232d-47d1-b59f-fb73746440a9,10.5,7.5,1471317,0,1.7
2026-08-08T21:32:35.168000+00:00,,2026-08-08T21:32:35.168000+00:00,,4,Ma Oya,Yaka Wewa,47c84939-0f5d-48e5-9118-7ba5b21a11fe,6,5,1471316,0,0.41
2026-08-08T21:32:26.108000+00:00,,2026-08-08T21:32:26.108000+00:00,,3.3,Aththanagalu Oya,Dunamale,4dd26748-5f03-474d-aed6-24bcfd2e0a1c,5.5,4.4,1471315,0,0.621
2026-08-08T21:32:12.614000+00:00,,2026-08-08T21:32:12.614000+00:00,,3,Mahaweli Ganga,Thaldena,bc6761fb-57da-49d9-813e-9b81b2ed328f,5,4,1471314,0,0.11
2026-08-08T21:32:11.133000+00:00,,2026-08-08T21:32:11.133000+00:00,,4,Menik Ganga,Katharagama,4240537a-92fb-480c-a954-ab55d4181428,6.5,4.6,1471313,0,-0.23
2026-08-08T21:31:54.041000+00:00,,2026-08-08T21:31:54.041000+00:00,,4,Gin Ganga,Thawalama,876affa8-08ef-4047-9d25-955d8fd25c2c,7.5,6,1471312,0,2.32
2026-08-08T21:31:44.337000+00:00,,2026-08-08T21:31:44.337000+00:00,,6.9,Kirindi Oya,Kuda Oya,2bb63b35-aede-4ee8-a6ea-eee46a9a6920,8.8,8.4,1471311,0,0.94
2026-08-08T21:31:34.147000+00:00,,2026-08-08T21:31:34.147000+00:00,,4,Kelani Ganga,Nagalagam Street,c20d6858-829f-40d4-8ed8-f4cc2329ab8b,7,5,1471310,0,0.9
2026-08-08T21:31:24.652000+00:00,,2026-08-08T21:31:24.652000+00:00,,5,Kumbukkan Oya,Nakkala,9610964b-75e1-40ea-ad7b-b64c5da6311d,7.5,6,1471309,0,0.56
2026-08-08T21:31:15.041000+00:00,,2026-08-08T21:31:15.041000+00:00,,4.75,Deduru Oya,Moragaswewa,e84cf466-26c2-4481-bb99-37ec55183c25,7,6,1471308,0,0.05
2026-08-08T21:30:58.937000+00:00,,2026-08-08T21:30:58.937000+00:00,,,Gal Oya,Ampara,2fc772f7-16a4-4081-aff2-f5b69f72592d,,,1471307,0,0
2026-08-08T20:55:01.857000+00:00,,2026-08-08T20:55:01.857000+00:00,,4,Nilwala Ganga,Pitabeddara,adc2491d-03cb-4b10-abbe-18baf1d6248e,6.5,5,1471306,0,1.1
2026-08-08T20:55:00.362000+00:00,,2026-08-08T20:55:00.362000+00:00,,4,Nilwala Ganga,Pitabeddara,100db1f0-0dac-4fd1-8dfa-2e015730c180,6.5,5,1471305,0,1.1
2026-08-08T20:50:19.485000+00:00,,2026-08-08T20:50:19.485000+00:00,,4.5,Heda Oya,Siyambalanduwa,03250b59-8f8d-4c3a-b0f1-14e07843b63e,7,6,1471304,0,0.15
2026-08-08T20:46:12.988000+00:00,,2026-08-08T20:46:12.988000+00:00,,5,Maha Oya,Badalgama,aa71bdf9-3601-4010-97fc-6413610ef15a,9.6,6.2,1471303,0,2.09
2026-08-08T20:45:15.528000+00:00,,2026-08-08T20:45:15.528000+00:00,,5,Mahaweli Ganga,Peradeniya,5b3422b4-591c-4126-bed4-b031d3576184,9,7,1471302,0,3.62
2026-08-08T20:44:23.003000+00:00,,2026-08-08T20:44:23.003000+00:00,,5,Nilwala Ganga,Panadugama,97d8370f-78c0-4a8c-a738-16d1afea5ac2,7.5,6,1471301,0,4.39
2026-08-08T20:40:47.221000+00:00,,2026-08-08T20:40:47.221000+00:00,,6.5,Kelani Ganga,Hanwella,e3611ba3-6eb1-4858-a766-591ea653e700,9.5,7.5,1471300,0,2.2
2026-08-08T20:39:50.419000+00:00,,2026-08-08T20:39:50.419000+00:00,,5.5,Maha Oya,Giriulla,71da9584-45e3-412b-abc3-9403664631c9,7.5,6.5,1471299,0,1.03
2026-08-08T20:38:51.185000+00:00,,2026-08-08T20:38:51.185000+00:00,,5.2,Kalu Ganga,Rathnapura,5b4a3045-dabb-4d2a-a45f-b78318680274,9.5,7.5,1471298,2.1,2.49
2026-08-08T20:36:49.226000+00:00,,2026-08-08T20:36:49.226000+00:00,,3,Kelani Ganga,Kithulgala,2a6ae819-13c0-41ac-8e6c-7fd09ef4af4e,6,4,1471297,0,2.38
2026-08-08T20:36:34.024000+00:00,,2026-08-08T20:36:34.024000+00:00,,4.8,Kelani Ganga,Deraniyagala,0fa5022a-12bc-4d37-99da-204f109c040b,7,5.8,1471296,0.5,1.01
2026-08-08T20:36:06.125000+00:00,,2026-08-08T20:36:06.125000+00:00,,4,Gin Ganga,Thawalama,77c447e3-5efe-4a45-ab1f-069a336d8ee9,7.5,6,1471295,0,2.35
2026-08-08T20:35:44.452000+00:00,,2026-08-08T20:35:44.452000+00:00,,1.5,Kelani Ganga,Norwood,2d4a4307-7a7b-49df-a3be-beb3b5d14b12,4.5,3,1471294,0,1
2026-08-08T20:35:11.682000+00:00,,2026-08-08T20:35:11.682000+00:00,,3,Mahaweli Ganga,Thaldena,74a5eec1-3fd6-4b64-a163-3f455c7f5353,5,4,1471293,0,0.11
2026-08-08T20:34:51.911000+00:00,,2026-08-08T20:34:51.911000+00:00,,2.5,Nilwala Ganga,Urawa,6880416a-ff84-43e8-8ab5-56e323b48cf0,6,4,1471292,0,0.6
2026-08-08T20:33:43.424000+00:00,,2026-08-08T20:33:43.424000+00:00,,3,Kelani Ganga,Holombuwa,c8c77f40-a81a-4ef4-8c2a-8d345d3ed9d1,5,3.4,1471291,0,0.5
2026-08-08T20:33:34.740000+00:00,,2026-08-08T20:33:34.740000+00:00,,15,Kelani Ganga,Glencourse,8413bfee-e097-4866-a536-f1584ed2612b,19,15.5,1471290,0,10.85
2026-08-08T20:33:01.343000+00:00,,2026-08-08T20:33:01.343000+00:00,,3,Walawe Ganga,Moraketiya,b02890fd-3fc0-46e4-b721-c06e7c8f3d7b,7,5,1471289,0,0.73
2026-08-08T20:32:46.683000+00:00,,2026-08-08T20:32:46.683000+00:00,,3.5,Mahaweli Ganga,Nawalapitiya,a84969dd-30c5-447f-8eb2-1c0d6ae37e45,6,5,1471288,0,2.07
2026-08-08T20:32:29.142000+00:00,,2026-08-08T20:32:29.142000+00:00,,4,Kirindi Oya,Thanamalwila,7686ce7e-9e41-45a6-906d-b39d7f07dca1,5.5,5,1471287,0,0.54
2026-08-08T20:32:28.814000+00:00,,2026-08-08T20:32:28.814000+00:00,,10,Kalu Ganga,Ellagawa,2f82d79c-f524-4e5f-b562-fc5d3c616fd3,12.2,10.7,1471286,0,5.63
2026-08-08T20:32:26.277000+00:00,,2026-08-08T20:32:26.277000+00:00,,4.4,Kirindi Oya,Wellawaya,d42013a5-27f6-4256-ae52-e2cee857e447,5.9,5.4,1471285,0,0.8
2026-08-08T20:32:12.326000+00:00,,2026-08-08T20:32:12.326000+00:00,,6.9,Kirindi Oya,Kuda Oya,7f50aba2-c395-412d-afdc-6c081ac07f84,8.8,8.4,1471284,0,0.94
2026-08-08T20:32:09.427000+00:00,,2026-08-08T20:32:09.427000+00:00,,4,Menik Ganga,Katharagama,33989870-122c-4ed3-8bbf-f873ee216be7,6.5,4.6,1471283,0,-0.23
2026-08-08T20:32:05.804000+00:00,,2026-08-08T20:32:05.804000+00:00,,5,Kumbukkan Oya,Nakkala,3b3bf3cb-b52a-4601-a484-3f4a6cd75397,7.5,6,1471281,0,0.56
2026-08-08T20:32:04.710000+00:00,,2026-08-08T20:32:04.710000+00:00,,,Gal Oya,Ampara,8f2b2327-ac37-47e6-abab-e96fd172bdcd,,,1471280,0,0
2026-08-08T20:31:56.157000+00:00,,2026-08-08T20:31:56.157000+00:00,,3.5,Gin Ganga,Baddegama,ed6ab0fb-67fc-473d-b640-e8884720b8bc,5,4,1471279,0,2.2
2026-08-08T20:31:52.196000+00:00,,2026-08-08T20:31:52.196000+00:00,,5,Kalu Ganga,Kalawellawa (Millakanda),ba61e34b-f32f-4429-924b-bf2d1fc8da52,8,6.5,1471278,0,2.34
2026-08-08T20:31:38.035000+00:00,,2026-08-08T20:31:38.035000+00:00,,4,Kelani Ganga,Nagalagam Street,0d629943-835f-4a94-b945-c7be63ac8bc9,7,5,1471277,0,0.9
2026-08-08T20:30:51.406000+00:00,,2026-08-08T20:30:51.406000+00:00,,4.75,Deduru Oya,Moragaswewa,e42e926b-cc92-4c0d-85b6-f8a845822435,7,6,1471276,0,0.05
2026-08-08T20:30:39.114000+00:00,,2026-08-08T20:30:39.114000+00:00,,5,Mahaweli Ganga,Peradeniya,2a51968f-83bd-4e25-82e7-e753d84e6f8e,9,7,1471275,0,3.62
2026-08-08T20:23:26.093000+00:00,,2026-08-08T20:23:26.093000+00:00,,5,Kumbukkan Oya,Nakkala,23f13127-b081-4ceb-a7df-b9749d14a9d1,7.5,6,1471274,0,0.56
2026-08-08T20:23:24.872000+00:00,,2026-08-08T20:23:24.872000+00:00,,5,Kumbukkan Oya,Nakkala,5c1b28af-23a5-4b31-bd27-91506469b9be,7.5,6,1471273,0,0.56
2026-08-08T20:14:28.380000+00:00,,2026-08-08T20:14:28.380000+00:00,,3.3,Aththanagalu Oya,Dunamale,de59501f-c21e-4b16-8f72-f89478cfac1c,5.5,4.4,1471272,0,0.62
2026-08-08T19:46:27.086000+00:00,,2026-08-08T19:46:27.086000+00:00,,4,Kalu Ganga,Magura,a0df58e1-6f59-43eb-aea1-9b5cb748facb,7.5,6,1471271,0,1.88
2026-08-08T19:45:12.644000+00:00,,2026-08-08T19:45:12.644000+00:00,,3,Walawe Ganga,Moraketiya,5da677ad-6c00-4e40-bca0-3d983b30ffde,7,5,1471270,0,0.72
2026-08-08T19:38:16.465000+00:00,,2026-08-08T19:38:16.465000+00:00,,2.5,Nilwala Ganga,Urawa,2572fef0-c4b8-43a2-aff2-758a3d9f176e,6,4,1471269,0,0.62
2026-08-08T19:37:26.261000+00:00,,2026-08-08T19:37:26.261000+00:00,,4,Kirindi Oya,Thanamalwila,b7f1cc38-e58c-4293-8a28-c012831e1427,5.5,5,1471268,0,0.54
2026-08-08T19:36:16.395000+00:00,,2026-08-08T19:36:16.395000+00:00,,15,Kelani Ganga,Glencourse,e55baf07-20f8-481b-922b-a296c3c19dc8,19,15.5,1471267,0,10.86
2026-08-08T19:35:55.775000+00:00,,2026-08-08T19:35:55.775000+00:00,,5,Mahaweli Ganga,Peradeniya,e81a5420-8d73-42d5-9db9-9195562f5e48,9,7,1471266,0,3.73
2026-08-08T19:35:38.269000+00:00,,2026-08-08T19:35:38.269000+00:00,,3,Kelani Ganga,Holombuwa,5804e223-b1bc-42f1-b9b3-f84733a1d0ab,5,3.4,1471265,0,0.5
2026-08-08T19:35:36.795000+00:00,,2026-08-08T19:35:36.795000+00:00,,4.4,Kirindi Oya,Wellawaya,7ac8142e-6485-4dfc-aebd-cc2c9b30f82f,5.9,5.4,1471264,0,0.8
2026-08-08T19:35:26.888000+00:00,,2026-08-08T19:35:26.888000+00:00,,4,Menik Ganga,Katharagama,ee9b9eef-ee81-475a-adf8-77c4c518f923,6.5,4.6,1471263,0,-0.23
2026-08-08T19:35:09.464000+00:00,,2026-08-08T19:35:09.464000+00:00,,3,Kelani Ganga,Kithulgala,0942ec54-3f72-4a45-bd90-9b53f55e5be1,6,4,1471262,0,2.39
2026-08-08T19:34:40.904000+00:00,,2026-08-08T19:34:40.904000+00:00,,4,Gin Ganga,Thawalama,02fc01dd-9531-4092-982e-b6fd3309fa48,7.5,6,1471261,0,2.38
2026-08-08T19:34:40.884000+00:00,,2026-08-08T19:34:40.884000+00:00,,5,Kalu Ganga,Kalawellawa (Millakanda),4b987e16-a32c-48c7-8b0c-59340ba08a9d,8,6.5,1471260,0,2.3
2026-08-08T19:34:33.726000+00:00,,2026-08-08T19:34:33.726000+00:00,,5.2,Kalu Ganga,Rathnapura,fa797e75-14f5-491e-829f-9166eb80109f,9.5,7.5,1471259,0,2.52
2026-08-08T19:34:30.340000+00:00,,2026-08-08T19:34:30.340000+00:00,,5,Nilwala Ganga,Panadugama,2b955ef2-545c-4e08-a3e9-3d283bfbb171,7.5,6,1471258,0,4.21
2026-08-08T19:34:13.643000+00:00,,2026-08-08T19:34:13.643000+00:00,,3.5,Mahaweli Ganga,Nawalapitiya,5a7dd44c-e102-412c-ae48-e5cc371642ef,6,5,1471257,1.5,2.08
2026-08-08T19:33:55.505000+00:00,,2026-08-08T19:33:55.505000+00:00,,1.5,Kelani Ganga,Norwood,42f54084-4511-4f8e-a880-8b934ce94b4d,4.5,3,1471256,0,1
2026-08-08T19:33:04.129000+00:00,,2026-08-08T19:33:04.129000+00:00,,4.5,Heda Oya,Siyambalanduwa,a4f1608f-4cf2-453a-9e91-c7c7bae7b89a,7,6,1471255,0,0.15
2026-08-08T19:32:46.791000+00:00,,2026-08-08T19:32:46.791000+00:00,,4.75,Deduru Oya,Moragaswewa,0b7cc398-2be5-44f0-95bf-2c4af99bbf26,7,6,1471254,0,0.05
2026-08-08T19:32:40.789000+00:00,,2026-08-08T19:32:40.789000+00:00,,3.3,Aththanagalu Oya,Dunamale,0ad1adf6-4638-4a60-b3c0-aaecd96959cd,5.5,4.4,1471253,0,0.62
2026-08-08T19:32:14.240000+00:00,,2026-08-08T19:32:14.240000+00:00,,6.5,Kelani Ganga,Hanwella,6dda1475-4ab3-472c-b19d-57f686e97285,9.5,7.5,1471252,0,2.21
2026-08-08T19:32:06.730000+00:00,,2026-08-08T19:32:06.730000+00:00,,5,Maha Oya,Badalgama,95201bf1-55fb-4d9b-89cc-5edb4ce0d485,9.6,6.2,1471251,0,2.09
2026-08-08T19:31:57.053000+00:00,,2026-08-08T19:31:57.053000+00:00,,5.5,Maha Oya,Giriulla,e09c411a-b97f-48e6-9cff-eb36a4136307,7.5,6.5,1471250,0,1.04
2026-08-08T19:31:46.719000+00:00,,2026-08-08T19:31:46.719000+00:00,,4.8,Kelani Ganga,Deraniyagala,a820fd59-eaa3-494a-a84c-f210f1be4aed,7,5.8,1471249,0,1.03
2026-08-08T19:31:44.412000+00:00,,2026-08-08T19:31:44.412000+00:00,,4,Kelani Ganga,Nagalagam Street,09bf912f-41dc-484a-a84d-ab0ec1ab153b,7,5,1471248,0,1
2026-08-08T19:31:35.205000+00:00,,2026-08-08T19:31:35.205000+00:00,,10,Kalu Ganga,Ellagawa,a4203304-7356-4494-928b-8ccacb0e4073,12.2,10.7,1471247,0,5.58
2026-08-08T19:31:10.345000+00:00,,2026-08-08T19:31:10.345000+00:00,,3,Mahaweli Ganga,Manampitiya,645dd96d-4eb0-4cc8-a013-4c1fb2dceeeb,6,4.3,1471246,0,-0.1
2026-08-08T19:31:02.640000+00:00,,2026-08-08T19:31:02.640000+00:00,,,Gal Oya,Ampara,b4e11244-bff4-435d-aaf7-d4cb959ceceb,,,1471245,0,0
2026-08-08T19:30:43.660000+00:00,,2026-08-08T19:30:43.660000+00:00,,1.4,Nilwala Ganga,Thalgahagoda,f5ba8c6c-a3cf-4b7f-aa15-4378fec92209,2.8,1.7,1471244,0,0.76
2026-08-08T18:56:46.124000+00:00,,2026-08-08T18:56:46.124000+00:00,,10,Kalu Ganga,Ellagawa,704e1f37-0e6a-4874-aa9a-670b32861c70,12.2,10.7,1471243,0,5.5
2026-08-08T18:49:21.004000+00:00,,2026-08-08T18:49:21.004000+00:00,,5,Nilwala Ganga,Panadugama,b4a5148f-df31-4350-9a48-2480a196aa93,7.5,6,1471242,0,4.09
2026-08-08T18:45:48.222000+00:00,,2026-08-08T18:45:48.222000+00:00,,1.4,Nilwala Ganga,Thalgahagoda,8e9f8fc0-f751-4fd0-8baf-ed958c977502,2.8,1.7,1471241,11.9,0.74
2026-08-08T18:40:18.405000+00:00,,2026-08-08T18:40:18.405000+00:00,,5,Nilwala Ganga,Panadugama,7a029987-3567-4feb-a101-2f9a3a834253,7.5,6,1471240,0,4.09
2026-08-08T18:38:05.300000+00:00,,2026-08-08T18:38:05.300000+00:00,,6.5,Kelani Ganga,Hanwella,1d2cdd06-f94b-4a02-a04d-80b49529c323,9.5,7.5,1471239,0,2.19
2026-08-08T18:36:59.454000+00:00,,2026-08-08T18:36:59.454000+00:00,,4,Kalu Ganga,Magura,b0ed872b-1f18-475c-988d-98a33ec6b3fb,7.5,6,1471238,0,1.89
2026-08-08T18:36:58.212000+00:00,,2026-08-08T18:36:58.212000+00:00,,4,Kirindi Oya,Thanamalwila,54966bf4-8df4-4ae9-b93a-42fbd370fc7d,5.5,5,1471237,0,0.55
2026-08-08T18:36:38.427000+00:00,,2026-08-08T18:36:38.427000+00:00,,3,Kalu Ganga,Putupaula,19cfb653-1f69-46ff-b0bd-3460194cf143,5,4,1471236,0,0.53
2026-08-08T18:36:30.758000+00:00,,2026-08-08T18:36:30.758000+00:00,,3,Walawe Ganga,Moraketiya,ff34a26f-58b4-4127-ac3b-c1b24dd5b810,7,5,1471235,0,0.72
2026-08-08T18:36:04.971000+00:00,,2026-08-08T18:36:04.971000+00:00,,3,Kelani Ganga,Kithulgala,b00321ce-2901-4372-b44e-09309f088118,6,4,1471234,0,2.35
2026-08-08T18:35:56.525000+00:00,,2026-08-08T18:35:56.525000+00:00,,2.5,Nilwala Ganga,Urawa,18bf9221-1c0b-402d-a18a-a0e23a9c1d7b,6,4,1471233,0,0.61
2026-08-08T18:35:18.226000+00:00,,2026-08-08T18:35:18.226000+00:00,,1.5,Kelani Ganga,Norwood,3ecef501-b0e9-4475-9a40-564466b44fd6,4.5,3,1471232,3.2,1.01
2026-08-08T18:35:18.164000+00:00,,2026-08-08T18:35:18.164000+00:00,,4.4,Kirindi Oya,Wellawaya,51d27373-e708-4f3b-84c6-2422190485ea,5.9,5.4,1471231,0,0.81
2026-08-08T18:35:10.391000+00:00,,2026-08-08T18:35:10.391000+00:00,,15,Kelani Ganga,Glencourse,45055c34-a8c9-4e3a-8f61-85c2e3e1725f,19,15.5,1471230,0,10.88
2026-08-08T18:34:51.642000+00:00,,2026-08-08T18:34:51.642000+00:00,,3,Mahaweli Ganga,Thaldena,dc82c438-6b54-48f5-85a8-9cd9c8f5be7d,5,4,1471229,0,0.12
2026-08-08T18:34:50.156000+00:00,,2026-08-08T18:34:50.156000+00:00,,3,Mahaweli Ganga,Thaldena,2f966681-44dd-4e39-8472-51783ee2abfa,5,4,1471228,0,0.12
2026-08-08T18:34:21.174000+00:00,,2026-08-08T18:34:21.174000+00:00,,5.2,Kalu Ganga,Rathnapura,6b49421c-6776-47cb-a957-14d2742f212c,9.5,7.5,1471227,0,2.58
2026-08-08T18:34:19.702000+00:00,,2026-08-08T18:34:19.702000+00:00,,5,Kalu Ganga,Kalawellawa (Millakanda),240e30bb-6201-4f18-b690-149e61439eca,8,6.5,1471226,0,2.24
2026-08-08T18:34:18.647000+00:00,,2026-08-08T18:34:18.647000+00:00,,3,Kelani Ganga,Holombuwa,518148ac-d406-4d85-b5ac-a3aafcb46a06,5,3.4,1471225,0,0.5
2026-08-08T18:33:57.931000+00:00,,2026-08-08T18:33:57.931000+00:00,,4,Ma Oya,Yaka Wewa,9b0ed279-e293-41b9-b439-670d9e456aa3,6,5,1471224,0,0.41
2026-08-08T18:33:56.904000+00:00,,2026-08-08T18:33:56.904000+00:00,,3.5,Mahaweli Ganga,Nawalapitiya,a9d22180-1279-4ae0-ba7e-a76522de7226,6,5,1471223,3.4,2.05
2026-08-08T18:33:48.167000+00:00,,2026-08-08T18:33:48.167000+00:00,,4.8,Kelani Ganga,Deraniyagala,4ccf6456-1282-461f-bd02-08d4029aadf6,7,5.8,1471222,0,1.03
2026-08-08T18:33:47.220000+00:00,,2026-08-08T18:33:47.220000+00:00,,5,Kalu Ganga,Kalawellawa (Millakanda),c12325ea-4384-43c5-86c3-bbf16e9d5a6d,8,6.5,1471221,0,2.26
2026-08-08T18:33:43.495000+00:00,,2026-08-08T18:33:43.495000+00:00,,5,Mahaweli Ganga,Peradeniya,28085ea7-f090-4728-a5b5-966f8a676610,9,7,1471220,0,3.75
2026-08-08T18:33:28.829000+00:00,,2026-08-08T18:33:28.829000+00:00,,4,Gin Ganga,Thawalama,eabd2358-17b9-4f18-b79d-fbcdb74604c4,7.5,6,1471219,0,2.43
2026-08-08T18:33:04.805000+00:00,,2026-08-08T18:33:04.805000+00:00,,4,Menik Ganga,Katharagama,09164ee5-0a49-480d-b0ec-00f283154b43,6.5,4.6,1471218,0,-0.24
2026-08-08T18:32:57.438000+00:00,,2026-08-08T18:32:57.438000+00:00,,4,Maduru Oya,Padiyathalawa,d95b72a6-1f8c-4506-9b93-85a4e72e8b55,6,4.5,1471217,0,0.05
2026-08-08T18:32:45.622000+00:00,,2026-08-08T18:32:45.622000+00:00,,4,Nilwala Ganga,Pitabeddara,5fc5c4e4-d369-4ad9-8399-a5c1542d97a6,6.5,5,1471216,0,1.09
2026-08-08T18:32:40.021000+00:00,,2026-08-08T18:32:40.021000+00:00,,5,Maha Oya,Badalgama,0faebec0-e761-482d-885b-2ae6c35a9b23,9.6,6.2,1471215,0,2.1
2026-08-08T18:32:35.811000+00:00,,2026-08-08T18:32:35.811000+00:00,,4,Kelani Ganga,Nagalagam Street,4c9ccb8f-3fd0-4a5b-ba76-ecded30d8151,7,5,1471214,0,1.1
2026-08-08T18:32:33.573000+00:00,,2026-08-08T18:32:33.573000+00:00,,5.5,Maha Oya,Giriulla,56805d5f-2cab-4778-97d1-5909c929696e,7.5,6.5,1471213,0,1.04
2026-08-08T18:32:26.381000+00:00,,2026-08-08T18:32:26.381000+00:00,,,Gal Oya,Ampara,0fd71a69-e5ea-41f0-a6e1-b139ecb26fd5,,,1471212,0,0
2026-08-08T18:32:25.981000+00:00,,2026-08-08T18:32:25.981000+00:00,,3.5,Gin Ganga,Baddegama,2043d374-eeca-4fa6-b116-4bfcdba58736,5,4,1471211,0,2.18
2026-08-08T18:32:20.498000+00:00,,2026-08-08T18:32:20.498000+00:00,,3.3,Aththanagalu Oya,Dunamale,33244e47-8230-4cbc-bb48-09e205cd6a82,5.5,4.4,1471210,0,0.62
2026-08-08T18:31:18.124000+00:00,,2026-08-08T18:31:18.124000+00:00,,6.9,Kirindi Oya,Kuda Oya,bfeb82bf-d0f5-41e8-a5a3-13a056afad66,8.8,8.4,1471208,0,0.94
2026-08-08T18:31:14.903000+00:00,,2026-08-08T18:31:14.903000+00:00,,3,Mahaweli Ganga,Manampitiya,c09a6554-d872-42a7-b44a-90a5ea6a8226,6,4.3,1471207,0,-0.1
2026-08-08T18:31:05.232000+00:00,,2026-08-08T18:31:05.232000+00:00,,4.75,Deduru Oya,Moragaswewa,a629ad13-3347-42b9-9d01-3c3dea0c605a,7,6,1471206,0,0.05
2026-08-08T18:30:56.386000+00:00,,2026-08-08T18:30:56.386000+00:00,,4.5,Heda Oya,Siyambalanduwa,2cc40d39-fd7d-40ec-911f-0ed5bca9967e,7,6,1471205,0,0.15
2026-08-08T17:48:27.867000+00:00,,2026-08-08T17:48:27.867000+00:00,,5,Nilwala Ganga,Panadugama,161d9640-f15f-4e25-9191-f7a925d54bbf,7.5,6,1471204,0,4.04
2026-08-08T17:43:30.813000+00:00,,2026-08-08T17:43:30.813000+00:00,,3,Kalu Ganga,Putupaula,c281ac31-679e-41ff-9a9e-c75413daa136,5,4,1471203,0,0.6
2026-08-08T17:42:05.172000+00:00,,2026-08-08T17:42:05.172000+00:00,,1.5,Kelani Ganga,Norwood,216f10b1-939c-4cf6-90f9-762b72fa7fcb,4.5,3,1471202,0.7,1.03
2026-08-08T17:40:56.826000+00:00,,2026-08-08T17:40:56.826000+00:00,,5.5,Maha Oya,Giriulla,12d18974-09d4-4fc5-9564-d6401900f1db,7.5,6.5,1471201,0,1.04
2026-08-08T17:40:11.368000+00:00,,2026-08-08T17:40:11.368000+00:00,,4,Kalu Ganga,Magura,5e8066de-7b62-4008-9223-f17f7f047693,7.5,6,1471200,0,1.9
2026-08-08T17:38:21.432000+00:00,,2026-08-08T17:38:21.432000+00:00,,3,Kelani Ganga,Kithulgala,d3151b4a-d624-44f3-b906-1ac15fce0da3,6,4,1471199,0,2.34
2026-08-08T17:38:20.478000+00:00,,2026-08-08T17:38:20.478000+00:00,,3,Kelani Ganga,Holombuwa,caa05600-1636-45af-9705-af177b5bf3c2,5,3.4,1471198,0,0.5
2026-08-08T17:37:37.792000+00:00,,2026-08-08T17:37:37.792000+00:00,,1.4,Nilwala Ganga,Thalgahagoda,535bd559-96a9-407b-ac26-40e89299bab6,2.8,1.7,1471197,3.8,0.72
2026-08-08T17:37:24.736000+00:00,,2026-08-08T17:37:24.736000+00:00,,4,Kirindi Oya,Thanamalwila,73a9227d-f0d0-41f4-9290-bbebcdd40847,5.5,5,1471196,0,0.55
2026-08-08T17:36:40.223000+00:00,,2026-08-08T17:36:40.223000+00:00,,6,Yan Oya,Horowpothana,b86f06fa-270b-4826-a8ed-beff20dddf98,10.5,7.5,1471195,0,1.7
2026-08-08T17:36:18.509000+00:00,,2026-08-08T17:36:18.509000+00:00,,15,Kelani Ganga,Glencourse,43659ae2-581b-4650-ab87-52fd932b726c,19,15.5,1471194,0,10.86
2026-08-08T17:35:51.091000+00:00,,2026-08-08T17:35:51.091000+00:00,,5,Maha Oya,Badalgama,e07be077-cded-4ef0-ae2d-10e1fe0623ac,9.6,6.2,1471193,0,2.1
2026-08-08T17:35:17.324000+00:00,,2026-08-08T17:35:17.324000+00:00,,5.2,Kalu Ganga,Rathnapura,600c921b-ffb7-4aa7-9aef-13bff2b9b8aa,9.5,7.5,1471192,0,2.64
2026-08-08T17:34:51.203000+00:00,,2026-08-08T17:34:51.203000+00:00,,4,Menik Ganga,Katharagama,6b39a40a-f9bf-4012-9249-01b9c8d72310,6.5,4.6,1471191,0,-0.24
2026-08-08T17:34:48.358000+00:00,,2026-08-08T17:34:48.358000+00:00,,3.5,Mahaweli Ganga,Nawalapitiya,2408c2c2-033f-44f1-a6fe-6ca20c0dbf5f,6,5,1471190,1.9,2.03
2026-08-08T17:34:46.549000+00:00,,2026-08-08T17:34:46.549000+00:00,,2.5,Nilwala Ganga,Urawa,6a366ca1-6790-4d90-961f-94d19d2a608d,6,4,1471189,0,0.57
2026-08-08T17:34:35.967000+00:00,,2026-08-08T17:34:35.967000+00:00,,3.3,Aththanagalu Oya,Dunamale,e953a914-ea9c-4782-b3e4-af16f05b0d9f,5.5,4.4,1471188,0,0.62
2026-08-08T17:34:13.733000+00:00,,2026-08-08T17:34:13.733000+00:00,,4,Kelani Ganga,Nagalagam Street,40968027-a482-4824-ad19-8a67d63e835b,7,5,1471187,0,1.2
2026-08-08T17:33:23.299000+00:00,,2026-08-08T17:33:23.299000+00:00,,4.4,Kirindi Oya,Wellawaya,6fb71f0d-c66c-4fa4-9086-511d120e1e8a,5.9,5.4,1471186,0,0.81
2026-08-08T17:33:14.861000+00:00,,2026-08-08T17:33:14.861000+00:00,,4.8,Kelani Ganga,Deraniyagala,ecd9c582-52fb-48e4-9aa7-e6356ceedd86,7,5.8,1471185,0,1.04
2026-08-08T17:33:10.628000+00:00,,2026-08-08T17:33:10.628000+00:00,,4,Gin Ganga,Thawalama,f0d51b05-4036-4023-8c51-14d4c5b819fa,7.5,6,1471184,0,2.47
2026-08-08T17:32:57.528000+00:00,,2026-08-08T17:32:57.528000+00:00,,4,Ma Oya,Yaka Wewa,94df340d-a2c3-4d8d-9b79-743fa40f9260,6,5,1471183,0,0.41
2026-08-08T17:32:35.433000+00:00,,2026-08-08T17:32:35.433000+00:00,,,Gal Oya,Ampara,b3d88634-4ece-4dfe-a8cf-9f35d6223271,,,1471182,0,0
2026-08-08T17:32:29.770000+00:00,,2026-08-08T17:32:29.770000+00:00,,5,Kumbukkan Oya,Nakkala,972650ef-7314-4224-adda-6dbb32d7234d,7.5,6,1471181,0,0.56
2026-08-08T17:32:19.695000+00:00,,2026-08-08T17:32:19.695000+00:00,,4,Nilwala Ganga,Pitabeddara,6aff6f01-3253-4182-9cf8-10ddbb57300b,6.5,5,1471180,0,1.07
2026-08-08T17:32:14.912000+00:00,,2026-08-08T17:32:14.912000+00:00,,6.5,Kelani Ganga,Hanwella,e7642b23-5255-4808-8241-6ff276569a39,9.5,7.5,1471179,0,2.18
2026-08-08T17:31:57.963000+00:00,,2026-08-08T17:31:57.963000+00:00,,4.75,Deduru Oya,Moragaswewa,cff39a38-0f84-4f48-ba39-5be221e4b92a,7,6,1471178,0,0.05
2026-08-08T17:31:52.049000+00:00,,2026-08-08T17:31:52.049000+00:00,,3,Walawe Ganga,Moraketiya,eccea528-c605-4f06-9e7f-9187a409f2fc,7,5,1471177,0,0.72
2026-08-08T17:31:50.003000+00:00,,2026-08-08T17:31:50.003000+00:00,,3,Walawe Ganga,Moraketiya,c81b31c8-209e-4f69-8290-8098de6b5ac5,7,5,1471176,0,0
2026-08-08T17:31:43.909000+00:00,,2026-08-08T17:31:43.909000+00:00,,3,Mahaweli Ganga,Manampitiya,a61295e5-ff52-4bd3-868b-6b68dae0272a,6,4.3,1471175,0,-0.1
2026-08-08T17:31:13.839000+00:00,,2026-08-08T17:31:13.839000+00:00,,10,Kalu Ganga,Ellagawa,894a402c-a273-4501-b886-27464990d92d,12.2,10.7,1471174,0,5.41
2026-08-08T17:31:10.936000+00:00,,2026-08-08T17:31:10.936000+00:00,,4,Maduru Oya,Padiyathalawa,32bd4f55-d819-47c3-9653-71addb896bc0,6,4.5,1471173,0,0.05
2026-08-08T17:31:07.350000+00:00,,2026-08-08T17:31:07.350000+00:00,,5,Mahaweli Ganga,Peradeniya,a1f55c31-73d6-40da-a8f9-05aa019af308,9,7,1471172,0,3.7
2026-08-08T17:31:01.451000+00:00,,2026-08-08T17:31:01.451000+00:00,,4.5,Heda Oya,Siyambalanduwa,1aa7a548-1c7d-4f59-aa11-73871335b972,7,6,1471171,0,0.15
2026-08-08T16:56:02.720000+00:00,,2026-08-08T16:56:02.720000+00:00,,10,Kalu Ganga,Ellagawa,88776ec5-7382-44a5-9ee4-0ee67361522e,12.2,10.7,1471170,0,5.36
2026-08-08T16:50:14.403000+00:00,,2026-08-08T16:50:14.403000+00:00,,2.5,Nilwala Ganga,Urawa,b3959e86-dad8-438c-94d5-761d2a983572,6,4,1471169,0,0.54
2026-08-08T16:43:38.776000+00:00,,2026-08-08T16:43:38.776000+00:00,,3,Kalu Ganga,Putupaula,6ae305a3-bb80-4221-a324-623a5d55eaf5,5,4,1471168,0,0.53
2026-08-08T16:40:39.991000+00:00,,2026-08-08T16:40:39.991000+00:00,,5,Kalu Ganga,Kalawellawa (Millakanda),ec0929f5-c1ae-4f9f-b9e0-51433b55a752,8,6.5,1471167,0,2.28
2026-08-08T16:39:06.547000+00:00,,2026-08-08T16:39:06.547000+00:00,,4.4,Kirindi Oya,Wellawaya,9a94c123-d9e3-41d6-aba4-51358b73edf8,5.9,5.4,1471166,0,0.81
2026-08-08T16:39:06.467000+00:00,,2026-08-08T16:39:06.467000+00:00,,3,Kelani Ganga,Holombuwa,a18356cb-52d4-4211-bfde-29520c2f61d2,5,3.4,1471165,0,0.5
2026-08-08T16:38:44.765000+00:00,,2026-08-08T16:38:44.765000+00:00,,4,Kalu Ganga,Magura,4a85ec8a-f167-47b3-ab15-606c0878a8f1,7.5,6,1471164,0,1.9
2026-08-08T16:38:20.729000+00:00,,2026-08-08T16:38:20.729000+00:00,,15,Kelani Ganga,Glencourse,b803d8ba-dcb2-4b05-93c3-f69b7a342df3,19,15.5,1471163,0,10.8
2026-08-08T16:37:14.462000+00:00,,2026-08-08T16:37:14.462000+00:00,,4,Gin Ganga,Thawalama,80c2b119-8ed6-4a92-9823-a856339c694f,7.5,6,1471162,0,2.5
2026-08-08T16:36:54.090000+00:00,,2026-08-08T16:36:54.090000+00:00,,15,Kelani Ganga,Glencourse,ba78461e-9fc5-41f9-a2ca-8bf30c312436,19,15.5,1471161,0,10.8
2026-08-08T16:36:37.903000+00:00,,2026-08-08T16:36:37.903000+00:00,,1.5,Kelani Ganga,Norwood,71c0231d-103e-46fa-83a5-94f3e49c4fa4,4.5,3,1471160,0,1.04
2026-08-08T16:36:20.926000+00:00,,2026-08-08T16:36:20.926000+00:00,,5.2,Kalu Ganga,Rathnapura,52b625f4-0d34-4600-b596-8d6999b820d7,9.5,7.5,1471159,0,2.7
2026-08-08T16:36:19.798000+00:00,,2026-08-08T16:36:19.798000+00:00,,5.2,Kalu Ganga,Rathnapura,61f780d2-ce39-4bea-b0bb-1a07c6949d76,9.5,7.5,1471158,0,2.74
2026-08-08T16:35:54.267000+00:00,,2026-08-08T16:35:54.267000+00:00,,3.5,Gin Ganga,Baddegama,a862a991-1a2a-4556-8cfd-c3a9acb9928b,5,4,1471157,7.5,2.17
2026-08-08T16:35:18.398000+00:00,,2026-08-08T16:35:18.398000+00:00,,4.75,Deduru Oya,Moragaswewa,6affa758-ffd1-4b6a-8f7a-6745867924f9,7,6,1471156,0,0.04
2026-08-08T16:35:11.443000+00:00,,2026-08-08T16:35:11.443000+00:00,,5,Maha Oya,Badalgama,e0855463-3804-47cd-81c0-1803c35365ab,9.6,6.2,1471155,0,2.11
2026-08-08T16:34:30.618000+00:00,,2026-08-08T16:34:30.618000+00:00,,3,Kelani Ganga,Kithulgala,161195d7-e25a-41b0-94f5-73f105eabdea,6,4,1471154,0,2.38
2026-08-08T16:34:03.880000+00:00,,2026-08-08T16:34:03.880000+00:00,,3.5,Mahaweli Ganga,Nawalapitiya,378754d1-c519-4f79-b4e8-cb80a38fcefb,6,5,1471153,0.5,2.03
2026-08-08T16:34:01.470000+00:00,,2026-08-08T16:34:01.470000+00:00,,5,Mahaweli Ganga,Peradeniya,6beb3864-2dac-406b-9880-5a265ca35491,9,7,1471152,0,3.78
2026-08-08T16:33:45.716000+00:00,,2026-08-08T16:33:45.716000+00:00,,3,Mahaweli Ganga,Thaldena,ebe09e16-1490-47ac-9736-a1a2b990ee64,5,4,1471151,0,0.12
2026-08-08T16:33:22.238000+00:00,,2026-08-08T16:33:22.238000+00:00,,1.4,Nilwala Ganga,Thalgahagoda,3a34f1c5-6eeb-469e-bb71-d2a4f0b3a01e,2.8,1.7,1471150,0,0.7
2026-08-08T16:32:55.192000+00:00,,2026-08-08T16:32:55.192000+00:00,,5,Nilwala Ganga,Panadugama,cb9d18ba-9418-47a7-b443-d6dfec5fd707,7.5,6,1471149,0,3.97
2026-08-08T16:32:52.623000+00:00,,2026-08-08T16:32:52.623000+00:00,,3.3,Aththanagalu Oya,Dunamale,6e464869-ef9e-4c68-8971-8291b025eaeb,5.5,4.4,1471148,0,0.62
2026-08-08T16:32:25.326000+00:00,,2026-08-08T16:32:25.326000+00:00,,4,Maduru Oya,Padiyathalawa,1413b52f-231a-4b4b-af8e-86869f8e6857,6,4.5,1471147,0,0.05
2026-08-08T16:32:16.963000+00:00,,2026-08-08T16:32:16.963000+00:00,,4,Menik Ganga,Katharagama,ac6d7e43-240a-4034-b063-889b77d58ea6,6.5,4.6,1471146,0,-0.24
2026-08-08T16:32:11.121000+00:00,,2026-08-08T16:32:11.121000+00:00,,6.5,Kelani Ganga,Hanwella,75ff7f50-4ebf-44eb-97b8-e766e3fce431,9.5,7.5,1471145,0,2.18
2026-08-08T16:32:09.077000+00:00,,2026-08-08T16:32:09.077000+00:00,,6.9,Kirindi Oya,Kuda Oya,6011407f-ecef-420b-bbde-f3f8b987f93e,8.8,8.4,1471144,0,0.94
2026-08-08T16:32:02.028000+00:00,,2026-08-08T16:32:02.028000+00:00,,4.8,Kelani Ganga,Deraniyagala,b5ba220a-7de4-4177-8dcd-29d58f152469,7,5.8,1471143,0,1.07
2026-08-08T16:32:01.670000+00:00,,2026-08-08T16:32:01.670000+00:00,,3,Walawe Ganga,Moraketiya,2281addc-4ac0-4f23-9aae-f74697f96b17,7,5,1471142,0,0.71
2026-08-08T16:31:56.678000+00:00,,2026-08-08T16:31:56.678000+00:00,,4,Kelani Ganga,Nagalagam Street,17867824-c410-4a79-b948-077677d0f157,7,5,1471141,0,1.2
2026-08-08T16:31:43.026000+00:00,,2026-08-08T16:31:43.026000+00:00,,5.5,Maha Oya,Giriulla,4b9ba50f-01c7-42ed-af74-121382898935,7.5,6.5,1471140,0,1.04
2026-08-08T16:31:37.780000+00:00,,2026-08-08T16:31:37.780000+00:00,,4,Kirindi Oya,Thanamalwila,d4e8171e-af77-4b70-8d71-42d4aa934412,5.5,5,1471139,0,0.55
2026-08-08T16:31:34.253000+00:00,,2026-08-08T16:31:34.253000+00:00,,4,Ma Oya,Yaka Wewa,ac113746-b63b-44c5-96b7-5cc9619f46b8,6,5,1471138,0,0.41
2026-08-08T16:31:33.444000+00:00,,2026-08-08T16:31:33.444000+00:00,,4.4,Kirindi Oya,Wellawaya,f62dc168-5a66-4c8d-a103-7a8166db26ce,5.9,5.4,1471137,0,0.81
2026-08-08T16:31:25.113000+00:00,,2026-08-08T16:31:25.113000+00:00,,4,Nilwala Ganga,Pitabeddara,9a333185-edc2-473d-a5e4-53070cb2d84b,6.5,5,1471136,0,1.05
2026-08-08T16:30:55.900000+00:00,,2026-08-08T16:30:55.900000+00:00,,3,Mahaweli Ganga,Manampitiya,ea9d7e9c-374d-40a9-83a3-84949e2493d8,6,4.3,1471135,0,-0.1
2026-08-08T16:30:47.909000+00:00,,2026-08-08T16:30:47.909000+00:00,,,Gal Oya,Ampara,362b3d51-df41-4e41-a889-bae3d8134673,,,1471134,0,0
2026-08-08T16:30:31.351000+00:00,,2026-08-08T16:30:31.351000+00:00,,6,Yan Oya,Horowpothana,8bbda243-9cf6-4b4d-988a-eaa48a8b37fc,10.5,7.5,1471133,0,1.7
2026-08-08T16:30:29.138000+00:00,,2026-08-08T16:30:29.138000+00:00,,5,Kumbukkan Oya,Nakkala,eb58d8f6-6401-4e1d-9ee5-f7877ccf8d51,7.5,6,1471132,0,0.56
2026-08-08T16:29:36.644000+00:00,,2026-08-08T16:29:36.644000+00:00,,4.5,Heda Oya,Siyambalanduwa,4d4062cc-5153-4e73-8f2f-be3c5a24e02b,7,6,1471131,0,0.15
2026-08-08T15:50:55.008000+00:00,,2026-08-08T15:50:55.008000+00:00,,4.75,Deduru Oya,Moragaswewa,29078cfe-ad6b-4fe7-8868-06f00e661b77,7,6,1471130,0,0.04
2026-08-08T15:42:07.679000+00:00,,2026-08-08T15:42:07.679000+00:00,,10,Kalu Ganga,Ellagawa,323ed27d-4204-43d0-b02d-29552de54662,12.2,10.7,1471129,0.8,5.29
2026-08-08T15:39:50.095000+00:00,,2026-08-08T15:39:50.095000+00:00,,3,Kelani Ganga,Holombuwa,6edfb35f-b273-4e66-9dbd-e2df64eac6cc,5,3.4,1471128,0,0.5
2026-08-08T15:39:08.161000+00:00,,2026-08-08T15:39:08.161000+00:00,,3,Kelani Ganga,Kithulgala,00b74a12-82e8-4f15-a245-739b200d9bfd,6,4,1471127,1.8,2.5
2026-08-08T15:37:22.109000+00:00,,2026-08-08T15:37:22.109000+00:00,,4,Nilwala Ganga,Pitabeddara,8bfac322-2bc3-42a7-acb4-2a769b540e2e,6.5,5,1471126,9.5,0.99
2026-08-08T15:36:59.076000+00:00,,2026-08-08T15:36:59.076000+00:00,,4,Kirindi Oya,Thanamalwila,cd4276e8-285e-478a-a51d-399ae2745cd3,5.5,5,1471125,0,0.55
2026-08-08T15:36:47.753000+00:00,,2026-08-08T15:36:47.753000+00:00,,5,Maha Oya,Badalgama,8f676207-e500-4445-8108-4986e9bd953c,9.6,6.2,1471124,0,2.11
2026-08-08T15:35:55.953000+00:00,,2026-08-08T15:35:55.953000+00:00,,5,Nilwala Ganga,Panadugama,0f351220-2aa9-4459-9c16-a23ca49e54dc,7.5,6,1471123,0,3.92
2026-08-08T15:35:55.175000+00:00,,2026-08-08T15:35:55.175000+00:00,,4.8,Kelani Ganga,Deraniyagala,9dea19a0-875c-4d1f-8fa2-239de0f4f064,7,5.8,1471122,1,1.12
2026-08-08T15:35:35.348000+00:00,,2026-08-08T15:35:35.348000+00:00,,,Gal Oya,Ampara,6a856f6d-31aa-47ed-bc39-9e03a5736881,,,1471121,0,0
2026-08-08T15:35:00.081000+00:00,,2026-08-08T15:35:00.081000+00:00,,3,Mahaweli Ganga,Thaldena,517a2129-fd5d-41a0-a27b-8582c66b716c,5,4,1471120,0,0.12
2026-08-08T15:34:39.650000+00:00,,2026-08-08T15:34:39.650000+00:00,,1.5,Kelani Ganga,Norwood,9fc0cf7e-2242-4556-982f-0634d7a462fb,4.5,3,1471119,0,1.05
2026-08-08T15:34:27.975000+00:00,,2026-08-08T15:34:27.975000+00:00,,5,Maha Oya,Badalgama,8e6f3b73-7860-49e1-89e7-de2ab185e462,9.6,6.2,1471118,0,2.11
2026-08-08T15:33:56.319000+00:00,,2026-08-08T15:33:56.319000+00:00,,15,Kelani Ganga,Glencourse,aaae04cd-36fb-4ace-8a0a-e100ecdb4a1e,19,15.5,1471117,0,10.73
2026-08-08T15:33:54.594000+00:00,,2026-08-08T15:33:54.594000+00:00,,4,Gin Ganga,Thawalama,ebee136e-39c0-4b5c-a47b-768a50a4fc4a,7.5,6,1471116,11.1,2.53
2026-08-08T15:33:48.906000+00:00,,2026-08-08T15:33:48.906000+00:00,,3,Walawe Ganga,Moraketiya,d232042e-a78b-40c5-b6bf-15eb028d01ec,7,5,1471115,0,0.71
2026-08-08T15:33:40.759000+00:00,,2026-08-08T15:33:40.759000+00:00,,2.5,Nilwala Ganga,Urawa,571747b4-dee7-4dce-a787-e2b36f5a8a63,6,4,1471114,2.8,0.49
2026-08-08T15:33:38.815000+00:00,,2026-08-08T15:33:38.815000+00:00,,2.5,Nilwala Ganga,Urawa,e3fdc537-51f2-4d63-9ead-4e7a5e131014,6,4,1471113,2.8,0.49
2026-08-08T15:33:32.766000+00:00,,2026-08-08T15:33:32.766000+00:00,,5,Kumbukkan Oya,Nakkala,4fe7d272-76f7-4fbe-831b-8351e0b22156,7.5,6,1471112,0,0.56
2026-08-08T15:33:31.761000+00:00,,2026-08-08T15:33:31.761000+00:00,,4,Menik Ganga,Katharagama,ea5c7fb7-7808-40ad-87a4-4a82be84bfba,6.5,4.6,1471111,0,-0.24
2026-08-08T15:33:26.979000+00:00,,2026-08-08T15:33:26.979000+00:00,,4,Maduru Oya,Padiyathalawa,967bde51-a2df-4151-9b1d-79719057102a,6,4.5,1471110,0,0.05
2026-08-08T15:33:19.870000+00:00,,2026-08-08T15:33:19.870000+00:00,,5,Mahaweli Ganga,Peradeniya,83e60271-0318-4de9-9874-56f3803a8e43,9,7,1471109,0,3.82
2026-08-08T15:33:09.230000+00:00,,2026-08-08T15:33:09.230000+00:00,,2.5,Nilwala Ganga,Urawa,cca38a2d-8099-481c-b080-ca9debcb916c,6,4,1471108,2.8,0.49
2026-08-08T15:33:06.547000+00:00,,2026-08-08T15:33:06.547000+00:00,,5,Kalu Ganga,Kalawellawa (Millakanda),ed755e63-bfd2-4dc3-8c1f-ef25518b4015,8,6.5,1471107,2.6,2.3
2026-08-08T15:32:59.237000+00:00,,2026-08-08T15:32:59.237000+00:00,,4.5,Heda Oya,Siyambalanduwa,c9a89335-934c-4848-b772-0da2d7385b7e,7,6,1471106,0,0.15
2026-08-08T15:32:47.850000+00:00,,2026-08-08T15:32:47.850000+00:00,,4,Kelani Ganga,Nagalagam Street,5739f23a-3b13-449d-8b05-7be542f386c1,7,5,1471105,0,1.2
2026-08-08T15:32:45.397000+00:00,,2026-08-08T15:32:45.397000+00:00,,4.4,Kirindi Oya,Wellawaya,b71c7f5a-c9e7-4a13-b2e3-189905abd4e6,5.9,5.4,1471104,0,0.81
2026-08-08T15:32:26.746000+00:00,,2026-08-08T15:32:26.746000+00:00,,3.3,Aththanagalu Oya,Dunamale,3b72652f-db3d-420c-9495-4dab5c2786cb,5.5,4.4,1471103,0,0.62
2026-08-08T15:32:18.231000+00:00,,2026-08-08T15:32:18.231000+00:00,,4,Kalu Ganga,Magura,c00466b7-6b06-4050-90d2-3db67048a7aa,7.5,6,1471102,0,1.88
2026-08-08T15:32:09.659000+00:00,,2026-08-08T15:32:09.659000+00:00,,6.5,Kelani Ganga,Hanwella,bfaba0f0-5519-4c0a-8d49-a4dac613448b,9.5,7.5,1471101,0,2.18
2026-08-08T15:32:07.778000+00:00,,2026-08-08T15:32:07.778000+00:00,,3.5,Mahaweli Ganga,Nawalapitiya,6acede07-56ee-4185-9921-789aca0a7f29,6,5,1471100,1,2.04
2026-08-08T15:32:06.101000+00:00,,2026-08-08T15:32:06.101000+00:00,,5.5,Maha Oya,Giriulla,7fd5a298-2ac7-44c7-ba58-b53806a57015,7.5,6.5,1471099,0,1.04
2026-08-08T15:31:43.435000+00:00,,2026-08-08T15:31:43.435000+00:00,,4,Ma Oya,Yaka Wewa,cfacbd88-0c67-4b2f-b686-b27b21c9ce81,6,5,1471098,0,0.41
2026-08-08T15:31:33.237000+00:00,,2026-08-08T15:31:33.237000+00:00,,3.5,Gin Ganga,Baddegama,2f69fccc-3e01-4b7e-bc57-a8c6ccbe7de2,5,4,1471097,0,2.13
2026-08-08T15:31:28.663000+00:00,,2026-08-08T15:31:28.663000+00:00,,3,Mahaweli Ganga,Manampitiya,7e798ad2-bbdc-4b45-a21c-85a79c1be16e,6,4.3,1471096,0,-0.1
2026-08-08T15:31:20.966000+00:00,,2026-08-08T15:31:20.966000+00:00,,6.9,Kirindi Oya,Kuda Oya,469231e4-7148-4e92-90ce-71295383e9ef,8.8,8.4,1471095,0,0.94
2026-08-08T15:30:37.139000+00:00,,2026-08-08T15:30:37.139000+00:00,,1.4,Nilwala Ganga,Thalgahagoda,10298211-4c18-4e8b-b8ca-e941397c903a,2.8,1.7,1471094,4,0.69
2026-08-08T15:30:33.418000+00:00,,2026-08-08T15:30:33.418000+00:00,,3,Kalu Ganga,Putupaula,6fe02486-18a3-4964-b489-c40ce61277e3,5,4,1471093,0,0.5
2026-08-08T15:30:12.910000+00:00,,2026-08-08T15:30:12.910000+00:00,,6,Yan Oya,Horowpothana,1218956d-2f81-485a-a24b-7497dccae080,10.5,7.5,1471092,0,1.7
2026-08-08T15:04:22.291000+00:00,,2026-08-08T15:04:22.291000+00:00,,5,Nilwala Ganga,Panadugama,aeaa643f-a54d-4dab-990b-a1379caa1378,7.5,6,1471091,0,3.85
2026-08-08T14:48:00.566000+00:00,,2026-08-08T14:48:00.566000+00:00,,5,Kalu Ganga,Kalawellawa (Millakanda),56fb3eb8-98ca-4235-8268-dd127a31713c,8,6.5,1471090,1.4,2.32
2026-08-08T14:44:31.930000+00:00,,2026-08-08T14:44:31.930000+00:00,,3,Kelani Ganga,Kithulgala,f3a56f7c-c830-40cf-9a1d-10dcc324fbc1,6,4,1471089,1.7,2.45
2026-08-08T14:42:16.647000+00:00,,2026-08-08T14:42:16.647000+00:00,,2.5,Nilwala Ganga,Urawa,d12db19c-5df9-4d15-8497-0ac8f4f20d8e,6,4,1471088,0,0.45
2026-08-08T14:39:59.657000+00:00,,2026-08-08T14:39:59.657000+00:00,,3,Kalu Ganga,Putupaula,13422bf1-29e1-4a25-860e-82ee33d704af,5,4,1471087,0.3,0.47
2026-08-08T14:37:34.025000+00:00,,2026-08-08T14:37:34.025000+00:00,,10,Kalu Ganga,Ellagawa,99eb9f36-e3cd-42cd-ad77-efb124801ffe,12.2,10.7,1471086,2.4,5.22
2026-08-08T14:36:21.796000+00:00,,2026-08-08T14:36:21.796000+00:00,,3,Kelani Ganga,Holombuwa,7de28d37-395c-40cc-9b2b-980e3addb18a,5,3.4,1471085,0,0.5
2026-08-08T14:36:01.494000+00:00,,2026-08-08T14:36:01.494000+00:00,,4,Kalu Ganga,Magura,13fa30d7-d8ff-434f-ae06-e0c38eaf3874,7.5,6,1471084,0,1.85
2026-08-08T14:35:49.167000+00:00,,2026-08-08T14:35:49.167000+00:00,,3,Mahaweli Ganga,Thaldena,87df0655-215e-41d5-aed0-1a5cd9f252ca,5,4,1471083,0,0.12
2026-08-08T14:35:36.189000+00:00,,2026-08-08T14:35:36.189000+00:00,,15,Kelani Ganga,Glencourse,d37b9fcd-fa2d-4cb0-aece-a764bde7f8e9,19,15.5,1471082,0,10.68
2026-08-08T14:35:32.604000+00:00,,2026-08-08T14:35:32.604000+00:00,,5.2,Kalu Ganga,Rathnapura,3ec6e25d-0b9b-43aa-8547-62b5243cfd39,9.5,7.5,1471081,0,2.71
2026-08-08T14:34:54.890000+00:00,,2026-08-08T14:34:54.890000+00:00,,1.4,Nilwala Ganga,Thalgahagoda,9370b782-2934-4894-b26d-656daeb9e2ec,2.8,1.7,1471080,0,0.68
2026-08-08T14:34:53.635000+00:00,,2026-08-08T14:34:53.635000+00:00,,4.8,Kelani Ganga,Deraniyagala,361b5a8b-8253-4de0-9213-76251746d73a,7,5.8,1471079,0.5,1.18
2026-08-08T14:34:48.638000+00:00,,2026-08-08T14:34:48.638000+00:00,,4,Kirindi Oya,Thanamalwila,b266e9a5-4567-48bb-8140-36f5353c49c5,5.5,5,1471078,0,0.56
2026-08-08T14:34:06.566000+00:00,,2026-08-08T14:34:06.566000+00:00,,4,Gin Ganga,Thawalama,77991ed0-fdf0-43ab-a1ed-1d3bedb4ffe3,7.5,6,1471077,0,2.55
2026-08-08T14:33:56.218000+00:00,,2026-08-08T14:33:56.218000+00:00,,1.5,Kelani Ganga,Norwood,17ccb63c-80dd-49c9-915b-c52761d80c1a,4.5,3,1471076,0,1.1
2026-08-08T14:33:54.716000+00:00,,2026-08-08T14:33:54.716000+00:00,,3.5,Gin Ganga,Baddegama,acfe2039-a946-4d33-af28-9601865f4f97,5,4,1471075,0,2.13
2026-08-08T14:33:44.667000+00:00,,2026-08-08T14:33:44.667000+00:00,,4.5,Heda Oya,Siyambalanduwa,ebd566d7-2396-45e9-9ed6-2018c32147fe,7,6,1471074,0,0.15
2026-08-08T14:33:17.883000+00:00,,2026-08-08T14:33:17.883000+00:00,,4,Nilwala Ganga,Pitabeddara,f2261d51-b2db-42c0-a701-66ee7f77affa,6.5,5,1471073,0,0.96
2026-08-08T14:33:07.538000+00:00,,2026-08-08T14:33:07.538000+00:00,,5,Maha Oya,Badalgama,b0753513-ab92-4014-9303-a8dd9b336781,9.6,6.2,1471072,0,2.12
2026-08-08T14:32:53.667000+00:00,,2026-08-08T14:32:53.667000+00:00,,6.9,Kirindi Oya,Kuda Oya,06060b32-a2f3-46de-9fad-af4825fb7605,8.8,8.4,1471071,0,0.94
2026-08-08T14:32:41.322000+00:00,,2026-08-08T14:32:41.322000+00:00,,4,Maduru Oya,Padiyathalawa,3d248c2b-b1b4-4694-b20b-3cbfda84f9ec,6,4.5,1471070,0,0.05
2026-08-08T14:32:22.915000+00:00,,2026-08-08T14:32:22.915000+00:00,,4,Menik Ganga,Katharagama,851f5739-a3b6-447d-8a5b-40a0d03823d2,6.5,4.6,1471069,0,-0.24
2026-08-08T14:32:21.185000+00:00,,2026-08-08T14:32:21.185000+00:00,,3.3,Aththanagalu Oya,Dunamale,c32c33ce-98df-4a89-82e2-151df08445a0,5.5,4.4,1471068,0,0.62
2026-08-08T14:32:13.468000+00:00,,2026-08-08T14:32:13.468000+00:00,,6.5,Kelani Ganga,Hanwella,eff9aafc-70d0-4762-baeb-d0e00548cbb5,9.5,7.5,1471067,0,2.2
2026-08-08T14:32:13.259000+00:00,,2026-08-08T14:32:13.259000+00:00,,5.5,Maha Oya,Giriulla,fc9546a8-39be-4431-b896-b9967d24a0b9,7.5,6.5,1471066,0,1.05
2026-08-08T14:32:09.793000+00:00,,2026-08-08T14:32:09.793000+00:00,,4,Ma Oya,Yaka Wewa,d05a8ebd-770a-432b-af14-80035252e80f,6,5,1471065,0,0.41
2026-08-08T14:31:59.817000+00:00,,2026-08-08T14:31:59.817000+00:00,,4,Kelani Ganga,Nagalagam Street,432cf22c-9110-429b-bb91-40eac6e0d667,7,5,1471064,0,1.3
2026-08-08T14:31:55.910000+00:00,,2026-08-08T14:31:55.910000+00:00,,3.5,Mahaweli Ganga,Nawalapitiya,412f324a-8ddb-4cd0-9221-82e7783dbf08,6,5,1471063,0.2,2.05
2026-08-08T14:31:55.820000+00:00,,2026-08-08T14:31:55.820000+00:00,,5,Kumbukkan Oya,Nakkala,2c54d436-0579-4b0d-833d-5a6b10b356f7,7.5,6,1471062,0,0.56
2026-08-08T14:31:53.803000+00:00,,2026-08-08T14:31:53.803000+00:00,,4.4,Kirindi Oya,Wellawaya,87ebbfeb-71e6-4dd8-a2c6-0ec75822b6ce,5.9,5.4,1471061,0,0.82
2026-08-08T14:31:35.367000+00:00,,2026-08-08T14:31:35.367000+00:00,,6,Yan Oya,Horowpothana,ebc9f45f-ab57-4190-82aa-c6b7bd0ac8aa,10.5,7.5,1471060,0,1.7
2026-08-08T14:31:17.863000+00:00,,2026-08-08T14:31:17.863000+00:00,,5,Mahaweli Ganga,Peradeniya,76c2b245-b3fb-4427-9e9d-4aa4a6f73682,9,7,1471059,0,3.78
2026-08-08T14:30:54.200000+00:00,,2026-08-08T14:30:54.200000+00:00,,4.75,Deduru Oya,Moragaswewa,842143f8-4955-4511-8b0b-8cd5bb74a021,7,6,1471058,0,0.04
2026-08-08T14:30:53.882000+00:00,,2026-08-08T14:30:53.882000+00:00,,3,Mahaweli Ganga,Manampitiya,7065e7b0-2cae-4cf1-b372-97dd4adf2523,6,4.3,1471057,0,-0.1
2026-08-08T14:30:52.658000+00:00,,2026-08-08T14:30:52.658000+00:00,,3,Walawe Ganga,Moraketiya,35ba9717-c16f-48f5-8945-e5e8c2d44ba7,7,5,1471056,0,0.71
2026-08-08T14:30:40.079000+00:00,,2026-08-08T14:30:40.079000+00:00,,,Gal Oya,Ampara,e8996c08-1500-47f4-bb7b-47edddcffdbd,,,1471055,0,0
2026-08-08T14:07:23.916000+00:00,,2026-08-08T14:07:23.916000+00:00,,4,Nilwala Ganga,Pitabeddara,63ff33b7-0d2a-414b-aad3-920b375a99d3,6.5,5,1471054,0,0.94
2026-08-08T13:45:21.050000+00:00,,2026-08-08T13:45:21.050000+00:00,,4,Kalu Ganga,Magura,8c87aca4-7312-4bfb-b625-2b165cdc1e69,7.5,6,1471053,0,1.8
2026-08-08T13:44:01.536000+00:00,,2026-08-08T13:44:01.536000+00:00,,3,Kalu Ganga,Putupaula,3f51c533-7107-4011-b48a-72f58b2e442f,5,4,1471052,0,0.51
2026-08-08T13:41:36.332000+00:00,,2026-08-08T13:41:36.332000+00:00,,2.5,Nilwala Ganga,Urawa,25580c4f-3c21-4686-bd37-c25ff7bc0158,6,4,1471051,0,0.42
2026-08-08T13:39:59.327000+00:00,,2026-08-08T13:39:59.327000+00:00,,10,Kalu Ganga,Ellagawa,84e49d41-72a3-4847-baf7-7050a2ef6cbe,12.2,10.7,1471050,0.8,5.18
2026-08-08T13:39:11.501000+00:00,,2026-08-08T13:39:11.501000+00:00,,3,Kelani Ganga,Holombuwa,b6bf5b06-1a82-44e4-97bd-9c7dd8e5d17f,5,3.4,1471049,0,0.5
2026-08-08T13:38:52.235000+00:00,,2026-08-08T13:38:52.235000+00:00,,3,Kelani Ganga,Holombuwa,9cac10b1-2741-4d90-9c0f-d2b0f21ce8f8,5,3.4,1471048,0,0.5
2026-08-08T13:37:15.114000+00:00,,2026-08-08T13:37:15.114000+00:00,,5.5,Maha Oya,Giriulla,473c1c6b-4ad9-46a1-a788-014369335824,7.5,6.5,1471047,0,1.05
2026-08-08T13:36:52.356000+00:00,,2026-08-08T13:36:52.356000+00:00,,3,Kelani Ganga,Kithulgala,826427dc-8e80-45fb-87bf-ae22cb93329c,6,4,1471046,0.8,2.46
2026-08-08T13:35:52.053000+00:00,,2026-08-08T13:35:52.053000+00:00,,6,Yan Oya,Horowpothana,c47ff0ed-536f-412c-ad5c-8e9fd7e128ae,10.5,7.5,1471045,0,1.7
2026-08-08T13:35:40.653000+00:00,,2026-08-08T13:35:40.653000+00:00,,15,Kelani Ganga,Glencourse,1a265aaa-5672-405d-b49e-87a45ffe8541,19,15.5,1471044,0,10.66
2026-08-08T13:35:37.302000+00:00,,2026-08-08T13:35:37.302000+00:00,,5,Kalu Ganga,Kalawellawa (Millakanda),21400cde-5222-4002-9d94-c87ace732276,8,6.5,1471043,0,2.34
2026-08-08T13:34:56.770000+00:00,,2026-08-08T13:34:56.770000+00:00,,5,Maha Oya,Badalgama,23ccba94-4109-47de-88ef-373302ada0b1,9.6,6.2,1471042,0,2.12
2026-08-08T13:34:52.166000+00:00,,2026-08-08T13:34:52.166000+00:00,,5.2,Kalu Ganga,Rathnapura,5a9d8b4d-fb02-4286-bce4-b8bedb648a94,9.5,7.5,1471041,0.7,2.56
2026-08-08T13:34:36.740000+00:00,,2026-08-08T13:34:36.740000+00:00,,4.8,Kelani Ganga,Deraniyagala,3def9308-fdf1-4738-a7d3-bc996cb0ba0d,7,5.8,1471040,0,1.35
2026-08-08T13:34:29.133000+00:00,,2026-08-08T13:34:29.133000+00:00,,6.9,Kirindi Oya,Kuda Oya,dce6e701-640a-4bf0-a6cb-49b5fa1f8b67,8.8,8.4,1471039,0,0.94
2026-08-08T13:34:28.187000+00:00,,2026-08-08T13:34:28.187000+00:00,,4,Menik Ganga,Katharagama,f1ff26cc-1ad8-49fb-b04f-4e1eadba709a,6.5,4.6,1471038,0,-0.24
2026-08-08T13:33:36.554000+00:00,,2026-08-08T13:33:36.554000+00:00,,4,Gin Ganga,Thawalama,bf41536e-23a5-418d-92bd-0e98dff6da5c,7.5,6,1471037,0,2.58
2026-08-08T13:33:32.363000+00:00,,2026-08-08T13:33:32.363000+00:00,,3.5,Mahaweli Ganga,Nawalapitiya,3373b2cb-00cb-4bb3-a11a-539618d808fe,6,5,1471036,0,2.06
2026-08-08T13:33:05.934000+00:00,,2026-08-08T13:33:05.934000+00:00,,1.5,Kelani Ganga,Norwood,1e9a05ce-6526-403c-a0f1-3ba40e624d3b,4.5,3,1471035,0,1.12
2026-08-08T13:33:02.629000+00:00,,2026-08-08T13:33:02.629000+00:00,,4.75,Deduru Oya,Moragaswewa,b69015d4-0b91-4e42-bb66-6dae05abd6f1,7,6,1471034,0,0.04
2026-08-08T13:33:00.008000+00:00,,2026-08-08T13:33:00.008000+00:00,,5,Nilwala Ganga,Panadugama,a32fc079-4898-49d2-a8cb-74ae50fcb947,7.5,6,1471033,0,3.72
2026-08-08T13:32:58.759000+00:00,,2026-08-08T13:32:58.759000+00:00,,6.5,Kelani Ganga,Hanwella,3ac67a3f-f43e-4521-b884-7b7ec96ece8d,9.5,7.5,1471032,0,2.2
2026-08-08T13:32:47.848000+00:00,,2026-08-08T13:32:47.848000+00:00,,,Gal Oya,Ampara,831a8a34-dc88-4c70-a636-9c2413b4b6be,,,1471031,0,0
2026-08-08T13:32:28.751000+00:00,,2026-08-08T13:32:28.751000+00:00,,4.4,Kirindi Oya,Wellawaya,f0cf2339-d6ba-4454-b770-f67d6e846dd7,5.9,5.4,1471030,0,0.82
2026-08-08T13:32:23.368000+00:00,,2026-08-08T13:32:23.368000+00:00,,3.3,Aththanagalu Oya,Dunamale,dde4f855-10c3-4665-9b52-7b5f73785e8e,5.5,4.4,1471029,0,0.6
2026-08-08T13:32:22.604000+00:00,,2026-08-08T13:32:22.604000+00:00,,5,Mahaweli Ganga,Peradeniya,74c7fd71-c49c-45f6-873a-e3af61d38647,9,7,1471028,0,3.76
2026-08-08T13:32:11.721000+00:00,,2026-08-08T13:32:11.721000+00:00,,4,Ma Oya,Yaka Wewa,45559619-d5f4-42cf-8e66-0bee86ffbd0d,6,5,1471027,0,0.41
2026-08-08T13:31:58.616000+00:00,,2026-08-08T13:31:58.616000+00:00,,4,Maduru Oya,Padiyathalawa,0cbe9f3a-07aa-49e2-8fe8-42ce916b4164,6,4.5,1471026,0,0.05
2026-08-08T13:31:55.828000+00:00,,2026-08-08T13:31:55.828000+00:00,,3.5,Gin Ganga,Baddegama,a66af651-1c17-4857-b36d-096dfcbcd6a7,5,4,1471025,0,2.1
2026-08-08T13:31:44.922000+00:00,,2026-08-08T13:31:44.922000+00:00,,4,Kirindi Oya,Thanamalwila,40f12354-385c-4338-b9c2-0f755b6a285c,5.5,5,1471024,0,0.56
2026-08-08T13:31:33.686000+00:00,,2026-08-08T13:31:33.686000+00:00,,4,Kelani Ganga,Nagalagam Street,e5e83823-0206-4eb7-a115-cbc96fd79047,7,5,1471023,0,1.3
2026-08-08T13:31:32.912000+00:00,,2026-08-08T13:31:32.912000+00:00,,5,Kumbukkan Oya,Nakkala,0cb5c702-5907-49d8-8b29-b3a2501cf387,7.5,6,1471022,0,0.56
2026-08-08T13:31:23.203000+00:00,,2026-08-08T13:31:23.203000+00:00,,3,Walawe Ganga,Moraketiya,cfc8f2df-4a3a-4a23-8add-3d544773df77,7,5,1471021,0,0.71
2026-08-08T13:31:13.121000+00:00,,2026-08-08T13:31:13.121000+00:00,,4.5,Heda Oya,Siyambalanduwa,cd81691e-ade6-455e-9587-8053f0c98665,7,6,1471020,0,0.15
2026-08-08T13:31:12.424000+00:00,,2026-08-08T13:31:12.424000+00:00,,3,Mahaweli Ganga,Manampitiya,fa38c11a-37d3-4695-b304-da999c8a798c,6,4.3,1471019,0,-0.1
2026-08-08T13:31:09.660000+00:00,,2026-08-08T13:31:09.660000+00:00,,3,Mahaweli Ganga,Thaldena,208aeab9-cdc1-4714-9a11-f09539bf8e4a,5,4,1471018,0,0.12
2026-08-08T13:30:46.519000+00:00,,2026-08-08T13:30:46.519000+00:00,,1.4,Nilwala Ganga,Thalgahagoda,263d0c12-ae93-40a2-9d9c-272f0a044f79,2.8,1.7,1471017,0,0.66
2026-08-08T12:58:53.140000+00:00,,2026-08-08T12:58:53.140000+00:00,,5,Nilwala Ganga,Panadugama,2a9fc3bc-42bc-4f03-97a8-442d4ab48419,7.5,6,1471016,0,3.61
2026-08-08T12:54:25.368000+00:00,,2026-08-08T12:54:25.368000+00:00,,4,Kirindi Oya,Thanamalwila,96b6739c-459e-408e-b52e-d3689054526e,5.5,5,1471015,0,0.56
2026-08-08T12:41:35.893000+00:00,,2026-08-08T12:41:35.893000+00:00,,2.5,Nilwala Ganga,Urawa,a68d5d6d-2223-4f35-ba60-85f7bd8ba13c,6,4,1471014,2,0.4
2026-08-08T12:39:15.729000+00:00,,2026-08-08T12:39:15.729000+00:00,,4,Maduru Oya,Padiyathalawa,49649f4d-74fb-48db-a66d-9e7d95987e4f,6,4.5,1471013,0,0.05
2026-08-08T12:38:24.798000+00:00,,2026-08-08T12:38:24.798000+00:00,,5,Maha Oya,Badalgama,b5c3272f-56c1-42b8-8959-0f6823074c2b,9.6,6.2,1471012,0,2.13
2026-08-08T12:38:01.014000+00:00,,2026-08-08T12:38:01.014000+00:00,,3,Kelani Ganga,Holombuwa,debbdd5e-af03-4f4c-9554-b96b7d09b639,5,3.4,1471011,0,0.52
2026-08-08T12:37:38.022000+00:00,,2026-08-08T12:37:38.022000+00:00,,4,Gin Ganga,Thawalama,d7884df1-a89c-46a0-97d3-7047091ab54a,7.5,6,1471010,0.5,2.54
2026-08-08T12:35:52.447000+00:00,,2026-08-08T12:35:52.447000+00:00,,3,Mahaweli Ganga,Thaldena,e17bc343-c477-4245-aeeb-a44027662c62,5,4,1471009,0,0.13
2026-08-08T12:34:57.289000+00:00,,2026-08-08T12:34:57.289000+00:00,,3.5,Gin Ganga,Baddegama,81e7d90f-3498-457f-9429-a4ebaa09f4c2,5,4,1471008,0,2.08
2026-08-08T12:34:57.164000+00:00,,2026-08-08T12:34:57.164000+00:00,,5,Kumbukkan Oya,Nakkala,b540bdfa-d396-4d00-b127-e8c52c6db552,7.5,6,1471007,0,0.56
2026-08-08T12:34:51.073000+00:00,,2026-08-08T12:34:51.073000+00:00,,4,Ma Oya,Yaka Wewa,a10d357e-b7e7-408d-ad13-8182abc2c302,6,5,1471006,0,0.41
2026-08-08T12:34:35.142000+00:00,,2026-08-08T12:34:35.142000+00:00,,5.2,Kalu Ganga,Rathnapura,207350c8-acc2-47e1-9434-38a49b692283,9.5,7.5,1471005,0,2.23
2026-08-08T12:34:33.331000+00:00,,2026-08-08T12:34:33.331000+00:00,,6.9,Kirindi Oya,Kuda Oya,494fa4b0-7486-4515-aed9-dad99a6ee6bc,8.8,8.4,1471004,0,0.94
2026-08-08T12:34:29.236000+00:00,,2026-08-08T12:34:29.236000+00:00,,3.5,Gin Ganga,Baddegama,d464aae3-38b7-49cc-9580-dfc13dd62f2a,5,4,1471003,0,1.06
2026-08-08T12:34:22.767000+00:00,,2026-08-08T12:34:22.767000+00:00,,15,Kelani Ganga,Glencourse,17d39ee3-a05f-43d6-aaa6-a872bb3e90c7,19,15.5,1471002,0,10.66
2026-08-08T12:34:12.501000+00:00,,2026-08-08T12:34:12.501000+00:00,,4.4,Kirindi Oya,Wellawaya,d439344d-1940-4b08-b209-6dc03bf56e98,5.9,5.4,1471001,0,0.82
2026-08-08T12:34:10.466000+00:00,,2026-08-08T12:34:10.466000+00:00,,1.5,Kelani Ganga,Norwood,7008fe5d-2c68-46a1-93e9-787533a9f27d,4.5,3,1471000,2.4,1.13
2026-08-08T12:34:10.012000+00:00,,2026-08-08T12:34:10.012000+00:00,,3.3,Aththanagalu Oya,Dunamale,47aeef5d-35af-409e-8fb7-1c6776c7526a,5.5,4.4,1470999,0,0.56
2026-08-08T12:34:00.529000+00:00,,2026-08-08T12:34:00.529000+00:00,,3,Kelani Ganga,Kithulgala,c7a696e1-04ec-4374-a811-ac886dfd2e6f,6,4,1470998,3.3,2.5
2026-08-08T12:33:38.502000+00:00,,2026-08-08T12:33:38.502000+00:00,,4.84,Mee Oya,Galgamuwa,7af9196a-2502-436a-a7cc-da154af925e2,8,5.94,1470997,0,0.01
2026-08-08T12:33:22.682000+00:00,,2026-08-08T12:33:22.682000+00:00,,6.5,Kelani Ganga,Hanwella,1e87591d-b1b5-450c-8024-59bf3cfe9cfc,9.5,7.5,1470996,0,2.22
2026-08-08T12:33:13.819000+00:00,,2026-08-08T12:33:13.819000+00:00,,2.5,Nilwala Ganga,Urawa,fa686e2f-48b5-44f1-b4fe-e1410074f189,6,4,1470995,2,0.4
2026-08-08T12:33:01.700000+00:00,,2026-08-08T12:33:01.700000+00:00,,4,Menik Ganga,Katharagama,1bc3e5fb-5ce0-44d8-ba54-1cfedc1900f8,6.5,4.6,1470994,0,-0.24
2026-08-08T12:32:58.956000+00:00,,2026-08-08T12:32:58.956000+00:00,,4.8,Kelani Ganga,Deraniyagala,c6bfbe11-39bf-448b-9324-73ee40f3106a,7,5.8,1470993,0,1.32
2026-08-08T12:32:47.137000+00:00,,2026-08-08T12:32:47.137000+00:00,,3.5,Mahaweli Ganga,Nawalapitiya,ceaf1f89-2758-4ec5-a679-dad37621b8ba,6,5,1470992,0.3,2.08
2026-08-08T12:32:18.910000+00:00,,2026-08-08T12:32:18.910000+00:00,,4,Nilwala Ganga,Pitabeddara,286bddc2-70eb-411c-8cb0-b7151609faec,6.5,5,1470991,1.3,0.92
2026-08-08T12:32:07.599000+00:00,,2026-08-08T12:32:07.599000+00:00,,10,Kalu Ganga,Ellagawa,1868d52d-32ae-4f70-87cf-7e150aaa1875,12.2,10.7,1470990,0.7,5.18
2026-08-08T12:31:58.628000+00:00,,2026-08-08T12:31:58.628000+00:00,,5,Mahaweli Ganga,Peradeniya,e57cc3a2-e66b-45cf-b29a-f27c51d94c10,9,7,1470989,0,3.71
2026-08-08T12:31:57.415000+00:00,,2026-08-08T12:31:57.415000+00:00,,3,Walawe Ganga,Moraketiya,6b1a92f3-a6f1-4f0f-9049-86d05d5c3b4e,7,5,1470988,0,0.71
2026-08-08T12:31:56.625000+00:00,,2026-08-08T12:31:56.625000+00:00,,5,Malwathu Oya,Thanthirimale,324b6a78-b91c-48ad-b679-6aaf2b650ecf,7.8,6.8,1470987,0,0.66
2026-08-08T12:31:47.827000+00:00,,2026-08-08T12:31:47.827000+00:00,,4,Kelani Ganga,Nagalagam Street,b545567f-e7b7-4cd3-b3a2-af24fdf0d46a,7,5,1470986,0,1.35
2026-08-08T12:31:38.769000+00:00,,2026-08-08T12:31:38.769000+00:00,,6,Yan Oya,Horowpothana,b24d91e9-840c-4f12-b4e6-218e7a93bacd,10.5,7.5,1470985,0,1.7
2026-08-08T12:31:27.246000+00:00,,2026-08-08T12:31:27.246000+00:00,,4,Kalu Ganga,Magura,0ab518e9-1b5b-4c24-b7e0-3039ee06860b,7.5,6,1470984,0,1.75
2026-08-08T12:31:26.893000+00:00,,2026-08-08T12:31:26.893000+00:00,,5.5,Maha Oya,Giriulla,36538125-6aa1-4b05-b5fb-552a7b60f7d5,7.5,6.5,1470983,0,1.05
2026-08-08T12:31:02.679000+00:00,,2026-08-08T12:31:02.679000+00:00,,,Gal Oya,Ampara,475c2316-cdb3-475b-9bdf-208173bbd027,,,1470982,0,0
2026-08-08T12:30:58.926000+00:00,,2026-08-08T12:30:58.926000+00:00,,3,Mahaweli Ganga,Manampitiya,5411faf4-2902-48b4-8b59-827926f96452,6,4.3,1470981,0,-0.1
2026-08-08T12:30:41.824000+00:00,,2026-08-08T12:30:41.824000+00:00,,4.5,Heda Oya,Siyambalanduwa,f6f89eb3-d024-4239-9e06-1f63a7999ed0,7,6,1470980,0,0.15
2026-08-08T12:30:35.904000+00:00,,2026-08-08T12:30:35.904000+00:00,,4.75,Deduru Oya,Moragaswewa,f4562c6b-f129-43d4-91b0-3083094f8c9a,7,6,1470979,0,0.04
2026-08-08T12:30:28.878000+00:00,,2026-08-08T12:30:28.878000+00:00,,1.4,Nilwala Ganga,Thalgahagoda,898d3dd5-3d55-4e1a-b2c6-d8cd3d733645,2.8,1.7,1470978,0,0.62
2026-08-08T12:30:10.517000+00:00,,2026-08-08T12:30:10.517000+00:00,,3,Kalu Ganga,Putupaula,4c625d62-5113-45be-bb11-f417e655c454,5,4,1470977,0,0.56
2026-08-08T12:30:08.549000+00:00,,2026-08-08T12:30:08.549000+00:00,,5,Mahaweli Ganga,Weraganthota,7ea83876-1f80-4c33-961e-0dec3ea87a6b,8,6,1470976,0,-3.46
2026-08-08T12:28:35.185000+00:00,,2026-08-08T12:28:35.185000+00:00,,5,Kalu Ganga,Kalawellawa (Millakanda),02b83e6a-d688-4c8c-b06e-6b1e6a8f0a96,8,6.5,1470975,0,2.36
2026-08-08T11:54:06.139000+00:00,,2026-08-08T11:54:06.139000+00:00,,4,Gin Ganga,Thawalama,6762e9cf-a15a-4b13-a9a8-b04071cf9522,7.5,6,1470974,0.6,2.44
2026-08-08T11:45:34.928000+00:00,,2026-08-08T11:45:34.928000+00:00,,3.3,Aththanagalu Oya,Dunamale,4145985f-6832-47c0-a75b-c1e3f68628af,5.5,4.4,1470973,0,0.55
2026-08-08T11:42:26.088000+00:00,,2026-08-08T11:42:26.088000+00:00,,5,Kalu Ganga,Kalawellawa (Millakanda),6a70e420-6fdb-4e0e-85ff-fd3e9d4c91f2,8,6.5,1470972,0,2.38
2026-08-08T11:40:30.051000+00:00,,2026-08-08T11:40:30.051000+00:00,,5.5,Maha Oya,Giriulla,2aae0df3-d9c5-4054-9ec1-12eef2a59b88,7.5,6.5,1470971,0,1.05
2026-08-08T11:40:04.715000+00:00,,2026-08-08T11:40:04.715000+00:00,,5,Nilwala Ganga,Panadugama,4e336d0d-4145-4623-b9d8-310d6885e8aa,7.5,6,1470970,0,3.47
2026-08-08T11:40:01.607000+00:00,,2026-08-08T11:40:01.607000+00:00,,3,Mahaweli Ganga,Manampitiya,db93041a-0ae3-41ab-b841-639afc8c8014,6,4.3,1470969,0,-0.1
2026-08-08T11:38:48.286000+00:00,,2026-08-08T11:38:48.286000+00:00,,5,Mahaweli Ganga,Weraganthota,ea45bbf7-7d42-47a6-9d0f-68e1c92d917b,8,6,1470968,0,-3.46
2026-08-08T11:38:30.826000+00:00,,2026-08-08T11:38:30.826000+00:00,,4,Kalu Ganga,Magura,35102328-313c-435c-ac27-01c1bfa04d29,7.5,6,1470967,0,1.66
2026-08-08T11:36:43.852000+00:00,,2026-08-08T11:36:43.852000+00:00,,1.4,Nilwala Ganga,Thalgahagoda,5adab281-1ac9-400f-8de0-b8c8ccf81db4,2.8,1.7,1470966,0,0.6
2026-08-08T11:36:28.639000+00:00,,2026-08-08T11:36:28.639000+00:00,,3,Mahaweli Ganga,Thaldena,8d9c11ee-66dc-4f68-86d6-e14e45dd8a2f,5,4,1470965,0,0.13
2026-08-08T11:36:22.431000+00:00,,2026-08-08T11:36:22.431000+00:00,,3.5,Mahaweli Ganga,Nawalapitiya,989e86d6-dd9a-4753-8612-b1468b6ee854,6,5,1470964,0.7,2.1
2026-08-08T11:36:06.802000+00:00,,2026-08-08T11:36:06.802000+00:00,,3,Mahaweli Ganga,Thaldena,4a6888cd-60b3-48e8-928a-9e42e08fff07,5,4,1470963,0,0.12
2026-08-08T11:35:47.182000+00:00,,2026-08-08T11:35:47.182000+00:00,,3,Kelani Ganga,Holombuwa,bb17874b-51a9-47d9-aaf6-86b771a4cb5b,5,3.4,1470962,0,0.52
2026-08-08T11:34:44.406000+00:00,,2026-08-08T11:34:44.406000+00:00,,3,Kalu Ganga,Putupaula,83e1fffd-52b2-41d5-8a8f-ed9343dc75c8,5,4,1470961,0,0.6
2026-08-08T11:34:43.623000+00:00,,2026-08-08T11:34:43.623000+00:00,,4.5,Heda Oya,Siyambalanduwa,1ae58b1b-9733-42a0-9144-3ead4e405a82,7,6,1470960,0,0.16
2026-08-08T11:34:43.116000+00:00,,2026-08-08T11:34:43.116000+00:00,,6.9,Kirindi Oya,Kuda Oya,c4be9d43-8276-4c54-88c3-b4e7feab11ed,8.8,8.4,1470959,0,0.94
2026-08-08T11:34:39.666000+00:00,,2026-08-08T11:34:39.666000+00:00,,4.75,Deduru Oya,Moragaswewa,465448b7-075a-43c7-93d8-4584d4bf2ad2,7,6,1470958,0,0.04
2026-08-08T11:34:37.050000+00:00,,2026-08-08T11:34:37.050000+00:00,,5,Kumbukkan Oya,Nakkala,cfab8068-f4e0-4173-9f8f-1f9b527f1db4,7.5,6,1470957,0,0.56
2026-08-08T11:34:36.573000+00:00,,2026-08-08T11:34:36.573000+00:00,,2.5,Nilwala Ganga,Urawa,c871b1a2-c8f8-4130-8c37-8a14276e7bc3,6,4,1470956,0,0.32
2026-08-08T11:34:26.193000+00:00,,2026-08-08T11:34:26.193000+00:00,,4.84,Mee Oya,Galgamuwa,53e53ffe-6f57-47e7-a50a-d9bfab56b857,8,5.94,1470955,0,0.01
2026-08-08T11:34:24.697000+00:00,,2026-08-08T11:34:24.697000+00:00,,4.84,Mee Oya,Galgamuwa,1b33f766-4866-4c5b-9c19-69ba34bdd09f,8,5.94,1470954,0,0.01
2026-08-08T11:34:24.059000+00:00,,2026-08-08T11:34:24.059000+00:00,,,Gal Oya,Ampara,1d165740-c792-472e-954e-c2cfc96d033e,,,1470953,0,0
2026-08-08T11:34:01.370000+00:00,,2026-08-08T11:34:01.370000+00:00,,15,Kelani Ganga,Glencourse,7cdd9e27-31d9-4f06-b3d1-957b2618496e,19,15.5,1470952,0,10.67
2026-08-08T11:33:51.665000+00:00,,2026-08-08T11:33:51.665000+00:00,,3,Kelani Ganga,Kithulgala,4dd53e55-bfb1-4aac-995d-c4fc47b7a459,6,4,1470951,0,2.41
2026-08-08T11:33:51.248000+00:00,,2026-08-08T11:33:51.248000+00:00,,5,Maha Oya,Badalgama,75ff5279-ceab-47cd-ba35-b0ccdd8f01c0,9.6,6.2,1470950,0,2.13
2026-08-08T11:33:41.611000+00:00,,2026-08-08T11:33:41.611000+00:00,,1.5,Kelani Ganga,Norwood,1a4b405a-3c57-4a71-ae26-120d617b855c,4.5,3,1470949,3.5,1.12
2026-08-08T11:33:27.865000+00:00,,2026-08-08T11:33:27.865000+00:00,,4,Menik Ganga,Katharagama,b418040f-e0a5-4665-9b34-9049fab81575,6.5,4.6,1470948,0,-0.24
2026-08-08T11:33:22.864000+00:00,,2026-08-08T11:33:22.864000+00:00,,4,Ma Oya,Yaka Wewa,3a8b7160-2931-44cf-a744-3f2008bf2c6a,6,5,1470947,0,0.41
2026-08-08T11:33:15.716000+00:00,,2026-08-08T11:33:15.716000+00:00,,4.75,Deduru Oya,Moragaswewa,7412697e-73f7-4d18-aed1-9978e433ecdb,7,6,1470946,0,0.04
2026-08-08T11:33:10.223000+00:00,,2026-08-08T11:33:10.223000+00:00,,4.8,Kelani Ganga,Deraniyagala,f81693ee-40d3-4156-a8a2-056056862d75,7,5.8,1470945,1,1.26
2026-08-08T11:32:51.333000+00:00,,2026-08-08T11:32:51.333000+00:00,,6.5,Kelani Ganga,Hanwella,2000957c-4ef3-4cb7-8334-37b7d9977e53,9.5,7.5,1470944,0,2.24
2026-08-08T11:32:48.358000+00:00,,2026-08-08T11:32:48.358000+00:00,,4,Nilwala Ganga,Pitabeddara,eabae57c-23ad-4d5c-b2d9-fdbd5701a5e2,6.5,5,1470943,0,0.92
2026-08-08T11:32:47.130000+00:00,,2026-08-08T11:32:47.130000+00:00,,5.2,Kalu Ganga,Rathnapura,7c35ff32-692c-442a-b8c0-6582250af1d5,9.5,7.5,1470942,0.3,1.92
2026-08-08T11:32:36.562000+00:00,,2026-08-08T11:32:36.562000+00:00,,3,Walawe Ganga,Moraketiya,ac0f7ede-fa3d-420f-95f6-649ec9f00996,7,5,1470941,0,0.72
2026-08-08T11:32:03.404000+00:00,,2026-08-08T11:32:03.404000+00:00,,4,Maduru Oya,Padiyathalawa,e25ccdbb-c5a5-49a2-b53d-fc621defde28,6,4.5,1470940,0,0.05
2026-08-08T11:31:51.164000+00:00,,2026-08-08T11:31:51.164000+00:00,,4.4,Kirindi Oya,Wellawaya,e676a157-b9a3-4951-9a69-05c7f3ccd554,5.9,5.4,1470939,0,0.82
2026-08-08T11:31:47.714000+00:00,,2026-08-08T11:31:47.714000+00:00,,4,Kelani Ganga,Nagalagam Street,087c2efc-ce99-4ea2-a27c-a279aa398d70,7,5,1470938,0,1.4
2026-08-08T11:31:23.402000+00:00,,2026-08-08T11:31:23.402000+00:00,,5,Mahaweli Ganga,Peradeniya,8859c095-234b-431b-8cbd-aca671f17844,9,7,1470937,0,3.68
2026-08-08T11:31:16.275000+00:00,,2026-08-08T11:31:16.275000+00:00,,10,Kalu Ganga,Ellagawa,3cfec0b8-b01d-4164-9d0d-e66c6c100507,12.2,10.7,1470936,0,5.19
2026-08-08T11:31:04.122000+00:00,,2026-08-08T11:31:04.122000+00:00,,5,Malwathu Oya,Thanthirimale,bcc957d7-36c7-429b-905d-35176da7c1df,7.8,6.8,1470935,0,0.66
2026-08-08T11:30:38.777000+00:00,,2026-08-08T11:30:38.777000+00:00,,6,Yan Oya,Horowpothana,5ba4a205-2e90-43f7-a48f-078701cb83fd,10.5,7.5,1470934,0,1.7
2026-08-08T11:30:36.693000+00:00,,2026-08-08T11:30:36.693000+00:00,,4,Kirindi Oya,Thanamalwila,d7f42709-a2f3-4fa2-9010-ffd9b49ee92f,5.5,5,1470933,0,0.57
2026-08-08T11:07:56.104000+00:00,,2026-08-08T11:07:56.104000+00:00,,5,Nilwala Ganga,Panadugama,d75a20a3-a1b8-4113-981e-ac82dda9f46f,7.5,6,1470932,0,3.36
2026-08-08T10:58:46.650000+00:00,,2026-08-08T10:58:46.650000+00:00,,6,Yan Oya,Horowpothana,33dcb80c-2268-4f30-9d4c-dd3d13fdbed6,10.5,7.5,1470931,0,1.7
2026-08-08T10:56:50.620000+00:00,,2026-08-08T10:56:50.620000+00:00,,3.3,Aththanagalu Oya,Dunamale,2004c93e-3538-44f0-b76c-3318b1baa96a,5.5,4.4,1470930,0,0.54
2026-08-08T10:47:37.281000+00:00,,2026-08-08T10:47:37.281000+00:00,,5,Nilwala Ganga,Panadugama,20fdac85-0d3e-4be4-832b-f6a81a8e3e4c,7.5,6,1470929,0,3.36
2026-08-08T10:45:41.554000+00:00,,2026-08-08T10:45:41.554000+00:00,,6.9,Kirindi Oya,Kuda Oya,0205cc92-b86a-45ae-b4b9-8da2da3c37bd,8.8,8.4,1470928,0,0.94
2026-08-08T10:41:50.570000+00:00,,2026-08-08T10:41:50.570000+00:00,,3,Kalu Ganga,Putupaula,0a595229-4398-45ca-bac8-01255cd84f47,5,4,1470927,0,0.67
2026-08-08T10:39:51.583000+00:00,,2026-08-08T10:39:51.583000+00:00,,4.84,Mee Oya,Galgamuwa,e82f011a-5850-40be-a11c-b73acf028100,8,5.94,1470926,0,0.01
2026-08-08T10:38:57.531000+00:00,,2026-08-08T10:38:57.531000+00:00,,4.75,Deduru Oya,Moragaswewa,8294f43a-f4c8-4a3e-8ba0-62e015de2cf7,7,6,1470925,0,0.04
2026-08-08T10:38:06.253000+00:00,,2026-08-08T10:38:06.253000+00:00,,4,Gin Ganga,Thawalama,1193d023-ad77-4384-862e-85b18aa38c23,7.5,6,1470924,0,2.4
2026-08-08T10:37:59.336000+00:00,,2026-08-08T10:37:59.336000+00:00,,4,Kalu Ganga,Magura,a9b3770a-8d78-4757-8125-f02c3b290a20,7.5,6,1470923,0,1.57
2026-08-08T10:37:38.191000+00:00,,2026-08-08T10:37:38.191000+00:00,,3,Kelani Ganga,Holombuwa,764eef7d-5c5c-402f-a38a-9ecc6705fbc5,5,3.4,1470922,0,0.52
2026-08-08T10:37:09.892000+00:00,,2026-08-08T10:37:09.892000+00:00,,4,Maduru Oya,Padiyathalawa,faa73ace-3b54-4ee4-900c-aba8a9d57ad7,6,4.5,1470921,0,0.05
2026-08-08T10:36:41.976000+00:00,,2026-08-08T10:36:41.976000+00:00,,3,Walawe Ganga,Moraketiya,c517d068-36b3-499f-90a8-1e9a1ed87148,7,5,1470920,0,0.72
2026-08-08T10:35:48.589000+00:00,,2026-08-08T10:35:48.589000+00:00,,5.2,Kalu Ganga,Rathnapura,29aa49a6-1f3b-486f-97a8-dd6465cc5236,9.5,7.5,1470919,0,1.75
2026-08-08T10:34:38.411000+00:00,,2026-08-08T10:34:38.411000+00:00,,15,Kelani Ganga,Glencourse,488847fb-d694-4cf8-9a37-6ae62418e8db,19,15.5,1470918,0,10.69
2026-08-08T10:34:33.936000+00:00,,2026-08-08T10:34:33.936000+00:00,,2.5,Nilwala Ganga,Urawa,c8ca65ae-64a1-4e8c-a4b6-f03e3d341cd7,6,4,1470917,0,0.28
2026-08-08T10:33:56.201000+00:00,,2026-08-08T10:33:56.201000+00:00,,5,Kumbukkan Oya,Nakkala,aa98a51c-47a3-435a-8a43-37dc5cd9c72a,7.5,6,1470916,0,0.56
2026-08-08T10:33:43.111000+00:00,,2026-08-08T10:33:43.111000+00:00,,3,Mahaweli Ganga,Manampitiya,e12e97af-8a77-4d16-a51e-9ddd1fea5984,6,4.3,1470915,0,-0.1
2026-08-08T10:33:40.770000+00:00,,2026-08-08T10:33:40.770000+00:00,,4,Menik Ganga,Katharagama,808f70cd-c615-496e-9ba4-1ad7989d5443,6.5,4.6,1470914,0,-0.24
2026-08-08T10:33:30.013000+00:00,,2026-08-08T10:33:30.013000+00:00,,1.5,Kelani Ganga,Norwood,5330b9c0-389d-4e65-88fc-91e0e5cad7fe,4.5,3,1470913,4.6,1.06
2026-08-08T10:33:23.833000+00:00,,2026-08-08T10:33:23.833000+00:00,,3.5,Gin Ganga,Baddegama,15559f36-c1ff-4549-86a5-b013069da17c,5,4,1470912,0,2.05
2026-08-08T10:33:19.330000+00:00,,2026-08-08T10:33:19.330000+00:00,,10,Kalu Ganga,Ellagawa,0f44f977-377a-42fa-bea8-87bbaf86961f,12.2,10.7,1470911,0,5.2
2026-08-08T10:33:03.305000+00:00,,2026-08-08T10:33:03.305000+00:00,,6.5,Kelani Ganga,Hanwella,16f48a55-1b70-4d3d-9062-13140768a27c,9.5,7.5,1470910,0,2.26
2026-08-08T10:33:02.791000+00:00,,2026-08-08T10:33:02.791000+00:00,,4,Kirindi Oya,Thanamalwila,2b740106-a9df-4114-a557-225c2674354e,5.5,5,1470909,0,0.57
2026-08-08T10:33:01.022000+00:00,,2026-08-08T10:33:01.022000+00:00,,4.8,Kelani Ganga,Deraniyagala,98227019-d7f2-4ae6-8c98-f2bbab4b13b2,7,5.8,1470908,0,0.99
2026-08-08T10:32:57.848000+00:00,,2026-08-08T10:32:57.848000+00:00,,5,Maha Oya,Badalgama,c78e36ee-d849-404e-8ba1-746f4a169802,9.6,6.2,1470907,0,2.13
2026-08-08T10:32:57.113000+00:00,,2026-08-08T10:32:57.113000+00:00,,4,Kelani Ganga,Nagalagam Street,901c943e-b67f-417b-9214-8b9be737ca55,7,5,1470906,0,1.4
2026-08-08T10:32:45.764000+00:00,,2026-08-08T10:32:45.764000+00:00,,3.5,Mahaweli Ganga,Nawalapitiya,ffd2819d-9411-4090-a135-917c2f4b5a06,6,5,1470905,0,2.13
2026-08-08T10:32:31.536000+00:00,,2026-08-08T10:32:31.536000+00:00,,1.4,Nilwala Ganga,Thalgahagoda,5b6f967a-e3d2-4901-bdf0-3bf13b031678,2.8,1.7,1470904,0,0.56
2026-08-08T10:32:24.696000+00:00,,2026-08-08T10:32:24.696000+00:00,,4.4,Kirindi Oya,Wellawaya,feefe5a3-80fb-4e63-a812-258b2611504f,5.9,5.4,1470903,0,0.82
2026-08-08T10:32:22.597000+00:00,,2026-08-08T10:32:22.597000+00:00,,5.5,Maha Oya,Giriulla,b4ea8048-5788-40d4-9680-2eef62b12c40,7.5,6.5,1470902,0,1.05
2026-08-08T10:32:17.699000+00:00,,2026-08-08T10:32:17.699000+00:00,,4,Nilwala Ganga,Pitabeddara,4ac073a4-df11-4a7f-9d65-8cd844e3cb4e,6.5,5,1470901,0,0.92
2026-08-08T10:32:05.520000+00:00,,2026-08-08T10:32:05.520000+00:00,,3,Kelani Ganga,Kithulgala,958e4471-b173-46ca-bca9-2b09ee286e87,6,4,1470900,0,2.39
2026-08-08T10:31:50.409000+00:00,,2026-08-08T10:31:50.409000+00:00,,5,Malwathu Oya,Thanthirimale,f3f0c2e0-03ae-4a76-bc28-27f09ee56cd1,7.8,6.8,1470899,0,0.66
2026-08-08T10:31:34.826000+00:00,,2026-08-08T10:31:34.826000+00:00,,5,Mahaweli Ganga,Peradeniya,47969f2e-22b7-4d99-a1a5-9bcd1ba92ba8,9,7,1470898,0,3.7
2026-08-08T10:31:34.277000+00:00,,2026-08-08T10:31:34.277000+00:00,,4,Ma Oya,Yaka Wewa,75e22cd9-f808-4e48-af3c-015da3aed5b6,6,5,1470897,0,0.41
2026-08-08T10:31:08.445000+00:00,,2026-08-08T10:31:08.445000+00:00,,,Gal Oya,Ampara,2f1cb5c2-1e69-47a4-83c9-ba5174b7e81b,,,1470896,0,0
2026-08-08T10:30:30.799000+00:00,,2026-08-08T10:30:30.799000+00:00,,4.5,Heda Oya,Siyambalanduwa,a76f390b-d871-4b1b-a9ac-e414ee4cb152,7,6,1470895,0,0.16
2026-08-08T10:30:17.119000+00:00,,2026-08-08T10:30:17.119000+00:00,,5,Mahaweli Ganga,Weraganthota,a6b28d29-e9da-4811-9b66-052f800e85e6,8,6,1470894,0,-3.45
2026-08-08T10:29:51.211000+00:00,,2026-08-08T10:29:51.211000+00:00,,5.5,Maha Oya,Giriulla,c413054c-e68b-4deb-bfe5-f456a03df77c,7.5,6.5,1470893,0,1.05
2026-08-08T09:44:23.495000+00:00,,2026-08-08T09:44:23.495000+00:00,,5,Nilwala Ganga,Panadugama,02b405a4-d7f5-4a17-965d-9e8d0d9d28de,7.5,6,1470892,0,3.25
2026-08-08T09:43:20.356000+00:00,,2026-08-08T09:43:20.356000+00:00,,3,Kelani Ganga,Kithulgala,2887a81e-0b1e-4523-8a95-306b605f91be,6,4,1470891,0,2.36
2026-08-08T09:40:37.390000+00:00,,2026-08-08T09:40:37.390000+00:00,,2.5,Nilwala Ganga,Urawa,e2811b23-1648-42eb-834e-4250007f6519,6,4,1470890,0,0.23
2026-08-08T09:39:35.252000+00:00,,2026-08-08T09:39:35.252000+00:00,,4,Gin Ganga,Thawalama,371cd70f-fb7f-4e1a-b842-32ec246129b9,7.5,6,1470889,0,2.37
2026-08-08T09:39:17.169000+00:00,,2026-08-08T09:39:17.169000+00:00,,5,Kalu Ganga,Kalawellawa (Millakanda),9ba34b76-f496-4c48-a1ac-9e6d545bbb09,8,6.5,1470888,0,2.45
2026-08-08T09:38:53.711000+00:00,,2026-08-08T09:38:53.711000+00:00,,5.5,Maha Oya,Giriulla,2251bd67-269b-4dd6-928d-d7a8e76bd65e,7.5,6.5,1470887,0,1.05
2026-08-08T09:37:41.679000+00:00,,2026-08-08T09:37:41.679000+00:00,,4,Kalu Ganga,Magura,4645764e-c467-4da8-9d4d-bf61ff2a6649,7.5,6,1470886,2.9,1.48
2026-08-08T09:36:35.824000+00:00,,2026-08-08T09:36:35.824000+00:00,,3,Walawe Ganga,Moraketiya,78318141-1d38-446a-9adf-88baf36c70eb,7,5,1470885,0,0.72
2026-08-08T09:35:12.324000+00:00,,2026-08-08T09:35:12.324000+00:00,,4,Nilwala Ganga,Pitabeddara,07729e48-17f3-41dd-a0fc-c4d37e0bc4fd,6.5,5,1470884,3,0.9
2026-08-08T09:35:06.879000+00:00,,2026-08-08T09:35:06.879000+00:00,,1.5,Kelani Ganga,Norwood,79d9779e-ef48-4e17-a0de-60969a77447b,4.5,3,1470883,0,0.99
2026-08-08T09:34:26.659000+00:00,,2026-08-08T09:34:26.659000+00:00,,5,Mahaweli Ganga,Weraganthota,b1691a3a-e844-4661-823a-00aebb5e8eb8,8,6,1470882,0,-3.45
2026-08-08T09:34:16.202000+00:00,,2026-08-08T09:34:16.202000+00:00,,4,Maduru Oya,Padiyathalawa,50d8ee3f-4f96-4d07-a8d6-51b5b0d3a294,6,4.5,1470881,0,0.05
2026-08-08T09:34:14.289000+00:00,,2026-08-08T09:34:14.289000+00:00,,5,Maha Oya,Badalgama,d64dbd38-8409-473f-8ee8-c23a29e3acbe,9.6,6.2,1470880,0,2.14
2026-08-08T09:33:39.092000+00:00,,2026-08-08T09:33:39.092000+00:00,,3,Kelani Ganga,Holombuwa,a9739bd8-2fb0-461f-b9ff-05a2f28e517c,5,3.4,1470879,0,0.52
2026-08-08T09:33:33.959000+00:00,,2026-08-08T09:33:33.959000+00:00,,15,Kelani Ganga,Glencourse,b96e787c-74ee-4454-81e6-26a2bc630123,19,15.5,1470878,0,10.71
2026-08-08T09:33:28.658000+00:00,,2026-08-08T09:33:28.658000+00:00,,5.2,Kalu Ganga,Rathnapura,6581cc85-43fa-436a-bdae-3eb5065b60af,9.5,7.5,1470877,0,1.64
2026-08-08T09:33:22.624000+00:00,,2026-08-08T09:33:22.624000+00:00,,6.5,Kelani Ganga,Hanwella,2c73c55e-a3e2-4642-a854-d284305132cd,9.5,7.5,1470876,0,2.27
2026-08-08T09:33:13.872000+00:00,,2026-08-08T09:33:13.872000+00:00,,5,Mahaweli Ganga,Peradeniya,a1d332df-d316-4602-abc3-b9f41934b10a,9,7,1470875,0,3.74
2026-08-08T09:33:06.903000+00:00,,2026-08-08T09:33:06.903000+00:00,,3.3,Aththanagalu Oya,Dunamale,509a11c6-f65c-4e04-9c60-1ea5dc7dd1ed,5.5,4.4,1470874,0,0.54
2026-08-08T09:33:02.119000+00:00,,2026-08-08T09:33:02.119000+00:00,,3,Mahaweli Ganga,Manampitiya,9bffa668-9294-46b7-bc68-d7e8650a0b7f,6,4.3,1470873,0,-0.1
2026-08-08T09:32:58.297000+00:00,,2026-08-08T09:32:58.297000+00:00,,3,Kalu Ganga,Putupaula,2aefcd9b-9ea9-463c-8247-6dde85cf8554,5,4,1470872,0,0.65
2026-08-08T09:32:47.816000+00:00,,2026-08-08T09:32:47.816000+00:00,,4,Kelani Ganga,Nagalagam Street,d0df6c80-01ef-4437-9103-1539ce830dc7,7,5,1470871,0,1.5
2026-08-08T09:32:28.509000+00:00,,2026-08-08T09:32:28.509000+00:00,,4,Menik Ganga,Katharagama,336e002b-2e4b-495b-a6e5-c11eca91ffb9,6.5,4.6,1470870,0,-0.24
2026-08-08T09:32:19.158000+00:00,,2026-08-08T09:32:19.158000+00:00,,3.5,Gin Ganga,Baddegama,14f64f32-6632-42f1-adaa-b6899dc942f7,5,4,1470869,0,2.02
2026-08-08T09:32:05.984000+00:00,,2026-08-08T09:32:05.984000+00:00,,4.84,Mee Oya,Galgamuwa,ccf35403-26b5-461e-8b4d-0c6e64b20502,8,5.94,1470868,0,0.01
2026-08-08T09:32:01.493000+00:00,,2026-08-08T09:32:01.493000+00:00,,5,Malwathu Oya,Thanthirimale,affb95f0-e2cf-497b-8df7-0b7bf68757a2,7.8,6.8,1470867,0,0.67
2026-08-08T09:31:56.540000+00:00,,2026-08-08T09:31:56.540000+00:00,,4.75,Deduru Oya,Moragaswewa,a93bfe56-238a-4afc-a627-38950a4f5c67,7,6,1470866,0,0.04
2026-08-08T09:31:48.278000+00:00,,2026-08-08T09:31:48.278000+00:00,,4,Ma Oya,Yaka Wewa,bcb78dfe-629c-474d-ad5d-edba86924371,6,5,1470865,0,0.41
2026-08-08T09:31:48.157000+00:00,,2026-08-08T09:31:48.157000+00:00,,10,Kalu Ganga,Ellagawa,a3d8d96b-ce29-426f-8ec1-5718e1d75548,12.2,10.7,1470864,0,5.21
2026-08-08T09:31:38.628000+00:00,,2026-08-08T09:31:38.628000+00:00,,6.9,Kirindi Oya,Kuda Oya,3a4ef23d-6013-463f-8fd0-db81b886d947,8.8,8.4,1470863,0,0.94
2026-08-08T09:31:22.918000+00:00,,2026-08-08T09:31:22.918000+00:00,,4.8,Kelani Ganga,Deraniyagala,25dd45dd-5416-4fb9-9cc9-a88dd74194f2,7,5.8,1470862,0,0.98
2026-08-08T09:31:17.498000+00:00,,2026-08-08T09:31:17.498000+00:00,,4.4,Kirindi Oya,Wellawaya,621a33ff-ab1a-45aa-a08a-0088ed11cc9a,5.9,5.4,1470861,0,0.82
2026-08-08T09:31:14.432000+00:00,,2026-08-08T09:31:14.432000+00:00,,3,Mahaweli Ganga,Thaldena,988d6c79-7d9c-4f6b-b58f-4dbb0ad225a4,5,4,1470860,0,0.12
2026-08-08T09:31:06.201000+00:00,,2026-08-08T09:31:06.201000+00:00,,1.4,Nilwala Ganga,Thalgahagoda,5236ff67-8a9b-4c6f-b5a8-dd2afca72af4,2.8,1.7,1470859,0,0.54
2026-08-08T09:31:00.879000+00:00,,2026-08-08T09:31:00.879000+00:00,,4,Kirindi Oya,Thanamalwila,e2b950e9-a480-44b1-bae5-1c37ae626870,5.5,5,1470858,0,0.58
2026-08-08T09:30:58.245000+00:00,,2026-08-08T09:30:58.245000+00:00,,5,Kumbukkan Oya,Nakkala,4723d555-d087-4461-b58e-3a601f4f7688,7.5,6,1470857,0,0.56
2026-08-08T09:30:54.473000+00:00,,2026-08-08T09:30:54.473000+00:00,,,Gal Oya,Ampara,c4a85228-bafc-4b91-9076-848edd1374b9,,,1470856,0,0
2026-08-08T09:30:24.805000+00:00,,2026-08-08T09:30:24.805000+00:00,,3.5,Mahaweli Ganga,Nawalapitiya,9f710267-95ad-4b9f-9089-f4861c572da9,6,5,1470855,0,2.13
2026-08-08T09:30:11.196000+00:00,,2026-08-08T09:30:11.196000+00:00,,6,Yan Oya,Horowpothana,67b91907-a449-4059-9c24-1878ab3a7e42,10.5,7.5,1470854,0,1.7
2026-08-08T09:30:10.986000+00:00,,2026-08-08T09:30:10.986000+00:00,,4.5,Heda Oya,Siyambalanduwa,30b0686c-b650-441a-a548-65310b4b2e90,7,6,1470853,0,0.16
2026-08-08T09:06:23.468000+00:00,,2026-08-08T09:06:23.468000+00:00,,5,Kumbukkan Oya,Nakkala,163e33a5-5a8a-4af3-a36f-89d5c5a0b875,7.5,6,1470852,0,0.56
2026-08-08T09:06:05.956000+00:00,,2026-08-08T09:06:05.956000+00:00,,5,Malwathu Oya,Thanthirimale,90e3689c-e1e4-4fa9-bdc9-57c401fa3b00,7.8,6.8,1470851,0,0.67
2026-08-08T09:00:11.464000+00:00,,2026-08-08T09:00:11.464000+00:00,,5,Nilwala Ganga,Panadugama,660bed4e-793b-4744-b38a-48b466c1f127,7.5,6,1470850,0,3.11
2026-08-08T08:43:56.548000+00:00,,2026-08-08T08:43:56.548000+00:00,,4,Kalu Ganga,Magura,8d14afd4-54c1-4c6e-b053-12edba0bf78d,7.5,6,1470849,0,1.44
2026-08-08T08:40:18.515000+00:00,,2026-08-08T08:40:18.515000+00:00,,5.5,Maha Oya,Giriulla,84af5399-7bdd-45ed-a343-17886567d0e4,7.5,6.5,1470848,0,1.05
2026-08-08T08:39:13.968000+00:00,,2026-08-08T08:39:13.968000+00:00,,5,Nilwala Ganga,Panadugama,bb2bd9ff-484c-4a7a-86a8-c5720b5c2474,7.5,6,1470847,0,3.11
2026-08-08T08:37:58.566000+00:00,,2026-08-08T08:37:58.566000+00:00,,4.75,Deduru Oya,Moragaswewa,a0923e4b-9649-4302-9efb-f9c38568c605,7,6,1470846,0,0.04
2026-08-08T08:37:13.972000+00:00,,2026-08-08T08:37:13.972000+00:00,,2.5,Nilwala Ganga,Urawa,5ba0e8bb-4cd3-4551-ab06-7033beffd33c,6,4,1470845,7.6,0.19
2026-08-08T08:37:00.362000+00:00,,2026-08-08T08:37:00.362000+00:00,,3,Walawe Ganga,Moraketiya,83017e7b-df09-43a9-97e7-9acf3b6541b2,7,5,1470844,0,0.73
2026-08-08T08:36:47.617000+00:00,,2026-08-08T08:36:47.617000+00:00,,5,Mahaweli Ganga,Peradeniya,c89acdb8-be1c-4adf-80fb-9f7c17da687c,9,7,1470843,0,3.75
2026-08-08T08:36:12.077000+00:00,,2026-08-08T08:36:12.077000+00:00,,3,Kalu Ganga,Putupaula,86d20386-4999-453d-a896-0be5cafa5535,5,4,1470842,0,0.68
2026-08-08T08:36:06.420000+00:00,,2026-08-08T08:36:06.420000+00:00,,3.5,Gin Ganga,Baddegama,6380ec93-df6d-4162-834b-d55e758ce7db,5,4,1470841,0.75,1.98
2026-08-08T08:36:06.307000+00:00,,2026-08-08T08:36:06.307000+00:00,,5.2,Kalu Ganga,Rathnapura,a716f641-f325-4dd6-938a-5839a7a0e15d,9.5,7.5,1470840,0,1.58
2026-08-08T08:35:55.083000+00:00,,2026-08-08T08:35:55.083000+00:00,,3,Kelani Ganga,Holombuwa,77d5094a-c737-43be-b189-4bc098bdf3f5,5,3.4,1470839,0,0.52
2026-08-08T08:35:39.166000+00:00,,2026-08-08T08:35:39.166000+00:00,,5,Maha Oya,Badalgama,f73dcb34-f135-4aca-b631-17bbf4871e08,9.6,6.2,1470838,0,2.14
2026-08-08T08:35:18.532000+00:00,,2026-08-08T08:35:18.532000+00:00,,3.5,Mahaweli Ganga,Nawalapitiya,e0c51278-b834-4813-b9e4-fedd5aa895ed,6,5,1470837,3.5,2.04
2026-08-08T08:34:03.989000+00:00,,2026-08-08T08:34:03.989000+00:00,,1.4,Nilwala Ganga,Thalgahagoda,82d354bb-0fd4-4059-a4e5-fbf7e1cd3add,2.8,1.7,1470836,1.5,0.52
2026-08-08T08:34:01.126000+00:00,,2026-08-08T08:34:01.126000+00:00,,4.75,Deduru Oya,Moragaswewa,873404c7-666f-45b5-87f6-de710332ae7e,7,6,1470835,0,0.04
2026-08-08T08:33:57.382000+00:00,,2026-08-08T08:33:57.382000+00:00,,4.84,Mee Oya,Galgamuwa,06a3b03a-d5eb-4ce0-9f81-5bacccd92341,8,5.94,1470834,0,0.01
2026-08-08T08:33:35.084000+00:00,,2026-08-08T08:33:35.084000+00:00,,3.3,Aththanagalu Oya,Dunamale,97724608-ae93-439a-9efc-daf181cdc7c2,5.5,4.4,1470833,0,0.54
2026-08-08T08:33:21.031000+00:00,,2026-08-08T08:33:21.031000+00:00,,1.5,Kelani Ganga,Norwood,bd81fb3c-1150-48c8-ae40-795684693208,4.5,3,1470832,0,1.01
2026-08-08T08:33:09.706000+00:00,,2026-08-08T08:33:09.706000+00:00,,4,Gin Ganga,Thawalama,762b5e46-9d2b-45ce-baa7-f255dd7e9126,7.5,6,1470831,2.6,2.21
2026-08-08T08:33:01.975000+00:00,,2026-08-08T08:33:01.975000+00:00,,3,Kelani Ganga,Kithulgala,a320fb52-48a0-4988-b9c1-11125cf5f750,6,4,1470830,0,2.36
2026-08-08T08:32:59.952000+00:00,,2026-08-08T08:32:59.952000+00:00,,6.5,Kelani Ganga,Hanwella,4ebf1f89-da07-49ce-af2c-235c793fa40f,9.5,7.5,1470829,0,2.28
2026-08-08T08:32:55.448000+00:00,,2026-08-08T08:32:55.448000+00:00,,4,Kirindi Oya,Thanamalwila,6b9b5433-bc2b-4a72-9785-d6ea020edb8b,5.5,5,1470828,0,0.58
2026-08-08T08:32:44.721000+00:00,,2026-08-08T08:32:44.721000+00:00,,5,Kalu Ganga,Kalawellawa (Millakanda),554d4613-b83d-4ab2-a299-ce21ab0cf8b9,8,6.5,1470827,0,2.54
2026-08-08T08:32:13.910000+00:00,,2026-08-08T08:32:13.910000+00:00,,4,Menik Ganga,Katharagama,4ee3e03f-8cfa-478d-9c5f-b7ab45fd81fd,6.5,4.6,1470826,0,-0.25
2026-08-08T08:32:07.687000+00:00,,2026-08-08T08:32:07.687000+00:00,,4,Nilwala Ganga,Pitabeddara,a7296fec-c760-4f0a-898e-3b08473a39ba,6.5,5,1470825,0,0.9
2026-08-08T08:32:02.562000+00:00,,2026-08-08T08:32:02.562000+00:00,,4.8,Kelani Ganga,Deraniyagala,fea6570c-21d0-4a95-b7fe-4bdcf2128860,7,5.8,1470824,0,0.96
2026-08-08T08:31:58.071000+00:00,,2026-08-08T08:31:58.071000+00:00,,6.9,Kirindi Oya,Kuda Oya,db81a0c3-2a70-46e3-acbd-a63c93d652c0,8.8,8.4,1470823,0,0.94
2026-08-08T08:31:54.845000+00:00,,2026-08-08T08:31:54.845000+00:00,,3,Mahaweli Ganga,Thaldena,2f37c232-6c29-4cc8-9c85-7c498d2a015b,5,4,1470822,0,0.12
2026-08-08T08:31:54.171000+00:00,,2026-08-08T08:31:54.171000+00:00,,4,Kelani Ganga,Nagalagam Street,1a034828-82f5-45c6-be79-9e9bdf8c7357,7,5,1470821,0,1.5
2026-08-08T08:31:33.120000+00:00,,2026-08-08T08:31:33.120000+00:00,,4,Ma Oya,Yaka Wewa,7b43d0d8-2458-4757-8fd5-d7918285f2a8,6,5,1470820,0,0.41
2026-08-08T08:31:32.933000+00:00,,2026-08-08T08:31:32.933000+00:00,,15,Kelani Ganga,Glencourse,11f75756-3d4e-4a62-a5a9-fc5f356dd359,19,15.5,1470819,0,10.74
2026-08-08T08:31:14.314000+00:00,,2026-08-08T08:31:14.314000+00:00,,4,Maduru Oya,Padiyathalawa,aa2f6729-d8bf-487e-99db-05e767e01425,6,4.5,1470818,0,0.05
2026-08-08T08:31:10.386000+00:00,,2026-08-08T08:31:10.386000+00:00,,4.4,Kirindi Oya,Wellawaya,fe1b5e17-27be-4d69-9220-da93cd4e96a1,5.9,5.4,1470817,0,0.82
2026-08-08T08:31:08.899000+00:00,,2026-08-08T08:31:08.899000+00:00,,10,Kalu Ganga,Ellagawa,35c1decc-a773-4007-9123-41aa9d4b2ac6,12.2,10.7,1470816,0,5.22
2026-08-08T08:31:04.697000+00:00,,2026-08-08T08:31:04.697000+00:00,,3,Mahaweli Ganga,Manampitiya,40dac13e-526b-4439-b09e-da964ec691e2,6,4.3,1470815,0,-0.1
2026-08-08T08:31:02.530000+00:00,,2026-08-08T08:31:02.530000+00:00,,,Gal Oya,Ampara,94a2aaa3-6ac1-49ba-824b-512f0c6885b4,,,1470814,0,0
2026-08-08T08:30:54.624000+00:00,,2026-08-08T08:30:54.624000+00:00,,6,Yan Oya,Horowpothana,01e0aaa7-745f-4e61-b9bc-22b078b504f3,10.5,7.5,1470813,0,1.71
2026-08-08T08:30:52.789000+00:00,,2026-08-08T08:30:52.789000+00:00,,5,Mahaweli Ganga,Weraganthota,b7a9ef9c-3dbc-46b5-bc36-185a950f3b27,8,6,1470812,0,-3.45
2026-08-08T08:30:11.286000+00:00,,2026-08-08T08:30:11.286000+00:00,,4.5,Heda Oya,Siyambalanduwa,0ccad5c2-f332-4117-8e76-b6cab2e54345,7,6,1470811,0,0.16
2026-08-08T07:59:42.947000+00:00,,2026-08-08T07:59:42.947000+00:00,,5,Nilwala Ganga,Panadugama,68e9624e-6cb4-4a6a-b85b-17a10cbcaedd,7.5,6,1470810,0,3.07
2026-08-08T07:56:28.861000+00:00,,2026-08-08T07:56:28.861000+00:00,,5,Nilwala Ganga,Panadugama,ca958a0b-d9e3-4d1b-acc3-e229d6812722,7.5,6,1470809,0,3.07
2026-08-08T07:42:46.487000+00:00,,2026-08-08T07:42:46.487000+00:00,,4.84,Mee Oya,Galgamuwa,bfbe4607-4399-4291-b94d-cd38033cd82c,8,5.94,1470808,0,0.01
2026-08-08T07:42:23.926000+00:00,,2026-08-08T07:42:23.926000+00:00,,5.5,Maha Oya,Giriulla,8d94d51c-4c3e-4601-9fd5-bd80940a6e6d,7.5,6.5,1470807,1.7,1.06
2026-08-08T07:41:53.141000+00:00,,2026-08-08T07:41:53.141000+00:00,,4,Kalu Ganga,Magura,791d0ec3-68da-4ce5-8fb6-9bd4cbd9eaf3,7.5,6,1470806,0,1.45
2026-08-08T07:40:00.196000+00:00,,2026-08-08T07:40:00.196000+00:00,,3,Kelani Ganga,Kithulgala,5c089b9d-1d85-423b-a138-9c76a8b961cd,6,4,1470805,0,2.38
2026-08-08T07:39:25.721000+00:00,,2026-08-08T07:39:25.721000+00:00,,4,Gin Ganga,Thawalama,a5c403ab-3ad0-4b73-a441-e89ffc74edf0,7.5,6,1470804,0.9,2
2026-08-08T07:39:00.609000+00:00,,2026-08-08T07:39:00.609000+00:00,,5.2,Kalu Ganga,Rathnapura,7a703a6c-87c6-4cd9-b99f-159363186a3b,9.5,7.5,1470803,9.2,1.55
2026-08-08T07:37:03.838000+00:00,,2026-08-08T07:37:03.838000+00:00,,3,Kelani Ganga,Holombuwa,77a79683-0be4-4c13-a046-cc29706f7227,5,3.4,1470802,1.4,0.52
2026-08-08T07:36:44.775000+00:00,,2026-08-08T07:36:44.775000+00:00,,4,Kelani Ganga,Nagalagam Street,a75ed4ca-6202-4d8b-b746-5251b4411108,7,5,1470801,0,1.5
2026-08-08T07:36:38.105000+00:00,,2026-08-08T07:36:38.105000+00:00,,5,Kalu Ganga,Kalawellawa (Millakanda),e3af9b6f-f2b7-4903-a6b7-152aedcc8d24,8,6.5,1470800,7.2,2.6
2026-08-08T07:36:05.954000+00:00,,2026-08-08T07:36:05.954000+00:00,,4,Maduru Oya,Padiyathalawa,b61e3b97-2c1f-4801-9421-97187a6656d0,6,4.5,1470799,0,0.05
2026-08-08T07:35:13.726000+00:00,,2026-08-08T07:35:13.726000+00:00,,1.4,Nilwala Ganga,Thalgahagoda,2c8b084a-799e-46ff-bbc3-a439900c3fc3,2.8,1.7,1470798,0,0.5
2026-08-08T07:34:39.545000+00:00,,2026-08-08T07:34:39.545000+00:00,,15,Kelani Ganga,Glencourse,64db6fa4-a29e-439e-9934-741f2188be07,19,15.5,1470797,0,10.74
2026-08-08T07:34:37.531000+00:00,,2026-08-08T07:34:37.531000+00:00,,3.5,Mahaweli Ganga,Nawalapitiya,b6afa9d0-b000-4bf8-bb46-32fed809f278,6,5,1470796,4.2,1.99
2026-08-08T07:34:27.153000+00:00,,2026-08-08T07:34:27.153000+00:00,,5,Kumbukkan Oya,Nakkala,ff8203be-0ccd-46fa-96bd-06fc4dfe825e,7.5,6,1470795,0,0.56
2026-08-08T07:34:23.297000+00:00,,2026-08-08T07:34:23.297000+00:00,,2.5,Nilwala Ganga,Urawa,4203d0d4-c37d-4c84-86a0-9127e4f2502a,6,4,1470794,1.5,0.16
2026-08-08T07:33:48.654000+00:00,,2026-08-08T07:33:48.654000+00:00,,5,Maha Oya,Badalgama,221629fb-fefd-4888-a6b6-ff3c4f3c69e4,9.6,6.2,1470793,0,2.14
2026-08-08T07:33:00.968000+00:00,,2026-08-08T07:33:00.968000+00:00,,6.5,Kelani Ganga,Hanwella,eeb4d33b-e440-420d-a538-536b82769c5a,9.5,7.5,1470792,0,2.29
2026-08-08T07:32:47.523000+00:00,,2026-08-08T07:32:47.523000+00:00,,4.8,Kelani Ganga,Deraniyagala,cd6fc0a3-e5df-4550-b47b-f05c4befb265,7,5.8,1470791,0.9,0.85
2026-08-08T07:32:39.550000+00:00,,2026-08-08T07:32:39.550000+00:00,,3,Kalu Ganga,Putupaula,813d9efa-a86d-42b0-80ea-047c94182ab5,5,4,1470790,0,0.72
2026-08-08T07:32:36.729000+00:00,,2026-08-08T07:32:36.729000+00:00,,4,Menik Ganga,Katharagama,efb32444-83a2-49e3-b93c-8e6af2761699,6.5,4.6,1470789,0,-0.25
2026-08-08T07:32:33.513000+00:00,,2026-08-08T07:32:33.513000+00:00,,3.5,Gin Ganga,Baddegama,47f788a3-34f9-42fc-b205-fcce311f1372,5,4,1470788,0,1.95
2026-08-08T07:32:27.157000+00:00,,2026-08-08T07:32:27.157000+00:00,,6.9,Kirindi Oya,Kuda Oya,c45cf67c-c7c1-4003-8496-46bc49c54737,8.8,8.4,1470787,0,0.94
2026-08-08T07:32:22.994000+00:00,,2026-08-08T07:32:22.994000+00:00,,1.5,Kelani Ganga,Norwood,174ee1c4-7628-48b4-bdd7-d04b270a907f,4.5,3,1470786,1.4,1
2026-08-08T07:32:21.129000+00:00,,2026-08-08T07:32:21.129000+00:00,,3,Mahaweli Ganga,Manampitiya,33b0dce1-0da1-4e71-8e22-bfa5ae10da39,6,4.3,1470785,0,-0.1
2026-08-08T07:32:13.901000+00:00,,2026-08-08T07:32:13.901000+00:00,,5,Mahaweli Ganga,Peradeniya,e9e217e2-2942-4812-be17-6d65cb68eedf,9,7,1470784,0.5,3.75
2026-08-08T07:32:13.176000+00:00,,2026-08-08T07:32:13.176000+00:00,,4,Nilwala Ganga,Pitabeddara,26767957-074e-40ba-8174-54ab8a741c3e,6.5,5,1470783,0,0.9
2026-08-08T07:32:10.882000+00:00,,2026-08-08T07:32:10.882000+00:00,,4.75,Deduru Oya,Moragaswewa,70e3260d-0548-4b2c-8b74-0c8f3ea094e4,7,6,1470782,0,0.04
2026-08-08T07:32:03.145000+00:00,,2026-08-08T07:32:03.145000+00:00,,4,Kirindi Oya,Thanamalwila,ed07f2da-ae96-43d5-830a-1c970e0f84a7,5.5,5,1470781,0,0.59
2026-08-08T07:31:55.224000+00:00,,2026-08-08T07:31:55.224000+00:00,,4.4,Kirindi Oya,Wellawaya,6e10c8b2-d270-47fd-b9ec-cf5d4e1a9e7e,5.9,5.4,1470780,0,0.82
2026-08-08T07:31:54.041000+00:00,,2026-08-08T07:31:54.041000+00:00,,5,Malwathu Oya,Thanthirimale,31b4a638-6dda-49a2-94d4-a198b6b2d5db,7.8,6.8,1470779,0,0.67
2026-08-08T07:31:35.480000+00:00,,2026-08-08T07:31:35.480000+00:00,,4,Ma Oya,Yaka Wewa,54af350f-23d9-441d-a8aa-d7aa0f7c5e27,6,5,1470778,0,0.41
2026-08-08T07:31:33.370000+00:00,,2026-08-08T07:31:33.370000+00:00,,3,Walawe Ganga,Moraketiya,b1654366-23ff-460b-8faf-d17171b8a3b7,7,5,1470777,0,0.74
2026-08-08T07:31:32.892000+00:00,,2026-08-08T07:31:32.892000+00:00,,10,Kalu Ganga,Ellagawa,8425c753-1554-4737-93c0-48257da2fdbb,12.2,10.7,1470776,7.5,5.23
2026-08-08T07:31:24.164000+00:00,,2026-08-08T07:31:24.164000+00:00,,3.3,Aththanagalu Oya,Dunamale,d0865fd9-3bda-43b8-bd93-ce49a06f4be3,5.5,4.4,1470775,0,0.54
2026-08-08T07:30:58.274000+00:00,,2026-08-08T07:30:58.274000+00:00,,,Gal Oya,Ampara,aab99990-8457-44c1-8482-ea3a49899aa0,,,1470774,0,0
2026-08-08T07:30:56.041000+00:00,,2026-08-08T07:30:56.041000+00:00,,3,Mahaweli Ganga,Thaldena,1c7c00b9-c307-4be2-bdf5-8605c3aa7485,5,4,1470773,0,0.12
2026-08-08T07:30:29.307000+00:00,,2026-08-08T07:30:29.307000+00:00,,6,Yan Oya,Horowpothana,1d372781-f1df-4a62-8972-4266a613e1ff,10.5,7.5,1470772,0,1.71
2026-08-08T07:30:10.825000+00:00,,2026-08-08T07:30:10.825000+00:00,,5,Mahaweli Ganga,Weraganthota,03594e45-be92-4b33-8c34-4389b2f202b8,8,6,1470771,0,-3.45
2026-08-08T07:30:09.196000+00:00,,2026-08-08T07:30:09.196000+00:00,,4.5,Heda Oya,Siyambalanduwa,abc6f483-518b-4a23-b6fd-b42497acf71d,7,6,1470770,0,0.16
2026-08-08T07:02:54.495000+00:00,,2026-08-08T07:02:54.495000+00:00,,6,Yan Oya,Horowpothana,b3da89f7-84fe-41fe-b9e5-5d8a4e9c2039,10.5,7.5,1470769,0,1.71
2026-08-08T06:46:40.803000+00:00,,2026-08-08T06:46:40.803000+00:00,,4,Kelani Ganga,Nagalagam Street,3c67eb5f-11cb-452d-8dbe-81fb2c18f59f,7,5,1470768,0,1.7
2026-08-08T06:42:36.030000+00:00,,2026-08-08T06:42:36.030000+00:00,,3.5,Gin Ganga,Baddegama,863b4cf9-e490-43f8-a59b-532d6663d611,5,4,1470767,0,1.92
2026-08-08T06:42:22.020000+00:00,,2026-08-08T06:42:22.020000+00:00,,5,Mahaweli Ganga,Weraganthota,0500ead5-063d-479a-9d51-ff39b525d409,8,6,1470766,0,-3.46
2026-08-08T06:40:44.899000+00:00,,2026-08-08T06:40:44.899000+00:00,,4,Gin Ganga,Thawalama,dd069ef4-39c3-42ae-8243-694dd3b3849b,7.5,6,1470765,3.9,1.8
2026-08-08T06:38:58.744000+00:00,,2026-08-08T06:38:58.744000+00:00,,5,Nilwala Ganga,Panadugama,6d931c46-d038-4483-97cc-208826a653ff,7.5,6,1470764,0,3.03
2026-08-08T06:38:50.734000+00:00,,2026-08-08T06:38:50.734000+00:00,,15,Kelani Ganga,Glencourse,fde18248-38ad-466b-afca-ebcdddac9d7b,19,15.5,1470763,0,10.74
2026-08-08T06:37:31.372000+00:00,,2026-08-08T06:37:31.372000+00:00,,2.5,Nilwala Ganga,Urawa,b9c0b457-5f9a-4f1e-81fd-4e2c3d56081f,6,4,1470762,0,0.13
2026-08-08T06:37:22.197000+00:00,,2026-08-08T06:37:22.197000+00:00,,5,Maha Oya,Badalgama,c1f1c3aa-273b-441b-b5fb-1a3bd0af13a9,9.6,6.2,1470761,0,2.15
2026-08-08T06:36:52.319000+00:00,,2026-08-08T06:36:52.319000+00:00,,5.2,Kalu Ganga,Rathnapura,ecc4d136-8cd1-4d28-9edc-52effa817990,9.5,7.5,1470760,0,1.55
2026-08-08T06:36:32.117000+00:00,,2026-08-08T06:36:32.117000+00:00,,4,Menik Ganga,Katharagama,945b6984-6693-4985-8291-0aa3e3e304f8,6.5,4.6,1470759,0,-0.25
2026-08-08T06:36:18.678000+00:00,,2026-08-08T06:36:18.678000+00:00,,4,Kalu Ganga,Magura,f2824746-baad-4511-b478-913119078bab,7.5,6,1470758,0,1.47
2026-08-08T06:36:06.320000+00:00,,2026-08-08T06:36:06.320000+00:00,,5,Mahaweli Ganga,Peradeniya,6509ca39-498b-4260-bfa4-f4f69f547ce5,9,7,1470757,0,3.75
2026-08-08T06:35:33.911000+00:00,,2026-08-08T06:35:33.911000+00:00,,3,Kelani Ganga,Holombuwa,c73e3ea9-4fe3-40dd-b55b-6a6bcd1c28ab,5,3.4,1470756,0.3,0.52
2026-08-08T06:34:58.139000+00:00,,2026-08-08T06:34:58.139000+00:00,,4,Kirindi Oya,Thanamalwila,2da156f1-42f8-4519-8ac3-acf23c03d1e5,5.5,5,1470755,0,0.59
2026-08-08T06:34:24.941000+00:00,,2026-08-08T06:34:24.941000+00:00,,4.8,Kelani Ganga,Deraniyagala,823d8c50-2f89-461d-b998-6153cfe604a6,7,5.8,1470754,1.2,0.83
2026-08-08T06:34:18.132000+00:00,,2026-08-08T06:34:18.132000+00:00,,3,Kelani Ganga,Kithulgala,5ca8bee4-61a1-43a5-9b9a-dc14ba7cc7f8,6,4,1470753,1.5,2.39
2026-08-08T06:34:04.466000+00:00,,2026-08-08T06:34:04.466000+00:00,,4,Nilwala Ganga,Pitabeddara,20d08946-0989-4dd6-9953-186b09ecc553,6.5,5,1470752,1.2,0.89
2026-08-08T06:34:03.789000+00:00,,2026-08-08T06:34:03.789000+00:00,,4,Maduru Oya,Padiyathalawa,34783a71-db77-4b69-a5d3-fd21e85922a3,6,4.5,1470751,0,0.05
2026-08-08T06:34:02.389000+00:00,,2026-08-08T06:34:02.389000+00:00,,3.5,Gin Ganga,Baddegama,7fd16837-7e98-48fa-a148-cfc692c360a6,5,4,1470750,0,1.92
2026-08-08T06:33:46+00:00,,2026-08-08T06:33:46+00:00,,4.84,Mee Oya,Galgamuwa,a3b87d17-7947-4ead-b07b-f9c7b9f94ce3,8,5.94,1470749,0,0.01
2026-08-08T06:33:39.746000+00:00,,2026-08-08T06:33:39.746000+00:00,,4,Kirindi Oya,Thanamalwila,ff82fed6-5dcb-40c5-aebd-7d1355f1eb62,5.5,5,1470748,0,0.59
2026-08-08T06:33:35.604000+00:00,,2026-08-08T06:33:35.604000+00:00,,2.5,Nilwala Ganga,Urawa,37f1583f-af4c-4e2e-9691-f1b713e13881,6,4,1470747,0,0.13
2026-08-08T06:33:33.836000+00:00,,2026-08-08T06:33:33.836000+00:00,,1.5,Kelani Ganga,Norwood,118fe493-8a5e-4c7f-940d-5c81d806e37d,4.5,3,1470746,1.8,1
2026-08-08T06:33:29.514000+00:00,,2026-08-08T06:33:29.514000+00:00,,6.5,Kelani Ganga,Hanwella,6da3dee2-f0b0-4291-9729-c6592a4ae860,9.5,7.5,1470745,0,2.32
2026-08-08T06:33:06.477000+00:00,,2026-08-08T06:33:06.477000+00:00,,3,Kalu Ganga,Putupaula,a2ac0a6a-1b75-4fab-9198-79a13266c6f1,5,4,1470744,2.4,0.75
2026-08-08T06:32:57.607000+00:00,,2026-08-08T06:32:57.607000+00:00,,4,Ma Oya,Yaka Wewa,bc38b4af-fc45-4abf-b812-2b44049aa7cc,6,5,1470743,0,0.41
2026-08-08T06:32:50.057000+00:00,,2026-08-08T06:32:50.057000+00:00,,5,Kalu Ganga,Kalawellawa (Millakanda),d287bc2b-456d-4909-8b83-a6b7af4d1f07,8,6.5,1470742,2.2,2.65
2026-08-08T06:32:49.794000+00:00,,2026-08-08T06:32:49.794000+00:00,,3,Mahaweli Ganga,Manampitiya,4f0d9ecd-98a4-4a92-83ce-82b750c4123f,6,4.3,1470741,0,-0.1
2026-08-08T06:32:46.985000+00:00,,2026-08-08T06:32:46.985000+00:00,,5,Kumbukkan Oya,Nakkala,a63d4e67-6b70-4495-9186-2e80db713281,7.5,6,1470740,0,0.56
2026-08-08T06:32:45.589000+00:00,,2026-08-08T06:32:45.589000+00:00,,1.4,Nilwala Ganga,Thalgahagoda,0476c8cb-b6b6-46e8-868b-1811c1b2b2e9,2.8,1.7,1470739,1.2,0.48
2026-08-08T06:32:43.009000+00:00,,2026-08-08T06:32:43.009000+00:00,,5.5,Maha Oya,Giriulla,d2dc9896-9ed2-42f3-841a-c1949d9144c4,7.5,6.5,1470738,0.6,1.06
2026-08-08T06:32:43.001000+00:00,,2026-08-08T06:32:43.001000+00:00,,3,Walawe Ganga,Moraketiya,025b9cc8-a11e-42d3-9949-6fea810084c1,7,5,1470737,0,0.75
2026-08-08T06:32:42.175000+00:00,,2026-08-10T07:27:53.468000+00:00,IEHydrology,3.5,Mahaweli Ganga,Nawalapitiya,614256ed-c96a-43e3-a814-50a2d1ff0eba,6,5,1470736,0.5,1.99
2026-08-08T06:32:40.428000+00:00,,2026-08-08T06:32:40.428000+00:00,,4.75,Deduru Oya,Moragaswewa,6dbfc821-9491-47a4-959a-fa832963907c,7,6,1470735,0,0.04
2026-08-08T06:32:32.757000+00:00,,2026-08-08T06:32:32.757000+00:00,,3.3,Aththanagalu Oya,Dunamale,bf01940c-867c-4101-83f0-59f3b14f46ba,5.5,4.4,1470734,0.2,0.54
2026-08-08T06:32:31.163000+00:00,,2026-08-08T06:32:31.163000+00:00,,4.4,Kirindi Oya,Wellawaya,e7fa78d9-e2c8-4132-8bac-cf8e23987d29,5.9,5.4,1470733,0,0.82
2026-08-08T06:32:18.477000+00:00,,2026-08-08T06:32:18.477000+00:00,,4.75,Deduru Oya,Moragaswewa,30e2cdee-7f8e-404c-becc-a6f6bdc54841,7,6,1470732,0,0.04
2026-08-08T06:31:43.586000+00:00,,2026-08-08T06:31:43.586000+00:00,,3,Mahaweli Ganga,Thaldena,a376cf68-f3b5-4736-ba47-b8ec07432c8d,5,4,1470731,0,0.12
2026-08-08T06:31:12.862000+00:00,,2026-08-08T06:31:12.862000+00:00,,10,Kalu Ganga,Ellagawa,489f5012-69ff-47f2-b8fb-45ac9b55399e,12.2,10.7,1470730,0,5.24
2026-08-08T06:31:11.650000+00:00,,2026-08-08T06:31:11.650000+00:00,,,Gal Oya,Ampara,9100af4d-9c72-47bb-b96a-7b616e8954e0,,,1470729,0,0
2026-08-08T06:30:33.151000+00:00,,2026-08-08T06:30:33.151000+00:00,,6.9,Kirindi Oya,Kuda Oya,5a3ffedb-7d3b-439a-89c7-1ea6b7180128,8.8,8.4,1470728,0,0.94
2026-08-08T06:30:10.181000+00:00,,2026-08-08T06:30:10.181000+00:00,,4.5,Heda Oya,Siyambalanduwa,6feb82ed-d429-4e03-b06a-f57a81e39fad,7,6,1470727,0,0.16
2026-08-08T06:00:22.658000+00:00,,2026-08-08T06:00:22.658000+00:00,,5,Nilwala Ganga,Panadugama,9c3f4ce9-06db-4b60-975d-e3bb1165465d,7.5,6,1470726,0,2.95
2026-08-08T05:43:29.743000+00:00,,2026-08-08T05:43:29.743000+00:00,,1.4,Nilwala Ganga,Thalgahagoda,f5e9fc77-e413-41f7-922c-70522a68fd6c,2.8,1.7,1470725,0,0.44
2026-08-08T05:40:38.631000+00:00,,2026-08-08T05:40:38.631000+00:00,,3,Walawe Ganga,Moraketiya,25bc5b0d-e8bb-4e9d-91e4-c494cbd763b8,7,5,1470724,1.1,0.75
2026-08-08T05:40:27.660000+00:00,,2026-08-08T05:40:27.660000+00:00,,4,Kalu Ganga,Magura,04e5d017-17d3-4ef1-b9b9-1bca94845e3c,7.5,6,1470723,0,1.47
2026-08-08T05:40:01.025000+00:00,,2026-08-08T05:40:01.025000+00:00,,4.84,Mee Oya,Galgamuwa,8fad9ed0-aee5-413a-bbc6-52cf17f23d3c,8,5.94,1470722,0,0.01
2026-08-08T05:39:27.057000+00:00,,2026-08-08T05:39:27.057000+00:00,,4,Gin Ganga,Thawalama,0c97f392-7784-48cd-bcae-3bf7e026e96e,7.5,6,1470721,0.5,1.65
2026-08-08T05:39:25.483000+00:00,,2026-08-08T05:39:25.483000+00:00,,3.3,Aththanagalu Oya,Dunamale,1ec506f4-b349-4191-92cf-d002ab5777f8,5.5,4.4,1470720,0,0.54
2026-08-08T05:39:13.123000+00:00,,2026-08-08T05:39:13.123000+00:00,,3.5,Mahaweli Ganga,Nawalapitiya,6608729d-c443-4364-b839-f2971ce4df13,6,5,1470719,0,2.01
2026-08-08T05:36:18.347000+00:00,,2026-08-08T05:36:18.347000+00:00,,4.5,Heda Oya,Siyambalanduwa,639f390a-dd53-4538-84ab-a40ec4fb1979,7,6,1470718,0,0.16
2026-08-08T05:35:38.220000+00:00,,2026-08-08T05:35:38.220000+00:00,,3,Kelani Ganga,Holombuwa,65105b6e-5e19-45eb-8b4c-ab7f5f852ca9,5,3.4,1470717,0,0.52
2026-08-08T05:35:37.376000+00:00,,2026-08-08T05:35:37.376000+00:00,,5.2,Kalu Ganga,Rathnapura,673d6af3-1d4c-4e97-a39c-5461b6424601,9.5,7.5,1470716,0,1.57
2026-08-08T05:34:56.633000+00:00,,2026-08-08T05:34:56.633000+00:00,,15,Kelani Ganga,Glencourse,ef5ddd49-f9e7-4b66-a06f-3914d878eade,19,15.5,1470715,0,10.74
2026-08-08T05:34:29.726000+00:00,,2026-08-08T05:34:29.726000+00:00,,3,Kelani Ganga,Kithulgala,ee08ae27-5ba2-42e5-8301-4bde39d2bd20,6,4,1470714,0,2.39
2026-08-08T05:34:05.876000+00:00,,2026-08-08T05:34:05.876000+00:00,,5,Maha Oya,Badalgama,aa87e1a5-0a22-4a3e-b88c-56cf74310da8,9.6,6.2,1470713,0,2.15
2026-08-08T05:33:42.444000+00:00,,2026-08-08T05:33:42.444000+00:00,,3.5,Gin Ganga,Baddegama,d71c3ab1-60e0-4c18-a0ba-d4332d8262d5,5,4,1470712,0,1.88
2026-08-08T05:33:25.688000+00:00,,2026-08-08T05:33:25.688000+00:00,,5.5,Maha Oya,Giriulla,fd3c3ffb-1b69-4235-a1e3-4e53fefdd443,7.5,6.5,1470711,0,1.06
2026-08-08T05:33:11.717000+00:00,,2026-08-08T05:33:11.717000+00:00,,2.5,Nilwala Ganga,Urawa,c63d482b-93f2-44c2-9a64-28ed494eb3bf,6,4,1470710,2.5,0.13
2026-08-08T05:33:06.290000+00:00,,2026-08-08T05:33:06.290000+00:00,,5,Mahaweli Ganga,Peradeniya,ceacc2d9-a071-419e-a74f-a69b98d04c75,9,7,1470709,0,3.75
2026-08-08T05:33:05.721000+00:00,,2026-08-08T05:33:05.721000+00:00,,6.5,Kelani Ganga,Hanwella,d7b30e55-e4b3-45ba-994f-b368b35434f7,9.5,7.5,1470708,0,2.34
2026-08-08T05:32:51.325000+00:00,,2026-08-08T05:32:51.325000+00:00,,4,Nilwala Ganga,Pitabeddara,16a2f651-2082-44ae-9738-165ee2f398ab,6.5,5,1470707,0,0.87
2026-08-08T05:32:49.208000+00:00,,2026-08-08T05:32:49.208000+00:00,,5,Mahaweli Ganga,Weraganthota,29607341-abe5-4ba9-bc8a-447984c3c9a0,8,6,1470706,0,-3.46
2026-08-08T05:32:36.905000+00:00,,2026-08-08T05:32:36.905000+00:00,,4,Menik Ganga,Katharagama,0ba8ad3b-4c3c-4b92-98f6-3977dca9810d,6.5,4.6,1470705,0,-0.25
2026-08-08T05:32:36.463000+00:00,,2026-08-08T05:32:36.463000+00:00,,10,Kalu Ganga,Ellagawa,c0565db2-9926-4190-ac3c-a635a95b59e3,12.2,10.7,1470704,0,5.24
2026-08-08T05:32:24.889000+00:00,,2026-08-08T05:32:24.889000+00:00,,4,Maduru Oya,Padiyathalawa,b4186268-3a2d-4a6f-8d56-c571ee75eed0,6,4.5,1470703,0,0.05
2026-08-08T05:32:24.248000+00:00,,2026-08-08T05:32:24.248000+00:00,,5,Kumbukkan Oya,Nakkala,006ee676-8fff-49b4-931b-741fb334ebb9,7.5,6,1470702,0,0.56
2026-08-08T05:32:20.669000+00:00,,2026-08-08T05:32:20.669000+00:00,,4.8,Kelani Ganga,Deraniyagala,e3938346-be08-4168-b4a4-c5901f4b78f3,7,5.8,1470701,0,1
2026-08-08T05:32:16.312000+00:00,,2026-08-08T05:32:16.312000+00:00,,1.5,Kelani Ganga,Norwood,18b2becd-b747-4825-9a65-a1fc0e5e62cd,4.5,3,1470700,0,0.99
2026-08-08T05:32:06.495000+00:00,,2026-08-08T05:32:06.495000+00:00,,4.4,Kirindi Oya,Wellawaya,bfa238de-07ed-4829-9a7e-5b23b99fb1ad,5.9,5.4,1470699,0,0.82
2026-08-08T05:32:03.567000+00:00,,2026-08-08T05:32:03.567000+00:00,,4,Kelani Ganga,Nagalagam Street,2cd24969-c731-423f-a2b4-7607e0745281,7,5,1470698,0,1.9
2026-08-08T05:31:51.012000+00:00,,2026-08-08T05:31:51.012000+00:00,,4,Ma Oya,Yaka Wewa,8ac04d3a-da95-414f-af51-d464e6b63628,6,5,1470697,0,0.41
2026-08-08T05:31:33.216000+00:00,,2026-08-08T05:31:33.216000+00:00,,4.75,Deduru Oya,Moragaswewa,52590875-1f3b-45f8-8cf3-0cf8067904a9,7,6,1470696,0,0.04
2026-08-08T05:31:29.850000+00:00,,2026-08-08T05:31:29.850000+00:00,,6.9,Kirindi Oya,Kuda Oya,748935f0-d0fe-4996-8b9c-1227724f8210,8.8,8.4,1470695,0,0.94
2026-08-08T05:31:28.919000+00:00,,2026-08-08T05:31:28.919000+00:00,,,Gal Oya,Ampara,3367f6a5-1196-4438-91bc-3ba688d6b174,,,1470694,0,0
2026-08-08T05:31:09.149000+00:00,,2026-08-08T05:31:09.149000+00:00,,3,Kalu Ganga,Putupaula,8b7aa451-3570-4dff-aa3a-47821c0ce624,5,4,1470693,0,0.7
2026-08-08T05:31:00.693000+00:00,,2026-08-08T05:31:00.693000+00:00,,5,Malwathu Oya,Thanthirimale,e1342f5b-0740-4576-a06e-387c94fc05bb,7.8,6.8,1470692,0,0.68
2026-08-08T05:30:42.479000+00:00,,2026-08-08T05:30:42.479000+00:00,,6,Yan Oya,Horowpothana,d7216930-c14b-4ba9-a60c-b5fe21fe8951,10.5,7.5,1470691,0,1.71
2026-08-08T05:30:40.591000+00:00,,2026-08-08T05:30:40.591000+00:00,,3,Mahaweli Ganga,Manampitiya,dcf434b5-4e31-47d1-bc06-61767a6b6dd8,6,4.3,1470690,0,-0.1
2026-08-08T05:30:29.166000+00:00,,2026-08-08T05:30:29.166000+00:00,,3,Mahaweli Ganga,Thaldena,a04461d8-cf6e-454b-83dd-a754d8a79d37,5,4,1470689,0,0.11
2026-08-08T05:30:28.556000+00:00,,2026-08-08T05:30:28.556000+00:00,,5,Kalu Ganga,Kalawellawa (Millakanda),67983831-3403-4880-b1a4-84b33700a46a,8,6.5,1470688,0,2.67
2026-08-08T05:30:22.309000+00:00,,2026-08-08T05:30:22.309000+00:00,,4,Kirindi Oya,Thanamalwila,09a3e528-89bf-4129-87d9-203b15823480,5.5,5,1470687,0,0.59
2026-08-08T04:51:07.009000+00:00,,2026-08-08T04:51:07.009000+00:00,,5.5,Maha Oya,Giriulla,3076df68-051f-4e53-bff0-2726a15b4f86,7.5,6.5,1470686,0,1.06
2026-08-08T04:48:20.802000+00:00,,2026-08-08T04:48:20.802000+00:00,,5,Maha Oya,Badalgama,17ad96d7-d29b-4103-ba3d-5adfd0e1ec9a,9.6,6.2,1470685,0,2.15
2026-08-08T04:45:22.137000+00:00,,2026-08-08T04:45:22.137000+00:00,,4,Nilwala Ganga,Pitabeddara,a0cb989c-365f-41a6-b7d1-77fb425098a4,6.5,5,1470684,1.6,0.87
2026-08-08T04:44:54.359000+00:00,,2026-08-08T04:44:54.359000+00:00,,3.5,Gin Ganga,Baddegama,65d25e56-95bd-4291-8620-6974b88213bf,5,4,1470683,2.8,1.85
2026-08-08T04:41:50.039000+00:00,,2026-08-08T04:41:50.039000+00:00,,5,Nilwala Ganga,Panadugama,3d4cb988-e6fb-4f7d-9a88-419f89ef3afa,7.5,6,1470682,0,2.89
2026-08-08T04:38:17.401000+00:00,,2026-08-08T04:38:17.401000+00:00,,1.4,Nilwala Ganga,Thalgahagoda,1dc2763c-4321-4093-a563-8318c1b761a8,2.8,1.7,1470681,0,0.38
2026-08-08T04:37:57.225000+00:00,,2026-08-08T04:37:57.225000+00:00,,5.2,Kalu Ganga,Rathnapura,74a5d135-9d84-4876-b21e-fa07f078e27c,9.5,7.5,1470680,6.2,1.58
2026-08-08T04:36:51.263000+00:00,,2026-08-08T04:36:51.263000+00:00,,4,Gin Ganga,Thawalama,8aabfdf0-40b4-4bdc-941b-7165403859be,7.5,6,1470679,1.9,1.63
2026-08-08T04:36:22.784000+00:00,,2026-08-08T04:36:22.784000+00:00,,3,Kelani Ganga,Holombuwa,341dd04d-4821-431b-815d-0e8e52d94ec5,5,3.4,1470678,0,0.52
2026-08-08T04:35:36.473000+00:00,,2026-08-08T04:35:36.473000+00:00,,3,Kelani Ganga,Kithulgala,472764e9-364c-4959-8469-1f89d6ad788e,6,4,1470677,0,2.35
2026-08-08T04:35:23.344000+00:00,,2026-08-08T04:35:23.344000+00:00,,4,Kalu Ganga,Magura,a64c92ff-ed01-41d4-ac1a-f84ecb069d3f,7.5,6,1470676,0,1.46
2026-08-08T04:35:22.481000+00:00,,2026-08-08T04:35:22.481000+00:00,,4,Kirindi Oya,Thanamalwila,b7001ea4-9b4b-4b30-87f0-af66ef6b0187,5.5,5,1470675,0,0.59
2026-08-08T04:34:14.836000+00:00,,2026-08-08T04:34:14.836000+00:00,,15,Kelani Ganga,Glencourse,fc9244ba-5fdd-492e-ac84-92fb8cb23f87,19,15.5,1470674,0,10.76
2026-08-08T04:33:52.434000+00:00,,2026-08-08T04:33:52.434000+00:00,,6.5,Kelani Ganga,Hanwella,360e7f51-188b-46d7-86c3-3d7dc1f50d90,9.5,7.5,1470673,0,2.36
2026-08-08T04:33:32.441000+00:00,,2026-08-08T04:33:32.441000+00:00,,4.84,Mee Oya,Galgamuwa,1f049f26-4274-4684-b159-3ed670d2c611,8,5.94,1470672,0,0.01
2026-08-08T04:33:29.778000+00:00,,2026-08-08T04:33:29.778000+00:00,,2.5,Nilwala Ganga,Urawa,54c8f440-4559-4b4b-af3b-5f58c48e036d,6,4,1470671,0,0.13
2026-08-08T04:33:25.851000+00:00,,2026-08-08T04:33:25.851000+00:00,,3.5,Mahaweli Ganga,Nawalapitiya,41852b2a-3bd6-4a70-8ebc-9e9fa8d2e4c9,6,5,1470670,0,2.02
2026-08-08T04:33:00.458000+00:00,,2026-08-08T04:33:00.458000+00:00,,3,Mahaweli Ganga,Thaldena,93c7d7da-1812-4a96-8311-4c5bca833b5f,5,4,1470669,0,0.11
2026-08-08T04:32:57.249000+00:00,,2026-08-08T04:32:57.249000+00:00,,4,Maduru Oya,Padiyathalawa,7605ecd5-33fb-4040-a95d-e7dee01d01e0,6,4.5,1470668,0,0.05
2026-08-08T04:32:50.596000+00:00,,2026-08-08T04:32:50.596000+00:00,,6.9,Kirindi Oya,Kuda Oya,efda91bb-6e65-41a1-a33f-cefa7a29fbf6,8.8,8.4,1470667,0,0.94
2026-08-08T04:32:32.896000+00:00,,2026-08-08T04:32:32.896000+00:00,,4,Menik Ganga,Katharagama,6afff0f9-2d6c-41ca-84e0-c9b38248c76a,6.5,4.6,1470666,0,-0.25
2026-08-08T04:32:26.937000+00:00,,2026-08-08T04:32:26.937000+00:00,,1.5,Kelani Ganga,Norwood,1b8b19b5-c31d-4f8d-9540-2d5ae77dc548,4.5,3,1470665,0,1.03
2026-08-08T04:32:24.218000+00:00,,2026-08-08T04:32:24.218000+00:00,,5,Kalu Ganga,Kalawellawa (Millakanda),a44815cd-f5db-4057-a8a8-4da31c5716fa,8,6.5,1470664,0,2.68
2026-08-08T04:32:20.508000+00:00,,2026-08-08T04:32:20.508000+00:00,,4.8,Kelani Ganga,Deraniyagala,1c5f77a4-7fc6-4576-9994-66191ea278ff,7,5.8,1470663,0,1.01
2026-08-08T04:32:10.977000+00:00,,2026-08-08T04:32:10.977000+00:00,,5,Mahaweli Ganga,Weraganthota,a52b6f1b-75e9-44e2-823f-eb04b4173066,8,6,1470662,0,-3.46
2026-08-08T04:32:10.698000+00:00,,2026-08-08T04:32:10.698000+00:00,,3,Kalu Ganga,Putupaula,5c6c4642-ded9-4502-96e5-e91b4f016ced,5,4,1470661,0,0.66
2026-08-08T04:32:04.192000+00:00,,2026-08-08T04:32:04.192000+00:00,,3,Walawe Ganga,Moraketiya,3bbcc7e4-2da4-4e97-a299-9d34ca2fdea6,7,5,1470660,0,0.75
2026-08-08T04:31:45.891000+00:00,,2026-08-08T04:31:45.891000+00:00,,3.3,Aththanagalu Oya,Dunamale,b53d3eaf-1492-4e58-94a3-553f25e6108b,5.5,4.4,1470659,0,0.54
2026-08-08T04:31:45.491000+00:00,,2026-08-08T04:31:45.491000+00:00,,4,Kelani Ganga,Nagalagam Street,34354841-9e73-49b0-9026-5da09b6361d8,7,5,1470658,0,1.9
2026-08-08T04:31:37.969000+00:00,,2026-08-08T04:31:37.969000+00:00,,4,Ma Oya,Yaka Wewa,a76408e4-8082-4908-b0f8-b1bf9deb6205,6,5,1470657,0,0.41
2026-08-08T04:31:30.074000+00:00,,2026-08-08T04:31:30.074000+00:00,,4.75,Deduru Oya,Moragaswewa,bd981ca3-abeb-4e59-bbe1-9b64f21a01bc,7,6,1470656,0,0.04
2026-08-08T04:31:22.850000+00:00,,2026-08-08T04:31:22.850000+00:00,,5,Kumbukkan Oya,Nakkala,3e313ca9-67ae-4a0b-9d51-02561f1c905a,7.5,6,1470655,0,0.56
2026-08-08T04:31:22.448000+00:00,,2026-08-08T04:31:22.448000+00:00,,6,Yan Oya,Horowpothana,9a71bd53-55a8-48eb-9b7b-99cf134fac93,10.5,7.5,1470654,0,1.71
2026-08-08T04:31:21.783000+00:00,,2026-08-08T04:31:21.783000+00:00,,4.4,Kirindi Oya,Wellawaya,ba10ee55-ddee-4657-a2ad-73f727e67256,5.9,5.4,1470653,0,0.83
2026-08-08T04:31:12.525000+00:00,,2026-08-08T04:31:12.525000+00:00,,3,Mahaweli Ganga,Manampitiya,1248388c-b3dc-41ea-bf05-9855fd023a86,6,4.3,1470652,0,-0.1
2026-08-08T04:31:07.978000+00:00,,2026-08-08T04:31:07.978000+00:00,,10,Kalu Ganga,Ellagawa,4fcc3b9e-cf70-41c0-a5dc-d1347ca80226,12.2,10.7,1470651,0,5.26
2026-08-08T04:30:58.200000+00:00,,2026-08-08T04:30:58.200000+00:00,,,Gal Oya,Ampara,127c835f-4bd0-4c48-af9a-f93415509929,,,1470650,0,0
2026-08-08T04:30:30.871000+00:00,,2026-08-08T04:30:30.871000+00:00,,5,Malwathu Oya,Thanthirimale,242992d6-3e48-4093-aaf5-17f451d6d943,7.8,6.8,1470649,0,0.68
2026-08-08T04:30:08.358000+00:00,,2026-08-08T04:30:08.358000+00:00,,4.5,Heda Oya,Siyambalanduwa,7d2fd5b9-8a95-45f4-8750-98d8fccc18a7,7,6,1470648,0,0.16
2026-08-08T04:29:51.090000+00:00,,2026-08-08T04:29:51.090000+00:00,,5,Mahaweli Ganga,Peradeniya,a32525a9-1194-42b6-934e-c8031cb366ce,9,7,1470647,0,3.74
2026-08-08T03:45:10.740000+00:00,,2026-08-08T03:45:10.740000+00:00,,5,Nilwala Ganga,Panadugama,b6272ffa-bf6c-4c76-95ec-d0cb77ce52bc,7.5,6,1470646,0,2.82
2026-08-08T03:39:32.433000+00:00,,2026-08-08T03:39:32.433000+00:00,,4.84,Mee Oya,Galgamuwa,c1f7ab42-1f69-4a1e-b524-d76126f5f399,8,5.94,1470645,0,0.01
2026-08-08T03:39:15.475000+00:00,,2026-08-08T03:39:15.475000+00:00,,5,Maha Oya,Badalgama,528f1b40-d6b7-4f57-877f-d5daf03f294b,9.6,6.2,1470644,0,2.15
2026-08-08T03:39:08.335000+00:00,,2026-08-08T03:39:08.335000+00:00,,4,Gin Ganga,Thawalama,395e3153-8f4a-4559-b1ba-5b3547534843,7.5,6,1470643,5.2,1.62
2026-08-08T03:37:23.903000+00:00,,2026-08-08T03:37:23.903000+00:00,,3,Kelani Ganga,Holombuwa,7dad36fd-c1ba-4937-8ee4-0be0ba837be8,5,3.4,1470642,0,0.52
2026-08-08T03:37:14.906000+00:00,,2026-08-08T03:37:14.906000+00:00,,5.2,Kalu Ganga,Rathnapura,b6884c6f-638e-433f-b894-650ac20b294a,9.5,7.5,1470641,0,1.58
2026-08-08T03:36:45.066000+00:00,,2026-08-08T03:36:45.066000+00:00,,1.4,Nilwala Ganga,Thalgahagoda,d4827870-3e02-47d8-a064-edab65647f49,2.8,1.7,1470640,0,0.36
2026-08-08T03:36:06.940000+00:00,,2026-08-08T03:36:06.940000+00:00,,4,Kalu Ganga,Magura,fb752183-f712-4a7a-8803-7a1564761dd2,7.5,6,1470639,0,1.44
2026-08-08T03:35:34.749000+00:00,,2026-08-08T03:35:34.749000+00:00,,3.5,Gin Ganga,Baddegama,4f071b91-0027-46cf-bb1d-d54099ce521f,5,4,1470638,9.1,1.78
2026-08-08T03:34:51.464000+00:00,,2026-08-08T03:34:51.464000+00:00,,5,Mahaweli Ganga,Peradeniya,b3fe7fb6-0b2c-43e1-b931-6657150bddb7,9,7,1470637,0,3.74
2026-08-08T03:34:49.065000+00:00,,2026-08-08T03:34:49.065000+00:00,,15,Kelani Ganga,Glencourse,27f21837-efac-4f41-b646-b2f0992f8794,19,15.5,1470636,0,10.8
2026-08-08T03:34:46.484000+00:00,,2026-08-08T03:34:46.484000+00:00,,4,Nilwala Ganga,Pitabeddara,6a17cb4a-96c7-4fb6-b500-dceb78d0952e,6.5,5,1470635,13.5,0.67
2026-08-08T03:34:46.070000+00:00,,2026-08-08T03:34:46.070000+00:00,,3,Kelani Ganga,Kithulgala,0b4dbe9b-0103-437f-8ddb-6ef5c8f9fa85,6,4,1470634,0,2.35
2026-08-08T03:34:23.193000+00:00,,2026-08-08T03:34:23.193000+00:00,,2.5,Nilwala Ganga,Urawa,e173a268-d544-43b6-b6e7-79c74d65ee03,6,4,1470633,2.2,0.14
2026-08-08T03:33:59.438000+00:00,,2026-08-08T03:33:59.438000+00:00,,4,Kirindi Oya,Thanamalwila,1d33d6fe-5320-4e6c-babb-79fc018f8b72,5.5,5,1470632,0,0.59
2026-08-08T03:33:50.633000+00:00,,2026-08-08T03:33:50.633000+00:00,,1.5,Kelani Ganga,Norwood,926729b7-9199-4151-9ca8-7ab62fbfc3ec,4.5,3,1470631,0,1.03
2026-08-08T03:33:44.114000+00:00,,2026-08-08T03:33:44.114000+00:00,,3,Kalu Ganga,Putupaula,01cb26ac-87e3-423f-88e9-09ac081cff49,5,4,1470630,0,0.65
2026-08-08T03:33:22.436000+00:00,,2026-08-08T03:33:22.436000+00:00,,5,Kumbukkan Oya,Nakkala,68a327b4-fbc1-4d76-8433-95f88bfbf925,7.5,6,1470629,0,0.56
2026-08-08T03:33:13.176000+00:00,,2026-08-08T03:33:13.176000+00:00,,4,Kelani Ganga,Nagalagam Street,b43640d3-3fa4-4223-86b9-ca833dfc1c84,7,5,1470628,0,1.8
2026-08-08T03:33:05.188000+00:00,,2026-08-08T03:33:05.188000+00:00,,6.5,Kelani Ganga,Hanwella,749c86b4-165e-4cb6-a150-bc3c8ac63925,9.5,7.5,1470627,0,2.37
2026-08-08T03:33:03.672000+00:00,,2026-08-08T03:33:03.672000+00:00,,5.5,Maha Oya,Giriulla,61e5c73c-19c8-4ae8-87ab-dbede274eefa,7.5,6.5,1470626,0,1.07
2026-08-08T03:32:33.110000+00:00,,2026-08-08T03:32:33.110000+00:00,,5,Kalu Ganga,Kalawellawa (Millakanda),a5cb2f8a-3e87-4fc0-a745-70730f283613,8,6.5,1470625,0,2.68
2026-08-08T03:32:13.907000+00:00,,2026-08-08T03:32:13.907000+00:00,,4.8,Kelani Ganga,Deraniyagala,2e61bada-1111-49d8-831a-b1e13d13cc8d,7,5.8,1470624,0,1.01
2026-08-08T03:32:11.241000+00:00,,2026-08-08T03:32:11.241000+00:00,,4.5,Heda Oya,Siyambalanduwa,e0535d49-92f4-4675-8c1d-c65cca72f354,7,6,1470623,0,0.16
2026-08-08T03:32:11.203000+00:00,,2026-08-08T03:32:11.203000+00:00,,4,Menik Ganga,Katharagama,42d9d46e-0c19-48c7-b134-09a8c2607f63,6.5,4.6,1470622,0,-0.25
2026-08-08T03:32:00.549000+00:00,,2026-08-08T03:32:00.549000+00:00,,3,Mahaweli Ganga,Thaldena,2445e0e1-b884-4922-98c3-3a314bff14e2,5,4,1470621,0,0.11
2026-08-08T03:31:58.374000+00:00,,2026-08-08T03:31:58.374000+00:00,,4,Maduru Oya,Padiyathalawa,6f36b398-7044-4a3c-b289-72f18fcdb205,6,4.5,1470620,0,0.05
2026-08-08T03:31:47.430000+00:00,,2026-08-08T03:31:47.430000+00:00,,4.4,Kirindi Oya,Wellawaya,73833863-8d83-46a2-a7f6-052575ce95e1,5.9,5.4,1470619,0,0.83
2026-08-08T03:31:36.585000+00:00,,2026-08-08T03:31:36.585000+00:00,,6,Yan Oya,Horowpothana,10ce150d-eded-4aa7-9533-67ff10cc52b4,10.5,7.5,1470618,0,1.71
2026-08-08T03:31:29.647000+00:00,,2026-08-08T03:31:29.647000+00:00,,6.9,Kirindi Oya,Kuda Oya,1f97cccd-5423-46ef-aaf7-df0962ec7e35,8.8,8.4,1470617,0,0.94
2026-08-08T03:31:29.618000+00:00,,2026-08-08T03:31:29.618000+00:00,,3.5,Mahaweli Ganga,Nawalapitiya,90e5a36d-b325-4e4b-954a-6915e816f92c,6,5,1470616,0,2.02
2026-08-08T03:31:28.616000+00:00,,2026-08-08T03:31:28.616000+00:00,,4.75,Deduru Oya,Moragaswewa,f7a786df-8978-4999-b9b8-b94c69880222,7,6,1470615,0,0.03
2026-08-08T03:31:25.443000+00:00,,2026-08-08T03:31:25.443000+00:00,,4,Ma Oya,Yaka Wewa,ee5bd6ef-5a8b-40c7-949d-71f5f30cf362,6,5,1470614,0,0.41
2026-08-08T03:31:20.698000+00:00,,2026-08-08T03:31:20.698000+00:00,,10,Kalu Ganga,Ellagawa,6df56c67-c51a-4c62-ac27-05b34ea378e3,12.2,10.7,1470613,0,5.28
2026-08-08T03:31:15.377000+00:00,,2026-08-08T03:31:15.377000+00:00,,3,Walawe Ganga,Moraketiya,620331e4-a3c4-4c34-93a4-b4270f80e893,7,5,1470612,0,0.76
2026-08-08T03:31:12.198000+00:00,,2026-08-08T03:31:12.198000+00:00,,5,Mahaweli Ganga,Weraganthota,a26ab19c-7ca9-4a86-a7ee-330a51189c96,8,6,1470611,0,-3.46
2026-08-08T03:31:03.469000+00:00,,2026-08-08T03:31:03.469000+00:00,,3,Mahaweli Ganga,Manampitiya,dc030e89-1fed-417f-ae47-9ae360c16054,6,4.3,1470610,0,-0.1
2026-08-08T03:30:47.407000+00:00,,2026-08-08T03:30:47.407000+00:00,,5,Malwathu Oya,Thanthirimale,f9a23bfa-c062-4fc1-8058-994ebd451222,7.8,6.8,1470609,0,0.68
2026-08-08T03:30:45.034000+00:00,,2026-08-08T03:30:45.034000+00:00,,,Gal Oya,Ampara,f51f5fbb-abff-47af-a0b9-48c23904dd23,,,1470608,0,0
2026-08-08T03:10:22.043000+00:00,,2026-08-08T03:10:22.043000+00:00,,3,Mahaweli Ganga,Manampitiya,7f24a8de-65a0-484f-be4c-ebe1fbadf0dc,6,4.3,1470607,0,-0.1
2026-08-08T03:09:59.924000+00:00,,2026-08-08T03:09:59.924000+00:00,,3,Mahaweli Ganga,Manampitiya,241c91d9-0166-4d94-84db-b41ace38a40c,6,4.3,1470606,0,-0.1
2026-08-08T02:42:41.023000+00:00,,2026-08-08T02:42:41.023000+00:00,,2.5,Nilwala Ganga,Urawa,fd72f1f3-2892-43d9-bc07-4b00a85956b5,6,4,1470605,5.5,0.15
2026-08-08T02:42:26.188000+00:00,,2026-08-08T02:42:26.188000+00:00,,5,Kalu Ganga,Kalawellawa (Millakanda),5db52e25-dea2-429d-aa37-0c1707386d15,8,6.5,1470604,0,2.68
2026-08-08T02:42:16.884000+00:00,,2026-08-08T02:42:16.884000+00:00,,4,Kalu Ganga,Magura,9b51b91a-3549-49ec-8702-bff24060d605,7.5,6,1470603,0,1.41
2026-08-08T02:41:12.098000+00:00,,2026-08-08T02:41:12.098000+00:00,,4,Gin Ganga,Thawalama,2a5185eb-cdb7-4be9-8784-1a06b5565f25,7.5,6,1470602,2.6,1.62
2026-08-08T02:39:02.049000+00:00,,2026-08-08T02:39:02.049000+00:00,,3,Kelani Ganga,Kithulgala,65b0a524-d9fa-4bb9-bf32-b9a51b436b25,6,4,1470601,0,2.41
2026-08-08T02:38:26.791000+00:00,,2026-08-08T02:38:26.791000+00:00,,4.84,Mee Oya,Galgamuwa,3b6b863b-b90c-4414-8bc9-608a0ba55b1c,8,5.94,1470600,0,0.01
2026-08-08T02:37:39.386000+00:00,,2026-08-08T02:37:39.386000+00:00,,3.5,Mahaweli Ganga,Nawalapitiya,3075dcdb-a623-47f7-8bfb-136a019a5611,6,5,1470599,3.4,2.04
2026-08-08T02:36:55.736000+00:00,,2026-08-08T02:36:55.736000+00:00,,5,Nilwala Ganga,Panadugama,9d1bc3e5-fa37-453f-b232-b5fab6409571,7.5,6,1470598,0,2.73
2026-08-08T02:36:45.991000+00:00,,2026-08-08T02:36:45.991000+00:00,,1.5,Kelani Ganga,Norwood,cf3e70d0-31f9-4620-9bb9-a127113259ad,4.5,3,1470597,4.5,1.03
2026-08-08T02:36:44.280000+00:00,,2026-08-08T02:36:44.280000+00:00,,3,Kelani Ganga,Holombuwa,f7669e7f-88cd-4f6d-8f93-175bc305b707,5,3.4,1470596,0,0.52
2026-08-08T02:36:27.037000+00:00,,2026-08-08T02:36:27.037000+00:00,,4.8,Kelani Ganga,Deraniyagala,3a7757e6-a69e-46d9-b635-67e71d982b90,7,5.8,1470595,0,1.02
2026-08-08T02:36:26.516000+00:00,,2026-08-08T02:36:26.516000+00:00,,5,Maha Oya,Badalgama,6b585bec-bd74-46de-98a6-988200bbb3b8,9.6,6.2,1470594,0,2.16
2026-08-08T02:35:21.169000+00:00,,2026-08-08T02:35:21.169000+00:00,,3.5,Gin Ganga,Baddegama,0a7b7249-205c-487b-a20b-9ee7afdb7beb,5,4,1470593,0,1.71
2026-08-08T02:35:06.227000+00:00,,2026-08-08T02:35:06.227000+00:00,,15,Kelani Ganga,Glencourse,2da15516-d203-412f-ab18-f5f9695feb9d,19,15.5,1470592,0,10.83
2026-08-08T02:35:01.258000+00:00,,2026-08-08T02:35:01.258000+00:00,,4,Menik Ganga,Katharagama,b4e92fad-5989-436a-b2a4-831c1611a143,6.5,4.6,1470591,0,-0.25
2026-08-08T02:34:39.248000+00:00,,2026-08-08T02:34:39.248000+00:00,,5.2,Kalu Ganga,Rathnapura,f81c1a31-5810-4b29-b2ae-d2624615e515,9.5,7.5,1470590,0,1.62
2026-08-08T02:34:24.020000+00:00,,2026-08-08T02:34:24.020000+00:00,,3.3,Aththanagalu Oya,Dunamale,4494414b-bd6e-4a5f-81b6-30fc304e0f1c,5.5,4.4,1470589,0,0.55
2026-08-08T02:34:02.345000+00:00,,2026-08-08T02:34:02.345000+00:00,,5,Kalu Ganga,Kalawellawa (Millakanda),b6c3e92a-aa8c-4806-a4e4-3f0ff0046b2c,8,6.5,1470588,0,8.78
2026-08-08T02:33:42.680000+00:00,,2026-08-08T02:33:42.680000+00:00,,6.5,Kelani Ganga,Hanwella,e2487fbf-ff0e-4ed0-8e3e-57153a205e8a,9.5,7.5,1470587,0,2.38
2026-08-08T02:33:36.856000+00:00,,2026-08-08T02:33:36.856000+00:00,,1.4,Nilwala Ganga,Thalgahagoda,21e3091f-ca20-4668-a316-3b3bfa14747f,2.8,1.7,1470586,0,0.31
2026-08-08T02:33:29.477000+00:00,,2026-08-08T02:33:29.477000+00:00,,5.5,Maha Oya,Giriulla,7eb97a4c-a6b6-4c89-81ad-cb77bad9d005,7.5,6.5,1470585,0,1.07
2026-08-08T02:33:10.605000+00:00,,2026-08-08T02:33:10.605000+00:00,,5,Mahaweli Ganga,Peradeniya,a12344cd-7fcf-4f3a-a3cd-44c6ceec210a,9,7,1470584,0.7,3.71
2026-08-08T02:33:08.451000+00:00,,2026-08-08T02:33:08.451000+00:00,,4,Nilwala Ganga,Pitabeddara,3ef9f9b0-e9cc-486c-bcac-29f9ff7e7419,6.5,5,1470583,0,0.65
2026-08-08T02:33:03.086000+00:00,,2026-08-08T02:33:03.086000+00:00,,3,Kalu Ganga,Putupaula,3292800c-eebb-4a40-bf33-5f3f6e3a6e9c,5,4,1470582,0,0.62
2026-08-08T02:32:40.054000+00:00,,2026-08-08T02:32:40.054000+00:00,,4,Kelani Ganga,Nagalagam Street,e5fc0ad7-c94d-4e2d-aca6-71c688f39dd9,7,5,1470581,0,1.6
2026-08-08T02:32:36.025000+00:00,,2026-08-08T02:32:36.025000+00:00,,4.5,Heda Oya,Siyambalanduwa,26ebac18-54b2-4ea0-9d7a-a127193723f8,7,6,1470580,0,0.16
2026-08-08T02:32:23.204000+00:00,,2026-08-08T02:32:23.204000+00:00,,4,Kirindi Oya,Thanamalwila,6189f010-9aae-4257-874c-d67a4b97906c,5.5,5,1470579,0,0.58
2026-08-08T02:32:20.942000+00:00,,2026-08-08T02:32:20.942000+00:00,,4.4,Kirindi Oya,Wellawaya,da933a23-9579-407a-a700-f10ecd41aa12,5.9,5.4,1470578,0,0.83
2026-08-08T02:32:18.271000+00:00,,2026-08-08T02:32:18.271000+00:00,,3,Mahaweli Ganga,Thaldena,e630f4e9-d5ba-40fa-bf71-56fe37acddad,5,4,1470577,0,0.12
2026-08-08T02:32:01.161000+00:00,,2026-08-08T02:32:01.161000+00:00,,6,Yan Oya,Horowpothana,b3df96b1-124f-40ca-a60f-63deddc75230,10.5,7.5,1470576,0,1.71
2026-08-08T02:31:57.511000+00:00,,2026-08-08T02:31:57.511000+00:00,,3,Walawe Ganga,Moraketiya,a1da87a4-8a01-413d-8610-7a577fe2954e,7,5,1470575,0,0.75
2026-08-08T02:31:56.097000+00:00,,2026-08-08T02:31:56.097000+00:00,,4,Ma Oya,Yaka Wewa,43dac0af-d96e-4c45-9971-eb1abe686a6a,6,5,1470574,0,0.41
2026-08-08T02:31:48.993000+00:00,,2026-08-08T02:31:48.993000+00:00,,10,Kalu Ganga,Ellagawa,d677ae8a-5efc-4ed6-a616-322350c3218e,12.2,10.7,1470573,0,5.32
2026-08-08T02:31:32.705000+00:00,,2026-08-08T02:31:32.705000+00:00,,4,Maduru Oya,Padiyathalawa,7fd3f11e-4a7b-43a3-b91f-d563069c8297,6,4.5,1470572,0,0.05
2026-08-08T02:31:31.029000+00:00,,2026-08-08T02:31:31.029000+00:00,,5,Malwathu Oya,Thanthirimale,e988b5fc-5fe3-41ec-a4f6-05e28e629a4f,7.8,6.8,1470571,0,0.69
2026-08-08T02:31:27.268000+00:00,,2026-08-08T02:31:27.268000+00:00,,4.75,Deduru Oya,Moragaswewa,69f48dc3-3d23-407e-b02a-08717198280f,7,6,1470570,0,0.03
2026-08-08T02:31:26.344000+00:00,,2026-08-08T02:31:26.344000+00:00,,5,Mahaweli Ganga,Weraganthota,9705d326-1eee-4b73-a205-a8a43d2ed510,8,6,1470569,0,-3.45
2026-08-08T02:30:44.266000+00:00,,2026-08-08T02:30:44.266000+00:00,,,Gal Oya,Ampara,80715d08-c4c6-4272-98f7-cf4290595cdf,,,1470568,0,0
2026-08-08T02:30:29.005000+00:00,,2026-08-08T02:30:29.005000+00:00,,6.9,Kirindi Oya,Kuda Oya,d08c7649-dc0a-4da3-ad4d-b9f64fcad02e,8.8,8.4,1470567,0,0.94
2026-08-08T02:30:11.064000+00:00,,2026-08-08T02:30:11.064000+00:00,,5,Kumbukkan Oya,Nakkala,b2f772bc-8224-47c3-8664-13b9b8acdd19,7.5,6,1470566,0,0.56
2026-08-08T02:11:34.325000+00:00,,2026-08-08T02:11:34.325000+00:00,,5,Nilwala Ganga,Panadugama,5194d18a-48e7-4cbf-afa3-5a2962d5048f,7.5,6,1470565,0,2.7
2026-08-08T02:05:28.537000+00:00,,2026-08-08T02:05:28.537000+00:00,,1.4,Nilwala Ganga,Thalgahagoda,0261f19b-2250-4755-8489-7570e3de17a0,2.8,1.7,1470564,1.3,0.28
2026-08-08T01:57:20.703000+00:00,,2026-08-08T01:57:20.703000+00:00,,5,Kalu Ganga,Kalawellawa (Millakanda),507daea8-9c33-4285-b97f-f5ba018be49b,8,6.5,1470563,0,2.7
2026-08-08T01:49:08.001000+00:00,,2026-08-08T01:49:08.001000+00:00,,4.75,Deduru Oya,Moragaswewa,047849ee-fc4f-49a6-a0e0-ccce0b48aaa7,7,6,1470562,0,0.03
2026-08-08T01:46:57.873000+00:00,,2026-08-08T01:46:57.873000+00:00,,3,Walawe Ganga,Moraketiya,43fb1954-5dcf-47fe-bdce-f91ef2536c06,7,5,1470561,0,0.74
2026-08-08T01:46:12.922000+00:00,,2026-08-08T01:46:12.922000+00:00,,4.84,Mee Oya,Galgamuwa,7381a60e-ae28-4b81-9d89-8fb6de4c1df1,8,5.94,1470560,0,0.01
2026-08-08T01:43:55.805000+00:00,,2026-08-08T01:43:55.805000+00:00,,3.5,Gin Ganga,Baddegama,7e6d7e9a-7804-47a5-a9c0-94b934ecf3e8,5,4,1470559,0,1.65
2026-08-08T01:41:38.184000+00:00,,2026-08-08T01:41:38.184000+00:00,,4,Gin Ganga,Thawalama,fc23da04-8c50-4b43-b708-a5a8c27fb56b,7.5,6,1470558,0,1.58
2026-08-08T01:40:20.868000+00:00,,2026-08-08T01:40:20.868000+00:00,,4,Nilwala Ganga,Pitabeddara,8fa7093a-e4fc-4593-a2c3-fed98f9812d3,6.5,5,1470557,0,0.63
2026-08-08T01:40:17.656000+00:00,,2026-08-08T01:40:17.656000+00:00,,5,Kumbukkan Oya,Nakkala,3dfd3de2-72ee-4b9c-ac92-ccdf53a52b04,7.5,6,1470556,0,0.56
2026-08-08T01:40:01.286000+00:00,,2026-08-08T01:40:01.286000+00:00,,6.9,Kirindi Oya,Kuda Oya,b9a2dc40-7a67-43ad-b372-97a5a9a69282,8.8,8.4,1470555,0,0.94
2026-08-08T01:39:20.780000+00:00,,2026-08-08T01:39:20.780000+00:00,,2.5,Nilwala Ganga,Urawa,8a557182-f6d5-4f1d-9d97-d098500f3377,6,4,1470554,0,0.16
2026-08-08T01:39:17.938000+00:00,,2026-08-08T01:39:17.938000+00:00,,3,Mahaweli Ganga,Thaldena,0798e0a5-2fec-4ff9-bc11-3bad2160cdb6,5,4,1470553,0,0.12
2026-08-08T01:37:42.172000+00:00,,2026-08-08T01:37:42.172000+00:00,,5,Malwathu Oya,Thanthirimale,f4d00e6a-81d4-4ad6-a8b6-0a50a043b193,7.8,6.8,1470552,0,0.69
2026-08-08T01:36:51.943000+00:00,,2026-08-08T01:36:51.943000+00:00,,5,Maha Oya,Badalgama,f93332b0-4148-4931-a71c-16dd72fbf1e3,9.6,6.2,1470551,0,2.16
2026-08-08T01:36:48.504000+00:00,,2026-08-08T01:36:48.504000+00:00,,4,Kalu Ganga,Magura,fcb21a1b-e522-4670-987b-4553e99e0409,7.5,6,1470550,0,1.38
2026-08-08T01:34:46.489000+00:00,,2026-08-08T01:34:46.489000+00:00,,4,Menik Ganga,Katharagama,3783f837-60ea-48f7-8b4b-c2b3b38fdb91,6.5,4.6,1470549,0,-0.24
2026-08-08T01:34:22.732000+00:00,,2026-08-08T01:34:22.732000+00:00,,5.5,Maha Oya,Giriulla,98c75abd-414b-4bf8-b61d-d95b05113f86,7.5,6.5,1470548,0,1.07
2026-08-08T01:34:01.924000+00:00,,2026-08-08T01:34:01.924000+00:00,,3,Kelani Ganga,Kithulgala,38370d6b-ddc8-4c3f-a0bd-8fa36f806da2,6,4,1470547,0,2.41
2026-08-08T01:33:59.777000+00:00,,2026-08-08T01:33:59.777000+00:00,,3,Kalu Ganga,Putupaula,1c59370d-fba1-4a55-8bff-724bb747490a,5,4,1470546,0,0.61
2026-08-08T01:33:57.167000+00:00,,2026-08-08T01:33:57.167000+00:00,,3.3,Aththanagalu Oya,Dunamale,b0747c78-2d3e-4b7f-9dd3-a31cc6d0a1ae,5.5,4.4,1470545,0,0.56
2026-08-08T01:33:53.661000+00:00,,2026-08-08T01:33:53.661000+00:00,,5.2,Kalu Ganga,Rathnapura,8415065c-d0f9-42b3-83e0-6f5dc6a80e66,9.5,7.5,1470544,0,1.63
2026-08-08T01:33:36.136000+00:00,,2026-08-08T01:33:36.136000+00:00,,5,Mahaweli Ganga,Peradeniya,a4024873-b5c6-4f7e-b102-04906c664018,9,7,1470543,0,3.69
2026-08-08T01:33:35.671000+00:00,,2026-08-08T01:33:35.671000+00:00,,5,Mahaweli Ganga,Weraganthota,8faf0bfd-2a23-4514-8b8c-5f8e6cf606fa,8,6,1470542,0,-3.43
2026-08-08T01:33:27.534000+00:00,,2026-08-08T01:33:27.534000+00:00,,1.5,Kelani Ganga,Norwood,0ec00094-79ac-4a18-875d-235af9d0f51e,4.5,3,1470541,0,1.02
2026-08-08T01:33:21.549000+00:00,,2026-08-08T01:33:21.549000+00:00,,4.4,Kirindi Oya,Wellawaya,0a998ae2-1210-4ddb-a0e0-7d34af213619,5.9,5.4,1470540,0,0.83
2026-08-08T01:33:14.657000+00:00,,2026-08-08T01:33:14.657000+00:00,,6.5,Kelani Ganga,Hanwella,2c271301-dab8-4405-ba3d-fa1c1c0c50a0,9.5,7.5,1470539,0,2.39
2026-08-08T01:32:59.904000+00:00,,2026-08-08T01:32:59.904000+00:00,,4.8,Kelani Ganga,Deraniyagala,4a0b8487-6581-470c-bfa5-eda60bfb49cc,7,5.8,1470538,0,1.01
2026-08-08T01:32:51.167000+00:00,,2026-08-08T01:32:51.167000+00:00,,6.9,Kirindi Oya,Kuda Oya,7a11ed28-b65c-4738-9a89-c4fb082bc52c,8.8,8.4,1470537,0,0.94
2026-08-08T01:32:14.237000+00:00,,2026-08-08T01:32:14.237000+00:00,,10,Kalu Ganga,Ellagawa,a6160760-794a-4cdb-aba3-3f91e0b09cd2,12.2,10.7,1470536,0,5.36
2026-08-08T01:32:08.417000+00:00,,2026-08-08T01:32:08.417000+00:00,,15,Kelani Ganga,Glencourse,5a38ff69-8f19-47b8-9940-a074e70ff4a4,19,15.5,1470535,0,10.85
2026-08-08T01:32:08.245000+00:00,,2026-08-08T01:32:08.245000+00:00,,4,Kelani Ganga,Nagalagam Street,3922ffb2-b92c-4569-a7b0-57fe9f79c292,7,5,1470534,0,1.4
2026-08-08T01:32:03.220000+00:00,,2026-08-08T01:32:03.220000+00:00,,4.5,Heda Oya,Siyambalanduwa,0fd355bd-2551-408e-b650-23f80b7a9492,7,6,1470533,0,0.16
2026-08-08T01:32:01.664000+00:00,,2026-08-08T01:32:01.664000+00:00,,4,Ma Oya,Yaka Wewa,e40b05c6-4221-4cf3-ba8b-54ffaccff46c,6,5,1470532,0,0.41
2026-08-08T01:31:31.216000+00:00,,2026-08-08T01:31:31.216000+00:00,,6,Yan Oya,Horowpothana,c7a0e514-1fd1-442e-82cd-3d96555c5d71,10.5,7.5,1470531,0,1.71
2026-08-08T01:31:10.341000+00:00,,2026-08-08T01:31:10.341000+00:00,,,Gal Oya,Ampara,24646ad9-aa17-49fc-ade0-fc44e3db3709,,,1470530,0,0
2026-08-08T01:30:55.913000+00:00,,2026-08-08T01:30:55.913000+00:00,,4,Kirindi Oya,Thanamalwila,6f3c53be-2b0d-4058-ad89-aa75ce116259,5.5,5,1470529,0,0.56
2026-08-08T01:30:42.365000+00:00,,2026-08-08T01:30:42.365000+00:00,,3,Kelani Ganga,Holombuwa,16ffe1ce-2913-41b0-bd6c-7e165091ef2e,5,3.4,1470528,0,0.53
2026-08-08T01:30:13.044000+00:00,,2026-08-08T01:30:13.044000+00:00,,3,Kelani Ganga,Holombuwa,226922f3-1943-4074-99fb-b6f3f6b7ce65,5,3.4,1470527,0,0.53
2026-08-08T01:30:10.837000+00:00,,2026-08-08T01:30:10.837000+00:00,,3.5,Mahaweli Ganga,Nawalapitiya,2bbac79f-0ae7-46c9-9c4f-4ea274ee3584,6,5,1470526,0,2.06
2026-08-08T00:40:12.281000+00:00,,2026-08-08T00:40:12.281000+00:00,,6.5,Kelani Ganga,Hanwella,393166cf-940f-43ac-ac75-f4294d4f4104,9.5,7.5,1470525,0,2.41
2026-08-08T00:38:43.525000+00:00,,2026-08-08T00:38:43.525000+00:00,,4,Gin Ganga,Thawalama,bf726f01-37f2-4d19-af77-54b08bfb57e0,7.5,6,1470524,0,1.55
2026-08-08T00:38:23.630000+00:00,,2026-08-08T00:38:23.630000+00:00,,6.9,Kirindi Oya,Kuda Oya,5314ee53-6399-43ad-8bea-968aec5f00c7,8.8,8.4,1470523,0,0.94
2026-08-08T00:36:59.327000+00:00,,2026-08-08T00:36:59.327000+00:00,,4,Kelani Ganga,Nagalagam Street,af4977e8-e11d-4363-82e3-7a7a6854c28b,7,5,1470522,0,1.3
2026-08-08T00:36:29.571000+00:00,,2026-08-08T00:36:29.571000+00:00,,4,Menik Ganga,Katharagama,7b209315-3217-41c7-ba21-df65f47906fd,6.5,4.6,1470521,0,-0.23
2026-08-08T00:36:10.674000+00:00,,2026-08-08T00:36:10.674000+00:00,,1.4,Nilwala Ganga,Thalgahagoda,78c3a1e9-4ada-4945-9197-4d075a2cf695,2.8,1.7,1470520,1.9,0.28
2026-08-08T00:36:07.439000+00:00,,2026-08-08T00:36:07.439000+00:00,,3.5,Gin Ganga,Baddegama,27d99f1b-8c01-424c-a536-320932861806,5,4,1470519,0,1.59
2026-08-08T00:35:54.161000+00:00,,2026-08-08T00:35:54.161000+00:00,,5,Maha Oya,Badalgama,851fa9dc-4472-41c6-ba77-2c882d463f25,9.6,6.2,1470518,0,2.16
2026-08-08T00:35:50.776000+00:00,,2026-08-08T00:35:50.776000+00:00,,4,Kirindi Oya,Thanamalwila,bf5036d4-449e-412a-941e-88a191a27043,5.5,5,1470517,0,0.56
2026-08-08T00:35:48.043000+00:00,,2026-08-08T00:35:48.043000+00:00,,2.5,Nilwala Ganga,Urawa,fb3da312-0697-41d7-bd0f-6f58318ec3b4,6,4,1470516,0,0.16
2026-08-08T00:35:35.399000+00:00,,2026-08-08T00:35:35.399000+00:00,,4,Kalu Ganga,Magura,b5a7af60-bb91-4849-b5ee-e5bc900731ad,7.5,6,1470515,0,1.4
2026-08-08T00:35:11.642000+00:00,,2026-08-08T00:35:11.642000+00:00,,1.5,Kelani Ganga,Norwood,7cd16424-399a-48af-980f-a7eaa3a96481,4.5,3,1470514,1.6,1.03
2026-08-08T00:34:46.220000+00:00,,2026-08-08T00:34:46.220000+00:00,,4.4,Kirindi Oya,Wellawaya,cd2eb984-5e63-48a7-a2fa-8e76de4a0158,5.9,5.4,1470513,0,0.83
2026-08-08T00:34:39.476000+00:00,,2026-08-08T00:34:39.476000+00:00,,5,Nilwala Ganga,Panadugama,d62bce60-868d-426c-85f5-c74f8b82cc4d,7.5,6,1470512,0.4,2.64
2026-08-08T00:34:39.460000+00:00,,2026-08-08T00:34:39.460000+00:00,,4,Maduru Oya,Padiyathalawa,1aae74d1-5b53-4e50-a844-c8066f0443d9,6,4.5,1470511,0,0.05
2026-08-08T00:34:38.682000+00:00,,2026-08-08T00:34:38.682000+00:00,,3,Walawe Ganga,Moraketiya,f6045bf6-7a40-470a-b4f9-5cf22ad8e85c,7,5,1470510,0,0.73
2026-08-08T00:33:54.135000+00:00,,2026-08-08T00:33:54.135000+00:00,,4.4,Kirindi Oya,Wellawaya,8ea7fda6-cbaf-478c-95f3-c3cbeb171dfb,5.9,5.4,1470509,0,0.83
2026-08-08T00:33:44.927000+00:00,,2026-08-08T00:33:44.927000+00:00,,4,Nilwala Ganga,Pitabeddara,3234ecce-38db-4505-85b3-c45ffa06cdd2,6.5,5,1470508,0,0.62
2026-08-08T00:33:44.732000+00:00,,2026-08-08T00:33:44.732000+00:00,,4.8,Kelani Ganga,Deraniyagala,2e225ceb-56ad-4eec-8c9a-528be586287f,7,5.8,1470507,0,1.01
2026-08-08T00:33:35.971000+00:00,,2026-08-08T00:33:35.971000+00:00,,3,Kelani Ganga,Holombuwa,82e1bc6c-6706-4d81-9ebc-a9d1d50dc480,5,3.4,1470506,0,0.53
2026-08-08T00:33:34.190000+00:00,,2026-08-08T00:33:34.190000+00:00,,15,Kelani Ganga,Glencourse,df20322d-5297-4e4a-88d4-b68c753f14f0,19,15.5,1470505,0,10.86
2026-08-08T00:33:23.669000+00:00,,2026-08-08T00:33:23.669000+00:00,,10,Kalu Ganga,Ellagawa,0e4141bd-f648-4298-9a70-0c4130e23cc2,12.2,10.7,1470504,0,5.34
2026-08-08T00:33:14.802000+00:00,,2026-08-08T00:33:14.802000+00:00,,3.3,Aththanagalu Oya,Dunamale,f698cb4d-2c4e-482b-9de7-96beb4ce954c,5.5,4.4,1470503,0,0.57
2026-08-08T00:33:12.089000+00:00,,2026-08-08T00:33:12.089000+00:00,,5.5,Maha Oya,Giriulla,e4385cf1-bd85-4281-9c95-f7b2cdf9b744,7.5,6.5,1470502,0,1.07
2026-08-08T00:33:04.589000+00:00,,2026-08-08T00:33:04.589000+00:00,,5,Kalu Ganga,Kalawellawa (Millakanda),74e79278-fe72-4090-9bf9-2834947ad76f,8,6.5,1470501,0,2.72
2026-08-08T00:32:53.527000+00:00,,2026-08-08T00:32:53.527000+00:00,,5,Kumbukkan Oya,Nakkala,486cc5de-0c43-43f1-b897-d3b2c3a4c3ff,7.5,6,1470500,0,0.56
2026-08-08T00:32:44.551000+00:00,,2026-08-08T00:32:44.551000+00:00,,3,Kalu Ganga,Putupaula,ebc28b48-4755-4941-8132-e8b6c35675f7,5,4,1470499,0,0.59
2026-08-08T00:32:32.317000+00:00,,2026-08-08T00:32:32.317000+00:00,,3,Mahaweli Ganga,Thaldena,4c224cbc-0214-410c-b5a7-717571df8050,5,4,1470498,0,0.12
2026-08-08T00:32:25.744000+00:00,,2026-08-08T00:32:25.744000+00:00,,,Gal Oya,Ampara,78a6bbe7-69e8-42ef-9b51-a2beeb111657,,,1470497,0,0
2026-08-08T00:32:01.473000+00:00,,2026-08-08T00:32:01.473000+00:00,,3,Kelani Ganga,Kithulgala,461ba7b3-6311-422e-ac0f-a9d4ee082e5c,6,4,1470496,0,2.37
2026-08-08T00:31:44.017000+00:00,,2026-08-08T00:31:44.017000+00:00,,4.5,Heda Oya,Siyambalanduwa,b3e47a92-21ba-4fc6-ab1c-f2cbc038eee8,7,6,1470495,0,0.16
2026-08-08T00:31:41.608000+00:00,,2026-08-08T00:31:41.608000+00:00,,3,Mahaweli Ganga,Manampitiya,9058ef3e-b1de-4bdc-bce2-d10f9a5b46fc,6,4.3,1470494,0,-0.1
2026-08-08T00:31:33.528000+00:00,,2026-08-08T00:31:33.528000+00:00,,4,Ma Oya,Yaka Wewa,d598de98-9341-4315-a978-e005a86e0128,6,5,1470493,0,0.41
2026-08-08T00:31:20.884000+00:00,,2026-08-08T00:31:20.884000+00:00,,5.2,Kalu Ganga,Rathnapura,eb489775-62ec-46ff-b2c7-084bacd30d11,9.5,7.5,1470492,7,1.66
2026-08-08T00:31:13.899000+00:00,,2026-08-08T00:31:13.899000+00:00,,3.5,Mahaweli Ganga,Nawalapitiya,e5b75662-9185-4ca9-836b-a0cce29aa3fb,6,5,1470491,0,2.08
2026-08-08T00:31:13.798000+00:00,,2026-08-08T00:31:13.798000+00:00,,6,Yan Oya,Horowpothana,a401eec4-a294-4f77-b2f4-b356514d14ec,10.5,7.5,1470490,0,1.71
2026-08-08T00:31:08.159000+00:00,,2026-08-08T00:31:08.159000+00:00,,5,Mahaweli Ganga,Peradeniya,d4095172-47b6-417a-8f94-412ca2004c22,9,7,1470489,0,3.69
2026-08-08T00:30:43.691000+00:00,,2026-08-08T00:30:43.691000+00:00,,4.75,Deduru Oya,Moragaswewa,f1cdaafe-60a3-4229-a14e-2207ca23326b,7,6,1470488,0,0.03
2026-08-08T00:30:28.794000+00:00,,2026-08-08T00:30:28.794000+00:00,,5,Mahaweli Ganga,Weraganthota,46d3c5ca-59a1-4ce8-aa44-bb68e1fe2740,8,6,1470487,0,-3.42
2026-08-08T00:19:15.011000+00:00,,2026-08-08T00:19:15.011000+00:00,,6.9,Kirindi Oya,Kuda Oya,435859a8-9bd4-441b-be07-328de3549ff7,8.8,8.4,1470486,0,0.94
2026-08-08T00:03:38.410000+00:00,,2026-08-08T00:03:38.410000+00:00,,3,Kelani Ganga,Holombuwa,1f39668d-293c-49cc-98f6-869db6b756f4,5,3.4,1470485,0,0.53
2026-08-07T23:52:56.919000+00:00,,2026-08-07T23:52:56.919000+00:00,,3.3,Aththanagalu Oya,Dunamale,b064649f-5cc0-4caa-8382-4df5328b0067,5.5,4.4,1470484,0,0.58
2026-08-07T23:45:45.627000+00:00,,2026-08-07T23:45:45.627000+00:00,,5.2,Kalu Ganga,Rathnapura,22cb8f5f-b5b4-459e-b47e-00a5587c4905,9.5,7.5,1470483,0,1.69
2026-08-07T23:45:04.097000+00:00,,2026-08-07T23:45:04.097000+00:00,,4,Kalu Ganga,Magura,a5ddf91f-45e4-4c78-a29d-d2ea89374634,7.5,6,1470482,0,1.43
2026-08-07T23:45:02.768000+00:00,,2026-08-07T23:45:02.768000+00:00,,4,Kalu Ganga,Magura,d2bffca1-3864-4150-95d4-7ff773136ab6,7.5,6,1470481,0,1.46
2026-08-07T23:42:58.148000+00:00,,2026-08-07T23:42:58.148000+00:00,,5,Nilwala Ganga,Panadugama,0d2ff86f-69f2-4c36-bd40-027f5a9f99dd,7.5,6,1470480,8.7,2.56
2026-08-07T23:42:26.154000+00:00,,2026-08-07T23:42:26.154000+00:00,,4,Kirindi Oya,Thanamalwila,517032a8-eadc-44a3-9eb3-58a93c38d2ee,5.5,5,1470479,0,0.56
2026-08-07T23:42:10.931000+00:00,,2026-08-07T23:42:10.931000+00:00,,4,Kirindi Oya,Thanamalwila,2cc575cf-641f-4fd1-b51d-0c922757997e,5.5,5,1470478,0,0.57
2026-08-07T23:41:28.397000+00:00,,2026-08-07T23:41:28.397000+00:00,,3.5,Gin Ganga,Baddegama,11ee85f0-c5eb-4dfd-8b9f-35e539b84fb6,5,4,1470477,0,1.5
2026-08-07T23:41:13.032000+00:00,,2026-08-07T23:41:13.032000+00:00,,6.5,Kelani Ganga,Hanwella,26a6abab-9b0a-4f76-9464-a8ce7243eb99,9.5,7.5,1470476,0,2.43
2026-08-07T23:39:34.313000+00:00,,2026-08-07T23:39:34.313000+00:00,,4,Menik Ganga,Katharagama,90908c7b-3793-4917-931c-e9622caaceb4,6.5,4.6,1470475,0,-0.23
2026-08-07T23:39:18.609000+00:00,,2026-08-07T23:39:18.609000+00:00,,2.5,Nilwala Ganga,Urawa,6b3c4581-76aa-4824-b3ac-3b6163aba1dd,6,4,1470474,3.8,0.15
2026-08-07T23:38:52.683000+00:00,,2026-08-07T23:38:52.683000+00:00,,4,Nilwala Ganga,Pitabeddara,829c6159-80be-4c02-97c8-547324437066,6.5,5,1470473,5.2,0.57
2026-08-07T23:38:33.895000+00:00,,2026-08-07T23:38:33.895000+00:00,,4,Gin Ganga,Thawalama,8e93c006-dbb4-42bb-b7f2-b653964424ad,7.5,6,1470472,0,1.56
2026-08-07T23:36:38.015000+00:00,,2026-08-07T23:36:38.015000+00:00,,10,Kalu Ganga,Ellagawa,caef6574-ce39-479a-b4ca-04859d41c2cd,12.2,10.7,1470471,0,5.36
2026-08-07T23:36:19.402000+00:00,,2026-08-07T23:36:19.402000+00:00,,15,Kelani Ganga,Glencourse,0f410555-31e2-41ed-b34f-b1f69046632e,19,15.5,1470470,0,10.88
2026-08-07T23:35:53.730000+00:00,,2026-08-07T23:35:53.730000+00:00,,5,Maha Oya,Badalgama,f71ba676-5ba1-4783-b865-2f67637273c9,9.6,6.2,1470469,0,2.16
2026-08-07T23:35:09.053000+00:00,,2026-08-07T23:35:09.053000+00:00,,3,Kelani Ganga,Holombuwa,3cbbcba6-6d42-4256-a219-4500d2eb2d54,5,3.4,1470468,0,0.53
2026-08-07T23:34:47.689000+00:00,,2026-08-07T23:34:47.689000+00:00,,3,Mahaweli Ganga,Thaldena,24bf7668-5544-4ba0-87d0-ac217a0641d9,5,4,1470467,0,0.12
2026-08-07T23:34:41.542000+00:00,,2026-08-07T23:34:41.542000+00:00,,1.5,Kelani Ganga,Norwood,b7034fec-9cab-4a6a-b8bb-ee3e6c860ca0,4.5,3,1470466,0,1.01
2026-08-07T23:34:40.890000+00:00,,2026-08-07T23:34:40.890000+00:00,,5.5,Maha Oya,Giriulla,e3cd8225-0eaa-4be1-bc47-b2817a346e10,7.5,6.5,1470465,0,1.08
2026-08-07T23:34:31.684000+00:00,,2026-08-07T23:34:31.684000+00:00,,1.4,Nilwala Ganga,Thalgahagoda,f44ec776-9d0c-404f-aea2-9fdeb42d7fd8,2.8,1.7,1470464,3.1,0.23
2026-08-07T23:33:57.381000+00:00,,2026-08-07T23:33:57.381000+00:00,,4.4,Kirindi Oya,Wellawaya,ab157a82-5cfe-44a7-a1d5-3ad071e99ef1,5.9,5.4,1470463,0,0.84
2026-08-07T23:33:22.765000+00:00,,2026-08-07T23:33:22.765000+00:00,,4,Kelani Ganga,Nagalagam Street,606531b4-8f18-41ad-b136-6cdf7b66ec75,7,5,1470462,0,0.9
2026-08-07T23:33:10.356000+00:00,,2026-08-07T23:33:10.356000+00:00,,6,Yan Oya,Horowpothana,99c5f23b-191d-4d66-9687-fcab675e6633,10.5,7.5,1470461,0,1.71
2026-08-07T23:32:52.080000+00:00,,2026-08-07T23:32:52.080000+00:00,,4.8,Kelani Ganga,Deraniyagala,0d7fd530-410d-4a4b-81a0-cad7796f28d9,7,5.8,1470460,0,1.03
2026-08-07T23:32:26.892000+00:00,,2026-08-07T23:32:26.892000+00:00,,3,Kelani Ganga,Kithulgala,06a81a11-6779-4a58-abcb-fe78db991635,6,4,1470459,0,2.35
2026-08-07T23:32:20.061000+00:00,,2026-08-07T23:32:20.061000+00:00,,3,Mahaweli Ganga,Manampitiya,778bd195-3697-4024-adc5-20095aeff648,6,4.3,1470458,0,-0.1
2026-08-07T23:32:10.079000+00:00,,2026-08-07T23:32:10.079000+00:00,,4,Ma Oya,Yaka Wewa,ef2e0b70-6f0b-4ffb-9566-90dcc45b7b15,6,5,1470457,0,0.41
2026-08-07T23:31:18.231000+00:00,,2026-08-07T23:31:18.231000+00:00,,3,Walawe Ganga,Moraketiya,2dae8f5e-1b8a-49f8-b054-b1de9a0868b2,7,5,1470456,0,0.73
2026-08-07T23:31:14.484000+00:00,,2026-08-07T23:31:14.484000+00:00,,4,Maduru Oya,Padiyathalawa,0225107c-5a93-4486-8199-1978b6c3fd20,6,4.5,1470455,0,0.05
2026-08-07T23:31:10.214000+00:00,,2026-08-07T23:31:10.214000+00:00,,5,Mahaweli Ganga,Peradeniya,a12913cb-db72-4694-993c-21f4d7ef7485,9,7,1470454,0,3.7
2026-08-07T23:31:08.968000+00:00,,2026-08-07T23:31:08.968000+00:00,,5,Kalu Ganga,Kalawellawa (Millakanda),aff20bb2-eb21-4a01-ac1c-f7560c7e686d,8,6.5,1470453,0,2.7
2026-08-07T23:30:59.859000+00:00,,2026-08-07T23:30:59.859000+00:00,,5,Kumbukkan Oya,Nakkala,ebdcee2b-8ca5-47d7-9929-7924ce6270ab,7.5,6,1470452,0,0.56
2026-08-07T23:30:56.303000+00:00,,2026-08-07T23:30:56.303000+00:00,,4.5,Heda Oya,Siyambalanduwa,e9f6b80e-9060-4928-9c20-e492b15cb0b9,7,6,1470451,0,0.16
2026-08-07T23:30:55.626000+00:00,,2026-08-07T23:30:55.626000+00:00,,3.5,Mahaweli Ganga,Nawalapitiya,2c5d24e9-4a46-434d-80a8-87d0e7971d5e,6,5,1470450,0,2.07
2026-08-07T23:30:53.481000+00:00,,2026-08-07T23:30:53.481000+00:00,,4.75,Deduru Oya,Moragaswewa,552d45dd-596e-4f1c-974a-b35357b5d42c,7,6,1470449,0,0.03
2026-08-07T23:30:17.329000+00:00,,2026-08-07T23:30:17.329000+00:00,,,Gal Oya,Ampara,1ca4962d-1bd8-4190-aac8-687e914e60c3,,,1470448,0,0
2026-08-07T23:14:59.400000+00:00,,2026-08-07T23:14:59.400000+00:00,,1.4,Nilwala Ganga,Thalgahagoda,187b50da-eee2-4a23-9ce2-49d6e211e0df,2.8,1.7,1470447,0,0.21
2026-08-07T23:08:21.440000+00:00,,2026-08-07T23:08:21.440000+00:00,,3,Kalu Ganga,Putupaula,bc308e69-5ec8-4078-a901-7b45489a203d,5,4,1470446,0,0.67
2026-08-07T23:00:23.737000+00:00,,2026-08-07T23:00:23.737000+00:00,,5,Mahaweli Ganga,Peradeniya,b7488ad9-fe02-4aac-9170-3023bba5a57a,9,7,1470445,0,3.7
2026-08-07T22:58:07.367000+00:00,,2026-08-07T22:58:07.367000+00:00,,4.8,Kelani Ganga,Deraniyagala,e1e41762-69fb-4a22-a772-6a312fda53e5,7,5.8,1470444,0,1.03
2026-08-07T22:52:53.389000+00:00,,2026-08-07T22:52:53.389000+00:00,,5,Nilwala Ganga,Panadugama,f0721706-841d-4349-8b5c-91a01c74636d,7.5,6,1470443,13.1,2.5
2026-08-07T22:49:25.070000+00:00,,2026-08-08T03:44:22.977000+00:00,IEHydrology,3.3,Aththanagalu Oya,Dunamale,85dfb8bb-ea90-4413-8369-102b2bbea4f4,5.5,4.4,1470442,0,0.58
2026-08-07T22:45:28.455000+00:00,,2026-08-07T22:45:28.455000+00:00,,4,Menik Ganga,Katharagama,64484eab-6554-4f4a-90f0-5a0b6e39ce23,6.5,4.6,1470441,0,-0.22
2026-08-07T22:38:12.433000+00:00,,2026-08-07T22:38:12.433000+00:00,,5,Maha Oya,Badalgama,71c1fe79-b85d-4a01-a1ed-9785bbe14209,9.6,6.2,1470440,0,2.16
2026-08-07T22:37:23.726000+00:00,,2026-08-07T22:37:23.726000+00:00,,2.5,Nilwala Ganga,Urawa,3e8ab5aa-b32e-4a29-9013-70d5bbd9f325,6,4,1470439,0,0.14
2026-08-07T22:37:06.060000+00:00,,2026-08-07T22:37:06.060000+00:00,,4,Nilwala Ganga,Pitabeddara,825f4bf9-715c-4ee8-ae5d-be50cf9bbe78,6.5,5,1470438,3.6,0.54
2026-08-07T22:37:04.311000+00:00,,2026-08-07T22:37:04.311000+00:00,,4,Ma Oya,Yaka Wewa,ce597986-219e-49c4-9e2f-a4c7dfa76e29,6,5,1470437,0,0.41
2026-08-07T22:35:40.822000+00:00,,2026-08-07T22:35:40.822000+00:00,,4,Kelani Ganga,Nagalagam Street,159d5d70-dd35-4efc-87a5-444d02696800,7,5,1470436,0,0.7
2026-08-07T22:35:39.396000+00:00,,2026-08-07T22:35:39.396000+00:00,,3.5,Gin Ganga,Baddegama,c904faaf-3ec4-4f2d-9e02-101ee5213c0e,5,4,1470435,0,1.47
2026-08-07T22:34:53.067000+00:00,,2026-08-07T22:34:53.067000+00:00,,3,Kelani Ganga,Holombuwa,df8e17bd-7798-406f-bc88-1166936a1dca,5,3.4,1470434,0,0.53
2026-08-07T22:34:33.001000+00:00,,2026-08-07T22:34:33.001000+00:00,,3,Mahaweli Ganga,Thaldena,5bd92f90-4f90-4c69-a2bf-058db9b8f338,5,4,1470433,0,0.12
2026-08-07T22:34:29.526000+00:00,,2026-08-07T22:34:29.526000+00:00,,3.5,Mahaweli Ganga,Nawalapitiya,18508ce5-0e3f-4fce-a9eb-b653a70b6008,6,5,1470432,3.6,2.07
2026-08-07T22:33:57.734000+00:00,,2026-08-07T22:33:57.734000+00:00,,5.2,Kalu Ganga,Rathnapura,0e2f4c2d-7502-4f4d-b8d5-3e6f57711636,9.5,7.5,1470431,0,1.72
2026-08-07T22:33:45.128000+00:00,,2026-08-07T22:33:45.128000+00:00,,1.5,Kelani Ganga,Norwood,975bb125-9493-44f9-857b-26e08bd3cb2f,4.5,3,1470430,0,1.01
2026-08-07T22:33:35.233000+00:00,,2026-08-07T22:33:35.233000+00:00,,15,Kelani Ganga,Glencourse,f35fabc5-259d-41ad-8dd6-8f67a566e3d9,19,15.5,1470429,0,10.88
2026-08-07T22:33:16.644000+00:00,,2026-08-07T22:33:16.644000+00:00,,4,Gin Ganga,Thawalama,cca7c504-c8af-49c4-8bea-55054bacefd8,7.5,6,1470428,0,1.56
2026-08-07T22:33:12.747000+00:00,,2026-08-07T22:33:12.747000+00:00,,5.5,Maha Oya,Giriulla,7295c1b2-d501-4bdb-b546-b21623c0645f,7.5,6.5,1470427,0,1.08
2026-08-07T22:32:57.390000+00:00,,2026-08-07T22:32:57.390000+00:00,,10,Kalu Ganga,Ellagawa,c3d9e6a1-a340-4b12-8bcc-b4810ec7e723,12.2,10.7,1470426,0,5.39
2026-08-07T22:32:53.193000+00:00,,2026-08-07T22:32:53.193000+00:00,,4.4,Kirindi Oya,Wellawaya,98e90a7c-fd7e-4227-a443-2102fdf54bea,5.9,5.4,1470425,0,0.85
2026-08-07T22:32:37.198000+00:00,,2026-08-07T22:32:37.198000+00:00,,6.5,Kelani Ganga,Hanwella,caaf1d64-52ad-4588-bb98-7c4a0fcdaaa5,9.5,7.5,1470424,0,2.45
2026-08-07T22:32:07.283000+00:00,,2026-08-07T22:32:07.283000+00:00,,3,Walawe Ganga,Moraketiya,093fc5d5-b91d-4606-bea6-a79bd02d7278,7,5,1470423,0,0.72
2026-08-07T22:32:06.077000+00:00,,2026-08-07T22:32:06.077000+00:00,,3,Kelani Ganga,Kithulgala,85deab8b-a0a8-4f9f-bbf3-1a44f22bb76e,6,4,1470422,0,2.35
2026-08-07T22:31:56.869000+00:00,,2026-08-07T22:31:56.869000+00:00,,3,Mahaweli Ganga,Manampitiya,6b992914-a014-4212-a4da-b8e1231b41d6,6,4.3,1470421,0,-0.1
2026-08-07T22:31:55.888000+00:00,,2026-08-07T22:31:55.888000+00:00,,6,Yan Oya,Horowpothana,96fc9b8a-d5c2-40a4-a7e6-7c1ec3304f3e,10.5,7.5,1470420,0,1.71
2026-08-07T22:31:25.567000+00:00,,2026-08-07T22:31:25.567000+00:00,,,Gal Oya,Ampara,54d60153-d68b-4b7c-9202-3bd15f9228a9,,,1470419,0,0
2026-08-07T22:31:13.610000+00:00,,2026-08-07T22:31:13.610000+00:00,,5,Kalu Ganga,Kalawellawa (Millakanda),f52c2913-d838-48f1-98ce-9179c38436c2,8,6.5,1470418,0,2.74
2026-08-07T22:31:12.203000+00:00,,2026-08-07T22:31:12.203000+00:00,,4.75,Deduru Oya,Moragaswewa,e798cb6a-3eb7-41ca-9b84-e7fa23bf216b,7,6,1470417,0,0.03
2026-08-07T22:31:10.306000+00:00,,2026-08-07T22:31:10.306000+00:00,,4,Maduru Oya,Padiyathalawa,fc079250-5df4-4b46-8e32-489822e99fa6,6,4.5,1470416,0,0.005
2026-08-07T22:31:03.989000+00:00,,2026-08-07T22:31:03.989000+00:00,,4.5,Heda Oya,Siyambalanduwa,19131782-ba62-40da-bc30-eb605f63be60,7,6,1470415,0,0.16
2026-08-07T22:31:02.298000+00:00,,2026-08-07T22:31:02.298000+00:00,,5,Kumbukkan Oya,Nakkala,6d0bb718-8106-4b01-9d66-c1ae8d394d88,7.5,6,1470414,0,0.56
2026-08-07T21:43:24.506000+00:00,,2026-08-07T21:43:24.506000+00:00,,4,Gin Ganga,Thawalama,c5918eb5-f14d-453f-8b14-dc24ff17ea05,7.5,6,1470413,1.1,1.56
2026-08-07T21:42:16.096000+00:00,,2026-08-07T21:42:16.096000+00:00,,4,Kalu Ganga,Magura,3d340272-9235-4e67-9d05-05070407118c,7.5,6,1470412,0,1.48
2026-08-07T21:42:14.844000+00:00,,2026-08-07T21:42:14.844000+00:00,,4,Kalu Ganga,Magura,9f9cd514-7a5c-4a84-b401-59b20b747b04,7.5,6,1470411,0,1.52
2026-08-07T21:41:06.584000+00:00,,2026-08-07T21:41:06.584000+00:00,,1.4,Nilwala Ganga,Thalgahagoda,faff54e6-979b-4a66-9376-b874f65fe489,2.8,1.7,1470410,0,0.22
2026-08-07T21:39:14.243000+00:00,,2026-08-07T21:39:14.243000+00:00,,6.5,Kelani Ganga,Hanwella,681fa086-94f9-45a3-bd79-497e4b7dc333,9.5,7.5,1470409,0,2.47
2026-08-07T21:39:09.315000+00:00,,2026-08-07T21:39:09.315000+00:00,,10,Kalu Ganga,Ellagawa,d16610d7-0a54-445c-a73e-7e438b275602,12.2,10.7,1470408,0.2,5.41
2026-08-07T21:38:27.234000+00:00,,2026-08-07T21:38:27.234000+00:00,,5,Nilwala Ganga,Panadugama,49469203-e233-4a5e-b2d9-e269f8f83701,7.5,6,1470407,0,2.49
2026-08-07T21:36:49.757000+00:00,,2026-08-07T21:36:49.757000+00:00,,,Gal Oya,Ampara,ff7b6c8d-d075-4c57-9446-2e29ac7ae1be,,,1470406,0,0
2026-08-07T21:36:49.025000+00:00,,2026-08-07T21:36:49.025000+00:00,,4,Ma Oya,Yaka Wewa,a39d46a6-f711-442f-a110-b10dc243158b,6,5,1470405,0,0.41
2026-08-07T21:36:42.937000+00:00,,2026-08-07T21:36:42.937000+00:00,,3,Mahaweli Ganga,Thaldena,b57e0660-fa5e-4772-a04d-b45c3b4d00cc,5,4,1470404,0,0.13
2026-08-07T21:36:41.384000+00:00,,2026-08-07T21:36:41.384000+00:00,,3,Mahaweli Ganga,Thaldena,67c51a31-7b19-484a-8f0b-a430d716cabc,5,4,1470403,0,0.14
2026-08-07T21:36:25.219000+00:00,,2026-08-07T21:36:25.219000+00:00,,3,Kelani Ganga,Holombuwa,08009e27-d7f2-4e2c-8df6-194f7b0a19bd,5,3.4,1470402,0,0.53
2026-08-07T21:36:21.775000+00:00,,2026-08-07T21:36:21.775000+00:00,,5,Nilwala Ganga,Panadugama,1f4d3454-dda2-4dfc-ae08-35fb926c054d,7.5,6,1470401,0,2.49
2026-08-07T21:36:12.622000+00:00,,2026-08-07T21:36:12.622000+00:00,,5.2,Kalu Ganga,Rathnapura,e0ecd02f-6f07-44df-85a1-f503e3626c45,9.5,7.5,1470400,0,1.75
2026-08-07T21:35:53.168000+00:00,,2026-08-07T21:35:53.168000+00:00,,15,Kelani Ganga,Glencourse,7f4258f1-13f8-4ed8-89bb-cb8ac17054a1,19,15.5,1470399,0,10.87
2026-08-07T21:35:42.431000+00:00,,2026-08-07T21:35:42.431000+00:00,,4,Kelani Ganga,Nagalagam Street,2f333b2a-de8e-46f7-929e-643843e0c859,7,5,1470398,0,0.7
2026-08-07T21:35:09.983000+00:00,,2026-08-07T21:35:09.983000+00:00,,4,Ma Oya,Yaka Wewa,40379a39-1448-4d0c-aff7-50ca017e01f7,6,5,1470397,0,0.41
2026-08-07T21:35:03.685000+00:00,,2026-08-07T21:35:03.685000+00:00,,1.5,Kelani Ganga,Norwood,860746fe-4599-4578-81d6-a4c0b16bb2ff,4.5,3,1470396,4.8,1.02
2026-08-07T21:34:44.528000+00:00,,2026-08-07T21:34:44.528000+00:00,,3,Kalu Ganga,Putupaula,4e939854-2ca1-4806-b02d-69e4bcc3a5dd,5,4,1470395,0,0.71
2026-08-07T21:34:31.147000+00:00,,2026-08-07T21:34:31.147000+00:00,,5,Maha Oya,Badalgama,23374908-b18c-4926-ab25-f9fa9cbf5cf9,9.6,6.2,1470394,0,2.17
2026-08-07T21:34:21.301000+00:00,,2026-08-07T21:34:21.301000+00:00,,2.5,Nilwala Ganga,Urawa,b5be0970-0d52-42ca-8456-200815c142a7,6,4,1470393,0,0.13
2026-08-07T21:34:10.802000+00:00,,2026-08-07T21:34:10.802000+00:00,,6,Yan Oya,Horowpothana,77b8635f-b939-40d6-9b46-e500dd8126e4,10.5,7.5,1470392,0,1.71
2026-08-07T21:34:09.122000+00:00,,2026-08-07T21:34:09.122000+00:00,,3.5,Gin Ganga,Baddegama,2afc10e2-41a7-4135-811a-63a72b08eb75,5,4,1470391,0,1.44
2026-08-07T21:33:37.193000+00:00,,2026-08-07T21:33:37.193000+00:00,,4,Kirindi Oya,Thanamalwila,53ac2fba-545c-4591-aa2f-dca03bb289af,5.5,5,1470390,0,0.57
2026-08-07T21:33:26.672000+00:00,,2026-08-07T21:33:26.672000+00:00,,4,Maduru Oya,Padiyathalawa,2d9e5957-6e3a-4edd-b486-dacac64fe9f2,6,4.5,1470389,0,0.05
2026-08-07T21:33:20.209000+00:00,,2026-08-07T21:33:20.209000+00:00,,5.5,Maha Oya,Giriulla,bce270fc-f73d-4462-a3bb-fd683d4659bc,7.5,6.5,1470388,0,1.08
2026-08-07T21:33:13.541000+00:00,,2026-08-07T21:33:13.541000+00:00,,4,Menik Ganga,Katharagama,2d21439e-427e-4826-9ca7-3de28bc61ab3,6.5,4.6,1470387,0,-0.22
2026-08-07T21:32:46.759000+00:00,,2026-08-07T21:32:46.759000+00:00,,3,Kelani Ganga,Kithulgala,c5b40748-3250-4404-9329-f8a457f84172,6,4,1470386,0,2.39
2026-08-07T21:32:45.232000+00:00,,2026-08-07T21:32:45.232000+00:00,,4.75,Deduru Oya,Moragaswewa,f430aa15-7997-42ff-91ca-0d1a37ebbada,7,6,1470385,0,0.02
2026-08-07T21:32:41.542000+00:00,,2026-08-07T21:32:41.542000+00:00,,3.5,Mahaweli Ganga,Nawalapitiya,338c6a4b-2158-42d3-958c-f25dfde550b3,6,5,1470384,1.4,2.07
2026-08-07T21:32:34.771000+00:00,,2026-08-07T21:32:34.771000+00:00,,4,Nilwala Ganga,Pitabeddara,e09947ab-291b-4e14-816a-f3982e7c1ae5,6.5,5,1470383,3.2,0.52
2026-08-07T21:32:22.827000+00:00,,2026-08-07T21:32:22.827000+00:00,,3,Mahaweli Ganga,Manampitiya,8fde1944-ae87-4124-afa9-6ed75a974755,6,4.3,1470382,0,-0.1
2026-08-07T21:32:07.323000+00:00,,2026-08-07T21:32:07.323000+00:00,,4.4,Kirindi Oya,Wellawaya,15a709a7-74dd-488b-ad05-358dd8675f04,5.9,5.4,1470381,0,0.89
2026-08-07T21:31:52.825000+00:00,,2026-08-07T21:31:52.825000+00:00,,5,Kalu Ganga,Kalawellawa (Millakanda),dc59d8dc-df78-476c-8232-c04c08c35369,8,6.5,1470380,0,2.78
2026-08-07T21:31:38.875000+00:00,,2026-08-07T21:31:38.875000+00:00,,4.8,Kelani Ganga,Deraniyagala,3056670a-ad93-4518-8057-646f21a85d9a,7,5.8,1470379,0,1.04
2026-08-07T21:31:23.177000+00:00,,2026-08-07T21:31:23.177000+00:00,,3,Walawe Ganga,Moraketiya,dd08dd1f-0fcf-4383-923f-a7b447526096,7,5,1470378,0,0.72
2026-08-07T21:31:22.372000+00:00,,2026-08-07T21:31:22.372000+00:00,,6.9,Kirindi Oya,Kuda Oya,0159a988-4215-4ce4-8102-b2775a2e6bf6,8.8,8.4,1470377,0,0.94
2026-08-07T21:31:15.527000+00:00,,2026-08-07T21:31:15.527000+00:00,,5,Mahaweli Ganga,Peradeniya,bb03d464-1e28-4d6f-a61f-06424a7f49fb,9,7,1470376,0,3.76
2026-08-07T21:31:09.414000+00:00,,2026-08-07T21:31:09.414000+00:00,,5,Kumbukkan Oya,Nakkala,19c9a0e6-ae1b-43e6-93a3-8a6cd9666640,7.5,6,1470375,0,0.56
2026-08-07T21:30:13.175000+00:00,,2026-08-07T21:30:13.175000+00:00,,4.5,Heda Oya,Siyambalanduwa,3c7fdde5-11fb-4a87-a4ca-6ea6dd34856e,7,6,1470374,0,0.16
2026-08-07T21:04:04.127000+00:00,,2026-08-07T21:04:04.127000+00:00,,4,Gin Ganga,Thawalama,a4ed2e23-8d62-4ab9-a17c-d050e7e5a5ef,7.5,6,1470373,0,1.54
2026-08-07T20:43:36.404000+00:00,,2026-08-07T20:43:36.404000+00:00,,4,Kelani Ganga,Nagalagam Street,5881a59e-a340-44e6-8b16-6289c5b1cc09,7,5,1470372,0,0.7
2026-08-07T20:41:15.402000+00:00,,2026-08-07T20:41:15.402000+00:00,,1.4,Nilwala Ganga,Thalgahagoda,92099764-b143-4473-a748-3fd7d2885a1a,2.8,1.7,1470371,6,0.23
2026-08-07T20:39:22.831000+00:00,,2026-08-07T20:39:22.831000+00:00,,5,Nilwala Ganga,Panadugama,aa93670b-9135-4f49-a6c6-09a0219d22bb,7.5,6,1470370,0,2.51
2026-08-07T20:39:08.512000+00:00,,2026-08-07T20:39:08.512000+00:00,,5,Nilwala Ganga,Panadugama,fab71ca7-821c-4963-9454-567caada7219,7.5,6,1470369,0,2.52
2026-08-07T20:38:05.901000+00:00,,2026-08-07T20:38:05.901000+00:00,,15,Kelani Ganga,Glencourse,2d3a283c-a228-43c4-9e7a-3bf41a59be92,19,15.5,1470368,0,10.87
2026-08-07T20:36:04.073000+00:00,,2026-08-07T20:36:04.073000+00:00,,4,Nilwala Ganga,Pitabeddara,9debdfe9-e7f6-4936-bddb-bb70755a51cd,6.5,5,1470367,0,0.5
2026-08-07T20:35:38.956000+00:00,,2026-08-07T20:35:38.956000+00:00,,2.5,Nilwala Ganga,Urawa,2141bf11-63df-4be1-9fe0-94c4d8b749ed,6,4,1470366,0.11,0.13
2026-08-07T20:35:18.976000+00:00,,2026-08-07T20:35:18.976000+00:00,,3.5,Gin Ganga,Baddegama,bd9b39ec-93e4-4305-b887-31fdad51934c,5,4,1470365,6.3,1.41
2026-08-07T20:34:51.403000+00:00,,2026-08-07T20:34:51.403000+00:00,,1.5,Kelani Ganga,Norwood,73818734-b58f-422c-826f-15bad9e4036c,4.5,3,1470364,1.6,1
2026-08-07T20:34:36.112000+00:00,,2026-08-07T20:34:36.112000+00:00,,3.5,Mahaweli Ganga,Nawalapitiya,7292c67c-77cb-4d48-8940-bf45dd33add6,6,5,1470363,1.6,2.09
2026-08-07T20:34:20.003000+00:00,,2026-08-07T20:34:20.003000+00:00,,10,Kalu Ganga,Ellagawa,e291da24-461b-465c-a496-311a58bc68c1,12.2,10.7,1470362,0,5.43
2026-08-07T20:34:14.271000+00:00,,2026-08-07T20:34:14.271000+00:00,,3,Kelani Ganga,Kithulgala,ad399c97-5ef0-4830-95d7-cb2eff218f6b,6,4,1470361,0,2.39
2026-08-07T20:34:09.607000+00:00,,2026-08-07T20:34:09.607000+00:00,,5,Maha Oya,Badalgama,03c4d3f4-30e8-46de-aaa6-31391b5c5ab2,9.6,6.2,1470360,0,2.17
2026-08-07T20:33:55.680000+00:00,,2026-08-07T20:33:55.680000+00:00,,5.5,Maha Oya,Giriulla,9325b167-ac73-4175-9ad6-67604008eda6,7.5,6.5,1470359,0,1.09
2026-08-07T20:33:48.682000+00:00,,2026-08-07T20:33:48.682000+00:00,,4,Kirindi Oya,Thanamalwila,8631189c-2905-4040-b2b0-5810e0880884,5.5,5,1470358,0,0.57
2026-08-07T20:33:05.026000+00:00,,2026-08-07T21:15:49.293000+00:00,irrigationgis,6.5,Kelani Ganga,Hanwella,0f8729fa-1912-436a-b8ab-babd91da858c,9.5,7.5,1470357,0,2.51
2026-08-07T20:32:47.835000+00:00,,2026-08-07T20:32:47.835000+00:00,,3,Mahaweli Ganga,Manampitiya,e54fbd03-c8aa-4b95-b860-7518d441110c,6,4.3,1470356,0,-0.09
2026-08-07T20:32:46.793000+00:00,,2026-08-07T20:32:46.793000+00:00,,5.2,Kalu Ganga,Rathnapura,7306bab0-5a76-4928-aad9-c0850195c1bf,9.5,7.5,1470355,0,1.78
2026-08-07T20:32:42.564000+00:00,,2026-08-07T20:32:42.564000+00:00,,4,Menik Ganga,Katharagama,2fea1799-73b8-4fdd-bf52-0abdaffe1b41,6.5,4.6,1470354,0,-0.22
2026-08-07T20:32:18.309000+00:00,,2026-08-07T20:32:18.309000+00:00,,3.3,Aththanagalu Oya,Dunamale,2d68c7eb-d320-4a09-a27a-c86f20507f7d,5.5,4.4,1470353,0,0.58
2026-08-07T20:32:07.332000+00:00,,2026-08-07T20:32:07.332000+00:00,,4.4,Kirindi Oya,Wellawaya,97f410be-10de-4e38-8120-ac63a02618a4,5.9,5.4,1470352,0,0.88
2026-08-07T20:32:02.895000+00:00,,2026-08-07T20:32:02.895000+00:00,,4.8,Kelani Ganga,Deraniyagala,c7123d82-f70a-41cc-a9c6-e93ca8167a88,7,5.8,1470351,0,1.06
2026-08-07T20:31:52.590000+00:00,,2026-08-07T20:31:52.590000+00:00,,6,Yan Oya,Horowpothana,2b116fd6-3af2-49be-801b-3ceb33dd25d3,10.5,7.5,1470350,0,1.71
2026-08-07T20:31:50.936000+00:00,,2026-08-07T20:31:50.936000+00:00,,6.9,Kirindi Oya,Kuda Oya,e5cc118d-8a2a-41f6-a569-ddbe22e02224,8.8,8.4,1470349,0,0.94
2026-08-07T20:31:49.191000+00:00,,2026-08-07T20:31:49.191000+00:00,,4.5,Heda Oya,Siyambalanduwa,5520018b-6742-40f8-a1e0-4775d33df85a,7,6,1470348,0,0.16
2026-08-07T20:31:28.429000+00:00,,2026-08-07T20:31:28.429000+00:00,,3,Walawe Ganga,Moraketiya,9f674faa-5bbc-4a99-b920-9d8704a6f9ca,7,5,1470347,0,0.71
2026-08-07T20:31:26.085000+00:00,,2026-08-07T20:31:26.085000+00:00,,4,Maduru Oya,Padiyathalawa,5301952b-6621-4a83-b81f-d46ed5dd96f8,6,4.5,1470346,0,0.05
2026-08-07T20:31:20.062000+00:00,,2026-08-07T20:31:20.062000+00:00,,5,Kumbukkan Oya,Nakkala,929b7488-b24a-461f-aea2-eba1d74cd97b,7.5,6,1470345,0,0.56
2026-08-07T20:31:18.565000+00:00,,2026-08-07T20:31:18.565000+00:00,,5,Mahaweli Ganga,Peradeniya,287fbe1b-c763-412d-9d71-b19fd761037c,9,7,1470344,0,3.8
2026-08-07T20:30:58.624000+00:00,,2026-08-07T20:30:58.624000+00:00,,3,Kelani Ganga,Holombuwa,383ff075-8350-421e-8753-0516da90f2df,5,3.4,1470343,0,0.55
2026-08-07T20:30:55.583000+00:00,,2026-08-07T20:30:55.583000+00:00,,,Gal Oya,Ampara,80cf5649-6c0a-434a-ace4-dc617a54d4fa,,,1470342,0,0
2026-08-07T19:56:31.581000+00:00,,2026-08-07T19:56:31.581000+00:00,,4,Gin Ganga,Thawalama,8e59d02b-62ef-49fa-b115-fb9e4165feee,7.5,6,1470341,0,1.57
2026-08-07T19:51:46.586000+00:00,,2026-08-07T19:51:46.586000+00:00,,4,Kelani Ganga,Nagalagam Street,efa42bd8-24f2-4a77-a7cd-e77710acc43a,7,5,1470340,0,0.8
2026-08-07T19:49:03.187000+00:00,,2026-08-07T19:49:03.187000+00:00,,3.5,Gin Ganga,Baddegama,e49c9d0c-5865-4702-8db8-2f713486d653,5,4,1470339,1.5,1.4
2026-08-07T19:42:21.618000+00:00,,2026-08-07T19:42:21.618000+00:00,,2.5,Nilwala Ganga,Urawa,7bc86e8a-b5aa-4e06-9496-33863abf044d,6,4,1470338,2.8,0.13
2026-08-07T19:40:46.359000+00:00,,2026-08-07T19:40:46.359000+00:00,,4,Nilwala Ganga,Pitabeddara,21dbe27b-a1e9-488b-a92e-ef6907a24561,6.5,5,1470337,13.5,0.5
2026-08-07T19:38:56.991000+00:00,,2026-08-07T19:38:56.991000+00:00,,4,Kalu Ganga,Magura,49bdac8c-fc87-49bd-b6f9-7420580671e3,7.5,6,1470336,0,1.55
2026-08-07T19:38:55.869000+00:00,,2026-08-07T19:38:55.869000+00:00,,4,Kalu Ganga,Magura,6d7a4013-e505-47d2-baeb-0b5a3bebeb38,7.5,6,1470335,0,1.59
2026-08-07T19:38:54.734000+00:00,,2026-08-07T19:38:54.734000+00:00,,4,Kalu Ganga,Magura,9012b7dc-126c-4172-a589-0a3cd9f2f2e3,7.5,6,1470334,0,1.64
2026-08-07T19:38:53.140000+00:00,,2026-08-07T19:38:53.140000+00:00,,4,Kalu Ganga,Magura,fcf7607b-a2a6-4867-ac50-43aa1979bd3a,7.5,6,1470333,0,1.65
2026-08-07T19:36:09.610000+00:00,,2026-08-07T19:36:09.610000+00:00,,15,Kelani Ganga,Glencourse,3d2aed35-5dc7-4125-95cb-ba9f18e84c11,19,15.5,1470332,0,10.88
2026-08-07T19:34:27.849000+00:00,,2026-08-07T21:15:49.293000+00:00,irrigationgis,6.5,Kelani Ganga,Hanwella,48b1f3e7-4678-48a6-bf5c-bb77fed94f9f,9.5,7.5,1470331,0,2.55
2026-08-07T19:34:20.947000+00:00,,2026-08-07T19:34:20.947000+00:00,,4.4,Kirindi Oya,Wellawaya,8017dc74-e75f-40cc-8385-64a2ae858081,5.9,5.4,1470330,0,0.84
2026-08-07T19:34:19.635000+00:00,,2026-08-07T19:34:19.635000+00:00,,5,Maha Oya,Badalgama,7f7f0dfb-dc3b-44eb-a242-9adc60219a42,9.6,6.2,1470329,0,2.17
2026-08-07T19:34:15.783000+00:00,,2026-08-07T19:34:15.783000+00:00,,3,Kelani Ganga,Holombuwa,8c8b319d-75f2-4315-906a-159f4fc3a6be,5,3.4,1470328,0,0.55
2026-08-07T19:33:59.271000+00:00,,2026-08-07T19:33:59.271000+00:00,,5.5,Maha Oya,Giriulla,585f17ec-f6ed-41d6-b4a4-3d8698f2fd44,7.5,6.5,1470327,0,1.09
2026-08-07T19:33:54.470000+00:00,,2026-08-07T19:33:54.470000+00:00,,1.5,Kelani Ganga,Norwood,8f1da985-376b-428a-9cf0-870968a27801,4.5,3,1470326,0,1
2026-08-07T19:33:43.881000+00:00,,2026-08-07T19:33:43.881000+00:00,,3,Mahaweli Ganga,Thaldena,530cb830-a63c-4e05-8f6e-d89d0d2758f7,5,4,1470325,0,0.14
2026-08-07T19:33:32.494000+00:00,,2026-08-07T19:33:32.494000+00:00,,5.2,Kalu Ganga,Rathnapura,ca147a97-ba36-4311-b11e-344da5bba0a1,9.5,7.5,1470324,0,1.81
2026-08-07T19:33:18.732000+00:00,,2026-08-07T19:33:18.732000+00:00,,3,Mahaweli Ganga,Manampitiya,3b464004-8faf-4807-880e-52ee52b396a3,6,4.3,1470323,0,-0.09
2026-08-07T19:33:16.020000+00:00,,2026-08-07T19:33:16.020000+00:00,,6,Yan Oya,Horowpothana,c42606ce-8686-4f2e-908d-f84344d6b145,10.5,7.5,1470322,0,1.71
2026-08-07T19:33:15.414000+00:00,,2026-08-07T19:33:15.414000+00:00,,3.3,Aththanagalu Oya,Dunamale,2aeea483-0a04-4865-a1a6-a3a7c1c34d78,5.5,4.4,1470321,0,0.58
2026-08-07T19:33:03.785000+00:00,,2026-08-07T19:33:03.785000+00:00,,1.4,Nilwala Ganga,Thalgahagoda,97eedfb5-a017-4be8-b3b1-6c031ce76a39,2.8,1.7,1470320,1.5,0.25
2026-08-07T19:32:58.450000+00:00,,2026-08-07T19:32:58.450000+00:00,,4,Menik Ganga,Katharagama,a8a2f8f0-bd26-49f7-9b6f-7bc66905c054,6.5,4.6,1470319,0,-0.22
2026-08-07T19:32:55.631000+00:00,,2026-08-07T19:32:55.631000+00:00,,4,Kirindi Oya,Thanamalwila,d4c2cac0-4c30-4908-ba4e-1aa480ab596f,5.5,5,1470318,0,0.57
2026-08-07T19:32:45.814000+00:00,,2026-08-07T19:32:45.814000+00:00,,3,Kelani Ganga,Kithulgala,f7ca08bb-dd48-4e7a-a1fc-41ccfa85f650,6,4,1470317,0,2.46
2026-08-07T19:32:28.927000+00:00,,2026-08-07T19:32:28.927000+00:00,,5,Mahaweli Ganga,Peradeniya,c097e93d-8128-48f1-9aac-80de8a22bd12,9,7,1470316,0,3.82
2026-08-07T19:32:23.841000+00:00,,2026-08-07T19:32:23.841000+00:00,,3,Walawe Ganga,Moraketiya,c90ebc2e-7428-4e83-bd06-e777475f1870,7,5,1470315,0,0.7
2026-08-07T19:31:57.261000+00:00,,2026-08-07T19:31:57.261000+00:00,,3.5,Mahaweli Ganga,Nawalapitiya,70c8308c-30b7-469a-b6aa-4fcd96cd584c,6,5,1470314,0.6,2.11
2026-08-07T19:31:54.583000+00:00,,2026-08-07T19:31:54.583000+00:00,,6.9,Kirindi Oya,Kuda Oya,d7a98e5e-cab9-4d74-a7e9-97d12bf3bdc2,8.8,8.4,1470313,0,0.94
2026-08-07T19:31:32.450000+00:00,,2026-08-07T19:31:32.450000+00:00,,10,Kalu Ganga,Ellagawa,143ebdf4-d75f-4b8a-9212-8299c3cba498,12.2,10.7,1470312,0,5.46
2026-08-07T19:31:13.981000+00:00,,2026-08-07T19:31:13.981000+00:00,,4.75,Deduru Oya,Moragaswewa,cf0a32d7-0a9a-4d05-867f-937c9b83ace4,7,6,1470311,0,0.02
2026-08-07T19:31:07.710000+00:00,,2026-08-07T19:31:07.710000+00:00,,4.8,Kelani Ganga,Deraniyagala,836ccd20-ac61-48a1-bdea-863625c3470e,7,5.8,1470310,0,1.09
2026-08-07T19:30:54.837000+00:00,,2026-08-07T19:30:54.837000+00:00,,5,Kumbukkan Oya,Nakkala,579c6b0b-6365-4649-9c7c-756c1738cd32,7.5,6,1470309,0,0.56
2026-08-07T18:43:12.553000+00:00,,2026-08-07T18:43:12.553000+00:00,,3,Walawe Ganga,Moraketiya,15c73444-e948-4874-8be2-96adb3edf2a3,7,5,1470308,0,0.7
2026-08-07T18:42:49.223000+00:00,,2026-08-07T18:42:49.223000+00:00,,5,Kalu Ganga,Kalawellawa (Millakanda),46282b1c-206c-42ba-81e5-c9b1f1341d3d,8,6.5,1470307,0,2.88
2026-08-07T18:39:44.188000+00:00,,2026-08-07T18:39:44.188000+00:00,,4,Gin Ganga,Thawalama,f7b6cdcf-09fc-46ce-9fbb-f7149d2cfbb5,7.5,6,1470306,0,1.58
2026-08-07T18:37:31.817000+00:00,,2026-08-07T18:37:31.817000+00:00,,3,Kelani Ganga,Holombuwa,7afb1001-db60-4644-96b2-b92d77a81879,5,3.4,1470305,0,0.56
2026-08-07T18:37:16.582000+00:00,,2026-08-07T18:37:16.582000+00:00,,3,Mahaweli Ganga,Thaldena,1d8ad915-a3ff-413f-8615-63bbf73121cd,5,4,1470304,0,0.13
2026-08-07T18:36:37.404000+00:00,,2026-08-07T21:15:49.293000+00:00,irrigationgis,6.5,Kelani Ganga,Hanwella,7bcd5d78-410d-4d58-87bb-8f70a8517a03,9.5,7.5,1470303,0,2.58
2026-08-07T18:35:51.390000+00:00,,2026-08-07T18:35:51.390000+00:00,,3,Kalu Ganga,Putupaula,c9c464f8-ef13-4195-a20b-512f7640d0a4,5,4,1470302,0,0.81
2026-08-07T18:35:42.375000+00:00,,2026-08-07T18:35:42.375000+00:00,,3.5,Gin Ganga,Baddegama,133b532b-8917-4df1-93f4-7e8e5e2137ed,5,4,1470301,6,1.4
2026-08-07T18:35:39.847000+00:00,,2026-08-07T18:35:39.847000+00:00,,5.2,Kalu Ganga,Rathnapura,d2e14a75-74b1-4455-b9c7-c1c23862d06b,9.5,7.5,1470300,0,1.84
2026-08-07T18:35:21.001000+00:00,,2026-08-07T18:35:21.001000+00:00,,15,Kelani Ganga,Glencourse,6fb36c13-29b0-4e55-97d5-a49e189c0d24,19,15.5,1470299,0,10.91
2026-08-07T18:34:50.536000+00:00,,2026-08-07T18:34:50.536000+00:00,,5,Nilwala Ganga,Panadugama,86683144-ebb7-4edb-95e7-2d769dcb5124,7.5,6,1470298,0,2.53
2026-08-07T18:34:36.614000+00:00,,2026-08-07T18:34:36.614000+00:00,,1.5,Kelani Ganga,Norwood,98569cf1-2202-4191-a101-72dea9999dca,4.5,3,1470297,3.1,1.01
2026-08-07T18:34:27.106000+00:00,,2026-08-07T18:34:27.106000+00:00,,4,Maduru Oya,Padiyathalawa,0d9ddaf5-70eb-4ae5-87c6-821f3d3edac0,6,4.5,1470296,0,0.06
2026-08-07T18:34:16.333000+00:00,,2026-08-07T18:34:16.333000+00:00,,10,Kalu Ganga,Ellagawa,a8168c3d-85c8-491d-80a3-a2349029ea51,12.2,10.7,1470295,0,5.48
2026-08-07T18:34:02.842000+00:00,,2026-08-07T18:34:02.842000+00:00,,3,Mahaweli Ganga,Manampitiya,4df0ab33-b869-4b83-867c-fadec44f46ef,6,4.3,1470294,0,-0.1
2026-08-07T18:33:40.683000+00:00,,2026-08-07T18:33:40.683000+00:00,,2.5,Nilwala Ganga,Urawa,c1c47554-fac8-4cfd-89b2-e0136d5a050e,6,4,1470293,4.6,0.13
2026-08-07T18:33:23.824000+00:00,,2026-08-07T18:33:23.824000+00:00,,4,Kelani Ganga,Nagalagam Street,d1ae410a-1d50-494d-8b5a-0743dfe40d4c,7,5,1470292,0,0.9
2026-08-07T18:33:16.288000+00:00,,2026-08-07T18:33:16.288000+00:00,,5,Maha Oya,Badalgama,a60248f5-0d31-42b8-9586-f801e688c620,9.6,6.2,1470291,0,2.17
2026-08-07T18:33:09.127000+00:00,,2026-08-07T18:33:09.127000+00:00,,4,Menik Ganga,Katharagama,ceec2f92-9172-4849-8ea4-7e85f3d6035e,6.5,4.6,1470290,0,-0.22
2026-08-07T18:33:02.763000+00:00,,2026-08-07T18:33:02.763000+00:00,,5.5,Maha Oya,Giriulla,86b8de31-466e-4590-931c-7dda4e039ffe,7.5,6.5,1470289,0,1.09
2026-08-07T18:33:02.276000+00:00,,2026-08-07T18:33:02.276000+00:00,,4.8,Kelani Ganga,Deraniyagala,5219cdb3-4139-4544-8bde-7549b6d8a33c,7,5.8,1470288,0,1.09
2026-08-07T18:33:01.348000+00:00,,2026-08-07T18:33:01.348000+00:00,,4,Kirindi Oya,Thanamalwila,c64b828f-966b-474f-a2e0-7171bc41cba0,5.5,5,1470287,0,0.57
2026-08-07T18:32:58.992000+00:00,,2026-08-07T18:32:58.992000+00:00,,4,Nilwala Ganga,Pitabeddara,19cefec9-d2a8-441b-b0f1-ac3169790ad2,6.5,5,1470286,0,0.5
2026-08-07T18:32:45.177000+00:00,,2026-08-07T18:32:45.177000+00:00,,3.3,Aththanagalu Oya,Dunamale,d6430175-6ff3-4220-aa78-d641f890b7d4,5.5,4.4,1470285,0,0.59
2026-08-07T18:32:40.475000+00:00,,2026-08-07T18:32:40.475000+00:00,,4.4,Kirindi Oya,Wellawaya,2d33d8b1-4929-4aa1-8e31-4c79263a1c35,5.9,5.4,1470284,0,0.82
2026-08-07T18:32:28.807000+00:00,,2026-08-07T18:32:28.807000+00:00,,3.5,Mahaweli Ganga,Nawalapitiya,75e232f6-66c9-4d88-9f1e-abe710cc9b27,6,5,1470283,0.8,2.11
2026-08-07T18:32:26.971000+00:00,,2026-08-07T18:32:26.971000+00:00,,6,Yan Oya,Horowpothana,f05b8fa4-c9a2-4504-813a-ccc8aa66340c,10.5,7.5,1470282,0,1.71
2026-08-07T18:32:12.184000+00:00,,2026-08-07T18:32:12.184000+00:00,,6.9,Kirindi Oya,Kuda Oya,eaaad1c8-6813-444b-86eb-edddd52190b8,8.8,8.4,1470281,0,0.94
2026-08-07T18:32:01.671000+00:00,,2026-08-07T18:32:01.671000+00:00,,5,Mahaweli Ganga,Peradeniya,7f65f2ad-9317-46f4-93f3-b7203b4e7f7d,9,7,1470280,0,3.85
2026-08-07T18:31:53.150000+00:00,,2026-08-07T18:31:53.150000+00:00,,4,Ma Oya,Yaka Wewa,52d00587-7514-4466-a4fc-c6748ca14e01,6,5,1470279,0,0.41
2026-08-07T18:31:36.462000+00:00,,2026-08-07T18:31:36.462000+00:00,,4.75,Deduru Oya,Moragaswewa,d1914390-44cd-42bd-843c-4cb060291bb3,7,6,1470278,0,0.02
2026-08-07T18:31:25.654000+00:00,,2026-08-07T18:31:25.654000+00:00,,5,Kumbukkan Oya,Nakkala,a6dedf20-7ecc-4306-aeb4-08b9e7545988,7.5,6,1470277,0,0.57
2026-08-07T18:31:16.179000+00:00,,2026-08-07T18:31:16.179000+00:00,,3,Kelani Ganga,Kithulgala,b7e28ea7-837d-40c5-a921-b1af07819f8a,6,4,1470276,0,2.43
2026-08-07T18:31:03.061000+00:00,,2026-08-07T18:31:03.061000+00:00,,1.4,Nilwala Ganga,Thalgahagoda,ea24193e-f4cf-4b77-906e-e659e0172abd,2.8,1.7,1470275,3.5,0.27
2026-08-07T18:31:00.665000+00:00,,2026-08-07T18:31:00.665000+00:00,,4.5,Heda Oya,Siyambalanduwa,440db4b3-3929-4db5-b3ae-080aaa308dc0,7,6,1470274,0,0.16
2026-08-07T18:30:33.501000+00:00,,2026-08-07T18:30:33.501000+00:00,,,Gal Oya,Ampara,d70bf32a-5b5a-458b-b647-ec20fb9754da,,,1470273,0,0
2026-08-07T17:55:30.133000+00:00,,2026-08-07T17:55:30.133000+00:00,,1.5,Kelani Ganga,Norwood,efe3d6a4-fe2a-48a8-afd5-7e260d81ac24,4.5,3,1470272,0,1.02
2026-08-07T17:49:27.647000+00:00,,2026-08-07T17:49:27.647000+00:00,,10,Kalu Ganga,Ellagawa,00c59229-5566-4520-9b79-f05ce3f453e6,12.2,10.7,1470271,0,5.52
2026-08-07T17:46:52.400000+00:00,,2026-08-07T17:46:52.400000+00:00,,4,Kelani Ganga,Nagalagam Street,4bb1bd54-b3ed-4214-b3c0-96a2fc04c23b,7,5,1470270,0,1.1
2026-08-07T17:44:02.455000+00:00,,2026-08-07T17:44:02.455000+00:00,,3.5,Gin Ganga,Baddegama,ef183814-30aa-4485-9002-af2111df929c,5,4,1470269,7.4,1.4
2026-08-07T17:43:11.421000+00:00,,2026-08-07T17:43:11.421000+00:00,,3,Walawe Ganga,Moraketiya,63900a53-b022-4bcb-b5f6-0efbea1ad5c8,7,5,1470268,0,0.7
2026-08-07T17:39:37.468000+00:00,,2026-08-07T17:39:37.468000+00:00,,5,Nilwala Ganga,Panadugama,f10820c8-ee42-4f60-85e0-85bd17ad50f2,7.5,6,1470267,3.3,2.53
2026-08-07T17:39:06.760000+00:00,,2026-08-07T17:39:06.760000+00:00,,4,Gin Ganga,Thawalama,4abec064-5552-4ab8-a218-ffe08022b92e,7.5,6,1470266,0,1.58
2026-08-07T17:39:00.413000+00:00,,2026-08-07T17:39:00.413000+00:00,,4,Menik Ganga,Katharagama,40256dc6-ea94-44d7-bd4e-7bb0e87f7d98,6.5,4.6,1470265,0,-0.22
2026-08-07T17:38:04.485000+00:00,,2026-08-07T17:38:04.485000+00:00,,3,Mahaweli Ganga,Thaldena,1c5afaab-3c4b-4526-8901-9b80e0e18ee1,5,4,1470264,0,0.13
2026-08-07T17:37:58.322000+00:00,,2026-08-07T17:37:58.322000+00:00,,4.4,Kirindi Oya,Wellawaya,20aaf1c4-c18e-4414-9dd3-e38b928acda4,5.9,5.4,1470263,0,0.51
2026-08-07T17:37:10.166000+00:00,,2026-08-07T17:37:10.166000+00:00,,4,Nilwala Ganga,Pitabeddara,a40e91d5-8dc5-42b9-95ca-fdd800fbe399,6.5,5,1470262,0,0.5
2026-08-07T17:35:36.765000+00:00,,2026-08-07T17:35:36.765000+00:00,,3,Kalu Ganga,Putupaula,01b0fe51-4ab8-473b-a30d-4d85e5145e22,5,4,1470261,0,0.83
2026-08-07T17:35:17.931000+00:00,,2026-08-07T17:35:17.931000+00:00,,15,Kelani Ganga,Glencourse,058d5fad-e1c2-42e8-92b2-37ad6d649446,19,15.5,1470260,0,10.96
2026-08-07T17:34:58.186000+00:00,,2026-08-07T17:34:58.186000+00:00,,1.4,Nilwala Ganga,Thalgahagoda,8bc81613-83e9-42ea-82d7-6c1c5ee77790,2.8,1.7,1470259,0,0.29
2026-08-07T17:34:28.785000+00:00,,2026-08-07T17:34:28.785000+00:00,,2.5,Nilwala Ganga,Urawa,7cbc5fb1-7ce8-43fe-a5ee-da9ca10675e0,6,4,1470258,0,0.13
2026-08-07T17:34:23.609000+00:00,,2026-08-07T17:34:23.609000+00:00,,4.8,Kelani Ganga,Deraniyagala,8a389211-cb4f-42ac-b24a-957b3d4d1eac,7,5.8,1470257,0,1.12
2026-08-07T17:34:00.528000+00:00,,2026-08-07T17:34:00.528000+00:00,,5.5,Maha Oya,Giriulla,3ec5d006-ee3a-48f3-b121-def71c2aa98c,7.5,6.5,1470256,0,1.09
2026-08-07T17:33:50.493000+00:00,,2026-08-07T17:33:50.493000+00:00,,4,Kirindi Oya,Thanamalwila,80ca9dd3-7695-40ab-b173-5165bc0d8e4a,5.5,5,1470255,0,0.57
2026-08-07T17:33:50.230000+00:00,,2026-08-07T17:33:50.230000+00:00,,3,Kelani Ganga,Kithulgala,167a7ec4-9802-4a61-b619-d82398bd8f64,6,4,1470254,0,2.48
2026-08-07T17:33:47.135000+00:00,,2026-08-07T17:33:47.135000+00:00,,5,Maha Oya,Badalgama,91e2a81d-3bb0-4054-a96a-4d30b05f8e4a,9.6,6.2,1470253,0,2.18
2026-08-07T17:33:26.033000+00:00,,2026-08-07T17:33:26.033000+00:00,,5.2,Kalu Ganga,Rathnapura,5156927d-207f-40f9-b150-edad4fc78399,9.5,7.5,1470252,0,1.86
2026-08-07T17:33:21.517000+00:00,,2026-08-07T17:33:21.517000+00:00,,5,Mahaweli Ganga,Peradeniya,257e4072-63a6-43b5-aa14-bd1692a24a68,9,7,1470251,0.2,3.88
2026-08-07T17:33:09.597000+00:00,,2026-08-07T17:33:09.597000+00:00,,3.5,Mahaweli Ganga,Nawalapitiya,daba7c55-5572-4287-97e9-a29b841cfcca,6,5,1470250,1.6,2.12
2026-08-07T17:32:42.829000+00:00,,2026-08-07T17:32:42.829000+00:00,,4.75,Deduru Oya,Moragaswewa,f3592d9a-a7d0-48c5-81c1-22a2080a92bc,7,6,1470249,0,0.02
2026-08-07T17:32:33.961000+00:00,,2026-08-07T17:32:33.961000+00:00,,3.3,Aththanagalu Oya,Dunamale,44f3a9e0-cb7b-4fce-acf1-efefadeb49c2,5.5,4.4,1470248,0,0.61
2026-08-07T17:32:29.345000+00:00,,2026-08-07T21:15:49.293000+00:00,irrigationgis,6.5,Kelani Ganga,Hanwella,6ffec028-3c5a-4cdb-800e-bf7e8611cdb9,9.5,7.5,1470247,0,2.6
2026-08-07T17:31:59.603000+00:00,,2026-08-07T17:31:59.603000+00:00,,3,Mahaweli Ganga,Manampitiya,f07f58f1-7f0f-41a2-8319-3ae9837a6a48,6,4.3,1470246,0,-0.1
2026-08-07T17:31:43.988000+00:00,,2026-08-07T17:31:43.988000+00:00,,4,Ma Oya,Yaka Wewa,76e6a35f-f4e6-4496-96b1-1bd8096dfd04,6,5,1470245,0,0.41
2026-08-07T17:31:25.979000+00:00,,2026-08-07T17:31:25.979000+00:00,,4,Maduru Oya,Padiyathalawa,3289a580-4cfc-4d8e-a974-fa02b954333d,6,4.5,1470244,0,0.06
2026-08-07T17:31:13.101000+00:00,,2026-08-07T17:31:13.101000+00:00,,3,Kelani Ganga,Holombuwa,8ad6f200-ea91-49f9-8481-12a4506a9193,5,3.4,1470243,0,0.56
2026-08-07T17:31:10.693000+00:00,,2026-08-07T17:31:10.693000+00:00,,6.9,Kirindi Oya,Kuda Oya,ecc90e7d-acef-475b-b358-e2b3eb20a117,8.8,8.4,1470242,0,0.94
2026-08-07T17:31:09.927000+00:00,,2026-08-07T17:31:09.927000+00:00,,4.5,Heda Oya,Siyambalanduwa,405984ec-b37e-49f4-b218-c7e176326261,7,6,1470241,0,0.17
2026-08-07T17:31:04.993000+00:00,,2026-08-07T17:31:04.993000+00:00,,5,Kumbukkan Oya,Nakkala,02c1b846-aad8-4e7c-9f15-d519c67da8dd,7.5,6,1470240,0,0.57
2026-08-07T17:30:48.468000+00:00,,2026-08-07T17:30:48.468000+00:00,,6,Yan Oya,Horowpothana,8587dc1b-476f-45aa-9522-9978d95a46f7,10.5,7.5,1470239,0,1.71
2026-08-07T17:30:43.302000+00:00,,2026-08-07T17:30:43.302000+00:00,,,Gal Oya,Ampara,22b07062-563a-4361-a875-414090f639b4,,,1470238,0,0
2026-08-07T17:02:29.299000+00:00,,2026-08-07T17:02:29.299000+00:00,,1.4,Nilwala Ganga,Thalgahagoda,1e9e3352-a4d4-4bbb-b681-1136a23325c4,2.8,1.7,1470237,0,0.29
2026-08-07T16:46:21.369000+00:00,,2026-08-07T16:46:21.369000+00:00,,4,Gin Ganga,Thawalama,730d5cb9-fed3-4d9d-92ec-afd838ce8d75,7.5,6,1470236,0,1.6
2026-08-07T16:42:56.813000+00:00,,2026-08-07T16:42:56.813000+00:00,,2.5,Nilwala Ganga,Urawa,e9963c44-a2ac-41e3-8d14-8d4cc5b3913e,6,4,1470235,0,0.13
2026-08-07T16:40:09.109000+00:00,,2026-08-07T16:40:09.109000+00:00,,4,Menik Ganga,Katharagama,0f56b7a5-73a6-428a-a440-8a7c5cd4556e,6.5,4.6,1470234,0,-0.22
2026-08-07T16:36:42.768000+00:00,,2026-08-07T16:36:42.768000+00:00,,5,Maha Oya,Badalgama,6dc2f4e8-628e-4b1d-bc8c-c4359064344b,9.6,6.2,1470233,0,2.18
2026-08-07T16:36:08.526000+00:00,,2026-08-07T16:36:08.526000+00:00,,5,Nilwala Ganga,Panadugama,ef090864-ab12-40d1-9fe7-b9742944f440,7.5,6,1470232,0,2.53
2026-08-07T16:36:02.840000+00:00,,2026-08-07T16:36:02.840000+00:00,,4,Nilwala Ganga,Pitabeddara,23eaaa8f-0b29-43cb-90d4-fcc1e6a49329,6.5,5,1470231,0,0.5
2026-08-07T16:35:58.369000+00:00,,2026-08-07T16:35:58.369000+00:00,,3.5,Gin Ganga,Baddegama,b086d93b-a079-4110-9579-a4a11647faa0,5,4,1470230,0,1.4
2026-08-07T16:35:45.197000+00:00,,2026-08-07T16:35:45.197000+00:00,,15,Kelani Ganga,Glencourse,d17dd2a9-6051-43be-94a0-4e4ff6c7f19c,19,15.5,1470229,0,11.07
2026-08-07T16:35:00.490000+00:00,,2026-08-07T16:35:00.490000+00:00,,5.2,Kalu Ganga,Rathnapura,24793763-0f23-4c1a-8a49-a7e9ae2da48b,9.5,7.5,1470228,0,1.87
2026-08-07T16:34:35.715000+00:00,,2026-08-07T16:34:35.715000+00:00,,1.5,Kelani Ganga,Norwood,2ebf56d2-3d11-449f-8cb0-03562fec74ce,4.5,3,1470227,0,1.03
2026-08-07T16:34:14.001000+00:00,,2026-08-07T16:34:14.001000+00:00,,5.5,Maha Oya,Giriulla,0d065d35-499f-4478-be84-ca4b98d01ae6,7.5,6.5,1470226,0,1.09
2026-08-07T16:33:40.587000+00:00,,2026-08-07T16:33:40.587000+00:00,,3,Kalu Ganga,Putupaula,d6733e0f-0322-49be-9584-fcbec83c6b0e,5,4,1470225,0,0.8
2026-08-07T16:33:33.013000+00:00,,2026-08-07T16:33:33.013000+00:00,,4,Kelani Ganga,Nagalagam Street,51b0c585-1e4d-4dd1-b49b-633dd2ce81ce,7,5,1470224,0,1.3
2026-08-07T16:33:22.672000+00:00,,2026-08-07T16:33:22.672000+00:00,,4,Ma Oya,Yaka Wewa,f349ddb7-83ad-4932-a30d-d7799716486b,6,5,1470223,0,0.41
2026-08-07T16:33:13.231000+00:00,,2026-08-07T16:33:13.231000+00:00,,3,Kelani Ganga,Kithulgala,7318376f-11ae-4cdc-acdf-3d511106f7fb,6,4,1470222,0,2.48
2026-08-07T16:33:02.203000+00:00,,2026-08-07T16:33:02.203000+00:00,,3,Mahaweli Ganga,Thaldena,831b2fe5-2a11-42ae-8e94-350659a2fb73,5,4,1470221,0,0.14
2026-08-07T16:32:56.606000+00:00,,2026-08-07T16:32:56.606000+00:00,,5,Mahaweli Ganga,Peradeniya,c56d37ad-ed1a-4c6a-85a3-d9cf5fa9abfb,9,7,1470220,0,3.9
2026-08-07T16:32:37.770000+00:00,,2026-08-07T16:32:37.770000+00:00,,4.8,Kelani Ganga,Deraniyagala,393fb288-a14e-4c2a-90e6-c964f6be474f,7,5.8,1470219,0,1.13
2026-08-07T16:32:37.376000+00:00,,2026-08-07T16:32:37.376000+00:00,,5,Kumbukkan Oya,Nakkala,e6849585-6579-4c8e-82ed-1172bb7c5a91,7.5,6,1470218,0,0.57
2026-08-07T16:32:32.991000+00:00,,2026-08-07T16:32:32.991000+00:00,,3,Walawe Ganga,Moraketiya,d671a41d-8764-429a-a70f-db2e351b59d6,7,5,1470217,0,0.7
2026-08-07T16:32:24.805000+00:00,,2026-08-07T16:32:24.805000+00:00,,6.9,Kirindi Oya,Kuda Oya,e45ed899-b42c-4dbd-8474-18a40e93ad46,8.8,8.4,1470216,0,0.94
2026-08-07T16:32:24.019000+00:00,,2026-08-07T16:32:24.019000+00:00,,3.3,Aththanagalu Oya,Dunamale,84258a58-0e32-4b4f-a7bb-412bcdeade58,5.5,4.4,1470215,0,0.63
2026-08-07T16:32:21.628000+00:00,,2026-08-07T16:32:21.628000+00:00,,10,Kalu Ganga,Ellagawa,19962365-f460-4da2-b259-a70d2cee2cbc,12.2,10.7,1470214,0,5.54
2026-08-07T16:32:12.100000+00:00,,2026-08-07T16:32:12.100000+00:00,,4,Maduru Oya,Padiyathalawa,2a2be939-3071-477a-b5fc-bd0577968340,6,4.5,1470213,0,0.06
2026-08-07T16:31:48.342000+00:00,,2026-08-07T16:31:48.342000+00:00,,4.75,Deduru Oya,Moragaswewa,3b2e8f35-fe8c-4c49-999c-4644eded4fea,7,6,1470212,0,0.02
2026-08-07T16:31:45.908000+00:00,,2026-08-07T16:31:45.908000+00:00,,4,Kirindi Oya,Thanamalwila,bdb1707b-417f-4980-a1b8-79d5c9e827b9,5.5,5,1470211,0,0.58
2026-08-07T16:31:35.043000+00:00,,2026-08-07T16:31:35.043000+00:00,,3,Kelani Ganga,Holombuwa,7dcdb914-bc0e-4976-9dff-69fec113d3b5,5,3.4,1470210,0,0.56
2026-08-07T16:31:34.398000+00:00,,2026-08-07T16:31:34.398000+00:00,,3,Mahaweli Ganga,Manampitiya,56299636-de0f-4821-a54e-9a4dc18e2773,6,4.3,1470209,0,-0.1
2026-08-07T16:31:20.195000+00:00,,2026-08-07T21:15:49.293000+00:00,irrigationgis,6.5,Kelani Ganga,Hanwella,a08a9012-e95c-4ee2-bcf4-eb2e65a31bb2,9.5,7.5,1470208,0,2.62
2026-08-07T16:31:14.193000+00:00,,2026-08-07T16:31:14.193000+00:00,,3.5,Mahaweli Ganga,Nawalapitiya,2e13b5c9-0b3e-43bb-971f-a976b0b4e406,6,5,1470207,0.2,2.13
2026-08-07T16:31:06.121000+00:00,,2026-08-07T16:31:06.121000+00:00,,4.4,Kirindi Oya,Wellawaya,60501505-0450-4027-8063-4cc82fb83507,5.9,5.4,1470206,0,0.81
2026-08-07T16:30:56.944000+00:00,,2026-08-07T16:30:56.944000+00:00,,,Gal Oya,Ampara,e92eac07-3ef4-4424-ac17-1a8545368084,,,1470205,0,0
2026-08-07T16:30:51.056000+00:00,,2026-08-07T16:30:51.056000+00:00,,6,Yan Oya,Horowpothana,39219e8a-9fc5-490e-aa6f-53b2a1559587,10.5,7.5,1470204,0,1.71
2026-08-07T16:30:37.569000+00:00,,2026-08-07T16:30:37.569000+00:00,,4.5,Heda Oya,Siyambalanduwa,b5bc486d-d348-4569-9e4d-1c8976cdad6d,7,6,1470203,0,0.17
2026-08-07T15:50:20.941000+00:00,,2026-08-07T15:50:20.941000+00:00,,4.75,Deduru Oya,Moragaswewa,f39be0d5-421e-48dd-9faa-bad49e0a0b79,7,6,1470202,0,0.02
2026-08-07T15:46:00.551000+00:00,,2026-08-07T15:46:00.551000+00:00,,4,Kalu Ganga,Magura,6de70217-0247-431a-951b-3377c5fc2fc3,7.5,6,1470201,0,1.65
2026-08-07T15:45:58.917000+00:00,,2026-08-07T15:45:58.917000+00:00,,4,Kalu Ganga,Magura,a9826ad9-d562-43e2-8b4f-d716c53e5a48,7.5,6,1470200,0,1.67
2026-08-07T15:41:07.620000+00:00,,2026-08-07T15:41:07.620000+00:00,,2.5,Nilwala Ganga,Urawa,c42f2e3b-34c7-48c7-b4c1-b22baff5ba99,6,4,1470199,0,0.13
2026-08-07T15:40:54.394000+00:00,,2026-08-07T15:40:54.394000+00:00,,10,Kalu Ganga,Ellagawa,281abcf6-5092-4327-90b2-ea8be99e1990,12.2,10.7,1470198,0,5.57
2026-08-07T15:40:37.775000+00:00,,2026-08-07T15:40:37.775000+00:00,,5,Kalu Ganga,Kalawellawa (Millakanda),d3ddb3cc-51d8-4155-8704-2ef9c8fb7f33,8,6.5,1470197,0,2.88
2026-08-07T15:37:43.012000+00:00,,2026-08-07T15:37:43.012000+00:00,,4,Menik Ganga,Katharagama,34ba092f-572a-4d1a-a11e-9733e3b94636,6.5,4.6,1470196,0,-0.22
2026-08-07T15:37:25.649000+00:00,,2026-08-07T15:37:25.649000+00:00,,3,Kalu Ganga,Putupaula,6970a506-ce2d-4ab0-a57b-07b8490aae9e,5,4,1470195,0,0.77
2026-08-07T15:37:12.138000+00:00,,2026-08-07T15:37:12.138000+00:00,,5,Maha Oya,Badalgama,da9ef832-e23d-4b45-ac70-e90846827f65,9.6,6.2,1470194,0,2.18
2026-08-07T15:35:13.900000+00:00,,2026-08-07T15:35:13.900000+00:00,,1.5,Kelani Ganga,Norwood,6abc3cf0-cf3d-4d7c-8fa8-30b8fff5e27a,4.5,3,1470193,0,1.04
2026-08-07T15:35:01.471000+00:00,,2026-08-07T15:35:01.471000+00:00,,4,Maduru Oya,Padiyathalawa,68c92d16-9098-491e-b3e5-d81450941bcf,6,4.5,1470192,0,0.06
2026-08-07T15:34:47.480000+00:00,,2026-08-07T15:34:47.480000+00:00,,4,Kelani Ganga,Nagalagam Street,edc4100b-fef9-42c5-99c7-1c151686cda1,7,5,1470191,0,1.3
2026-08-07T15:34:46.949000+00:00,,2026-08-07T15:34:46.949000+00:00,,15,Kelani Ganga,Glencourse,2de5720d-a420-4f89-a1c3-2b766fdacf7b,19,15.5,1470190,0,11.07
2026-08-07T15:34:43.032000+00:00,,2026-08-07T15:34:43.032000+00:00,,4.8,Kelani Ganga,Deraniyagala,7f4c9e69-4d16-4a16-b403-dd171b15cfc2,7,5.8,1470189,0,1.15
2026-08-07T15:34:40.691000+00:00,,2026-08-07T15:34:40.691000+00:00,,4,Kirindi Oya,Thanamalwila,7f72ce4c-816f-42df-89ef-448f5fc1c769,5.5,5,1470188,0,0.58
2026-08-07T15:34:10.810000+00:00,,2026-08-07T15:34:10.810000+00:00,,5.2,Kalu Ganga,Rathnapura,f2442c31-f945-4152-8e22-0583b383045d,9.5,7.5,1470187,0,1.87
2026-08-07T15:33:53.345000+00:00,,2026-08-07T15:33:53.345000+00:00,,4,Gin Ganga,Thawalama,3a0e2f12-5d41-4238-a876-afdd4ca443b9,7.5,6,1470186,0,1.61
2026-08-07T15:33:30.941000+00:00,,2026-08-07T15:33:30.941000+00:00,,3,Mahaweli Ganga,Manampitiya,9fee97ae-28f1-400f-b323-972f54cf4368,6,4.3,1470185,0,-0.1
2026-08-07T15:33:21.397000+00:00,,2026-08-07T15:33:21.397000+00:00,,5,Nilwala Ganga,Panadugama,ebf3f2be-a114-4d3c-85bc-5232661cd583,7.5,6,1470184,0,2.52
2026-08-07T15:33:15.752000+00:00,,2026-08-07T15:33:15.752000+00:00,,1.4,Nilwala Ganga,Thalgahagoda,8c16df89-0b51-4d7a-ac1c-8ba81d4e44fa,2.8,1.7,1470183,0,0.3
2026-08-07T15:32:56.534000+00:00,,2026-08-07T15:32:56.534000+00:00,,5.5,Maha Oya,Giriulla,278b6858-018f-4337-8a95-bb80e53f6a1a,7.5,6.5,1470182,0,1.09
2026-08-07T15:32:54.408000+00:00,,2026-08-07T21:15:49.293000+00:00,irrigationgis,6.5,Kelani Ganga,Hanwella,98e4a049-7068-4954-a721-5e3bbbf7e5ce,9.5,7.5,1470181,0,2.64
2026-08-07T15:32:42.615000+00:00,,2026-08-07T15:32:42.615000+00:00,,3,Kelani Ganga,Kithulgala,a48b87bb-3d3f-4498-9230-c636c6f22028,6,4,1470180,0,2.44
2026-08-07T15:32:34.680000+00:00,,2026-08-07T15:32:34.680000+00:00,,3.5,Gin Ganga,Baddegama,98d8f2e2-243c-4c97-8d28-fe0f7fc79524,5,4,1470179,0,1.4
2026-08-07T15:32:32.619000+00:00,,2026-08-07T15:32:32.619000+00:00,,4.4,Kirindi Oya,Wellawaya,11156b46-2d34-467a-99b0-8df0eaa232ed,5.9,5.4,1470178,0,0.81
2026-08-07T15:32:29.225000+00:00,,2026-08-07T15:32:29.225000+00:00,,6,Yan Oya,Horowpothana,20623877-c091-4fa4-91ff-8b9700036e7e,10.5,7.5,1470177,0,1.71
2026-08-07T15:32:21.950000+00:00,,2026-08-07T15:32:21.950000+00:00,,3,Kelani Ganga,Holombuwa,5756c81d-5d98-403c-9154-04519582730a,5,3.4,1470176,0,0.56
2026-08-07T15:32:19.296000+00:00,,2026-08-07T15:32:19.296000+00:00,,3.3,Aththanagalu Oya,Dunamale,a8c82b21-bee6-4717-bea4-f0c61e868b8e,5.5,4.4,1470175,0,0.63
2026-08-07T15:32:09.304000+00:00,,2026-08-07T15:32:09.304000+00:00,,4.5,Heda Oya,Siyambalanduwa,3b3887e1-c22a-4402-9191-129b17e675b0,7,6,1470174,0,0.17
2026-08-07T15:32:05.905000+00:00,,2026-08-07T15:32:05.905000+00:00,,3.5,Mahaweli Ganga,Nawalapitiya,8116ae89-ad99-4a19-92e4-d6b8578a0d54,6,5,1470173,0,2.14
2026-08-07T15:32:05.801000+00:00,,2026-08-07T15:32:05.801000+00:00,,3,Mahaweli Ganga,Thaldena,8eccdb03-fcbe-4251-b283-f5fd313d7cb7,5,4,1470172,0,0.15
2026-08-07T15:31:29.791000+00:00,,2026-08-07T15:31:29.791000+00:00,,6.9,Kirindi Oya,Kuda Oya,daadbb46-df60-49a7-a800-178805f4d4fd,8.8,8.4,1470171,0,0.94
2026-08-07T15:31:21.836000+00:00,,2026-08-07T15:31:21.836000+00:00,,5,Kumbukkan Oya,Nakkala,acfd2526-1cdd-43a6-878c-b9f0ba80addb,7.5,6,1470170,0,0.57
2026-08-07T15:31:18.913000+00:00,,2026-08-07T15:31:18.913000+00:00,,4,Ma Oya,Yaka Wewa,c9c9d281-a1f1-40c0-aff1-524c74afa80a,6,5,1470169,0,0.41
2026-08-07T15:31:08.737000+00:00,,2026-08-07T15:31:08.737000+00:00,,3,Walawe Ganga,Moraketiya,cf199889-4b5d-4e45-a8b4-6a6a1b24aecd,7,5,1470168,0,0.7
2026-08-07T15:31:07.976000+00:00,,2026-08-07T15:31:07.976000+00:00,,5,Mahaweli Ganga,Peradeniya,bb763a99-60c7-463f-bb8f-aa6c6a4904b8,9,7,1470167,0,3.92
2026-08-07T15:30:43.871000+00:00,,2026-08-07T15:30:43.871000+00:00,,4,Nilwala Ganga,Pitabeddara,49ed3de6-648b-4e4b-a67f-7b2af2456887,6.5,5,1470166,0,0.5
2026-08-07T15:30:36.267000+00:00,,2026-08-07T15:30:36.267000+00:00,,,Gal Oya,Ampara,0c739656-440c-44fd-bd69-de6e49b017c8,,,1470165,0,0
2026-08-07T14:42:56.830000+00:00,,2026-08-07T14:42:56.830000+00:00,,5,Nilwala Ganga,Panadugama,d685a8ee-2839-4480-ab6c-ebaae4eccab8,7.5,6,1470164,0,2.51
2026-08-07T14:42:08.213000+00:00,,2026-08-07T14:42:08.213000+00:00,,5,Maha Oya,Badalgama,36f4fb05-5e55-4f9e-b181-1ab290c1974d,9.6,6.2,1470163,0,2.19
2026-08-07T14:40:12.079000+00:00,,2026-08-07T14:40:12.079000+00:00,,3,Kelani Ganga,Holombuwa,9e3cc8bc-4fae-4dfd-9995-4c457cfa79c5,5,3.4,1470162,0,0.57
2026-08-07T14:39:53.520000+00:00,,2026-08-07T14:39:53.520000+00:00,,4,Menik Ganga,Katharagama,75feca9b-a8da-45b4-9ed7-0b207251801e,6.5,4.6,1470161,0,-0.22
2026-08-07T14:38:08.177000+00:00,,2026-08-07T14:38:08.177000+00:00,,2.5,Nilwala Ganga,Urawa,88ac2260-935b-4530-87d4-1c6d2428263e,6,4,1470160,0,0.13
2026-08-07T14:37:30.312000+00:00,,2026-08-07T14:37:30.312000+00:00,,1.4,Nilwala Ganga,Thalgahagoda,21e6493a-4de8-41e4-ac61-734c6bed0957,2.8,1.7,1470159,0,0.3
2026-08-07T14:36:58.307000+00:00,,2026-08-07T14:36:58.307000+00:00,,3.5,Gin Ganga,Baddegama,45584027-4e58-4b18-89f7-985606181c9f,5,4,1470158,0,1.39
2026-08-07T14:36:45.301000+00:00,,2026-08-07T14:36:45.301000+00:00,,6,Yan Oya,Horowpothana,1c5e1f7d-3f7d-4c85-b658-a80190d7cf6f,10.5,7.5,1470157,0,1.71
2026-08-07T14:36:37.706000+00:00,,2026-08-07T14:36:37.706000+00:00,,5,Kalu Ganga,Kalawellawa (Millakanda),a70407a8-0f51-448d-97c1-7054922ddf9e,8,6.5,1470156,0,2.88
2026-08-07T14:36:02.865000+00:00,,2026-08-07T14:36:02.865000+00:00,,15,Kelani Ganga,Glencourse,25f2a8e4-0adb-4d1e-8adb-223e2e0ef3b4,19,15.5,1470155,0,11.05
2026-08-07T14:35:55.128000+00:00,,2026-08-07T14:35:55.128000+00:00,,4,Nilwala Ganga,Pitabeddara,57f1bc38-8dfb-4690-b618-96d127b4243c,6.5,5,1470154,0,0.5
2026-08-07T14:34:58.430000+00:00,,2026-08-07T14:34:58.430000+00:00,,5,Mahaweli Ganga,Peradeniya,44c54db9-6d63-44c6-a318-652f1fea482f,9,7,1470153,0,3.95
2026-08-07T14:34:56.632000+00:00,,2026-08-07T14:34:56.632000+00:00,,3,Mahaweli Ganga,Thaldena,c2bb6aca-3305-46e0-b47c-8ca6f2cc7174,5,4,1470152,0,0.11
2026-08-07T14:34:55.255000+00:00,,2026-08-07T14:34:55.255000+00:00,,5.2,Kalu Ganga,Rathnapura,ac3973aa-7895-4346-89fe-0b4871732150,9.5,7.5,1470151,0,1.87
2026-08-07T14:34:54.950000+00:00,,2026-08-07T14:34:54.950000+00:00,,4,Ma Oya,Yaka Wewa,0362e56f-33ab-42a1-90e2-530bcce79cec,6,5,1470150,0,0.41
2026-08-07T14:34:45.312000+00:00,,2026-08-07T21:15:49.293000+00:00,irrigationgis,6.5,Kelani Ganga,Hanwella,3576c461-3bbb-4961-9b81-c44cc5c70f9d,9.5,7.5,1470149,0,2.67
2026-08-07T14:34:26.108000+00:00,,2026-08-07T14:34:26.108000+00:00,,4,Kelani Ganga,Nagalagam Street,be9694c3-b51d-456a-9baf-2c5c473c0b22,7,5,1470148,,1.4
2026-08-07T14:33:55.342000+00:00,,2026-08-07T14:33:55.342000+00:00,,3,Kelani Ganga,Holombuwa,5361478a-7476-460a-967e-f4a14ae0f824,5,3.4,1470147,0,0.57
2026-08-07T14:33:41.664000+00:00,,2026-08-07T14:33:41.664000+00:00,,3,Kelani Ganga,Kithulgala,3a8173dd-0cb7-4996-97a9-ae830108e048,6,4,1470146,0,2.35
2026-08-07T14:33:32.023000+00:00,,2026-08-07T14:33:32.023000+00:00,,4.4,Kirindi Oya,Wellawaya,b17f7dfc-b061-4eea-b8c6-225c570adfe8,5.9,5.4,1470145,0,0.83
2026-08-07T14:33:31.727000+00:00,,2026-08-07T14:33:31.727000+00:00,,5.5,Maha Oya,Giriulla,0aa5b266-d8a4-45d9-8d94-b68b369feded,7.5,6.5,1470144,0,1.09
2026-08-07T14:33:10.310000+00:00,,2026-08-07T14:33:10.310000+00:00,,4,Kirindi Oya,Thanamalwila,ee24880a-3053-4a69-9fc6-1e4d51f1a0c2,5.5,5,1470142,0,0.58
2026-08-07T14:33:10.309000+00:00,,2026-08-07T14:33:10.309000+00:00,,4.8,Kelani Ganga,Deraniyagala,3af38301-0d5f-4e5f-962f-94a3e69f9374,7,5.8,1470143,0,1.19
2026-08-07T14:33:03.001000+00:00,,2026-08-07T14:33:03.001000+00:00,,6.9,Kirindi Oya,Kuda Oya,ba48c161-7dfe-40bc-9975-ed3f9041476b,8.8,8.4,1470141,0,0.94
2026-08-07T14:32:52.821000+00:00,,2026-08-07T14:32:52.821000+00:00,,3,Mahaweli Ganga,Manampitiya,90faaaba-2677-4722-9a77-1599d889a080,6,4.3,1470140,0,-0.1
2026-08-07T14:32:51.771000+00:00,,2026-08-07T14:32:51.771000+00:00,,3,Walawe Ganga,Moraketiya,605cb714-a924-4acd-aed8-d3711227222e,7,5,1470139,0,0.7
2026-08-07T14:32:47.461000+00:00,,2026-08-07T14:32:47.461000+00:00,,4,Kirindi Oya,Thanamalwila,7fa6b197-34bc-44eb-858e-ad8fad95a969,5.5,5,1470138,0,0.58
2026-08-07T14:32:38.434000+00:00,,2026-08-07T14:32:38.434000+00:00,,4,Maduru Oya,Padiyathalawa,4645ed9b-409e-4fd7-92fb-57e24762393b,6,4.5,1470137,0,0.06
2026-08-07T14:32:24.316000+00:00,,2026-08-07T14:32:24.316000+00:00,,1.5,Kelani Ganga,Norwood,6dd0a481-4636-47a3-ae79-303e64a9833d,4.5,3,1470136,0,1.05
2026-08-07T14:32:23.396000+00:00,,2026-08-07T14:32:23.396000+00:00,,4.75,Deduru Oya,Moragaswewa,0067de17-8d66-4504-b14f-5bb2eab5efc0,7,6,1470135,0,0.01
2026-08-07T14:32:18.715000+00:00,,2026-08-07T14:32:18.715000+00:00,,3.3,Aththanagalu Oya,Dunamale,19754a8a-42e3-4fcf-8dd2-88798ff9229a,5.5,4.4,1470134,0,0.63
2026-08-07T14:32:14.653000+00:00,,2026-08-07T14:32:14.653000+00:00,,3,Kalu Ganga,Putupaula,deab26e1-1f8c-4104-a4c4-430f9a65d093,5,4,1470133,0,0.74
2026-08-07T14:31:59.976000+00:00,,2026-08-07T14:31:59.976000+00:00,,4,Gin Ganga,Thawalama,79ce5cd4-c450-40c3-b1c4-c176340ee4d1,7.5,6,1470132,0,1.62
2026-08-07T14:31:40.289000+00:00,,2026-08-07T14:31:40.289000+00:00,,10,Kalu Ganga,Ellagawa,f312672b-b905-434d-b9aa-78079d451f74,12.2,10.7,1470131,0,5.58
2026-08-07T14:31:32.361000+00:00,,2026-08-07T14:31:32.361000+00:00,,3.5,Mahaweli Ganga,Nawalapitiya,ab081065-4e7a-49f2-9c1a-16b6cbd02540,6,5,1470130,0,2.15
2026-08-07T14:30:52.835000+00:00,,2026-08-07T14:30:52.835000+00:00,,4.5,Heda Oya,Siyambalanduwa,f81ad070-8028-4291-8d0d-c18aa9885640,7,6,1470129,0,0.17
2026-08-07T14:30:24.370000+00:00,,2026-08-07T14:30:24.370000+00:00,,,Gal Oya,Ampara,e2f9ea2a-a06f-4508-a967-ff8afbcf2042,,,1470128,0,0
2026-08-07T14:30:10.742000+00:00,,2026-08-07T14:30:10.742000+00:00,,5,Kumbukkan Oya,Nakkala,07d03546-0c82-4558-9979-8ffd12c98dbd,7.5,6,1470127,0,0.57
2026-08-07T13:53:34.380000+00:00,,2026-08-07T13:53:34.380000+00:00,,6,Yan Oya,Horowpothana,62c6cd01-ec55-4ee3-9329-4d2be452c051,10.5,7.5,1470126,0,1.7
2026-08-07T13:46:34.584000+00:00,,2026-08-07T13:46:34.584000+00:00,,4.75,Deduru Oya,Moragaswewa,db19ad9e-b17f-4a2b-b871-307b8532447e,7,6,1470125,0,0.01
2026-08-07T13:46:20.679000+00:00,,2026-08-07T13:46:20.679000+00:00,,5.2,Kalu Ganga,Rathnapura,995ec647-d8e8-4503-9abb-ccfdd4aad373,9.5,7.5,1470124,0,1.87
2026-08-07T13:45:31.553000+00:00,,2026-08-07T13:45:31.553000+00:00,,5,Mahaweli Ganga,Peradeniya,13d65de6-a756-4e7e-88bf-560dc489c6c0,9,7,1470123,0,3.96
2026-08-07T13:43:36.360000+00:00,,2026-08-07T13:43:36.360000+00:00,,2.5,Nilwala Ganga,Urawa,97244f6e-06f7-439f-a319-b7729f2e64b0,6,4,1470122,0,0.13
2026-08-07T13:41:37.032000+00:00,,2026-08-07T13:41:37.032000+00:00,,4,Gin Ganga,Thawalama,c1bc17fd-52b9-4681-90ed-6b2d5503dfcd,7.5,6,1470121,0,1.62
2026-08-07T13:41:02.212000+00:00,,2026-08-07T13:41:02.212000+00:00,,5,Kalu Ganga,Kalawellawa (Millakanda),c9ee558d-0e32-472a-ae9d-93e6eb337e64,8,6.5,1470120,0,2.85
2026-08-07T13:39:33.646000+00:00,,2026-08-07T13:39:33.646000+00:00,,4,Kalu Ganga,Magura,d8c271aa-c726-401a-bc72-07f8530e6313,7.5,6,1470119,0,1.67
2026-08-07T13:39:21.873000+00:00,,2026-08-07T13:39:21.873000+00:00,,3,Kalu Ganga,Putupaula,93c7565f-bc4d-4846-82fb-3bbf02dc875d,5,4,1470118,0,0.72
2026-08-07T13:37:36.417000+00:00,,2026-08-07T13:37:36.417000+00:00,,15,Kelani Ganga,Glencourse,7af73f75-e921-47aa-8576-3bbedce6da68,19,15.5,1470117,0,11.1
2026-08-07T13:37:13.250000+00:00,,2026-08-07T13:37:13.250000+00:00,,5,Maha Oya,Badalgama,f52c6a4a-e9d6-4064-a858-d311024787cf,9.6,6.2,1470116,0,2.2
2026-08-07T13:36:30.702000+00:00,,2026-08-07T13:36:30.702000+00:00,,3.5,Gin Ganga,Baddegama,6c6921c7-4f59-4dff-b83b-fa5d97d1d6f4,5,4,1470115,0,1.38
2026-08-07T13:36:27.504000+00:00,,2026-08-07T13:36:27.504000+00:00,,10,Kalu Ganga,Ellagawa,c0c3ccbe-7074-401f-af6e-9e2863c83c9e,12.2,10.7,1470114,0,5.62
2026-08-07T13:36:14.697000+00:00,,2026-08-07T13:36:14.697000+00:00,,4.8,Kelani Ganga,Deraniyagala,59dcf30b-1798-49b4-93cc-305a412040c9,7,5.8,1470113,0,1.17
2026-08-07T13:35:44.210000+00:00,,2026-08-07T13:35:44.210000+00:00,,4,Nilwala Ganga,Pitabeddara,088ba582-fbc0-44d3-a710-bb7e97e6e295,6.5,5,1470112,0,0.5
2026-08-07T13:35:10.837000+00:00,,2026-08-07T13:35:10.837000+00:00,,4,Maduru Oya,Padiyathalawa,0f402e31-724f-4465-873d-7e2bdd002413,6,4.5,1470111,0,0.06
2026-08-07T13:35:09.544000+00:00,,2026-08-07T13:35:09.544000+00:00,,4,Maduru Oya,Padiyathalawa,fa5de0b7-6dbe-4ac7-8f59-14397a573e74,6,4.5,1470110,0,0.09
2026-08-07T13:34:53.598000+00:00,,2026-08-07T13:34:53.598000+00:00,,4,Kelani Ganga,Nagalagam Street,b3ea7289-6c1f-4cde-9a5b-aa51ae82d792,7,5,1470109,0,1.4
2026-08-07T13:34:28.799000+00:00,,2026-08-07T21:15:49.293000+00:00,irrigationgis,6.5,Kelani Ganga,Hanwella,beb1f279-829a-4bea-85c7-a46362e78efd,9.5,7.5,1470108,0,2.69
2026-08-07T13:34:26.323000+00:00,,2026-08-07T13:34:26.323000+00:00,,5.5,Maha Oya,Giriulla,92fa918e-7208-46ba-b765-0377f198c675,7.5,6.5,1470107,0,1.1
2026-08-07T13:33:52.604000+00:00,,2026-08-07T13:33:52.604000+00:00,,4,Menik Ganga,Katharagama,520c8de9-0cf9-4ef3-b354-aa748fd84b99,6.5,4.6,1470106,0,-0.22
2026-08-07T13:33:30.114000+00:00,,2026-08-07T13:33:30.114000+00:00,,4.4,Kirindi Oya,Wellawaya,34a813c6-dad8-4115-b834-0c3ffc1992a8,5.9,5.4,1470105,0,0.85
2026-08-07T13:33:21.625000+00:00,,2026-08-07T13:33:21.625000+00:00,,3,Kelani Ganga,Kithulgala,f5f79b0a-c088-4e5c-b17d-77a6862c2b6c,6,4,1470104,0,2.35
2026-08-07T13:33:00.710000+00:00,,2026-08-07T13:33:00.710000+00:00,,4.75,Deduru Oya,Moragaswewa,75975dd3-4ae8-47f5-a10b-880329ee7f2c,7,6,1470103,0,0.01
2026-08-07T13:32:44.860000+00:00,,2026-08-07T13:32:44.860000+00:00,,3,Walawe Ganga,Moraketiya,f76bc4bb-dc3a-43ea-8ffc-11721ba7ad80,7,5,1470102,0,0.71
2026-08-07T13:32:37.161000+00:00,,2026-08-07T13:32:37.161000+00:00,,1.5,Kelani Ganga,Norwood,5eea4036-e079-4250-9675-173fc9461fcf,4.5,3,1470101,0,1.06
2026-08-07T13:32:25.603000+00:00,,2026-08-07T13:32:25.603000+00:00,,3,Mahaweli Ganga,Manampitiya,d826fd3e-12c6-4c1d-a984-63e8c508f602,6,4.3,1470100,0,-0.1
2026-08-07T13:32:24.161000+00:00,,2026-08-07T13:32:24.161000+00:00,,4,Ma Oya,Yaka Wewa,05e7eee9-0a8c-4193-808d-3a655d519599,6,5,1470099,0,0.41
2026-08-07T13:32:19.027000+00:00,,2026-08-07T13:32:19.027000+00:00,,3.3,Aththanagalu Oya,Dunamale,1a6b9c87-6b0b-4dc8-a74b-92018b95edac,5.5,4.4,1470098,0,0.63
2026-08-07T13:32:07.962000+00:00,,2026-08-07T13:32:07.962000+00:00,,1.4,Nilwala Ganga,Thalgahagoda,0f66353f-c2b4-4c64-9798-835c26e0284e,2.8,1.7,1470097,0,0.3
2026-08-07T13:32:03.386000+00:00,,2026-08-07T13:32:03.386000+00:00,,3,Mahaweli Ganga,Thaldena,e4ff5dad-33c1-467f-87a6-1ad9f62e38a5,5,4,1470096,0,0.11
2026-08-07T13:31:38.724000+00:00,,2026-08-07T13:31:38.724000+00:00,,5,Nilwala Ganga,Panadugama,6f81cf5c-3380-47c3-9440-32b91879ebde,7.5,6,1470095,0,2.49
2026-08-07T13:31:32.407000+00:00,,2026-08-07T13:31:32.407000+00:00,,3.5,Mahaweli Ganga,Nawalapitiya,614adf60-58aa-4fcd-a98e-f5c443f1f722,6,5,1470094,0,2.16
2026-08-07T13:31:31.139000+00:00,,2026-08-07T13:31:31.139000+00:00,,3,Kelani Ganga,Holombuwa,1544d14f-62a6-4c9a-8898-2678ad9bb12b,5,3.4,1470093,0,0.58
2026-08-07T13:31:25.555000+00:00,,2026-08-07T13:31:25.555000+00:00,,,Gal Oya,Ampara,3126f9b0-aec3-4ce8-b850-7e6dcf56100a,,,1470092,0,0
2026-08-07T13:31:25.500000+00:00,,2026-08-07T13:31:25.500000+00:00,,6.9,Kirindi Oya,Kuda Oya,11decf0b-9677-4259-a83f-e109306cb4c1,8.8,8.4,1470091,0,0.93
2026-08-07T13:30:49.076000+00:00,,2026-08-07T13:30:49.076000+00:00,,4.5,Heda Oya,Siyambalanduwa,102d3338-32a2-461e-ac18-f9108cb1de7c,7,6,1470090,0,0.17
2026-08-07T13:30:10.452000+00:00,,2026-08-07T13:30:10.452000+00:00,,5,Kumbukkan Oya,Nakkala,7cea25c4-4571-4c09-8127-579577455f1c,7.5,6,1470089,0,0.57
2026-08-07T12:48:24.095000+00:00,,2026-08-07T12:48:24.095000+00:00,,4,Nilwala Ganga,Pitabeddara,d1718c24-fd76-490d-81df-59c072f89c14,6.5,5,1470088,0,0.5
2026-08-07T12:47:35.734000+00:00,,2026-08-07T12:47:35.734000+00:00,,6,Yan Oya,Horowpothana,e21c1bd3-31de-4984-8b12-155b87ee3b9f,10.5,7.5,1470087,0,1.7
2026-08-07T12:40:22.599000+00:00,,2026-08-07T12:40:22.599000+00:00,,4.84,Mee Oya,Galgamuwa,46929e1f-6278-4404-a2b6-010b65e6faf9,8,5.94,1470086,0,0.01
2026-08-07T12:38:52.745000+00:00,,2026-08-07T12:38:52.745000+00:00,,15,Kelani Ganga,Glencourse,8af8e464-f332-4222-bcee-770ae31954cb,19,15.5,1470085,0,11.08
2026-08-07T12:37:07.012000+00:00,,2026-08-07T12:37:07.012000+00:00,,4,Kirindi Oya,Thanamalwila,4a2e7a5f-601c-4b1e-b3c8-898101eff9e6,5.5,5,1470084,0,0.56
2026-08-07T12:36:36.406000+00:00,,2026-08-07T12:36:36.406000+00:00,,5,Nilwala Ganga,Panadugama,a17954d5-7670-4d81-9e75-a24dc0ad75fe,7.5,6,1470083,0,2.46
2026-08-07T12:36:23.617000+00:00,,2026-08-07T12:36:23.617000+00:00,,3,Kelani Ganga,Holombuwa,3b70b8de-798b-40b4-9e00-346326baf636,5,3.4,1470082,0,0.59
2026-08-07T12:36:19.355000+00:00,,2026-08-07T12:36:19.355000+00:00,,2.5,Nilwala Ganga,Urawa,d004cb3c-15b3-4d6f-8738-432010e60a24,6,4,1470081,0,0.13
2026-08-07T12:35:30.333000+00:00,,2026-08-07T12:35:30.333000+00:00,,3,Walawe Ganga,Moraketiya,d71a2dcc-715f-49e4-86ae-3320a6931782,7,5,1470080,0,0.72
2026-08-07T12:35:16.731000+00:00,,2026-08-07T12:35:16.731000+00:00,,3,Kelani Ganga,Kithulgala,d2fb3d00-daf2-4ff5-b4e4-2002fe8974ba,6,4,1470079,0,2.31
2026-08-07T12:35:09.123000+00:00,,2026-08-07T12:35:09.123000+00:00,,1.5,Kelani Ganga,Norwood,eaff7fa1-7dc9-4c22-82de-a9b45746bb98,4.5,3,1470078,0,1.07
2026-08-07T12:33:33.355000+00:00,,2026-08-07T12:33:33.355000+00:00,,4,Menik Ganga,Katharagama,47a0e1ce-cc09-48bc-b002-ff5376722580,6.5,4.6,1470077,0,-0.21
2026-08-07T12:33:22.668000+00:00,,2026-08-07T12:33:22.668000+00:00,,1.4,Nilwala Ganga,Thalgahagoda,1c8a0116-2dab-478e-94e2-3297f7a4dec1,2.8,1.7,1470076,0,0.3
2026-08-07T12:33:13.147000+00:00,,2026-08-07T21:15:49.293000+00:00,irrigationgis,6.5,Kelani Ganga,Hanwella,073bc266-a6f2-49e4-a1b3-31fdec24d745,9.5,7.5,1470075,0,2.73
2026-08-07T12:33:05.720000+00:00,,2026-08-07T12:33:05.720000+00:00,,3.3,Aththanagalu Oya,Dunamale,78e70907-7c74-4017-a358-5c722364c179,5.5,4.4,1470074,0,0.63
2026-08-07T12:32:49.194000+00:00,,2026-08-07T12:32:49.194000+00:00,,4,Gin Ganga,Thawalama,fad02bed-25ae-43cb-962e-9d3dc7000c79,7.5,6,1470073,1.7,1.64
2026-08-07T12:32:49.186000+00:00,,2026-08-07T12:32:49.186000+00:00,,3.5,Mahaweli Ganga,Nawalapitiya,0e930bd7-cda4-480e-8a60-5a2b6a5486ab,6,5,1470072,0,2.18
2026-08-07T12:32:46.520000+00:00,,2026-08-07T12:32:46.520000+00:00,,3,Mahaweli Ganga,Thaldena,44b95101-b43a-4f8d-87b2-8ece512b40b3,5,4,1470071,0,0.14
2026-08-07T12:32:46.515000+00:00,,2026-08-07T12:32:46.515000+00:00,,3.5,Gin Ganga,Baddegama,dcfc4105-1e2c-41ce-87ec-3b5677215340,5,4,1470070,0,1.36
2026-08-07T12:32:38.699000+00:00,,2026-08-07T12:32:38.699000+00:00,,4,Kelani Ganga,Nagalagam Street,d8b08c1f-686f-4770-8925-3977810279bd,7,5,1470069,,1.4
2026-08-07T12:32:33.125000+00:00,,2026-08-07T12:32:33.125000+00:00,,5.5,Maha Oya,Giriulla,87164fe9-ce93-4d09-865d-82e24e15ad89,7.5,6.5,1470068,0,1.1
2026-08-07T12:32:30.214000+00:00,,2026-08-07T12:32:30.214000+00:00,,4.8,Kelani Ganga,Deraniyagala,dbc5dd9f-2d2a-47b1-a077-01fdd3d57bc0,7,5.8,1470067,0,1.17
2026-08-07T12:32:28.066000+00:00,,2026-08-07T12:32:28.066000+00:00,,4,Ma Oya,Yaka Wewa,182497c7-e579-487a-92b7-b73c2623edb7,6,5,1470066,0,0.41
2026-08-07T12:32:26.009000+00:00,,2026-08-07T12:32:26.009000+00:00,,4.4,Kirindi Oya,Wellawaya,92fb0449-01b8-45e4-b99b-edd8b0764eec,5.9,5.4,1470065,0,0.86
2026-08-07T12:32:21.677000+00:00,,2026-08-07T12:32:21.677000+00:00,,4.75,Deduru Oya,Moragaswewa,4d751513-d136-4bdd-83b6-96ea2c471eca,7,6,1470064,0,0.01
2026-08-07T12:32:19.708000+00:00,,2026-08-07T12:32:19.708000+00:00,,5,Kalu Ganga,Kalawellawa (Millakanda),4f507ee0-1f95-4026-9cfa-1f8783ede3dd,8,6.5,1470063,0,2.81
2026-08-07T12:32:11.142000+00:00,,2026-08-07T12:32:11.142000+00:00,,5,Maha Oya,Badalgama,ef5322ed-5c34-4c74-b695-3679dae8a048,9.6,6.2,1470062,0,2.21
2026-08-07T12:31:52.901000+00:00,,2026-08-07T12:31:52.901000+00:00,,3,Kalu Ganga,Putupaula,a3bb25a4-6876-42a9-bb33-18dd8beac0c4,5,4,1470061,0,0.7
2026-08-07T12:31:36.322000+00:00,,2026-08-07T12:31:36.322000+00:00,,4,Kalu Ganga,Magura,8aaeb1d8-1c35-4518-ae9a-06c36279cdbd,7.5,6,1470060,0,1.7
2026-08-07T12:31:34.018000+00:00,,2026-08-07T12:31:34.018000+00:00,,10,Kalu Ganga,Ellagawa,00b86792-ee31-4ea9-b0f5-2dd3cc04060b,12.2,10.7,1470059,0,5.66
2026-08-07T12:31:27.829000+00:00,,2026-08-07T12:31:27.829000+00:00,,5,Malwathu Oya,Thanthirimale,b0d7f30f-195c-46cf-9f19-95e5411ea780,7.8,6.8,1470058,0,0.71
2026-08-07T12:31:27.174000+00:00,,2026-08-07T12:31:27.174000+00:00,,5,Mahaweli Ganga,Peradeniya,fd8b9e9d-55b8-4908-b082-d32dc156e190,9,7,1470057,0,3.97
2026-08-07T12:31:23.318000+00:00,,2026-08-07T12:31:23.318000+00:00,,5.2,Kalu Ganga,Rathnapura,4481a759-a79e-4e70-9188-33db0dcb2292,9.5,7.5,1470056,0,1.88
2026-08-07T12:31:19.674000+00:00,,2026-08-07T12:31:19.674000+00:00,,3,Mahaweli Ganga,Manampitiya,1d1ba60e-f8a9-496b-8b08-e71c509b8003,6,4.3,1470055,0,-0.1
2026-08-07T12:30:42.333000+00:00,,2026-08-07T12:30:42.333000+00:00,,,Gal Oya,Ampara,252fbf1e-7ae0-4213-980a-8876fc05feb6,,,1470054,0,0
2026-08-07T12:30:35.455000+00:00,,2026-08-07T12:30:35.455000+00:00,,6.9,Kirindi Oya,Kuda Oya,f7ab9ad4-a703-41d4-9ade-d35ad1edb173,8.8,8.4,1470053,0,0.93
2026-08-07T12:30:27.708000+00:00,,2026-08-07T12:30:27.708000+00:00,,5,Mahaweli Ganga,Weraganthota,86d81cb3-ca8f-4006-bf31-80f6abe59d81,8,6,1470052,0,-3.45
2026-08-07T12:30:11.075000+00:00,,2026-08-07T12:30:11.075000+00:00,,5,Kumbukkan Oya,Nakkala,b8f2c1e2-9a54-4e10-b360-f0c01c98012c,7.5,6,1470051,0,0.57
2026-08-07T12:29:50.867000+00:00,,2026-08-07T12:29:50.867000+00:00,,4.5,Heda Oya,Siyambalanduwa,b059f02c-5225-4221-9207-5810e48d0752,7,6,1470050,0,0.16
2026-08-07T11:52:16.192000+00:00,,2026-08-07T11:52:16.192000+00:00,,3.3,Aththanagalu Oya,Dunamale,884c1007-d627-4375-9686-ffb77bdc55d7,5.5,4.4,1470049,0,0.63
2026-08-07T11:50:32.958000+00:00,,2026-08-07T11:50:32.958000+00:00,,1.4,Nilwala Ganga,Thalgahagoda,a25cb170-bdd0-48b1-b40b-a9907d4ff8fc,2.8,1.7,1470048,0,0.28
2026-08-07T11:46:02.681000+00:00,,2026-08-07T11:46:02.681000+00:00,,4,Kalu Ganga,Magura,101d7f5e-c83f-4afa-a483-4cfe35f0eb92,7.5,6,1470047,0,1.73
2026-08-07T11:41:40.160000+00:00,,2026-08-07T11:41:40.160000+00:00,,2.5,Nilwala Ganga,Urawa,6ea0cabf-0736-41db-8885-da7ad7cd8d1c,6,4,1470046,0,0.13
2026-08-07T11:41:08.403000+00:00,,2026-08-07T11:41:08.403000+00:00,,4,Nilwala Ganga,Pitabeddara,04a9d4d8-9323-43fa-87fc-57168b835958,6.5,5,1470045,0,0.5
2026-08-07T11:38:38.850000+00:00,,2026-08-07T11:38:38.850000+00:00,,4,Kelani Ganga,Nagalagam Street,8812c3d7-e55c-47bd-9e96-4a40198d0ee1,7,5,1470044,,1.4
2026-08-07T11:38:22.632000+00:00,,2026-08-07T11:38:22.632000+00:00,,4.84,Mee Oya,Galgamuwa,1ffe3534-7696-43ff-84ac-4acccd4611f1,8,5.94,1470043,0,0.01
2026-08-07T11:38:20.239000+00:00,,2026-08-07T11:38:20.239000+00:00,,3,Mahaweli Ganga,Thaldena,16d42d0a-58d9-4361-99d9-975eb3c4833d,5,4,1470042,0,0.14
2026-08-07T11:38:15.180000+00:00,,2026-08-07T11:38:15.180000+00:00,,4,Menik Ganga,Katharagama,f6a8bfc5-ee21-4281-bd4a-2cc79034454a,6.5,4.6,1470041,0,-0.21
2026-08-07T11:36:36.388000+00:00,,2026-08-07T11:36:36.388000+00:00,,1.5,Kelani Ganga,Norwood,2cad3cdf-8e36-4bfe-b671-7d521558f399,4.5,3,1470040,0,1.05
2026-08-07T11:36:29.134000+00:00,,2026-08-07T11:36:29.134000+00:00,,3,Walawe Ganga,Moraketiya,e37be893-188f-469d-a89d-967711441171,7,5,1470039,0,0.73
2026-08-07T11:36:05.381000+00:00,,2026-08-07T11:36:05.381000+00:00,,4.5,Heda Oya,Siyambalanduwa,4be7effe-4410-43a9-9bfe-e553944d17b3,7,6,1470038,0,0.16
2026-08-07T11:36:03.942000+00:00,,2026-08-07T11:36:03.942000+00:00,,5,Mahaweli Ganga,Peradeniya,04cdcd23-794c-4a64-8002-dc0b9486fa3f,9,7,1470037,0,3.98
2026-08-07T11:35:50.182000+00:00,,2026-08-07T11:35:50.182000+00:00,,,Gal Oya,Ampara,48b07437-f253-4b26-834e-c973b8d29581,,,1470036,0,0
2026-08-07T11:34:45.298000+00:00,,2026-08-07T11:34:45.298000+00:00,,4,Gin Ganga,Thawalama,ff092a08-0e81-49e2-8aa9-56e8cd37a9f7,7.5,6,1470035,0,1.68
2026-08-07T11:34:18.201000+00:00,,2026-08-07T11:34:18.201000+00:00,,5,Nilwala Ganga,Panadugama,2512cbf0-bcac-479d-b22e-9acc0e65d891,7.5,6,1470034,0,2.44
2026-08-07T11:34:13.791000+00:00,,2026-08-07T11:34:13.791000+00:00,,5,Kalu Ganga,Kalawellawa (Millakanda),6df0e3eb-fa67-4522-adbc-a7bb7efeedae,8,6.5,1470033,0,2.79
2026-08-07T11:34:06.982000+00:00,,2026-08-07T11:34:06.982000+00:00,,3,Kelani Ganga,Holombuwa,eb2d3b40-8650-4d53-b007-0213568e3c61,5,3.4,1470032,0,0.59
2026-08-07T11:33:35.605000+00:00,,2026-08-07T11:33:35.605000+00:00,,15,Kelani Ganga,Glencourse,72c782e6-d678-49fe-a2a6-29b64b1fa390,19,15.5,1470031,0,11.1
2026-08-07T11:33:28.693000+00:00,,2026-08-07T11:33:28.693000+00:00,,4,Maduru Oya,Padiyathalawa,78284617-cf48-48cc-9804-506867b97335,6,4.5,1470030,0,0.09
2026-08-07T11:33:19.242000+00:00,,2026-08-07T11:33:19.242000+00:00,,3,Mahaweli Ganga,Manampitiya,e3ec761e-e4fd-409c-8d8a-26c882aae32f,6,4.3,1470029,0,-0.1
2026-08-07T11:33:06.647000+00:00,,2026-08-07T11:33:06.647000+00:00,,6.9,Kirindi Oya,Kuda Oya,58619967-3493-4ae9-a0c7-dcf21c14798f,8.8,8.4,1470028,0,0.93
2026-08-07T11:32:52.051000+00:00,,2026-08-07T11:32:52.051000+00:00,,4.4,Kirindi Oya,Wellawaya,6617d1c9-61dc-4453-a203-19fc57ec78ae,5.9,5.4,1470027,0,0.86
2026-08-07T11:32:42.881000+00:00,,2026-08-07T11:32:42.881000+00:00,,5,Mahaweli Ganga,Weraganthota,69925fb0-0560-4fde-9ba3-126acb499105,8,6,1470026,0,-3.45
2026-08-07T11:32:42.581000+00:00,,2026-08-07T11:32:42.581000+00:00,,3.5,Gin Ganga,Baddegama,62761470-eb6d-4375-a469-cf5893dd4de8,5,4,1470025,0,1.34
2026-08-07T11:32:40.004000+00:00,,2026-08-07T11:32:40.004000+00:00,,4.8,Kelani Ganga,Deraniyagala,9b5858a8-5a45-4df2-be20-5396625dc56a,7,5.8,1470024,0,1.29
2026-08-07T11:32:34.099000+00:00,,2026-08-07T21:15:49.293000+00:00,irrigationgis,6.5,Kelani Ganga,Hanwella,9955c710-cfcd-4164-8341-3f8ee65e3bab,9.5,7.5,1470023,0,2.75
2026-08-07T11:32:22.306000+00:00,,2026-08-07T11:32:22.306000+00:00,,10,Kalu Ganga,Ellagawa,eb1799a5-6908-49c7-b784-4e6a0159e16a,12.2,10.7,1470022,0,5.7
2026-08-07T11:32:22.029000+00:00,,2026-08-07T11:32:22.029000+00:00,,5.2,Kalu Ganga,Rathnapura,cfcb92a9-0c57-4d53-9fab-016026201504,9.5,7.5,1470021,0,1.9
2026-08-07T11:32:14.742000+00:00,,2026-08-07T11:32:14.742000+00:00,,4,Kirindi Oya,Thanamalwila,e5ad74c1-7840-4fdc-a63b-1f6e8e3084e6,5.5,5,1470020,0,0.54
2026-08-07T11:32:10.285000+00:00,,2026-08-07T11:32:10.285000+00:00,,3.5,Mahaweli Ganga,Nawalapitiya,e070f0c8-ef9f-4c84-ae78-ca06b71a2186,6,5,1470019,0,2.2
2026-08-07T11:32:09.048000+00:00,,2026-08-07T11:32:09.048000+00:00,,5,Maha Oya,Badalgama,d22d58e9-b363-4846-995a-b18df02a6270,9.6,6.2,1470018,0,2.22
2026-08-07T11:32:01.356000+00:00,,2026-08-07T11:32:01.356000+00:00,,5.5,Maha Oya,Giriulla,be942054-92df-40ad-bbb2-c05ddcfa4b1c,7.5,6.5,1470017,0,1.11
2026-08-07T11:31:56.695000+00:00,,2026-08-07T11:31:56.695000+00:00,,3,Kalu Ganga,Putupaula,3be1aadd-887d-400f-9e49-fc3765333c3d,5,4,1470016,0,0.7
2026-08-07T11:31:51.073000+00:00,,2026-08-07T11:31:51.073000+00:00,,3,Kelani Ganga,Kithulgala,cad78c81-6b63-43f2-8a9f-f73a016a4cab,6,4,1470015,0,2.37
2026-08-07T11:31:48.975000+00:00,,2026-08-07T11:31:48.975000+00:00,,5.2,Kalu Ganga,Rathnapura,0a59deb3-450d-4721-aa56-36a406e460eb,9.5,7.5,1470014,0,1.9
2026-08-07T11:31:45.794000+00:00,,2026-08-07T11:31:45.794000+00:00,,4,Ma Oya,Yaka Wewa,844dd4a4-88f1-4465-8176-1187c00e2432,6,5,1470013,0,0.41
2026-08-07T11:31:27.426000+00:00,,2026-08-07T11:31:27.426000+00:00,,4.75,Deduru Oya,Moragaswewa,6ac31182-eaf6-4783-ab8b-5e6a1709ab04,7,6,1470012,0,0
2026-08-07T11:30:58.749000+00:00,,2026-08-07T11:30:58.749000+00:00,,6,Yan Oya,Horowpothana,e89b2e18-8d25-41e9-a752-67cbda77b720,10.5,7.5,1470011,0,1.7
2026-08-07T11:30:35.069000+00:00,,2026-08-07T11:30:35.069000+00:00,,5,Malwathu Oya,Thanthirimale,83d229fd-db6b-4831-bb8b-979ad5c290b0,7.8,6.8,1470010,0,0.71
2026-08-07T11:30:15.389000+00:00,,2026-08-07T11:30:15.389000+00:00,,5,Kumbukkan Oya,Nakkala,19b6e349-495d-4dc3-bec4-6c29a36eaccd,7.5,6,1470009,0,0.57
2026-08-07T10:56:12.053000+00:00,,2026-08-07T10:56:12.053000+00:00,,4,Maduru Oya,Padiyathalawa,e9579603-1bec-4471-ae3d-460f3fa7acd1,6,4.5,1470008,0,0.09
2026-08-07T10:52:33.770000+00:00,,2026-08-07T10:52:33.770000+00:00,,3.5,Gin Ganga,Baddegama,ab08a1a0-48fd-4edf-9200-07ac1e654c62,5,4,1470007,0,1.3
2026-08-07T10:48:57.027000+00:00,,2026-08-07T10:48:57.027000+00:00,,5.2,Kalu Ganga,Rathnapura,e32ac0c3-96c6-47f2-92c0-0278271a4997,9.5,7.5,1470006,0,1.93
2026-08-07T10:47:50.587000+00:00,,2026-08-07T10:47:50.587000+00:00,,5.2,Kalu Ganga,Rathnapura,5438fa04-d6bb-4b75-99ab-b8e2a4c20c2c,9.5,7.5,1470005,0,1.93
2026-08-07T10:46:50.936000+00:00,,2026-08-07T10:46:50.936000+00:00,,5.2,Kalu Ganga,Rathnapura,ad39c6fe-ae0d-4962-8c7e-236e9fb30f1f,9.5,7.5,1470004,0,2.92
2026-08-07T10:43:53.817000+00:00,,2026-08-07T10:43:53.817000+00:00,,4,Kalu Ganga,Magura,79ebeb9b-b802-4fee-a4a0-da9af710b68b,7.5,6,1470003,0,1.76
2026-08-07T10:41:15.940000+00:00,,2026-08-07T21:15:49.293000+00:00,irrigationgis,6.5,Kelani Ganga,Hanwella,11d3208f-a194-47dd-938f-42911fe35984,9.5,7.5,1470002,0,2.78
2026-08-07T10:40:01.065000+00:00,,2026-08-07T10:40:01.065000+00:00,,1.4,Nilwala Ganga,Thalgahagoda,540ca13f-0740-4e12-a7d4-87b04122da73,2.8,1.7,1470001,0,0.28
2026-08-07T10:37:42.082000+00:00,,2026-08-07T10:37:42.082000+00:00,,4,Nilwala Ganga,Pitabeddara,7e2c98d4-c1c5-4b79-9e5e-99e3c0295094,6.5,5,1470000,0,0.5
2026-08-07T10:37:37.796000+00:00,,2026-08-07T10:37:37.796000+00:00,,4,Ma Oya,Yaka Wewa,dda3220c-a07c-423f-bada-a201dd6e6a61,6,5,1469999,0,0.41
2026-08-07T10:37:11.842000+00:00,,2026-08-07T10:37:11.842000+00:00,,5.2,Kalu Ganga,Rathnapura,d4c3ed50-a99f-4df0-94a0-05308a124263,9.5,7.5,1469998,0,2.93
2026-08-07T10:36:59.078000+00:00,,2026-08-07T10:36:59.078000+00:00,,5,Mahaweli Ganga,Peradeniya,c23e5433-e4ac-4ca7-8e28-fefc519bbc52,9,7,1469997,0,3.98
2026-08-07T10:36:03.641000+00:00,,2026-08-07T10:36:03.641000+00:00,,4,Maduru Oya,Padiyathalawa,20468a8f-bf2e-4284-8d1a-e69d10a42441,6,4.5,1469996,0,0.09
2026-08-07T10:35:43.070000+00:00,,2026-08-07T10:35:43.070000+00:00,,5,Maha Oya,Badalgama,fac99280-8001-4a2f-8bde-d4e9225e2d86,9.6,6.2,1469995,0,2.23
2026-08-07T10:35:04.384000+00:00,,2026-08-07T10:35:04.384000+00:00,,4,Kirindi Oya,Thanamalwila,2ad45a03-3d94-4d62-bf0c-39a5ad60589f,5.5,5,1469994,0,0.57
2026-08-07T10:35:01.944000+00:00,,2026-08-07T10:35:01.944000+00:00,,4,Gin Ganga,Thawalama,a9efa909-a248-4c09-bb6a-42bf7715eb11,7.5,6,1469993,0,1.67
2026-08-07T10:35:01.261000+00:00,,2026-08-07T10:35:01.261000+00:00,,1.5,Kelani Ganga,Norwood,45efc8c3-10ae-47ca-a5a8-a440b12a08f7,4.5,3,1469992,0,1.06
2026-08-07T10:35:01.112000+00:00,,2026-08-07T10:35:01.112000+00:00,,3.3,Aththanagalu Oya,Dunamale,e15c14fc-1aa4-4cb6-ac54-1a9467165953,5.5,4.4,1469991,0,0.63
2026-08-07T10:34:53.800000+00:00,,2026-08-07T10:34:53.800000+00:00,,4.5,Heda Oya,Siyambalanduwa,601343ab-14a0-4e25-b882-3d94c8d40b17,7,6,1469990,0,0.16
2026-08-07T10:34:40.832000+00:00,,2026-08-07T10:34:40.832000+00:00,,2.5,Nilwala Ganga,Urawa,df7e831b-0225-4d37-99bd-0ea248f6d68e,6,4,1469989,0,0.14
2026-08-07T10:33:52.838000+00:00,,2026-08-07T10:33:52.838000+00:00,,5.5,Maha Oya,Giriulla,73a8e471-75e7-40d5-bf14-f45c3551dbdf,7.5,6.5,1469988,0,1.11
2026-08-07T10:33:49.398000+00:00,,2026-08-07T10:33:49.398000+00:00,,5,Kalu Ganga,Kalawellawa (Millakanda),cb85299c-e5fd-4f99-a000-8480ee80f2bd,8,6.5,1469987,0,2.76
2026-08-07T10:33:49.286000+00:00,,2026-08-07T10:33:49.286000+00:00,,3,Kelani Ganga,Kithulgala,c473bb19-3363-42b7-97ae-31499d4669a4,6,4,1469986,0,2.41
2026-08-07T10:33:40.790000+00:00,,2026-08-07T10:33:40.790000+00:00,,15,Kelani Ganga,Glencourse,3e97b77b-3d90-4abc-afcf-108fa9b0d837,19,15.5,1469985,0,11.14
2026-08-07T10:33:18.396000+00:00,,2026-08-07T21:15:49.293000+00:00,irrigationgis,6.5,Kelani Ganga,Hanwella,7b7f4425-8a37-4cc9-b793-c4e2822a06ed,9.5,7.5,1469984,0,2.78
2026-08-07T10:33:13.270000+00:00,,2026-08-07T10:33:13.270000+00:00,,4,Kelani Ganga,Nagalagam Street,e35411ea-2c5d-474d-a669-29f9f865a39d,7,5,1469983,,1.5
2026-08-07T10:33:11.726000+00:00,,2026-08-07T10:33:11.726000+00:00,,4.8,Kelani Ganga,Deraniyagala,1dbd1248-e944-468a-9cf1-92a43ef0e7a3,7,5.8,1469982,0.7,1.19
2026-08-07T10:33:01.840000+00:00,,2026-08-07T10:33:01.840000+00:00,,4,Menik Ganga,Katharagama,d6b72348-7de0-4b35-841e-97f8b088a43a,6.5,4.6,1469981,0,-0.21
2026-08-07T10:32:25.730000+00:00,,2026-08-07T10:32:25.730000+00:00,,4.4,Kirindi Oya,Wellawaya,1d5dfb1c-9fee-41a9-9a85-515959c1d491,5.9,5.4,1469980,0,0.86
2026-08-07T10:32:23.413000+00:00,,2026-08-07T10:32:23.413000+00:00,,3.5,Mahaweli Ganga,Nawalapitiya,4178d442-d673-42ec-800e-e9c4a0c4c50c,6,5,1469979,0.3,2.22
2026-08-07T10:32:10.540000+00:00,,2026-08-07T10:32:10.540000+00:00,,3,Mahaweli Ganga,Manampitiya,289537a1-20f1-4d1f-8ca6-bc09673bc6bb,6,4.3,1469978,0,-0.12
2026-08-07T10:32:02.032000+00:00,,2026-08-07T10:32:02.032000+00:00,,10,Kalu Ganga,Ellagawa,610ba29e-47c1-4cc1-8cf9-4e0016c416c7,12.2,10.7,1469977,0,5.74
2026-08-07T10:31:39.860000+00:00,,2026-08-07T10:31:39.860000+00:00,,6.9,Kirindi Oya,Kuda Oya,89a488a2-4d77-4b7b-90bb-a30a116daa83,8.8,8.4,1469976,0,0.93
2026-08-07T10:31:27.269000+00:00,,2026-08-07T10:31:27.269000+00:00,,3,Kelani Ganga,Holombuwa,ae9ba5ac-f9ed-4bac-9d8b-065902f03745,5,3.4,1469975,0,0.59
2026-08-07T10:31:22.946000+00:00,,2026-08-07T10:31:22.946000+00:00,,3,Kalu Ganga,Putupaula,0b495e48-98a4-4738-8d1a-1502192e2619,5,4,1469974,0,0.71
2026-08-07T10:31:09.514000+00:00,,2026-08-07T10:31:09.514000+00:00,,5,Nilwala Ganga,Panadugama,6156997b-88e7-43af-991e-933054ff75fb,7.5,6,1469973,0,2.43
2026-08-07T10:31:08.486000+00:00,,2026-08-07T10:31:08.486000+00:00,,,Gal Oya,Ampara,e6b55825-24e7-4370-9c87-da1545b509ce,,,1469972,0,0
2026-08-07T10:31:07.972000+00:00,,2026-08-07T10:31:07.972000+00:00,,3,Mahaweli Ganga,Thaldena,17e323e6-987b-4142-9032-18ec7e803918,5,4,1469971,0,0.14
2026-08-07T10:31:02.662000+00:00,,2026-08-07T10:31:02.662000+00:00,,4.75,Deduru Oya,Moragaswewa,c7933fec-d7dc-4c70-994e-ade3276d5215,7,6,1469970,0,0
2026-08-07T10:30:54.090000+00:00,,2026-08-07T10:30:54.090000+00:00,,5,Mahaweli Ganga,Weraganthota,70e20313-3cfb-4f66-baad-a825f1b9cfd2,8,6,1469969,0,-3.4
2026-08-07T10:30:47.753000+00:00,,2026-08-07T10:30:47.753000+00:00,,6,Yan Oya,Horowpothana,62a3f056-6d33-4706-b85d-c75d15d994e8,10.5,7.5,1469968,0,1.7
2026-08-07T10:30:28.408000+00:00,,2026-08-07T10:30:28.408000+00:00,,5,Malwathu Oya,Thanthirimale,cad24163-e752-4118-9dc1-d4ea77c026fe,7.8,6.8,1469967,0,0.72
2026-08-07T10:30:28.374000+00:00,,2026-08-07T10:30:28.374000+00:00,,3,Walawe Ganga,Moraketiya,23948919-afe5-4e5e-ba07-d998e731adb5,7,5,1469966,0,0.74
2026-08-07T10:30:12.084000+00:00,,2026-08-07T10:30:12.084000+00:00,,5,Kumbukkan Oya,Nakkala,ace7b3a4-07e7-4d6a-a65b-2a92be577819,7.5,6,1469965,0,0.57
2026-08-07T10:30:11.622000+00:00,,2026-08-07T10:30:11.622000+00:00,,4.84,Mee Oya,Galgamuwa,632d524d-77f2-41c2-839d-076a62988e2e,8,5.94,1469964,0,0.01
2026-08-07T09:42:00.558000+00:00,,2026-08-07T09:42:00.558000+00:00,,2.5,Nilwala Ganga,Urawa,7b028d85-86a9-46ff-b766-a2386ee2e058,6,4,1469963,0,0.14
2026-08-07T09:41:28.221000+00:00,,2026-08-07T09:41:28.221000+00:00,,4.75,Deduru Oya,Moragaswewa,54666631-bc72-42b4-9f4f-cfe541997d2c,7,6,1469962,0,-0.01
2026-08-07T09:39:42.370000+00:00,,2026-08-07T09:39:42.370000+00:00,,4,Kelani Ganga,Nagalagam Street,4b3dede6-4db2-4fc1-ba8d-a5836cae6176,7,5,1469961,,1.5
2026-08-07T09:38:01.309000+00:00,,2026-08-07T09:38:01.309000+00:00,,3.3,Aththanagalu Oya,Dunamale,dac6d959-2e79-4136-b763-074d4c50e3a4,5.5,4.4,1469960,0,0.62
2026-08-07T09:37:37.209000+00:00,,2026-08-07T09:37:37.209000+00:00,,3,Kalu Ganga,Putupaula,11babef2-5aa2-453d-a09c-fdc4329fe709,5,4,1469959,0,0.71
2026-08-07T09:37:34.039000+00:00,,2026-08-07T09:37:34.039000+00:00,,3,Kelani Ganga,Holombuwa,c4516e6d-e779-462a-80aa-f0ebed95b35e,5,3.4,1469958,0,0.57
2026-08-07T09:36:07.532000+00:00,,2026-08-07T09:36:07.532000+00:00,,4,Kirindi Oya,Thanamalwila,62284d5a-d0d1-4302-a60f-8aa51529a7ae,5.5,5,1469957,0,0.63
2026-08-07T09:36:00.965000+00:00,,2026-08-07T09:36:00.965000+00:00,,5,Kumbukkan Oya,Nakkala,bff43c6a-1197-45ba-9ae2-a93ce0759534,7.5,6,1469956,0,0.57
2026-08-07T09:35:42.227000+00:00,,2026-08-07T09:35:42.227000+00:00,,5,Nilwala Ganga,Panadugama,818e0673-ea19-4151-b656-c2b6567fccfe,7.5,6,1469955,0,2.42
2026-08-07T09:35:32.211000+00:00,,2026-08-07T09:35:32.211000+00:00,,1.5,Kelani Ganga,Norwood,d587d9f0-2312-45b8-b90e-b1ebab2d08e7,4.5,3,1469954,0.5,1.07
2026-08-07T09:34:59.911000+00:00,,2026-08-07T09:34:59.911000+00:00,,15,Kelani Ganga,Glencourse,b45b135f-4f09-47b1-8b13-5679c534a619,19,15.5,1469953,0,11.17
2026-08-07T09:34:20.375000+00:00,,2026-08-07T21:15:49.293000+00:00,irrigationgis,6.5,Kelani Ganga,Hanwella,92cc0ed8-6b4b-4a83-9bba-340e3c492654,9.5,7.5,1469952,0,2.81
2026-08-07T09:34:09.581000+00:00,,2026-08-07T09:34:09.581000+00:00,,3,Walawe Ganga,Moraketiya,0e388fcc-8057-4fbb-8dc3-72ecbb7df225,7,5,1469951,0,0.75
2026-08-07T09:34:03.240000+00:00,,2026-08-07T09:34:03.240000+00:00,,5,Kalu Ganga,Kalawellawa (Millakanda),336f357c-68f9-4368-943d-338d0c1b6fcf,8,6.5,1469950,0,2.71
2026-08-07T09:33:40.544000+00:00,,2026-08-07T09:33:40.544000+00:00,,4.84,Mee Oya,Galgamuwa,aafe4691-2352-41f8-a7a3-42ee134c3dba,8,5.94,1469949,0,0.01
2026-08-07T09:33:21.963000+00:00,,2026-08-07T09:33:21.963000+00:00,,4.8,Kelani Ganga,Deraniyagala,b38c025d-9dc5-4adf-bcbd-af466e6db3f3,7,5.8,1469948,0,1.15
2026-08-07T09:33:09.250000+00:00,,2026-08-07T09:33:09.250000+00:00,,5,Maha Oya,Badalgama,27414f79-e912-4126-a1f4-be0fc2111234,9.6,6.2,1469947,0,2.24
2026-08-07T09:32:58.867000+00:00,,2026-08-07T09:32:58.867000+00:00,,5.5,Maha Oya,Giriulla,67d564ea-1237-4763-99e4-377030bcda52,7.5,6.5,1469946,0,1.11
2026-08-07T09:32:56.603000+00:00,,2026-08-07T09:32:56.603000+00:00,,10,Kalu Ganga,Ellagawa,5100d4be-bdf0-4113-ac5c-f53e0942bc81,12.2,10.7,1469945,0,5.76
2026-08-07T09:32:54.029000+00:00,,2026-08-07T09:32:54.029000+00:00,,4,Kalu Ganga,Magura,9447e9a3-ed2f-4e7d-8aef-4e2a3ccbe8c8,7.5,6,1469944,0,1.76
2026-08-07T09:32:36.037000+00:00,,2026-08-07T09:32:36.037000+00:00,,3.5,Gin Ganga,Baddegama,55158c19-8230-4485-bfd7-7968d942fb50,5,4,1469943,0,1.28
2026-08-07T09:32:25.209000+00:00,,2026-08-07T09:32:25.209000+00:00,,4,Gin Ganga,Thawalama,31b644f1-24e9-4e60-ad71-94271c867ef3,7.5,6,1469942,0,1.69
2026-08-07T09:32:24.767000+00:00,,2026-08-07T09:32:24.767000+00:00,,3,Mahaweli Ganga,Manampitiya,ac23693d-cafa-4a12-baa1-8335179ee78e,6,4.3,1469941,0,-0.13
2026-08-07T09:32:23.217000+00:00,,2026-08-07T09:32:23.217000+00:00,,3,Kelani Ganga,Kithulgala,d136b2cc-fe50-46de-a6b0-30d06d84a143,6,4,1469940,0,2.53
2026-08-07T09:32:21.474000+00:00,,2026-08-07T09:32:21.474000+00:00,,4.4,Kirindi Oya,Wellawaya,780010a7-2de8-4bc9-b0bf-07b6bcde095b,5.9,5.4,1469939,0,0.86
2026-08-07T09:32:17.292000+00:00,,2026-08-07T09:32:17.292000+00:00,,4.5,Heda Oya,Siyambalanduwa,4a0af115-e646-4906-a4c7-cb95b2a1f127,7,6,1469938,0,0.16
2026-08-07T09:32:06.516000+00:00,,2026-08-07T09:32:06.516000+00:00,,4,Menik Ganga,Katharagama,6708c940-c53b-4abf-bdc1-7bf2fca085c3,6.5,4.6,1469937,0,-0.21
2026-08-07T09:31:48.548000+00:00,,2026-08-07T09:31:48.548000+00:00,,3.5,Mahaweli Ganga,Nawalapitiya,68e5559a-7ccb-40bf-b46d-03e8a5a21485,6,5,1469936,0.3,2.23
2026-08-07T09:31:33.979000+00:00,,2026-08-07T09:31:33.979000+00:00,,4,Ma Oya,Yaka Wewa,ccdbdbc1-eef4-46e9-85a4-ee5a656bc062,6,5,1469935,0,0.42
2026-08-07T09:31:23.472000+00:00,,2026-08-07T09:31:23.472000+00:00,,3,Mahaweli Ganga,Thaldena,05452372-0d5b-4c8e-bed4-684a1214d491,5,4,1469934,0,0.15
2026-08-07T09:31:23.377000+00:00,,2026-08-07T09:31:23.377000+00:00,,5.2,Kalu Ganga,Rathnapura,9d0935d6-9ae9-4d53-bcde-f50f37c2398e,9.5,7.5,1469933,0,1.96
2026-08-07T09:31:17.860000+00:00,,2026-08-07T09:31:17.860000+00:00,,5,Mahaweli Ganga,Weraganthota,af460d6b-531b-4621-8d94-e801f093001c,8,6,1469932,0,-3.45
2026-08-07T09:31:12.880000+00:00,,2026-08-07T09:31:12.880000+00:00,,5,Mahaweli Ganga,Peradeniya,eda3d7d8-eb8c-459e-8256-b531ab1c1cc6,9,7,1469931,0,4.05
2026-08-07T09:31:07.772000+00:00,,2026-08-07T09:31:07.772000+00:00,,4,Nilwala Ganga,Pitabeddara,05b997a6-f922-400f-a2c8-a49275a34d41,6.5,5,1469930,0,0.5
2026-08-07T09:31:04.897000+00:00,,2026-08-07T09:31:04.897000+00:00,,,Gal Oya,Ampara,5eaeb6dc-c3d6-4e46-a838-79afcecddedf,,,1469929,0,0
2026-08-07T09:31:04.260000+00:00,,2026-08-07T09:31:04.260000+00:00,,5,Malwathu Oya,Thanthirimale,2f73b877-708c-4d50-8033-539c50f6c832,7.8,6.8,1469928,0,0.72
2026-08-07T09:30:48.055000+00:00,,2026-08-07T09:30:48.055000+00:00,,6.9,Kirindi Oya,Kuda Oya,00883839-1eff-44d7-b5cf-e0a0267e0d78,8.8,8.4,1469927,0,0.94
2026-08-07T09:30:35.219000+00:00,,2026-08-07T09:30:35.219000+00:00,,1.4,Nilwala Ganga,Thalgahagoda,98c6caaf-1bf6-4dd2-9d8b-83c1beb325ac,2.8,1.7,1469926,0,0.3
2026-08-07T09:28:11.195000+00:00,,2026-08-07T09:28:11.195000+00:00,,6,Yan Oya,Horowpothana,bf1372b5-7aa5-4d15-bc64-f702eb12bb52,10.5,7.5,1469925,0,1.69
2026-08-07T09:25:34.640000+00:00,,2026-08-07T09:25:34.640000+00:00,,5,Nilwala Ganga,Panadugama,61dbe019-969e-41fe-94ed-8373400187e3,7.5,6,1469924,0,2.41
2026-08-07T08:49:41.173000+00:00,,2026-08-07T08:49:41.173000+00:00,,4.5,Heda Oya,Siyambalanduwa,f90b10c1-d100-4d9b-ba97-eb856cd9f74b,7,6,1469923,0,0.17
2026-08-07T08:44:59.665000+00:00,,2026-08-07T08:44:59.665000+00:00,,1.4,Nilwala Ganga,Thalgahagoda,a1b179e0-4a79-4d9f-8fbf-bdd7f56a14a6,2.8,1.7,1469922,0,0.3
2026-08-07T08:44:42.951000+00:00,,2026-08-07T08:44:42.951000+00:00,,4,Kalu Ganga,Magura,c3297677-33aa-4566-9346-ed9fde30af5a,7.5,6,1469921,0,1.77
2026-08-07T08:42:14.588000+00:00,,2026-08-07T08:42:14.588000+00:00,,4,Maduru Oya,Padiyathalawa,c541da18-f727-439f-9ac9-2bf5fb4f2fe2,6,4.5,1469920,0,0.09
2026-08-07T08:38:44.326000+00:00,,2026-08-07T08:38:44.326000+00:00,,3,Mahaweli Ganga,Thaldena,78979ca7-87da-4368-b7dd-2967da169390,5,4,1469919,0,0.15
2026-08-07T08:37:50.100000+00:00,,2026-08-07T08:37:50.100000+00:00,,1.5,Kelani Ganga,Norwood,58a06164-5bc7-4b93-aff5-b513b2ce3c30,4.5,3,1469918,2.8,1.06
2026-08-07T08:36:43.950000+00:00,,2026-08-07T08:36:43.950000+00:00,,3,Kelani Ganga,Holombuwa,a97a2ddf-43fe-412b-a1e4-b8a09e2d4a93,5,3.4,1469917,0,0.52
2026-08-07T08:36:43.113000+00:00,,2026-08-07T08:36:43.113000+00:00,,4.84,Mee Oya,Galgamuwa,1ca858fd-3f7d-42e8-a023-6b840ec26c3c,8,5.94,1469916,0,0.01
2026-08-07T08:35:56.803000+00:00,,2026-08-07T08:35:56.803000+00:00,,10,Kalu Ganga,Ellagawa,49cc0d8a-a495-4a54-b8fd-9fcbb780d0e8,12.2,10.7,1469915,0,5.8
2026-08-07T08:35:55.623000+00:00,,2026-08-07T08:35:55.623000+00:00,,5.2,Kalu Ganga,Rathnapura,c47af9f8-9bd9-40c6-865a-801db991609f,9.5,7.5,1469914,0,1.99
2026-08-07T08:35:53.066000+00:00,,2026-08-07T08:35:53.066000+00:00,,4,Nilwala Ganga,Pitabeddara,d966712c-cbc7-4a7a-a908-fac887df1ef1,6.5,5,1469913,0,0.5
2026-08-07T08:35:27.267000+00:00,,2026-08-07T08:35:27.267000+00:00,,2.5,Nilwala Ganga,Urawa,45461f77-f29b-4ddc-a243-ebb1dfdc61f7,6,4,1469912,0,0.14
2026-08-07T08:34:47.712000+00:00,,2026-08-07T08:34:47.712000+00:00,,5,Mahaweli Ganga,Peradeniya,c362aa8f-3d68-4edc-a0b9-83b97ab57871,9,7,1469911,0,4.1
2026-08-07T08:34:40.535000+00:00,,2026-08-07T08:34:40.535000+00:00,,3,Kalu Ganga,Putupaula,56e76c38-eaf0-4bcf-8544-ce92fffa95ea,5,4,1469910,0,0.73
2026-08-07T08:34:24.227000+00:00,,2026-08-07T08:34:24.227000+00:00,,15,Kelani Ganga,Glencourse,897757cd-b81f-4b67-8c01-e19ee253b0ae,19,15.5,1469909,0,11.18
2026-08-07T08:34:21.389000+00:00,,2026-08-07T08:34:21.389000+00:00,,3,Walawe Ganga,Moraketiya,277efcf2-fdea-4dd3-b8df-8ca47d645323,7,5,1469908,0,0.75
2026-08-07T08:34:03.641000+00:00,,2026-08-07T08:34:03.641000+00:00,,3,Mahaweli Ganga,Manampitiya,c132a7ce-8bc0-462b-975f-767445e77f37,6,4.3,1469907,0,-0.13
2026-08-07T08:33:51.656000+00:00,,2026-08-07T08:33:51.656000+00:00,,4,Menik Ganga,Katharagama,86435853-d3ad-4c1b-b64b-f31c17c35108,6.5,4.6,1469906,0,-0.21
2026-08-07T08:33:37.639000+00:00,,2026-08-07T08:33:37.639000+00:00,,4,Kelani Ganga,Nagalagam Street,95fbd5b3-b6db-4991-849e-97e26372c9cb,7,5,1469905,,1.4
2026-08-07T08:33:30.701000+00:00,,2026-08-07T08:33:30.701000+00:00,,3.5,Mahaweli Ganga,Nawalapitiya,c11a0798-76d8-451b-af9f-e2f205b39a77,6,5,1469904,0.7,2.23
2026-08-07T08:33:26.063000+00:00,,2026-08-07T08:33:26.063000+00:00,,6.9,Kirindi Oya,Kuda Oya,f47118b8-4e87-47e1-8073-e2965e2bf12b,8.8,8.4,1469903,0,0.94
2026-08-07T08:33:19.354000+00:00,,2026-08-07T21:15:49.293000+00:00,irrigationgis,6.5,Kelani Ganga,Hanwella,7ae8437c-d65a-46e7-a3ec-84cd61e6faeb,9.5,7.5,1469902,0,2.85
2026-08-07T08:32:58.117000+00:00,,2026-08-07T08:32:58.117000+00:00,,4.8,Kelani Ganga,Deraniyagala,d8270fe9-3460-4620-b85f-bf73f1bd9668,7,5.8,1469901,0,1.15
2026-08-07T08:32:54.801000+00:00,,2026-08-07T08:32:54.801000+00:00,,3,Kelani Ganga,Kithulgala,718ba479-784c-485c-af8f-34e70859ab36,6,4,1469900,0,2.49
2026-08-07T08:32:45.905000+00:00,,2026-08-07T08:32:45.905000+00:00,,5,Mahaweli Ganga,Weraganthota,13890409-70c0-4c42-8e6a-12c7e15dcc09,8,6,1469899,0,-3.45
2026-08-07T08:32:33.029000+00:00,,2026-08-07T08:32:33.029000+00:00,,4.4,Kirindi Oya,Wellawaya,e88d941a-0acc-4054-9330-4298eedc8e28,5.9,5.4,1469898,0,0.86
2026-08-07T08:32:28.522000+00:00,,2026-08-07T08:32:28.522000+00:00,,5,Kalu Ganga,Kalawellawa (Millakanda),352cd8bb-e556-44cc-b8eb-d04da3ccac70,8,6.5,1469897,0,2.68
2026-08-07T08:32:26.173000+00:00,,2026-08-07T08:32:26.173000+00:00,,5,Maha Oya,Badalgama,0104b379-2fe1-40dd-9f99-c915d89fbc0d,9.6,6.2,1469896,0,2.24
2026-08-07T08:32:23.888000+00:00,,2026-08-07T08:32:23.888000+00:00,,4,Gin Ganga,Thawalama,ba707238-20b1-4212-acbf-0859124f1215,7.5,6,1469895,0,1.76
2026-08-07T08:32:17.272000+00:00,,2026-08-07T08:32:17.272000+00:00,,4.75,Deduru Oya,Moragaswewa,15bca237-8b39-4da9-a04e-1c0786cf6e8b,7,6,1469894,0,-0.01
2026-08-07T08:31:54.511000+00:00,,2026-08-07T08:31:54.511000+00:00,,4,Kirindi Oya,Thanamalwila,5417ebbb-786e-4929-b2be-4de0b32ef2e9,5.5,5,1469893,0,0.74
2026-08-07T08:31:50.860000+00:00,,2026-08-07T08:31:50.860000+00:00,,3.5,Gin Ganga,Baddegama,3d5599c3-8674-4268-bc10-bb5d0fb4ed43,5,4,1469892,0,1.24
2026-08-07T08:31:48.604000+00:00,,2026-08-07T08:31:48.604000+00:00,,4,Ma Oya,Yaka Wewa,efc5db96-5cb0-4ab2-b171-9cb7099cb82d,6,5,1469891,0,0.42
2026-08-07T08:31:45.263000+00:00,,2026-08-07T08:31:45.263000+00:00,,5,Kumbukkan Oya,Nakkala,fc993f47-339d-412a-821e-74039f850b7d,7.5,6,1469890,0,0.57
2026-08-07T08:31:42.797000+00:00,,2026-08-07T08:31:42.797000+00:00,,,Gal Oya,Ampara,fe3ef3e7-27c2-47e4-91a0-d824260c6fcf,,,1469889,0,0
2026-08-07T08:31:17.702000+00:00,,2026-08-07T08:31:17.702000+00:00,,5.5,Maha Oya,Giriulla,304f5b73-b77c-496d-948f-72b0db5f7d74,7.5,6.5,1469888,0,1.12
2026-08-07T08:31:17.409000+00:00,,2026-08-07T08:31:17.409000+00:00,,3.3,Aththanagalu Oya,Dunamale,44c8ee96-67fc-4289-914a-f4d397b29489,5.5,4.4,1469887,0,0.6
2026-08-07T08:30:36.022000+00:00,,2026-08-07T08:30:36.022000+00:00,,5,Malwathu Oya,Thanthirimale,2c36b9ae-62c5-424d-ba42-f3beafe0f2ef,7.8,6.8,1469886,0,0.73
2026-08-07T08:30:21.938000+00:00,,2026-08-07T08:30:21.938000+00:00,,6,Yan Oya,Horowpothana,0f3fbb3e-2003-4abc-ba97-d836982ec2de,10.5,7.5,1469885,0,1.69
2026-08-07T07:40:49.379000+00:00,,2026-08-07T07:40:49.379000+00:00,,5,Nilwala Ganga,Panadugama,95843183-8122-4a92-9a11-878e6291359d,7.5,6,1469884,0,2.41
2026-08-07T07:39:14.565000+00:00,,2026-08-07T07:39:14.565000+00:00,,4,Kelani Ganga,Nagalagam Street,0eb1cf69-e11d-419d-85e9-a7560277dced,7,5,1469883,,1.4
2026-08-07T07:39:05.039000+00:00,,2026-08-07T07:39:05.039000+00:00,,4,Maduru Oya,Padiyathalawa,52274ca9-da2d-4831-afd3-1fc758677c70,6,4.5,1469882,0,0.09
2026-08-07T07:38:31.725000+00:00,,2026-08-07T07:38:31.725000+00:00,,4.84,Mee Oya,Galgamuwa,ff58c942-b288-4156-9a76-c503e479cfa4,8,5.94,1469881,0,0.02
2026-08-07T07:38:27.009000+00:00,,2026-08-07T07:38:27.009000+00:00,,4,Menik Ganga,Katharagama,7109d38d-0f89-42b7-acdd-e7fca99b393c,6.5,4.6,1469880,0,-0.21
2026-08-07T07:37:45.300000+00:00,,2026-08-07T07:37:45.300000+00:00,,4,Nilwala Ganga,Pitabeddara,0a9ab654-9333-4bef-98a1-b33005402ef8,6.5,5,1469879,0,0.51
2026-08-07T07:37:35.645000+00:00,,2026-08-07T07:37:35.645000+00:00,,3,Mahaweli Ganga,Thaldena,20165e00-da1f-4161-8a20-b4b2009956a2,5,4,1469878,0,0.12
2026-08-07T07:36:34.392000+00:00,,2026-08-07T07:36:34.392000+00:00,,4,Kalu Ganga,Magura,b1f94a80-3f0e-4bbc-82c2-91559e46670c,7.5,6,1469877,0,1.8
2026-08-07T07:36:28.288000+00:00,,2026-08-07T07:36:28.288000+00:00,,4,Kirindi Oya,Thanamalwila,d8def40c-89ae-4fe1-b3c5-c9d8fbb29e86,5.5,5,1469876,0,0.8
2026-08-07T07:36:10.927000+00:00,,2026-08-07T07:36:10.927000+00:00,,15,Kelani Ganga,Glencourse,3618de45-ae4f-4194-a9ae-304012fdf528,19,15.5,1469875,0,11.18
2026-08-07T07:35:42.180000+00:00,,2026-08-07T07:35:42.180000+00:00,,4.5,Heda Oya,Siyambalanduwa,377d21d8-6052-4386-b5ab-f984c95ebf3e,7,6,1469874,0,0.17
2026-08-07T07:35:04.618000+00:00,,2026-08-07T07:35:04.618000+00:00,,5.2,Kalu Ganga,Rathnapura,cc7a1646-5a1a-4538-bd79-adbcecb689f1,9.5,7.5,1469873,0,2.07
2026-08-07T07:34:59.329000+00:00,,2026-08-07T07:34:59.329000+00:00,,3,Kalu Ganga,Putupaula,3d43b787-a15a-40b1-892f-c7c08cfb436b,5,4,1469872,0,0.75
2026-08-07T07:34:16.460000+00:00,,2026-08-07T21:15:49.293000+00:00,irrigationgis,6.5,Kelani Ganga,Hanwella,000f64d0-dae0-4aeb-86a2-d0913d52dfdb,9.5,7.5,1469871,0,2.89
2026-08-07T07:34:13.564000+00:00,,2026-08-07T07:34:13.564000+00:00,,3,Kelani Ganga,Kithulgala,7dc58169-618e-4fc7-a5ca-d190f4bdbd84,6,4,1469870,1.1,2.53
2026-08-07T07:33:58.642000+00:00,,2026-08-07T07:33:58.642000+00:00,,6.9,Kirindi Oya,Kuda Oya,aed39846-838a-4c20-acc8-62d22691339f,8.8,8.4,1469869,0,0.94
2026-08-07T07:33:51.522000+00:00,,2026-08-07T07:33:51.522000+00:00,,5,Maha Oya,Badalgama,e7b6cd64-33b0-458d-a7af-5a949820df80,9.6,6.2,1469868,0,2.25
2026-08-07T07:33:41.857000+00:00,,2026-08-07T07:33:41.857000+00:00,,3.5,Gin Ganga,Baddegama,3479ba06-1905-460b-8afc-deeaf39ad308,5,4,1469867,0,1.21
2026-08-07T07:33:24.466000+00:00,,2026-08-07T07:33:24.466000+00:00,,3,Walawe Ganga,Moraketiya,db33e614-16cc-4e62-92f5-3b20f4bb96f5,7,5,1469866,0,0.75
2026-08-07T07:33:09.131000+00:00,,2026-08-07T07:33:09.131000+00:00,,2.5,Nilwala Ganga,Urawa,c16c1727-37de-4518-b449-495a7260e326,6,4,1469865,0,0.13
2026-08-07T07:32:48.719000+00:00,,2026-08-07T07:32:48.719000+00:00,,1.5,Kelani Ganga,Norwood,00775a2f-6b0e-496a-be09-0fe1c068c065,4.5,3,1469864,0,1.05
2026-08-07T07:32:47.873000+00:00,,2026-08-07T07:32:47.873000+00:00,,5.5,Maha Oya,Giriulla,f45a5d5a-002d-48de-ba0b-92362a02553d,7.5,6.5,1469863,0,1.12
2026-08-07T07:32:46.788000+00:00,,2026-08-07T07:32:46.788000+00:00,,4,Gin Ganga,Thawalama,60cbd20e-1dac-4f4c-a3f9-c563cf2d9f80,7.5,6,1469862,0,1.8
2026-08-07T07:32:36.845000+00:00,,2026-08-07T07:32:36.845000+00:00,,5,Kumbukkan Oya,Nakkala,a570a088-f3b0-41be-a6c8-0e2ef4d35c07,7.5,6,1469861,0,0.57
2026-08-07T07:32:30.119000+00:00,,2026-08-07T07:32:30.119000+00:00,,4.4,Kirindi Oya,Wellawaya,3d85b79d-3290-4949-8f4b-981f65760569,5.9,5.4,1469860,0,0.86
2026-08-07T07:32:29.843000+00:00,,2026-08-07T07:32:29.843000+00:00,,4.8,Kelani Ganga,Deraniyagala,d13959f8-9e38-49cf-a806-fd935075805e,7,5.8,1469859,0,1.11
2026-08-07T07:32:18.416000+00:00,,2026-08-07T07:32:18.416000+00:00,,5,Kalu Ganga,Kalawellawa (Millakanda),a03042ed-584e-4ea7-a75e-41b4b7c4108d,8,6.5,1469858,0,2.67
2026-08-07T07:32:07.716000+00:00,,2026-08-07T07:32:07.716000+00:00,,3,Kelani Ganga,Holombuwa,3b518815-4379-4602-aca1-c4e28f798ac4,5,3.4,1469857,0,0.59
2026-08-07T07:32:00.461000+00:00,,2026-08-07T07:32:00.461000+00:00,,3,Mahaweli Ganga,Manampitiya,9806eda3-54f7-4043-9316-f38067b06a64,6,4.3,1469856,0,-0.14
2026-08-07T07:31:57.304000+00:00,,2026-08-07T07:31:57.304000+00:00,,4.75,Deduru Oya,Moragaswewa,ab779115-f4aa-4edd-898e-504562ecddd7,7,6,1469855,0,-0.01
2026-08-07T07:31:54.553000+00:00,,2026-08-07T07:31:54.553000+00:00,,1.4,Nilwala Ganga,Thalgahagoda,82f45e9f-4f83-4595-809d-46a61c8e3956,2.8,1.7,1469854,0,0.32
2026-08-07T07:31:53.224000+00:00,,2026-08-07T07:31:53.224000+00:00,,4,Ma Oya,Yaka Wewa,ec8711b5-0291-45d9-89d4-394acbb4497b,6,5,1469853,0,0.42
2026-08-07T07:31:18.276000+00:00,,2026-08-07T07:31:18.276000+00:00,,5,Mahaweli Ganga,Weraganthota,baf9eb42-d822-41b7-8bda-18fdd9f942a7,8,6,1469852,0,-3.45
2026-08-07T07:31:13.301000+00:00,,2026-08-07T07:31:13.301000+00:00,,,Gal Oya,Ampara,ea8c818a-1533-4224-8722-f21b88a6b3f0,,,1469851,0,0
2026-08-07T07:31:12.174000+00:00,,2026-08-07T07:31:12.174000+00:00,,10,Kalu Ganga,Ellagawa,4ed32f61-0962-4196-b897-f60771f7d5e3,12.2,10.7,1469850,0,5.81
2026-08-07T07:31:08.684000+00:00,,2026-08-07T07:31:08.684000+00:00,,5,Mahaweli Ganga,Peradeniya,a9705c4d-fbc7-46de-8f24-f092edabf1f9,9,7,1469849,0,4.08
2026-08-07T07:31:06.082000+00:00,,2026-08-07T07:31:06.082000+00:00,,6,Yan Oya,Horowpothana,85005617-8309-484a-87ae-889fd210b6df,10.5,7.5,1469848,0,1.69
2026-08-07T07:30:54.323000+00:00,,2026-08-07T07:30:54.323000+00:00,,5,Malwathu Oya,Thanthirimale,0bd70f9f-27ff-4072-8b69-07f4bbfb1e6d,7.8,6.8,1469847,0,0.73
2026-08-07T07:30:50.165000+00:00,,2026-08-07T07:30:50.165000+00:00,,3.3,Aththanagalu Oya,Dunamale,caa884fc-1df6-40ac-97e8-9e06069af2c0,5.5,4.4,1469846,0,0.6
2026-08-07T07:30:37.460000+00:00,,2026-08-07T07:30:37.460000+00:00,,3.5,Mahaweli Ganga,Nawalapitiya,fe5122ba-54a6-4262-b3ec-a9c423e679f0,6,5,1469845,0,2.24
2026-08-07T07:15:48.882000+00:00,,2026-08-07T07:15:48.882000+00:00,,5.2,Kalu Ganga,Rathnapura,34dae517-688e-4472-aa73-ff362ca5d3a1,9.5,7.5,1469844,0,2.09
2026-08-07T07:15:11.474000+00:00,,2026-08-07T07:15:11.474000+00:00,,5.2,Kalu Ganga,Rathnapura,5ce45622-55ee-499a-90e1-2849a13a7042,9.5,7.5,1469843,0,2.09
2026-08-07T07:05:31.247000+00:00,,2026-08-07T07:05:31.247000+00:00,,5,Nilwala Ganga,Panadugama,d88167f6-8ec6-4aa3-a992-218e2e9ff987,7.5,6,1469842,0,2.4
2026-08-07T06:42:44.288000+00:00,,2026-08-07T06:42:44.288000+00:00,,5,Maha Oya,Badalgama,91bb0188-848c-493e-bd79-0452b29d18ba,9.6,6.2,1469841,0,2.25
2026-08-07T06:40:56.358000+00:00,,2026-08-07T06:40:56.358000+00:00,,4,Kelani Ganga,Nagalagam Street,13c29ca1-db2a-49c6-9141-f31298a80c04,7,5,1469840,0,1.6
2026-08-07T06:40:46.541000+00:00,,2026-08-07T06:40:46.541000+00:00,,2.5,Nilwala Ganga,Urawa,73dfa0d1-b876-4e5e-bc8d-f6c327d61c5f,6,4,1469839,0,0.12
2026-08-07T06:38:14.692000+00:00,,2026-08-07T06:38:14.692000+00:00,,3,Kelani Ganga,Kithulgala,4dbc7139-26a1-4ac8-8e60-239a8407973e,6,4,1469838,0.5,2.53
2026-08-07T06:37:11.765000+00:00,,2026-08-07T06:37:11.765000+00:00,,15,Kelani Ganga,Glencourse,5bd57b8d-ca42-4cd8-aa7e-e1563266bbf8,19,15.5,1469837,0,11.21
2026-08-07T06:36:20.319000+00:00,,2026-08-07T06:36:20.319000+00:00,,4.84,Mee Oya,Galgamuwa,7195a6c2-358f-4a2c-b43e-455b29383a62,8,5.94,1469836,0,0.02
2026-08-07T06:36:00.222000+00:00,,2026-08-07T06:36:00.222000+00:00,,4,Kalu Ganga,Magura,b9860a6e-7df8-416e-b6ca-b677b6aafbaa,7.5,6,1469835,0,1.8
2026-08-07T06:35:38.247000+00:00,,2026-08-07T06:35:38.247000+00:00,,1.5,Kelani Ganga,Norwood,6d0749b7-619f-41d1-80c4-2ab518cde86e,4.5,3,1469834,1.5,1.06
2026-08-07T06:34:34.171000+00:00,,2026-08-07T06:34:34.171000+00:00,,5,Kumbukkan Oya,Nakkala,0da4ed80-c390-450e-830c-60b4a79a82a7,7.5,6,1469833,0,0.57
2026-08-07T06:34:23.616000+00:00,,2026-08-07T06:34:23.616000+00:00,,1.4,Nilwala Ganga,Thalgahagoda,2eb1b33d-add3-44b6-8411-5b15e5108e23,2.8,1.7,1469832,0,0.34
2026-08-07T06:34:16.514000+00:00,,2026-08-07T06:34:16.514000+00:00,,4,Gin Ganga,Thawalama,e7922714-3928-484c-8af0-49e706f13437,7.5,6,1469831,0.5,1.67
2026-08-07T06:34:03.354000+00:00,,2026-08-07T06:34:03.354000+00:00,,5,Maha Oya,Badalgama,ac377323-c86f-4277-b909-675d73e26a98,9.6,6.2,1469830,0,2.25
2026-08-07T06:33:59.110000+00:00,,2026-08-07T06:33:59.110000+00:00,,4,Gin Ganga,Thawalama,ddcf722e-a37f-4d0c-9031-fd27048448ae,7.5,6,1469829,0,1.67
2026-08-07T06:33:56.292000+00:00,,2026-08-07T06:33:56.292000+00:00,,4.75,Deduru Oya,Moragaswewa,11ab3408-65c7-4d42-94a0-2176bf92d4fd,7,6,1469828,0,-0.01
2026-08-07T06:33:55.513000+00:00,,2026-08-07T06:33:55.513000+00:00,,3,Kelani Ganga,Holombuwa,cb014ece-bd88-46c7-b8c7-04a3a9b1e4a7,5,3.4,1469827,0,0.59
2026-08-07T06:33:42.030000+00:00,,2026-08-07T06:33:42.030000+00:00,,6,Yan Oya,Horowpothana,99ed371c-2cf3-4744-8291-6de6eed0ce48,10.5,7.5,1469826,0,1.68
2026-08-07T06:33:34.057000+00:00,,2026-08-07T06:33:34.057000+00:00,,3,Kalu Ganga,Putupaula,6742acb1-3f47-46d1-b058-583e3d864ed7,5,4,1469825,0,0.77
2026-08-07T06:33:34.028000+00:00,,2026-08-07T21:15:49.293000+00:00,irrigationgis,6.5,Kelani Ganga,Hanwella,3154f31b-8f09-4866-8fd3-0ef4037e009c,9.5,7.5,1469824,0,2.93
2026-08-07T06:33:30.540000+00:00,,2026-08-07T06:33:30.540000+00:00,,4.4,Kirindi Oya,Wellawaya,7eb66117-6cb2-4da8-af0f-a216c531b561,5.9,5.4,1469823,0,0.9
2026-08-07T06:33:02.595000+00:00,,2026-08-07T06:33:02.595000+00:00,,4.8,Kelani Ganga,Deraniyagala,18e2b160-78cf-4acc-a27e-44dc1b8785de,7,5.8,1469822,0,1.06
2026-08-07T06:33:01.274000+00:00,,2026-08-07T06:33:01.274000+00:00,,5,Kalu Ganga,Kalawellawa (Millakanda),c012bf57-3850-40b5-b72b-c39e82953334,8,6.5,1469821,0,2.62
2026-08-07T06:32:58.742000+00:00,,2026-08-07T06:32:58.742000+00:00,,4,Nilwala Ganga,Pitabeddara,94a08ce8-c98e-40fb-a9ad-16d36d9b12c8,6.5,5,1469820,0,0.51
2026-08-07T06:32:39.367000+00:00,,2026-08-07T06:32:39.367000+00:00,,4,Kirindi Oya,Thanamalwila,fcdfd95f-bec7-45ab-856a-f30a4676f0ab,5.5,5,1469819,0,0.85
2026-08-07T06:32:38.374000+00:00,,2026-08-07T06:32:38.374000+00:00,,3.3,Aththanagalu Oya,Dunamale,95b6a660-e6b5-4c86-9841-8e8ad00286ce,5.5,4.4,1469818,0,0.6
2026-08-07T06:32:37.388000+00:00,,2026-08-07T06:32:37.388000+00:00,,4,Kirindi Oya,Thanamalwila,ced3e8f9-8086-4969-bfb4-37c0f3a7407e,5.5,5,1469817,0,0.85
2026-08-07T06:32:18.630000+00:00,,2026-08-07T06:32:18.630000+00:00,,3,Mahaweli Ganga,Manampitiya,8bc70950-4c40-47ce-abe0-0156456f0398,6,4.3,1469816,0,-0.1
2026-08-07T06:32:15.481000+00:00,,2026-08-07T06:32:15.481000+00:00,,4,Menik Ganga,Katharagama,f0887fee-fcf1-45b4-8276-c542daea3309,6.5,4.6,1469815,0,-0.21
2026-08-07T06:32:05.558000+00:00,,2026-08-07T06:32:05.558000+00:00,,5,Mahaweli Ganga,Peradeniya,5613ca87-22bf-4e75-bc2f-42cb0c0868b7,9,7,1469814,0,4.08
2026-08-07T06:32:00.017000+00:00,,2026-08-07T06:32:00.017000+00:00,,3,Walawe Ganga,Moraketiya,4da55f7a-763f-4bb7-bfc3-efe3b06a83ad,7,5,1469813,0,0.7
2026-08-07T06:31:59.109000+00:00,,2026-08-07T06:31:59.109000+00:00,,4,Ma Oya,Yaka Wewa,71d36eb2-bfb8-4b2c-8dda-57167d5b24a3,6,5,1469812,0,0.42
2026-08-07T06:31:56.911000+00:00,,2026-08-07T06:31:56.911000+00:00,,4.5,Heda Oya,Siyambalanduwa,314d730d-0ff2-4f74-99c8-d1499c5cfce2,7,6,1469811,0,0.17
2026-08-07T06:31:45.712000+00:00,,2026-08-07T06:31:45.712000+00:00,,4,Maduru Oya,Padiyathalawa,5bd069c7-c7ed-46a3-b45e-edc9a552d845,6,4.5,1469810,0,0.09
2026-08-07T06:31:41.727000+00:00,,2026-08-07T06:31:41.727000+00:00,,5.5,Maha Oya,Giriulla,6cda9f58-2762-4532-a021-bfc37da28de4,7.5,6.5,1469809,0,1.13
2026-08-07T06:31:31.638000+00:00,,2026-08-07T06:31:31.638000+00:00,,5,Mahaweli Ganga,Weraganthota,0756d37e-3eb5-4e03-9eee-53a27135dbe6,8,6,1469808,0,-3.45
2026-08-07T06:31:27.121000+00:00,,2026-08-07T06:31:27.121000+00:00,,3.5,Gin Ganga,Baddegama,886eab2b-6882-40c9-8964-783c4f43e781,5,4,1469807,0,1.18
2026-08-07T06:31:20.281000+00:00,,2026-08-07T06:31:20.281000+00:00,,10,Kalu Ganga,Ellagawa,6fa8e4e7-dbcf-444b-bdd4-b08c758d20b1,12.2,10.7,1469806,0,5.82
2026-08-07T06:31:18.747000+00:00,,2026-08-07T06:31:18.747000+00:00,,3.5,Mahaweli Ganga,Nawalapitiya,2bb05f88-dfa6-4efd-9c48-ae8f065a8afd,6,5,1469805,0.7,2.23
2026-08-07T06:31:13.834000+00:00,,2026-08-07T06:31:13.834000+00:00,,5,Malwathu Oya,Thanthirimale,3742d72e-591b-4685-a04b-a80cbcaa7680,7.8,6.8,1469804,0,0.74
2026-08-07T06:30:50.163000+00:00,,2026-08-07T06:30:50.163000+00:00,,,Gal Oya,Ampara,19273348-0989-41c4-9d99-3924054f0f3a,,,1469803,0,0
2026-08-07T06:30:27.777000+00:00,,2026-08-07T06:30:27.777000+00:00,,3,Mahaweli Ganga,Thaldena,ce5814dd-ffae-4aef-9a00-e87d952cbcbf,5,4,1469802,0,0.14
2026-08-07T06:30:24.465000+00:00,,2026-08-07T06:30:24.465000+00:00,,6.9,Kirindi Oya,Kuda Oya,7bbd55ba-0f6b-43ef-9d69-501055e0e44a,8.8,8.4,1469801,0,0.94
2026-08-07T05:50:21.228000+00:00,,2026-08-07T05:50:21.228000+00:00,,4.75,Deduru Oya,Moragaswewa,588d26ea-dd72-4b06-b77f-c27a041da19d,7,6,1469800,0,-0.02
2026-08-07T05:43:07.149000+00:00,,2026-08-07T05:43:07.149000+00:00,,4,Ma Oya,Yaka Wewa,afdf08c5-9523-44ef-b628-cb0d07e8652f,6,5,1469799,0,0.42
2026-08-07T05:42:20.848000+00:00,,2026-08-07T05:42:20.848000+00:00,,4.5,Heda Oya,Siyambalanduwa,60e555dd-a9c8-44cd-ba8b-01977065fabf,7,6,1469798,0,0.17
2026-08-07T05:41:53.404000+00:00,,2026-08-07T05:41:53.404000+00:00,,3.3,Aththanagalu Oya,Dunamale,357993cb-f63b-4b77-ab82-0046aba51a89,5.5,4.4,1469797,0,0.6
2026-08-07T05:40:42.235000+00:00,,2026-08-07T05:40:42.235000+00:00,,4.84,Mee Oya,Galgamuwa,8935fa58-56a9-4b79-886c-bb7861ead8c1,8,5.94,1469796,0,0.02
2026-08-07T05:39:05.593000+00:00,,2026-08-07T05:39:05.593000+00:00,,2.5,Nilwala Ganga,Urawa,b124c9d0-c81a-4aad-9dee-763c8e8fed41,6,4,1469795,0,0.11
2026-08-07T05:38:46.973000+00:00,,2026-08-07T05:38:46.973000+00:00,,3,Kelani Ganga,Kithulgala,4ee00254-a1f6-408b-8e78-75bdbcbfbb69,6,4,1469794,0,2.53
2026-08-07T05:38:43.559000+00:00,,2026-08-07T05:38:43.559000+00:00,,5,Maha Oya,Badalgama,0d7e35e6-4a9c-4b3d-8389-6998878c9987,9.6,6.2,1469793,0,2.25
2026-08-07T05:38:39.561000+00:00,,2026-08-07T05:38:39.561000+00:00,,4,Kalu Ganga,Magura,18d7057e-4d11-4d46-a320-05c5e7155b84,7.5,6,1469792,0,1.78
2026-08-07T05:38:16.159000+00:00,,2026-08-07T05:38:16.159000+00:00,,4,Gin Ganga,Thawalama,58167afd-766f-4d5d-a42b-f463f805ec5f,7.5,6,1469791,0,1.75
2026-08-07T05:38:12.906000+00:00,,2026-08-07T05:38:12.906000+00:00,,2.5,Nilwala Ganga,Urawa,96ce6d6d-26ff-4d16-a8a3-571eef80df36,6,4,1469790,0,0.11
2026-08-07T05:38:09.139000+00:00,,2026-08-07T05:38:09.139000+00:00,,3,Kelani Ganga,Holombuwa,f63d25fd-b5ff-4d34-831f-76ed0d8f3925,5,3.4,1469789,0,0.59
2026-08-07T05:37:29.180000+00:00,,2026-08-07T05:37:29.180000+00:00,,1.4,Nilwala Ganga,Thalgahagoda,4cd5f732-c69f-43aa-ad9d-718f3b76e84d,2.8,1.7,1469788,0,0.32
2026-08-07T05:37:26.512000+00:00,,2026-08-07T05:37:26.512000+00:00,,4,Kelani Ganga,Nagalagam Street,a25d8115-117b-46ad-81b7-bae957508483,7,5,1469787,,1.8
2026-08-07T05:37:16.878000+00:00,,2026-08-07T05:37:16.878000+00:00,,15,Kelani Ganga,Glencourse,a5bb3b5b-a8c7-46b4-a0c1-040e71ee721b,19,15.5,1469786,0,11.23
2026-08-07T05:37:12.550000+00:00,,2026-08-07T05:37:12.550000+00:00,,6.9,Kirindi Oya,Kuda Oya,e1000b67-b428-43f8-89c5-7acdd0425d1f,8.8,8.4,1469785,0,0.94
2026-08-07T05:36:42.927000+00:00,,2026-08-07T05:36:42.927000+00:00,,5,Nilwala Ganga,Panadugama,c328b38b-703b-412a-97c5-cda79220b20f,7.5,6,1469784,0,2.38
2026-08-07T05:36:15.246000+00:00,,2026-08-07T05:36:15.246000+00:00,,4,Menik Ganga,Katharagama,5abdfcd3-2f98-4930-b5a9-48795c18258c,6.5,4.6,1469783,0,-0.21
2026-08-07T05:35:53.237000+00:00,,2026-08-07T05:35:53.237000+00:00,,4,Nilwala Ganga,Pitabeddara,ebf3eb4b-56cd-460a-98f7-af110ea96ccd,6.5,5,1469782,0,0.51
2026-08-07T05:35:18.529000+00:00,,2026-08-07T05:35:18.529000+00:00,,5.2,Kalu Ganga,Rathnapura,e025119c-995d-45fd-abce-54c94b700801,9.5,7.5,1469781,0,2.11
2026-08-07T05:35:08.739000+00:00,,2026-08-07T05:35:08.739000+00:00,,3.5,Gin Ganga,Baddegama,25680008-ae8c-4ea1-b199-6afa730dd8aa,5,4,1469780,1.2,1.15
2026-08-07T05:35:00.252000+00:00,,2026-08-07T05:35:00.252000+00:00,,5,Mahaweli Ganga,Peradeniya,f2b73d6c-d77e-4004-afd8-784e0fa86bf6,9,7,1469779,0,4.1
2026-08-07T05:34:30.040000+00:00,,2026-08-07T05:34:30.040000+00:00,,5,Kalu Ganga,Kalawellawa (Millakanda),f43b7cce-aa6c-4480-a5c3-0c207f30eb84,8,6.5,1469778,0,2.54
2026-08-07T05:34:19.801000+00:00,,2026-08-07T05:34:19.801000+00:00,,4.8,Kelani Ganga,Deraniyagala,0201e758-63a9-4e1c-b301-4e71b21be79c,7,5.8,1469777,0,1.22
2026-08-07T05:33:52.276000+00:00,,2026-08-07T05:33:52.276000+00:00,,4,Maduru Oya,Padiyathalawa,7de4e706-215a-4529-b711-d0ed40f1f697,6,4.5,1469776,0,0.09
2026-08-07T05:33:43.763000+00:00,,2026-08-07T21:15:49.293000+00:00,irrigationgis,6.5,Kelani Ganga,Hanwella,78da026b-24c3-43d7-b990-3f39ee2361db,9.5,7.5,1469775,0,2.97
2026-08-07T05:33:03.132000+00:00,,2026-08-07T05:33:03.132000+00:00,,3,Mahaweli Ganga,Thaldena,eddfdce8-f93d-42a0-91da-315c60b27c1e,5,4,1469774,0,0.14
2026-08-07T05:32:56.310000+00:00,,2026-08-07T05:32:56.310000+00:00,,1.5,Kelani Ganga,Norwood,0b3ff824-d3d0-49db-8aaf-0c690587a2d1,4.5,3,1469773,0,1.04
2026-08-07T05:32:40.226000+00:00,,2026-08-07T05:32:40.226000+00:00,,4.4,Kirindi Oya,Wellawaya,41ca7264-638a-465d-ac00-66fd0cab3aa2,5.9,5.4,1469772,0,0.9
2026-08-07T05:32:30.080000+00:00,,2026-08-07T05:32:30.080000+00:00,,3,Walawe Ganga,Moraketiya,ed7210b6-07aa-4726-bb91-9b7a429cc1fc,7,5,1469771,0,0.65
2026-08-07T05:32:09.932000+00:00,,2026-08-07T05:32:09.932000+00:00,,5.5,Maha Oya,Giriulla,ebc74a99-ef1b-49c5-8266-11e276a02352,7.5,6.5,1469770,0,1.13
2026-08-07T05:31:46.762000+00:00,,2026-08-07T05:31:46.762000+00:00,,10,Kalu Ganga,Ellagawa,78d7ecc8-8b73-46eb-be06-31956b3bad69,12.2,10.7,1469769,0,5.87
2026-08-07T05:31:45.064000+00:00,,2026-08-07T05:31:45.064000+00:00,,5,Kumbukkan Oya,Nakkala,eba6a18b-ad22-4dc4-b583-73e7968baba5,7.5,6,1469768,0,0.57
2026-08-07T05:31:17.737000+00:00,,2026-08-07T05:31:17.737000+00:00,,6,Yan Oya,Horowpothana,7ed115e4-a3c3-4371-8283-da709145b42c,10.5,7.5,1469767,0,1.68
2026-08-07T05:31:15.809000+00:00,,2026-08-07T05:31:15.809000+00:00,,3,Kalu Ganga,Putupaula,5e89590a-bce1-43ad-b754-c552a816a571,5,4,1469766,0,0.79
2026-08-07T05:31:10.273000+00:00,,2026-08-07T05:31:10.273000+00:00,,5,Malwathu Oya,Thanthirimale,83876147-3032-43ed-84fe-deadbe83a902,7.8,6.8,1469765,0,0.74
2026-08-07T05:31:05.266000+00:00,,2026-08-07T05:31:05.266000+00:00,,3,Mahaweli Ganga,Manampitiya,9f94cc50-b15b-4e25-a248-323ba64fb32f,6,4.3,1469764,0,-0.15
2026-08-07T05:30:51.524000+00:00,,2026-08-07T05:30:51.524000+00:00,,,Gal Oya,Ampara,bf02205b-9ebf-4d07-9bdc-a2879c7a8e44,,,1469763,0,0
2026-08-07T05:30:41.779000+00:00,,2026-08-07T05:30:41.779000+00:00,,6.9,Kirindi Oya,Kuda Oya,c20c08b1-084f-481c-a083-49b73b5c3a7c,8.8,8.4,1469762,0,0.94
2026-08-07T05:30:34.799000+00:00,,2026-08-07T05:30:34.799000+00:00,,3.5,Mahaweli Ganga,Nawalapitiya,768e06a5-11fb-4e44-bb2e-8a7f49f5239c,6,5,1469761,0.3,2.23
2026-08-07T05:30:24.805000+00:00,,2026-08-07T05:30:24.805000+00:00,,5,Mahaweli Ganga,Weraganthota,67ea539c-cc5e-4195-abe2-d2939f108d40,8,6,1469760,0,-3.45
2026-08-07T05:27:02.094000+00:00,,2026-08-07T05:27:02.094000+00:00,,6.9,Kirindi Oya,Kuda Oya,5ff36e11-ce0a-44f0-9152-75263c6e2d3f,8.8,8.4,1469759,0,0.94
2026-08-07T04:55:57.963000+00:00,,2026-08-07T04:55:57.963000+00:00,,1.4,Nilwala Ganga,Thalgahagoda,be54a7f7-ea37-495c-8526-3c84be864f40,2.8,1.7,1469758,0,0.3
2026-08-07T04:55:19.023000+00:00,,2026-08-07T04:55:19.023000+00:00,,4,Kirindi Oya,Thanamalwila,078f3725-fa4b-45c5-a0d4-b312723b6c27,5.5,5,1469757,0,0.85
2026-08-07T04:43:31.469000+00:00,,2026-08-07T04:43:31.469000+00:00,,4,Gin Ganga,Thawalama,7fc948df-562c-435d-883a-227405c72df1,7.5,6,1469756,0,1.77
2026-08-07T04:41:31.025000+00:00,,2026-08-07T04:41:31.025000+00:00,,2.5,Nilwala Ganga,Urawa,abd8f0ab-fde4-40e0-bb97-19286e4f1dce,6,4,1469755,0,0.11
2026-08-07T04:40:34.802000+00:00,,2026-08-07T04:40:34.802000+00:00,,4.75,Deduru Oya,Moragaswewa,e8cd5c8f-29dc-49ba-985c-216a5b606811,7,6,1469754,0,-0.02
2026-08-07T04:39:36.062000+00:00,,2026-08-07T04:39:36.062000+00:00,,4,Kalu Ganga,Magura,5b3de71f-a79f-4910-976c-c4b613235600,7.5,6,1469753,0,1.73
2026-08-07T04:39:12.510000+00:00,,2026-08-07T04:39:12.510000+00:00,,4,Kelani Ganga,Nagalagam Street,a763cfdc-3060-4551-a85c-dca36d572c83,7,5,1469752,,1.9
2026-08-07T04:38:37.119000+00:00,,2026-08-07T04:38:37.119000+00:00,,5.2,Kalu Ganga,Rathnapura,492a9279-d724-4527-b9b6-c7074e73a12e,9.5,7.5,1469751,0,2.11
2026-08-07T04:37:38.196000+00:00,,2026-08-07T04:37:38.196000+00:00,,4,Ma Oya,Yaka Wewa,44b02903-88fd-4f24-ac2b-739195a038d0,6,5,1469750,0,0.42
2026-08-07T04:37:34.572000+00:00,,2026-08-07T04:37:34.572000+00:00,,1.5,Kelani Ganga,Norwood,faeea91b-989f-4664-931f-c57338f36029,4.5,3,1469749,1.3,1.05
2026-08-07T04:36:00.800000+00:00,,2026-08-07T04:36:00.800000+00:00,,4,Nilwala Ganga,Pitabeddara,8a389d1f-fd98-4664-9315-2d215a18193a,6.5,5,1469748,0,0.51
2026-08-07T04:35:41.371000+00:00,,2026-08-07T04:35:41.371000+00:00,,3,Kelani Ganga,Kithulgala,b04eb0ff-4408-4670-97b9-9cb1228c0e4d,6,4,1469747,0,2.53
2026-08-07T04:35:36.803000+00:00,,2026-08-07T04:35:36.803000+00:00,,5,Nilwala Ganga,Panadugama,51c98a16-1647-4a13-b5ef-5ab0a8c7f369,7.5,6,1469746,0,2.38
2026-08-07T04:35:29.016000+00:00,,2026-08-07T04:35:29.016000+00:00,,3,Mahaweli Ganga,Thaldena,a16e6788-342e-43aa-abdd-9e0dbc24e018,5,4,1469745,0,0.14
2026-08-07T04:35:26.356000+00:00,,2026-08-07T04:35:26.356000+00:00,,4,Menik Ganga,Katharagama,d6bc6890-7664-4c85-b9e0-bc58ed36a3ff,6.5,4.6,1469744,0,-0.21
2026-08-07T04:34:49.701000+00:00,,2026-08-07T04:34:49.701000+00:00,,15,Kelani Ganga,Glencourse,c4c93336-ae7f-42d3-a2f7-e69fa23a5a19,19,15.5,1469743,0,11.26
2026-08-07T04:34:32.588000+00:00,,2026-08-07T04:34:32.588000+00:00,,4.84,Mee Oya,Galgamuwa,c5330a8a-3e48-4c60-aab4-c71ce1d48093,8,5.94,1469742,0,0.02
2026-08-07T04:34:15.296000+00:00,,2026-08-07T04:34:15.296000+00:00,,3.5,Gin Ganga,Baddegama,e54d2756-42cb-4ab9-bdcd-bce0f26347f3,5,4,1469741,0,1.14
2026-08-07T04:34:12.563000+00:00,,2026-08-07T04:34:12.563000+00:00,,3,Mahaweli Ganga,Manampitiya,5657eaa7-616a-4895-90a8-89b7963aa15c,6,4.3,1469740,0,-0.14
2026-08-07T04:33:41.805000+00:00,,2026-08-07T21:15:49.293000+00:00,irrigationgis,6.5,Kelani Ganga,Hanwella,996e8fef-1060-4d41-8abb-c6b72b1faa6c,9.5,7.5,1469739,0,3.07
2026-08-07T04:33:19.807000+00:00,,2026-08-07T04:33:19.807000+00:00,,3.3,Aththanagalu Oya,Dunamale,d6d4c8f9-e526-4ba8-938f-7821e21d05bc,5.5,4.4,1469738,0,0.6
2026-08-07T04:33:04.948000+00:00,,2026-08-07T04:33:04.948000+00:00,,10,Kalu Ganga,Ellagawa,eb196cf3-3ad2-45f3-b498-78686fe8f860,12.2,10.7,1469737,0,5.9
2026-08-07T04:32:55.408000+00:00,,2026-08-07T04:32:55.408000+00:00,,3,Kalu Ganga,Putupaula,beb41d0f-07b2-4ab8-a505-9fbae13049f3,5,4,1469736,0,0.81
2026-08-07T04:32:49.626000+00:00,,2026-08-07T04:32:49.626000+00:00,,5,Kalu Ganga,Kalawellawa (Millakanda),9c4b8c01-acb5-47d7-9dad-9627f3ef4e26,8,6.5,1469735,0,2.46
2026-08-07T04:32:47.338000+00:00,,2026-08-07T04:32:47.338000+00:00,,5,Mahaweli Ganga,Peradeniya,c38f2c91-03b6-41c2-954a-d6d62827ed89,9,7,1469734,0,4.1
2026-08-07T04:32:44.787000+00:00,,2026-08-07T04:32:44.787000+00:00,,4.8,Kelani Ganga,Deraniyagala,90d3daa0-75dd-4277-b465-4c2b50bfddbd,7,5.8,1469733,0.4,1.24
2026-08-07T04:32:29.755000+00:00,,2026-08-07T04:32:29.755000+00:00,,5.5,Maha Oya,Giriulla,fd2569ff-6282-4914-b153-3eeb0a015070,7.5,6.5,1469732,0,1.14
2026-08-07T04:32:28.831000+00:00,,2026-08-07T04:32:28.831000+00:00,,4,Maduru Oya,Padiyathalawa,5614e1e6-5c55-4d4e-977e-c833eb473963,6,4.5,1469731,0,0.09
2026-08-07T04:32:04.746000+00:00,,2026-08-07T04:32:04.746000+00:00,,5,Maha Oya,Badalgama,4e2e6775-49d9-47aa-a259-40bd30e8d42d,9.6,6.2,1469730,0,2.25
2026-08-07T04:31:39.813000+00:00,,2026-08-07T04:31:39.813000+00:00,,6,Yan Oya,Horowpothana,a530a384-290e-474e-be21-f8a12cb2e739,10.5,7.5,1469729,0,1.67
2026-08-07T04:31:36.933000+00:00,,2026-08-07T04:31:36.933000+00:00,,3.5,Mahaweli Ganga,Nawalapitiya,149a5601-e50b-431e-8e68-50802a873a4f,6,5,1469728,1.4,2.2
2026-08-07T04:31:32.510000+00:00,,2026-08-07T04:31:32.510000+00:00,,4.4,Kirindi Oya,Wellawaya,72db7e12-d42e-4a4e-9466-ab26cc05c672,5.9,5.4,1469727,0,0.88
2026-08-07T04:31:28.464000+00:00,,2026-08-07T04:31:28.464000+00:00,,3,Kelani Ganga,Holombuwa,68c16bba-c739-4273-bfb1-5e6de0badf8d,5,3.4,1469726,0,0.59
2026-08-07T04:31:11.266000+00:00,,2026-08-07T04:31:11.266000+00:00,,5,Malwathu Oya,Thanthirimale,1204a1af-62da-440b-b2f4-354ae8fa517f,7.8,6.8,1469725,0,0.75
2026-08-07T04:30:57.624000+00:00,,2026-08-07T04:30:57.624000+00:00,,,Gal Oya,Ampara,4f6005ff-26f5-47a4-8d05-40f7835b0706,,,1469724,0,0
2026-08-07T04:30:56.887000+00:00,,2026-08-07T04:30:56.887000+00:00,,3,Walawe Ganga,Moraketiya,45c215fd-76fb-4604-a3e6-bf2708742715,7,5,1469723,0,0.65
2026-08-07T04:30:48.950000+00:00,,2026-08-07T04:30:48.950000+00:00,,5,Mahaweli Ganga,Weraganthota,9724f279-cd3e-49b3-8681-e689cfcb68cd,8,6,1469722,0,-3.45
2026-08-07T04:30:10.455000+00:00,,2026-08-07T04:30:10.455000+00:00,,4.5,Heda Oya,Siyambalanduwa,30aa3e51-2264-47c0-ac54-504989fc67fb,7,6,1469721,0,0.16
2026-08-07T04:30:10.007000+00:00,,2026-08-07T04:30:10.007000+00:00,,5,Kumbukkan Oya,Nakkala,e5032a2e-6c21-42a1-8c84-b6f9644c3d26,7.5,6,1469720,0,0.57
2026-08-07T04:29:33.580000+00:00,,2026-08-07T04:29:33.580000+00:00,,5,Kumbukkan Oya,Nakkala,deab4c42-0c1b-4e35-bfee-9ddd17d2c85b,7.5,6,1469719,0,0.57
2026-08-07T04:12:17.319000+00:00,,2026-08-07T04:12:17.319000+00:00,,3,Mahaweli Ganga,Thaldena,abae95c5-6970-4cfb-9ad3-187c0f326451,5,4,1469718,0,0.13
2026-08-07T04:03:44.626000+00:00,,2026-08-07T04:03:44.626000+00:00,,5,Nilwala Ganga,Panadugama,190d1991-31f5-46ab-ac1c-5e2b9709d0cb,7.5,6,1469717,0,2.38
2026-08-07T03:40:15.512000+00:00,,2026-08-07T03:40:15.512000+00:00,,4.84,Mee Oya,Galgamuwa,3a300c90-4f8f-4357-8a00-f21f9e025287,8,5.94,1469716,0,0.02
2026-08-07T03:40:12.565000+00:00,,2026-08-07T03:40:12.565000+00:00,,2.5,Nilwala Ganga,Urawa,97167eda-e88d-41e3-9f23-90f57aa86b7f,6,4,1469715,0,0.12
2026-08-07T03:38:29.261000+00:00,,2026-08-07T03:38:29.261000+00:00,,4,Kelani Ganga,Nagalagam Street,7f83eeb9-5802-4a0a-88cf-896c69b716e9,7,5,1469714,,2.05
2026-08-07T03:38:17.413000+00:00,,2026-08-07T03:38:17.413000+00:00,,3.5,Gin Ganga,Baddegama,317dc940-9a7b-4051-b732-bc27720b3679,5,4,1469713,0,1.12
2026-08-07T03:38:03.550000+00:00,,2026-08-07T03:38:03.550000+00:00,,3,Kelani Ganga,Kithulgala,f750d365-927f-48f4-8516-84d13f3ea1c2,6,4,1469712,0.6,2.53
2026-08-07T03:36:33.001000+00:00,,2026-08-07T03:36:33.001000+00:00,,4,Kirindi Oya,Thanamalwila,1dc302f6-5134-4a60-b791-ead004d6e2b7,5.5,5,1469711,0,0.85
2026-08-07T03:35:59.238000+00:00,,2026-08-07T03:35:59.238000+00:00,,4,Nilwala Ganga,Pitabeddara,c1050166-5c7e-4915-b3cc-919228aa5e2c,6.5,5,1469710,0,0.5
2026-08-07T03:35:46.157000+00:00,,2026-08-07T03:35:46.157000+00:00,,4,Kalu Ganga,Magura,7fd2ba0f-8bc6-4d24-a652-7dc2d7699d8b,7.5,6,1469709,0,1.6
2026-08-07T03:35:14.886000+00:00,,2026-08-07T03:35:14.886000+00:00,,4,Maduru Oya,Padiyathalawa,3f0bf804-93bc-420f-a307-21a266685216,6,4.5,1469708,0,0.09
2026-08-07T03:35:01.490000+00:00,,2026-08-07T03:35:01.490000+00:00,,3,Kelani Ganga,Holombuwa,b2a2337f-104a-4486-b437-683edf95374b,5,3.4,1469707,0.6,0.58
2026-08-07T03:34:47.326000+00:00,,2026-08-07T03:34:47.326000+00:00,,5,Mahaweli Ganga,Peradeniya,a9e45b5e-9e5a-400b-b47e-94200031a6b1,9,7,1469706,0,4.15
2026-08-07T03:34:26.170000+00:00,,2026-08-07T03:34:26.170000+00:00,,6.9,Kirindi Oya,Kuda Oya,d649efb8-027d-48ed-953c-a063dae7388d,8.8,8.4,1469705,0,0.94
2026-08-07T03:34:20.309000+00:00,,2026-08-07T03:34:20.309000+00:00,,4.75,Deduru Oya,Moragaswewa,48a4ae61-dfce-42f5-b6b6-1c2bc4c0c74b,7,6,1469704,0,-0.02
2026-08-07T03:33:56.019000+00:00,,2026-08-07T03:33:56.019000+00:00,,6,Yan Oya,Horowpothana,cfa51cf2-7059-4439-9db4-3a719336992a,10.5,7.5,1469703,0,1.67
2026-08-07T03:33:47.203000+00:00,,2026-08-07T21:15:49.293000+00:00,irrigationgis,6.5,Kelani Ganga,Hanwella,2e194650-631a-4668-b45b-f038be096959,9.5,7.5,1469702,0,3.13
2026-08-07T03:33:45.398000+00:00,,2026-08-07T03:33:45.398000+00:00,,3,Kalu Ganga,Putupaula,95623345-c1bb-4fae-9499-41e7011071d0,5,4,1469701,0,0.83
2026-08-07T03:33:27.696000+00:00,,2026-08-07T03:33:27.696000+00:00,,15,Kelani Ganga,Glencourse,276559f5-0bb1-4212-ab6b-7667f982eebc,19,15.5,1469700,0.7,11.29
2026-08-07T03:33:21.467000+00:00,,2026-08-07T03:33:21.467000+00:00,,4,Gin Ganga,Thawalama,21bf6297-671d-41d2-8df5-24eda726b5bc,7.5,6,1469699,0,1.74
2026-08-07T03:33:16.284000+00:00,,2026-08-07T03:33:16.284000+00:00,,10,Kalu Ganga,Ellagawa,6f61a638-ae6a-479a-9ee4-273878dab52b,12.2,10.7,1469698,0,5.93
2026-08-07T03:33:09.596000+00:00,,2026-08-07T03:33:09.596000+00:00,,5,Kalu Ganga,Kalawellawa (Millakanda),d3249726-e995-4c33-96b3-dd8c92242365,8,6.5,1469697,0,2.46
2026-08-07T03:33:09.021000+00:00,,2026-08-07T03:33:09.021000+00:00,,5,Kumbukkan Oya,Nakkala,02384c8a-9175-4358-b20b-c7a66911acd1,7.5,6,1469696,0,0.57
2026-08-07T03:32:54.459000+00:00,,2026-08-07T03:32:54.459000+00:00,,3,Walawe Ganga,Moraketiya,ca1365d9-a218-42bd-907e-eb17fe2899f7,7,5,1469695,0,0.67
2026-08-07T03:32:51.960000+00:00,,2026-08-07T03:32:51.960000+00:00,,4.8,Kelani Ganga,Deraniyagala,81c39a06-c38d-4cb5-a986-8b12055a7d5d,7,5.8,1469694,0,1.26
2026-08-07T03:32:50.243000+00:00,,2026-08-07T03:32:50.243000+00:00,,4,Menik Ganga,Katharagama,6f47ebb9-da3c-4bd9-a837-e7a4dafb6c80,6.5,4.6,1469693,0,-0.21
2026-08-07T03:32:47.459000+00:00,,2026-08-07T03:32:47.459000+00:00,,1.5,Kelani Ganga,Norwood,a74dc798-ecf7-4f42-8992-10a549f2ced4,4.5,3,1469692,3.2,1.03
2026-08-07T03:32:35.761000+00:00,,2026-08-07T03:32:35.761000+00:00,,5,Maha Oya,Badalgama,064ecb3a-cf57-48c5-a464-d3654e635da9,9.6,6.2,1469691,0,2.25
2026-08-07T03:32:11.111000+00:00,,2026-08-07T03:32:11.111000+00:00,,4.5,Heda Oya,Siyambalanduwa,00310072-b362-4eff-8ff1-0020b26b0109,7,6,1469690,0,0.16
2026-08-07T03:32:08.204000+00:00,,2026-08-07T03:32:08.204000+00:00,,4.4,Kirindi Oya,Wellawaya,743394bb-abe0-4634-9449-7a5707ff89f0,5.9,5.4,1469689,0,0.88
2026-08-07T03:31:55.888000+00:00,,2026-08-07T03:31:55.888000+00:00,,3.3,Aththanagalu Oya,Dunamale,beeebf52-4b31-4733-8502-eafb2096b275,5.5,4.4,1469688,0,0.6
2026-08-07T03:31:54.584000+00:00,,2026-08-07T03:31:54.584000+00:00,,4,Ma Oya,Yaka Wewa,4e001851-54da-4196-b426-5ff5036c80b1,6,5,1469687,0,0.42
2026-08-07T03:31:53.469000+00:00,,2026-08-07T03:31:53.469000+00:00,,1.4,Nilwala Ganga,Thalgahagoda,1c095821-9fd0-4264-b30a-1e12b7c56893,2.8,1.7,1469686,0,0.3
2026-08-07T03:31:46.986000+00:00,,2026-08-07T03:31:46.986000+00:00,,5.2,Kalu Ganga,Rathnapura,6f9ceeb2-a216-441d-9787-0646be1aa212,9.5,7.5,1469685,0,2.13
2026-08-07T03:31:21.367000+00:00,,2026-08-07T03:31:21.367000+00:00,,5.5,Maha Oya,Giriulla,c3c461f7-9219-49d5-99d8-5dc04d203dc5,7.5,6.5,1469684,0,1.14
2026-08-07T03:31:18.685000+00:00,,2026-08-07T03:31:18.685000+00:00,,3.5,Mahaweli Ganga,Nawalapitiya,65eeb504-ae16-4127-b58f-8e718c5a9e5c,6,5,1469683,0.2,2.21
2026-08-07T03:31:10.241000+00:00,,2026-08-07T03:31:10.241000+00:00,,5,Malwathu Oya,Thanthirimale,7dd46972-ad37-43bc-9ae8-247771d8f61b,7.8,6.8,1469682,0,0.75
2026-08-07T03:30:58.890000+00:00,,2026-08-07T03:30:58.890000+00:00,,3,Mahaweli Ganga,Manampitiya,5a32c194-3cf0-4637-b06e-4c0dd288c3d7,6,4.3,1469681,0,-0.13
2026-08-07T03:30:47.721000+00:00,,2026-08-07T03:30:47.721000+00:00,,,Gal Oya,Ampara,96403216-eea8-4a01-8bd7-1da627aab15d,,,1469680,0,0
2026-08-07T03:30:26.081000+00:00,,2026-08-07T03:30:26.081000+00:00,,6.9,Kirindi Oya,Kuda Oya,ab48813a-9e49-45c0-a53d-433d8d772fff,8.8,8.4,1469679,0,0.94
2026-08-07T03:30:11.819000+00:00,,2026-08-07T03:30:11.819000+00:00,,5,Mahaweli Ganga,Weraganthota,ecfe5523-5900-45e1-bad7-7abea2d82020,8,6,1469678,0,-3.45
2026-08-07T02:49:26.845000+00:00,,2026-08-07T02:49:26.845000+00:00,,5,Nilwala Ganga,Panadugama,091c16f4-8fa0-4270-b3cc-8e5f74a7f0d5,7.5,6,1469677,1.4,2.38
2026-08-07T02:47:31.260000+00:00,,2026-08-07T02:47:31.260000+00:00,,3,Kelani Ganga,Kithulgala,c7cc9a7f-063e-40e9-8b9e-2ce34794202f,6,4,1469676,0,2.53
2026-08-07T02:47:29.047000+00:00,,2026-08-07T02:47:29.047000+00:00,,4.84,Mee Oya,Galgamuwa,f34fad1b-d57a-4030-9d9f-4e29245c4857,8,5.94,1469675,0,0.02
2026-08-07T02:44:28.733000+00:00,,2026-08-07T02:44:28.733000+00:00,,6,Yan Oya,Horowpothana,aed7f305-c236-479a-8e37-a184d5ef17f8,10.5,7.5,1469674,0,1.67
2026-08-07T02:44:20.702000+00:00,,2026-08-07T02:44:20.702000+00:00,,2.5,Nilwala Ganga,Urawa,777c16db-8017-4fbb-8743-e19f69338796,6,4,1469673,0,0.12
2026-08-07T02:38:01.173000+00:00,,2026-08-07T02:38:01.173000+00:00,,1.4,Nilwala Ganga,Thalgahagoda,f576a06d-3b2f-4cdc-9e84-05c1cdec0c69,2.8,1.7,1469672,0,0.25
2026-08-07T02:36:22.420000+00:00,,2026-08-07T02:36:22.420000+00:00,,3,Walawe Ganga,Moraketiya,92e39f6a-6815-4e22-9bfd-1108026a95d2,7,5,1469671,0,0.7
2026-08-07T02:35:52.452000+00:00,,2026-08-07T02:35:52.452000+00:00,,4,Menik Ganga,Katharagama,6167f918-f5ef-4fc2-9d08-b7f5164f2dd2,6.5,4.6,1469670,0,-0.21
2026-08-07T02:35:25.016000+00:00,,2026-08-07T02:35:25.016000+00:00,,4.75,Deduru Oya,Moragaswewa,b1251644-ec1c-495a-9724-e39ebea947fa,7,6,1469669,0,-0.03
2026-08-07T02:35:22.860000+00:00,,2026-08-07T02:35:22.860000+00:00,,5,Mahaweli Ganga,Peradeniya,815b316e-772a-4f9d-b9d1-263c256b2076,9,7,1469668,0,4.15
2026-08-07T02:34:41.088000+00:00,,2026-08-07T03:04:59.153000+00:00,irrigationgis,15,Kelani Ganga,Glencourse,9cc4fdba-d5eb-47bf-aab0-b6722f0118ee,19,15.5,1469667,0,11.33
2026-08-07T02:34:39.503000+00:00,,2026-08-07T02:34:39.503000+00:00,,4,Maduru Oya,Padiyathalawa,9e3a58e4-345b-4232-b9a5-86dbc7a6bf75,6,4.5,1469666,0,0.09
2026-08-07T02:34:32.808000+00:00,,2026-08-07T02:34:32.808000+00:00,,4,Gin Ganga,Thawalama,73963370-3593-4aea-bbe8-1b795cc4f274,7.5,6,1469665,0,1.67
2026-08-07T02:34:29.538000+00:00,,2026-08-07T02:34:29.538000+00:00,,4,Menik Ganga,Katharagama,6785609d-c307-4773-ba9b-4f3366542216,6.5,4.6,1469664,0,-0.21
2026-08-07T02:34:22.081000+00:00,,2026-08-07T02:34:22.081000+00:00,,3,Kelani Ganga,Holombuwa,5869c799-60c1-4605-82fb-3894709fe5f8,5,3.4,1469663,0,0.58
2026-08-07T02:34:15.551000+00:00,,2026-08-07T02:34:15.551000+00:00,,3,Mahaweli Ganga,Manampitiya,8d8ad18a-e788-4d20-9e03-d7158775228a,6,4.3,1469662,0,-0.13
2026-08-07T02:33:56.852000+00:00,,2026-08-07T21:15:49.293000+00:00,irrigationgis,6.5,Kelani Ganga,Hanwella,3d185c0d-eb2a-4b07-a368-ae62992d5cc0,9.5,7.5,1469661,0,3.2
2026-08-07T02:33:50.031000+00:00,,2026-08-07T02:33:50.031000+00:00,,4,Kalu Ganga,Magura,da0c8b23-060c-48ac-841a-9d662e53f9a8,7.5,6,1469660,0,1.56
2026-08-07T02:33:42.639000+00:00,,2026-08-07T02:33:42.639000+00:00,,4,Kelani Ganga,Nagalagam Street,b65d22bb-9423-4bc9-ab74-151257a54cec,7,5,1469659,,1.9
2026-08-07T02:33:34.592000+00:00,,2026-08-07T02:33:34.592000+00:00,,5,Kalu Ganga,Kalawellawa (Millakanda),ab0a4f0f-a12c-441f-a2bd-efb5b684f321,8,6.5,1469658,0,2.52
2026-08-07T02:33:21.775000+00:00,,2026-08-07T02:59:40.336000+00:00,irrigationgis,4.8,Kelani Ganga,Deraniyagala,6c9f35a3-0399-4db6-98f8-c81077645cff,7,5.8,1469657,0,1.26
2026-08-07T02:33:20.453000+00:00,,2026-08-07T02:33:20.453000+00:00,,5,Kumbukkan Oya,Nakkala,a0c560d2-c37d-496f-a120-f4e1c53d24ee,7.5,6,1469656,0,0.57
2026-08-07T02:33:18.648000+00:00,,2026-08-07T02:33:18.648000+00:00,,3,Kalu Ganga,Putupaula,7660adcf-08a1-4d5b-a556-f908c7cd63a0,5,4,1469655,0,0.82
2026-08-07T02:33:06.529000+00:00,,2026-08-07T02:33:06.529000+00:00,,1.5,Kelani Ganga,Norwood,61c86f85-50f0-4038-a080-5440ab299fbd,4.5,3,1469654,0.7,1.02
2026-08-07T02:33:03.879000+00:00,,2026-08-07T02:33:03.879000+00:00,,3.3,Aththanagalu Oya,Dunamale,f673e499-c73c-434f-87e3-edcbef9e8f52,5.5,4.4,1469653,0,0.6
2026-08-07T02:33:02.228000+00:00,,2026-08-07T02:33:02.228000+00:00,,4.4,Kirindi Oya,Wellawaya,c2d5da86-6f6a-4671-8cb7-2162c2287fb9,5.9,5.4,1469652,0,0.94
2026-08-07T02:32:54.448000+00:00,,2026-08-07T02:32:54.448000+00:00,,5.5,Maha Oya,Giriulla,e1e3d22b-bdb8-41c4-b7aa-2c09ff3a708c,7.5,6.5,1469651,0,1.15
2026-08-07T02:32:49.732000+00:00,,2026-08-07T02:32:49.732000+00:00,,3,Mahaweli Ganga,Thaldena,c2a99859-8874-4963-a1f3-a6bb8804fa46,5,4,1469650,0,0.14
2026-08-07T02:32:41.353000+00:00,,2026-08-07T02:32:41.353000+00:00,,4,Nilwala Ganga,Pitabeddara,2390518f-5207-43ac-9b33-2569c6e84f52,6.5,5,1469649,0,0.47
2026-08-07T02:32:32.962000+00:00,,2026-08-07T02:32:32.962000+00:00,,4,Kirindi Oya,Thanamalwila,fe0e1e5f-25aa-435f-b565-34e49d932a27,5.5,5,1469648,0,0.85
2026-08-07T02:32:27.778000+00:00,,2026-08-07T02:32:27.778000+00:00,,3.5,Gin Ganga,Baddegama,74bdea54-ec13-401b-9155-51d70e9a61a3,5,4,1469647,2.3,1.1
2026-08-07T02:32:21.513000+00:00,,2026-08-07T02:32:21.513000+00:00,,4,Ma Oya,Yaka Wewa,8f172042-ed26-48f8-9a85-683e7291dc45,6,5,1469646,0,0.42
2026-08-07T02:32:10.647000+00:00,,2026-08-07T02:32:10.647000+00:00,,5,Maha Oya,Badalgama,63ba2757-d675-4eaa-8338-cf4caf323b1e,9.6,6.2,1469645,0,2.24
2026-08-07T02:31:47.984000+00:00,,2026-08-07T02:31:47.984000+00:00,,4.5,Heda Oya,Siyambalanduwa,cf369c53-78d7-4a54-8f2c-6ee6d868a3f9,7,6,1469644,0,0.16
2026-08-07T02:31:37.524000+00:00,,2026-08-07T02:31:37.524000+00:00,,5,Malwathu Oya,Thanthirimale,6026279f-a40d-4709-8149-70c856a8b4f0,7.8,6.8,1469643,0,0.76
2026-08-07T02:31:32.008000+00:00,,2026-08-07T02:31:32.008000+00:00,,3.5,Mahaweli Ganga,Nawalapitiya,5f2eef85-1481-462e-b985-d5dfe90864b4,6,5,1469642,1.5,2.25
2026-08-07T02:31:11.719000+00:00,,2026-08-07T02:31:11.719000+00:00,,10,Kalu Ganga,Ellagawa,35c92089-ed9a-4140-a1c2-2bd8e3cb2a94,12.2,10.7,1469641,0,5.95
2026-08-07T02:30:49.137000+00:00,,2026-08-07T02:30:49.137000+00:00,,,Gal Oya,Ampara,6ce0ad82-4fa1-411e-bb1c-1fbaedb82ac1,,,1469640,0,0
2026-08-07T02:30:31.860000+00:00,,2026-08-07T02:30:31.860000+00:00,,5.2,Kalu Ganga,Rathnapura,82cdb143-b8b3-4ddd-999b-07ca2d0bfd9f,9.5,7.5,1469639,0,2.16
2026-08-07T02:30:26.648000+00:00,,2026-08-07T02:30:26.648000+00:00,,5,Mahaweli Ganga,Weraganthota,eacf77a2-c6ba-4306-b649-7a83733822fd,8,6,1469638,0,-3.44
2026-08-07T02:30:21.842000+00:00,,2026-08-07T02:30:21.842000+00:00,,6.9,Kirindi Oya,Kuda Oya,25936b6a-a06a-45e3-a47a-2cf7c92b3ba9,8.8,8.4,1469637,0,0.94
2026-08-07T02:11:25.229000+00:00,,2026-08-07T02:11:25.229000+00:00,,1.4,Nilwala Ganga,Thalgahagoda,58bd8f46-2ff6-4a68-bf48-067e9e270a88,2.8,1.7,1469636,2.5,0.2
2026-08-07T02:09:22.498000+00:00,,2026-08-07T02:09:22.498000+00:00,,4,Nilwala Ganga,Pitabeddara,808fb427-6426-4466-b49b-93c16c1f3e7c,6.5,5,1469635,0,0.44
2026-08-07T02:06:48.025000+00:00,,2026-08-07T02:06:48.025000+00:00,,5,Nilwala Ganga,Panadugama,897c0f7f-57d5-4745-a127-cc40c1d661d2,7.5,6,1469634,4.5,2.38
2026-08-07T01:54:57.762000+00:00,,2026-08-07T01:54:57.762000+00:00,,4.5,Heda Oya,Siyambalanduwa,d78ffcef-184d-40c0-879d-54646bfe59ec,7,6,1469633,0,0.16
2026-08-07T01:45:26.679000+00:00,,2026-08-07T01:45:26.679000+00:00,,3.5,Gin Ganga,Baddegama,76e47ace-dcd6-4827-920d-17b2e99cf0fb,5,4,1469632,1,1.08
2026-08-07T01:41:34.255000+00:00,,2026-08-07T01:41:34.255000+00:00,,5,Kumbukkan Oya,Nakkala,d02c2455-2361-41a3-95c0-83e5b4aeb86d,7.5,6,1469631,0,0.57
2026-08-07T01:38:51.714000+00:00,,2026-08-07T01:38:51.714000+00:00,,4,Maduru Oya,Padiyathalawa,7b473322-540c-43a8-ab51-ea121184bbca,6,4.5,1469630,0,0.09
2026-08-07T01:38:51.626000+00:00,,2026-08-07T01:38:51.626000+00:00,,4.84,Mee Oya,Galgamuwa,65a0ce5a-4b6a-4204-9f7e-daf4c342e753,8,5.94,1469629,0,0.02
2026-08-07T01:38:45.829000+00:00,,2026-08-07T01:38:45.829000+00:00,,3,Kelani Ganga,Holombuwa,e2539291-e265-4edb-989b-b9f0831d47d8,5,3.4,1469628,0,0.59
2026-08-07T01:38:27.789000+00:00,,2026-08-07T03:04:59.153000+00:00,irrigationgis,15,Kelani Ganga,Glencourse,71fb4a3e-2faf-4c28-9353-403d900f4762,19,15.5,1469627,0,11.39
2026-08-07T01:37:42.097000+00:00,,2026-08-07T01:37:42.097000+00:00,,3.3,Aththanagalu Oya,Dunamale,832026fe-1102-4ea5-a777-3bb0ca522dfb,5.5,4.4,1469626,0,0.62
2026-08-07T01:37:35.482000+00:00,,2026-08-07T01:37:35.482000+00:00,,5,Mahaweli Ganga,Peradeniya,7d915e2a-9ed9-4504-8c45-4e72be38f620,9,7,1469625,0,4.16
2026-08-07T01:36:29.468000+00:00,,2026-08-07T01:36:29.468000+00:00,,4,Kelani Ganga,Nagalagam Street,d4d0c8c7-6b17-4cb0-b1e8-f6317b43ba4f,7,5,1469624,0,1.7
2026-08-07T01:36:16.331000+00:00,,2026-08-07T01:36:16.331000+00:00,,4,Menik Ganga,Katharagama,8dd589d6-e931-45a7-916b-6236c90016cc,6.5,4.6,1469623,0,-0.21
2026-08-07T01:36:03.910000+00:00,,2026-08-07T01:36:03.910000+00:00,,4,Gin Ganga,Thawalama,03134c97-c209-4654-849f-4cbe3c900d11,7.5,6,1469622,0,1.63
2026-08-07T01:35:58.128000+00:00,,2026-08-07T01:35:58.128000+00:00,,5,Maha Oya,Badalgama,dbaba620-f6d3-470f-8989-5d078990395e,9.6,6.2,1469621,0,2.24
2026-08-07T01:35:42.579000+00:00,,2026-08-07T21:15:49.293000+00:00,irrigationgis,6.5,Kelani Ganga,Hanwella,b0f5827b-b518-4484-a530-f6cdcb7dc2ce,9.5,7.5,1469620,0,3.27
2026-08-07T01:35:22.713000+00:00,,2026-08-07T01:35:22.713000+00:00,,4,Kalu Ganga,Magura,53455eb3-902a-40dc-8b04-834a6a26afcf,7.5,6,1469619,0,1.49
2026-08-07T01:35:14.705000+00:00,,2026-08-07T01:35:14.705000+00:00,,2.5,Nilwala Ganga,Urawa,1ec42f53-55c2-4a01-9067-a3ca4d304dbb,6,4,1469618,,0.13
2026-08-07T01:34:56.886000+00:00,,2026-08-07T01:34:56.886000+00:00,,3,Kelani Ganga,Kithulgala,79a65dc6-52b5-44c8-bfc7-a69af2ca70eb,6,4,1469617,0,2.47
2026-08-07T01:34:52.819000+00:00,,2026-08-07T01:34:52.819000+00:00,,4,Kirindi Oya,Thanamalwila,e0bbc16a-bdd6-46c7-8109-78bc3506229e,5.5,5,1469616,0,0.86
2026-08-07T01:34:39.183000+00:00,,2026-08-07T01:34:39.183000+00:00,,3,Mahaweli Ganga,Manampitiya,586e1316-a4ae-4247-85c1-626b8fcbc445,6,4.3,1469615,0,-0.12
2026-08-07T01:34:37.738000+00:00,,2026-08-07T01:34:37.738000+00:00,,5.2,Kalu Ganga,Rathnapura,e405084f-c16c-4554-9fa9-aca829ef5031,9.5,7.5,1469614,0,2.18
2026-08-07T01:34:32.527000+00:00,,2026-08-07T01:34:32.527000+00:00,,3,Walawe Ganga,Moraketiya,0bcd55e3-c59c-479f-a6cc-34ef4d2b1667,7,5,1469613,0,0.7
2026-08-07T01:34:09.456000+00:00,,2026-08-07T01:34:09.456000+00:00,,4.4,Kirindi Oya,Wellawaya,c79db521-fd4c-4c67-9a21-46b64ed4d092,5.9,5.4,1469612,0,0.79
2026-08-07T01:33:21.152000+00:00,,2026-08-07T01:33:21.152000+00:00,,6.9,Kirindi Oya,Kuda Oya,833421eb-dc0d-4edd-8485-c60ba00ff0f7,8.8,8.4,1469611,0,0.94
2026-08-07T01:33:12.290000+00:00,,2026-08-07T02:59:40.336000+00:00,irrigationgis,4.8,Kelani Ganga,Deraniyagala,7ea80230-61ba-4dd5-ab2d-d87ef5fe7c44,7,5.8,1469610,0,1.26
2026-08-07T01:32:53.759000+00:00,,2026-08-07T01:32:53.759000+00:00,,3,Kalu Ganga,Putupaula,5cffad13-b1a2-4204-a07c-c38fb9dfb066,5,4,1469609,0,0.8
2026-08-07T01:32:46.976000+00:00,,2026-08-07T01:32:46.976000+00:00,,3,Mahaweli Ganga,Thaldena,66fc8fdd-f660-45ca-bc84-5300d1e257e8,5,4,1469608,0,0.12
2026-08-07T01:32:43.221000+00:00,,2026-08-07T01:32:43.221000+00:00,,1.5,Kelani Ganga,Norwood,6de92b7c-50ce-4445-8707-a7fc4436f72a,4.5,3,1469607,0,0.99
2026-08-07T01:32:28.946000+00:00,,2026-08-07T01:32:28.946000+00:00,,5.5,Maha Oya,Giriulla,e5fb985c-0585-4726-a6b3-b9ffb7a05cdc,7.5,6.5,1469606,0,1.15
2026-08-07T01:32:16.182000+00:00,,2026-08-07T01:32:16.182000+00:00,,5,Kalu Ganga,Kalawellawa (Millakanda),7d0f3b80-46ba-492e-8470-17a41432be77,8,6.5,1469605,1.1,2.63
2026-08-07T01:31:49.415000+00:00,,2026-08-07T01:31:49.415000+00:00,,4,Ma Oya,Yaka Wewa,301d3984-1741-4d9c-859c-29d71cef2cc6,6,5,1469604,0,0.42
2026-08-07T01:31:48.990000+00:00,,2026-08-07T01:31:48.990000+00:00,,5,Malwathu Oya,Thanthirimale,b8a5c5f1-7b24-4934-89c1-7a9cdb59598b,7.8,6.8,1469603,0,0.76
2026-08-07T01:31:22.931000+00:00,,2026-08-07T01:31:22.931000+00:00,,10,Kalu Ganga,Ellagawa,4fb6a990-fd2e-49ec-a6e3-e42d38dd1705,12.2,10.7,1469602,0,6
2026-08-07T01:31:09.268000+00:00,,2026-08-07T01:31:09.268000+00:00,,3.5,Mahaweli Ganga,Nawalapitiya,e26caacd-1329-40e4-963f-b23f7712fb2e,6,5,1469601,0.6,2.28
2026-08-07T01:31:05.857000+00:00,,2026-08-07T01:31:05.857000+00:00,,,Gal Oya,Ampara,564e9b70-c306-4bac-a783-7e8b1daecdb7,,,1469600,0,0
2026-08-07T01:30:51.134000+00:00,,2026-08-07T01:30:51.134000+00:00,,6,Yan Oya,Horowpothana,b4edf122-9a3c-4b23-80a0-89934a3c3193,10.5,7.5,1469599,0,1.66
2026-08-07T01:30:38.829000+00:00,,2026-08-07T01:30:38.829000+00:00,,4.75,Deduru Oya,Moragaswewa,53cbb21b-674f-4d0a-8ccd-9d99ecf14b2e,7,6,1469598,0,-0.03
2026-08-07T01:30:19.569000+00:00,,2026-08-07T01:30:19.569000+00:00,,5,Mahaweli Ganga,Weraganthota,348edaf3-814f-4489-9802-3dc10fb061c6,8,6,1469597,0,-3.43
2026-08-07T01:09:29.573000+00:00,,2026-08-07T01:09:29.573000+00:00,,4.84,Mee Oya,Galgamuwa,c02c7c5c-0614-4377-ba82-d0b9ff916e4d,8,5.94,1469596,0,0.02
2026-08-07T00:47:58.440000+00:00,,2026-08-07T00:47:58.440000+00:00,,3,Kelani Ganga,Holombuwa,d203405b-46e1-4d54-aede-5a8f652596f7,5,3.4,1469595,0,0.59
2026-08-07T00:41:49.537000+00:00,,2026-08-07T00:41:49.537000+00:00,,5,Nilwala Ganga,Panadugama,04fdb221-59ff-47d9-a023-f6cf0630ac7a,7.5,6,1469594,6.1,2.38
2026-08-07T00:41:32.939000+00:00,,2026-08-07T00:41:32.939000+00:00,,5,Kalu Ganga,Kalawellawa (Millakanda),23fd4543-c309-4d87-af52-bfa6e81a381c,8,6.5,1469593,0,2.74
2026-08-07T00:40:51.926000+00:00,,2026-08-07T00:40:51.926000+00:00,,3,Walawe Ganga,Moraketiya,10d573d7-b1fb-461d-9584-873ade172860,7,5,1469592,0,0.68
2026-08-07T00:37:19.172000+00:00,,2026-08-07T00:37:19.172000+00:00,,6.9,Kirindi Oya,Kuda Oya,1c09f9fc-d603-4edf-8347-ead731f435b1,8.8,8.4,1469591,0,0.94
2026-08-07T00:36:40.021000+00:00,,2026-08-07T00:36:40.021000+00:00,,4,Kirindi Oya,Thanamalwila,06230997-cc71-4865-8ea3-188edc82ec38,5.5,5,1469590,0,0.75
2026-08-07T00:36:35.300000+00:00,,2026-08-07T00:36:35.300000+00:00,,4.5,Heda Oya,Siyambalanduwa,d7b6a336-8a09-4b8f-b4f8-ebd7604eeeb2,7,6,1469589,0,0.16
2026-08-07T00:36:30.089000+00:00,,2026-08-07T00:36:30.089000+00:00,,4,Gin Ganga,Thawalama,ec68ed41-c47f-4739-9b9f-29bd5cb017db,7.5,6,1469588,1.1,1.58
2026-08-07T00:36:26.188000+00:00,,2026-08-07T00:36:26.188000+00:00,,10,Kalu Ganga,Ellagawa,7ad84c93-e4ed-4b16-9908-fba97044d1a7,12.2,10.7,1469587,0,6
2026-08-07T00:36:13.820000+00:00,,2026-08-07T00:36:13.820000+00:00,,1.5,Kelani Ganga,Norwood,8b642157-11af-4dff-8664-66f994701f68,4.5,3,1469586,0,0.99
2026-08-07T00:35:47.889000+00:00,,2026-08-07T00:35:47.889000+00:00,,4,Menik Ganga,Katharagama,b1741038-1b97-4fa0-bd85-7b1042aec07f,6.5,4.6,1469585,0,-0.21
2026-08-07T00:35:40.518000+00:00,,2026-08-07T00:35:40.518000+00:00,,3.3,Aththanagalu Oya,Dunamale,619c4b51-634b-4b80-bc01-b666656b0e08,5.5,4.4,1469584,0,0.64
2026-08-07T00:35:24.286000+00:00,,2026-08-07T00:35:24.286000+00:00,,4,Kelani Ganga,Nagalagam Street,69a1ecf6-f73b-4c82-bf30-4bfd7eaaa8bd,7,5,1469583,0,1.7
2026-08-07T00:35:19.297000+00:00,,2026-08-07T00:35:19.297000+00:00,,2.5,Nilwala Ganga,Urawa,36e3d83f-51da-45e8-b135-36c3126b286f,6,4,1469582,2.3,0.13
2026-08-07T00:34:53.532000+00:00,,2026-08-07T02:59:40.336000+00:00,irrigationgis,4.8,Kelani Ganga,Deraniyagala,a7bee4ea-6704-442e-b140-af4e3ed0ea75,7,5.8,1469581,0,1.27
2026-08-07T00:34:37.288000+00:00,,2026-08-07T00:34:37.288000+00:00,,3.5,Gin Ganga,Baddegama,2e0ca585-104a-43fb-9c47-0ef0e608b752,5,4,1469580,0.25,1.06
2026-08-07T00:34:05.287000+00:00,,2026-08-07T00:34:05.287000+00:00,,5,Mahaweli Ganga,Peradeniya,463e2241-da32-40bb-b816-2ac243ca7a6e,9,7,1469579,0,4.15
2026-08-07T00:33:42.566000+00:00,,2026-08-07T03:04:59.153000+00:00,irrigationgis,15,Kelani Ganga,Glencourse,610ed977-1d20-4197-befe-dbc63add527a,19,15.5,1469578,0,11.45
2026-08-07T00:33:41.651000+00:00,,2026-08-07T00:33:41.651000+00:00,,5,Maha Oya,Badalgama,cc644530-a247-4962-b56d-64bb88497441,9.6,6.2,1469577,0,2.23
2026-08-07T00:33:41.511000+00:00,,2026-08-07T00:33:41.511000+00:00,,3,Kalu Ganga,Putupaula,8ce7c607-59b0-4c5b-aa32-d2ed33dcf88f,5,4,1469576,0,0.76
2026-08-07T00:33:39.182000+00:00,,2026-08-07T00:33:39.182000+00:00,,3,Kelani Ganga,Kithulgala,9cf78e2c-0e01-4cf6-9df9-5a9b53df31d0,6,4,1469575,0,2.51
2026-08-07T00:33:32.415000+00:00,,2026-08-07T00:33:32.415000+00:00,,6,Yan Oya,Horowpothana,09b002ce-99ca-4981-937d-e7695146adee,10.5,7.5,1469574,0,1.66
2026-08-07T00:33:14.212000+00:00,,2026-08-07T00:33:14.212000+00:00,,4,Nilwala Ganga,Pitabeddara,13fc1777-d522-4692-8c0e-1abfe5789ac5,6.5,5,1469573,9.2,0.44
2026-08-07T00:33:07.005000+00:00,,2026-08-07T00:33:07.005000+00:00,,4,Maduru Oya,Padiyathalawa,4d8d514e-8ce9-47ec-8c80-869ae743d60f,6,4.5,1469572,0,0.09
2026-08-07T00:32:59.523000+00:00,,2026-08-07T00:32:59.523000+00:00,,5.5,Maha Oya,Giriulla,baffd5e8-c9c3-4bd7-9582-6e4f5f5581ce,7.5,6.5,1469571,0,1.16
2026-08-07T00:32:42.673000+00:00,,2026-08-07T00:32:42.673000+00:00,,4.75,Deduru Oya,Moragaswewa,18b4647b-c043-4ce8-b581-316ee1c8ca77,7,6,1469570,0,-0.03
2026-08-07T00:32:19.012000+00:00,,2026-08-07T00:32:19.012000+00:00,,3,Mahaweli Ganga,Manampitiya,4d2c2b03-4813-4419-8db4-38e367cf51cf,6,4.3,1469569,0,-0.12
2026-08-07T00:32:15.194000+00:00,,2026-08-07T00:32:15.194000+00:00,,3.5,Mahaweli Ganga,Nawalapitiya,cc69da59-cb38-4cc4-b8bc-25832a4841f4,6,5,1469568,0,2.22
2026-08-07T00:32:12.087000+00:00,,2026-08-07T21:15:49.293000+00:00,irrigationgis,6.5,Kelani Ganga,Hanwella,516c852d-560b-4bb5-a1fd-57615a65bd3a,9.5,7.5,1469567,0,3.36
2026-08-07T00:31:52.674000+00:00,,2026-08-07T00:31:52.674000+00:00,,5,Kumbukkan Oya,Nakkala,a160aaf3-23cf-427c-9561-6a3b7ccc78c2,7.5,6,1469566,0,0.57
2026-08-07T00:31:41.621000+00:00,,2026-08-07T00:31:41.621000+00:00,,1.4,Nilwala Ganga,Thalgahagoda,f09102d8-dab1-43dc-b132-c91fc3f55af0,2.8,1.7,1469565,0,0.2
2026-08-07T00:31:20.985000+00:00,,2026-08-07T00:31:20.985000+00:00,,4,Ma Oya,Yaka Wewa,411832f3-4dba-4afc-9658-b9c9edb5164d,6,5,1469564,0,0.42
2026-08-07T00:31:19.404000+00:00,,2026-08-07T00:31:19.404000+00:00,,3,Mahaweli Ganga,Thaldena,ae2a7048-9b20-48c1-99a4-a9a4ec64a1a2,5,4,1469563,0,0.13
2026-08-07T00:31:11.129000+00:00,,2026-08-07T00:31:11.129000+00:00,,,Gal Oya,Ampara,eaf99165-40b2-488b-9cbd-cd3b35a9cf76,,,1469562,0,0
2026-08-07T00:31:10.855000+00:00,,2026-08-07T00:31:10.855000+00:00,,5.2,Kalu Ganga,Rathnapura,189d93e0-bd39-4e72-8919-752905f0631d,9.5,7.5,1469561,0,2.21
2026-08-07T00:31:02.762000+00:00,,2026-08-07T00:31:02.762000+00:00,,4,Kalu Ganga,Magura,55f949d3-3091-485d-a0e9-0d7874c353f8,7.5,6,1469560,0,1.45
2026-08-07T00:30:52.063000+00:00,,2026-08-07T00:30:52.063000+00:00,,4.4,Kirindi Oya,Wellawaya,0b331bba-c966-4d8f-b847-0b606f5665aa,5.9,5.4,1469559,0,0.92
2026-08-07T00:30:34.724000+00:00,,2026-08-07T00:30:34.724000+00:00,,5,Mahaweli Ganga,Weraganthota,c0bc4f46-e713-4569-861c-ccbca9de6d1a,8,6,1469558,0,-3.43
2026-08-07T00:27:09.552000+00:00,,2026-08-07T00:27:09.552000+00:00,,3,Kelani Ganga,Kithulgala,14bdf279-bb9d-4834-9c3b-d9f85ba86f69,6,4,1469557,0,2.53
2026-08-07T00:08:55.681000+00:00,,2026-08-07T00:08:55.681000+00:00,,4,Kirindi Oya,Thanamalwila,2bc1365e-fa37-4a73-ab81-3aad93d1147a,5.5,5,1469556,0,0.58
2026-08-07T00:06:19.745000+00:00,,2026-08-07T00:06:19.745000+00:00,,5,Nilwala Ganga,Panadugama,60f252d2-3c2a-4503-b7de-92afbf40acd9,7.5,6,1469555,0,2.39
2026-08-07T00:02:44.174000+00:00,,2026-08-07T00:02:44.174000+00:00,,4.5,Heda Oya,Siyambalanduwa,a5e8f506-bf24-4e35-a465-d8894e985510,7,6,1469554,0,0.16
2026-08-07T00:00:49.577000+00:00,,2026-08-07T00:00:49.577000+00:00,,4,Kalu Ganga,Magura,bd15d448-17c3-452d-be37-eec6a7de3c39,7.5,6,1469553,2.1,1.4
2026-08-06T23:55:55.421000+00:00,,2026-08-06T23:55:55.421000+00:00,,4,Nilwala Ganga,Pitabeddara,59133fcc-829f-43fa-af15-e6977221a0c7,6.5,5,1469552,0,0.44
2026-08-06T23:55:54.180000+00:00,,2026-08-06T23:55:54.180000+00:00,,4,Nilwala Ganga,Pitabeddara,25646fba-6e89-480f-9bef-75fdc702e06d,6.5,5,1469551,0,0.44
2026-08-06T23:46:28.785000+00:00,,2026-08-06T23:46:28.785000+00:00,,2.5,Nilwala Ganga,Urawa,852ac8e9-b98a-428d-be3b-a2e2ce0d2bbc,6,4,1469550,1.2,0.13
2026-08-06T23:43:56.047000+00:00,,2026-08-07T21:15:49.293000+00:00,irrigationgis,6.5,Kelani Ganga,Hanwella,66ea94b1-3de9-4b95-a9c2-5f39ccb7400a,9.5,7.5,1469549,0,3.61
2026-08-06T23:42:33.618000+00:00,,2026-08-06T23:42:33.618000+00:00,,3.5,Gin Ganga,Baddegama,300e498b-4138-4954-a59e-56de4ab55f2b,5,4,1469548,4.3,1.06
2026-08-06T23:41:54.053000+00:00,,2026-08-06T23:41:54.053000+00:00,,4,Gin Ganga,Thawalama,1abb520c-4b93-4e58-9a96-ee7da1a26965,7.5,6,1469547,0,1.56
2026-08-06T23:41:25.816000+00:00,,2026-08-06T23:41:25.816000+00:00,,5,Kalu Ganga,Kalawellawa (Millakanda),e39a5ed5-b25e-44f9-9985-2509348ad84d,8,6.5,1469546,0.75,2.78
2026-08-06T23:39:16.090000+00:00,,2026-08-06T23:39:16.090000+00:00,,4,Ma Oya,Yaka Wewa,83f61bff-0d66-4382-9753-882a84d6ec5f,6,5,1469545,0,0.42
2026-08-06T23:38:49.669000+00:00,,2026-08-06T23:38:49.669000+00:00,,1.5,Kelani Ganga,Norwood,0f9de5d0-3ff4-4c80-b14a-4001eee818ef,4.5,3,1469544,4.9,1
2026-08-06T23:38:46.335000+00:00,,2026-08-06T23:38:46.335000+00:00,,10,Kalu Ganga,Ellagawa,63c27022-1dfc-418f-aae1-6fc6b051785f,12.2,10.7,1469543,5.2,6
2026-08-06T23:38:27.784000+00:00,,2026-08-06T23:38:27.784000+00:00,,3,Kelani Ganga,Holombuwa,9cfa56a5-ef34-45f2-bd80-fec8945ff12a,5,3.4,1469542,0,0.59
2026-08-06T23:37:31.638000+00:00,,2026-08-06T23:37:31.638000+00:00,,3.5,Mahaweli Ganga,Nawalapitiya,195d942f-12f4-496d-8299-65270d71fb75,6,5,1469541,0,2.25
2026-08-06T23:36:54.127000+00:00,,2026-08-06T23:36:54.127000+00:00,,5,Kumbukkan Oya,Nakkala,245c4073-3343-47f0-981d-ebe9b118a272,7.5,6,1469540,0,0.57
2026-08-06T23:36:07.324000+00:00,,2026-08-06T23:36:07.324000+00:00,,4,Kelani Ganga,Nagalagam Street,966aab86-6148-484b-8265-e39bbe3350e7,7,5,1469539,0,1.4
2026-08-06T23:35:44.014000+00:00,,2026-08-06T23:35:44.014000+00:00,,,Gal Oya,Ampara,fd672449-b96d-4c69-a42c-383d0d18c027,,,1469538,0,0
2026-08-06T23:35:34.063000+00:00,,2026-08-07T03:04:59.153000+00:00,irrigationgis,15,Kelani Ganga,Glencourse,654d0bdf-7870-465e-a6b6-219b8e52890d,19,15.5,1469537,0,11.55
2026-08-06T23:35:27.979000+00:00,,2026-08-06T23:35:27.979000+00:00,,5,Mahaweli Ganga,Peradeniya,8a06b129-b82f-490d-a36b-0e47066f2086,9,7,1469536,0,4.18
2026-08-06T23:35:26.752000+00:00,,2026-08-06T23:35:26.752000+00:00,,5.2,Kalu Ganga,Rathnapura,c3db8f3e-594a-4635-abdb-478409fbdc6e,9.5,7.5,1469535,0,2.24
2026-08-06T23:35:13.976000+00:00,,2026-08-06T23:35:13.976000+00:00,,3,Mahaweli Ganga,Thaldena,059e6ece-f3c5-4107-aacf-7bed4ede8d6e,5,4,1469534,0,0.14
2026-08-06T23:35:13.460000+00:00,,2026-08-06T23:35:13.460000+00:00,,5.5,Maha Oya,Giriulla,463a4a36-e191-4344-adb3-95b5eaa8a7f1,7.5,6.5,1469533,0,1.17
2026-08-06T23:35:10.076000+00:00,,2026-08-06T23:35:10.076000+00:00,,4,Menik Ganga,Katharagama,30e17ede-7be4-48b2-9b85-58881e69569a,6.5,4.6,1469532,0,-0.22
2026-08-06T23:32:57.784000+00:00,,2026-08-06T23:32:57.784000+00:00,,6,Yan Oya,Horowpothana,f5c5446a-9253-44ad-9b47-c6e2af7dcaaa,10.5,7.5,1469531,0,1.65
2026-08-06T23:32:13.598000+00:00,,2026-08-06T23:32:13.598000+00:00,,3,Mahaweli Ganga,Manampitiya,0724e9dc-e144-4df7-ad5e-687b7b6e8b24,6,4.3,1469530,0,-0.12
2026-08-06T23:32:06.679000+00:00,,2026-08-06T23:32:06.679000+00:00,,5,Maha Oya,Badalgama,d2ea7589-c9e3-4ff9-aa95-5893e9084cf6,9.6,6.2,1469529,0,2.22
2026-08-06T23:31:58.267000+00:00,,2026-08-06T23:31:58.267000+00:00,,3.3,Aththanagalu Oya,Dunamale,850feca6-d431-4782-8368-794d30dbf4a7,5.5,4.4,1469528,0,0.66
2026-08-06T23:31:43.617000+00:00,,2026-08-06T23:31:43.617000+00:00,,4,Maduru Oya,Padiyathalawa,8dff06c6-1370-4897-b1f1-eadfc25e4c07,6,4.5,1469527,0,0.09
2026-08-06T23:31:35.304000+00:00,,2026-08-06T23:31:35.304000+00:00,,4.75,Deduru Oya,Moragaswewa,552781a1-d1e4-48a9-a415-85c3e7043e0a,7,6,1469526,0,-0.04
2026-08-06T23:31:34.055000+00:00,,2026-08-06T23:31:34.055000+00:00,,1.4,Nilwala Ganga,Thalgahagoda,642eb845-f812-4e71-bed1-bb9ce846d371,2.8,1.7,1469525,0,0.19
2026-08-06T23:31:32.238000+00:00,,2026-08-06T23:31:32.238000+00:00,,4.4,Kirindi Oya,Wellawaya,f20b602a-6d81-44d6-a7f6-81a0d0cb28a1,5.9,5.4,1469524,0,0.97
2026-08-06T23:31:06.302000+00:00,,2026-08-06T23:31:06.302000+00:00,,3,Walawe Ganga,Moraketiya,b5b0402a-7b33-4461-91d2-5f7a0259c0f4,7,5,1469523,0,0.66
2026-08-06T23:30:58.826000+00:00,,2026-08-07T02:59:40.336000+00:00,irrigationgis,4.8,Kelani Ganga,Deraniyagala,446787c6-5524-4ea7-84dc-095bbd08826e,7,5.8,1469522,0,1.27
2026-08-06T23:17:19.406000+00:00,,2026-08-06T23:17:19.406000+00:00,,4.5,Heda Oya,Siyambalanduwa,f18ddfc8-9cca-473a-9106-c20504b9dd91,7,6,1469521,0,0.16
2026-08-06T23:06:01.210000+00:00,,2026-08-07T02:59:40.336000+00:00,irrigationgis,4.8,Kelani Ganga,Deraniyagala,a53a30bc-1b55-415a-8666-f33eeedb79f7,7,5.8,1469520,0,1.3
2026-08-06T22:57:02.863000+00:00,,2026-08-06T22:57:02.863000+00:00,,4,Kalu Ganga,Magura,6c64b944-9d11-4d1e-9f8e-1e301ef2d4c2,7.5,6,1469519,3.4,1.4
2026-08-06T22:50:59.113000+00:00,,2026-08-06T22:50:59.113000+00:00,,1.5,Kelani Ganga,Norwood,ac270289-5479-46f6-8815-15a3f10a200c,4.5,3,1469518,1.3,1.01
2026-08-06T22:49:08.904000+00:00,,2026-08-06T22:49:08.904000+00:00,,2.5,Nilwala Ganga,Urawa,b77a597b-c18c-4d03-aa3c-3deefae3e7e4,6,4,1469517,0,0.14
2026-08-06T22:48:14.749000+00:00,,2026-08-06T22:48:14.749000+00:00,,3.5,Mahaweli Ganga,Nawalapitiya,c3d34cf1-7583-4e75-863d-3cfa5e11faf4,6,5,1469516,0.2,2.27
2026-08-06T22:48:06.950000+00:00,,2026-08-06T22:48:06.950000+00:00,,3,Kelani Ganga,Holombuwa,bc0ef9a2-afa2-4d6a-99d9-14e7d44e8550,5,3.4,1469515,0,0.59
2026-08-06T22:40:27.154000+00:00,,2026-08-06T22:40:27.154000+00:00,,1.4,Nilwala Ganga,Thalgahagoda,e67c6b7b-dffd-469a-aecf-fcf2dbc47543,2.8,1.7,1469514,3.6,0.18
2026-08-06T22:38:37.488000+00:00,,2026-08-06T22:38:37.488000+00:00,,3,Kelani Ganga,Kithulgala,ae78a385-65cc-4ce3-ba77-7ab3ea8fb318,6,4,1469513,2.4,2.53
2026-08-06T22:37:16.422000+00:00,,2026-08-06T22:37:16.422000+00:00,,5,Nilwala Ganga,Panadugama,694914e6-32b8-4290-9f93-3565ebb92730,7.5,6,1469512,0,2.39
2026-08-06T22:37:05.576000+00:00,,2026-08-06T22:37:05.576000+00:00,,10,Kalu Ganga,Ellagawa,97796e8f-406c-4137-a183-d228791c81d1,12.2,10.7,1469511,1,6
2026-08-06T22:36:52.233000+00:00,,2026-08-06T22:36:52.233000+00:00,,4,Kelani Ganga,Nagalagam Street,3dc94821-25ce-4238-a244-2c7d4bea9c68,7,5,1469510,0,1
2026-08-06T22:36:50.927000+00:00,,2026-08-06T22:36:50.927000+00:00,,5.2,Kalu Ganga,Rathnapura,daace84c-942d-4c6d-9449-0fdefddf6b82,9.5,7.5,1469509,0,2.29
2026-08-06T22:36:44.665000+00:00,,2026-08-06T22:36:44.665000+00:00,,3,Walawe Ganga,Moraketiya,275efd92-6a6e-4ca4-a99b-840f38710b6a,7,5,1469508,0,0.65
2026-08-06T22:36:09.559000+00:00,,2026-08-06T22:36:09.559000+00:00,,4,Kirindi Oya,Thanamalwila,938121f0-0b9a-4d16-bf13-9d93c966bfdd,5.5,5,1469507,0,0.23
2026-08-06T22:35:56.133000+00:00,,2026-08-06T22:35:56.133000+00:00,,3,Mahaweli Ganga,Thaldena,0f9dc205-5e25-42ce-bddf-9c9f0baf103f,5,4,1469506,0,0.14
2026-08-06T22:35:40.992000+00:00,,2026-08-06T22:35:40.992000+00:00,,5,Mahaweli Ganga,Peradeniya,42938208-685a-4ec7-a434-6c2eebe88a0a,9,7,1469505,0,4.24
2026-08-06T22:35:36.095000+00:00,,2026-08-06T22:35:36.095000+00:00,,4,Menik Ganga,Katharagama,8a922358-f5a3-4dd0-9251-02b74275afb9,6.5,4.6,1469504,0,-0.22
2026-08-06T22:35:28.673000+00:00,,2026-08-06T22:35:28.673000+00:00,,3.3,Aththanagalu Oya,Dunamale,75cc0c8e-2ee5-4fbb-b2da-b2e00696c4c0,5.5,4.4,1469503,0,0.68
2026-08-06T22:35:17.816000+00:00,,2026-08-06T22:35:17.816000+00:00,,3,Kelani Ganga,Holombuwa,35681d9c-a590-43c4-b3e8-13b86b969415,5,3.4,1469502,0,0.59
2026-08-06T22:34:19.716000+00:00,,2026-08-07T03:04:59.153000+00:00,irrigationgis,15,Kelani Ganga,Glencourse,98135b68-e9ee-4c74-b24f-23b22d0232ec,19,15.5,1469501,0,11.64
2026-08-06T22:33:57.104000+00:00,,2026-08-06T22:33:57.104000+00:00,,3,Kalu Ganga,Putupaula,fcce6c11-69bd-48ee-9729-b513bf2ffb83,5,4,1469500,0,0.86
2026-08-06T22:32:39.284000+00:00,,2026-08-07T21:15:49.293000+00:00,irrigationgis,6.5,Kelani Ganga,Hanwella,a247654b-2290-46a8-b22c-625eba7fa8b8,9.5,7.5,1469499,0,3.86
2026-08-06T22:32:37.968000+00:00,,2026-08-06T22:32:37.968000+00:00,,5.5,Maha Oya,Giriulla,68d845b4-a32b-44c0-b3fa-0937fb0d5744,7.5,6.5,1469498,0,1.17
2026-08-06T22:32:26.595000+00:00,,2026-08-06T22:32:26.595000+00:00,,5,Kumbukkan Oya,Nakkala,b39ca8d2-a7d0-4ff3-b530-743098b7e5c8,7.5,6,1469497,0,0.57
2026-08-06T22:32:12.665000+00:00,,2026-08-06T22:32:12.665000+00:00,,4.4,Kirindi Oya,Wellawaya,27129a75-a420-464b-b935-c20d02aa4ae0,5.9,5.4,1469496,0,0.98
2026-08-06T22:32:00.272000+00:00,,2026-08-06T22:32:00.272000+00:00,,6.9,Kirindi Oya,Kuda Oya,871679cb-7284-423b-9bf9-a59af5e28e12,8.8,8.4,1469495,0,0.94
2026-08-06T22:31:59.617000+00:00,,2026-08-06T22:31:59.617000+00:00,,4.75,Deduru Oya,Moragaswewa,b3892e27-2124-448e-b9ad-d716a86072c4,7,6,1469494,0,-0.04
2026-08-06T22:31:56.730000+00:00,,2026-08-06T22:31:56.730000+00:00,,3,Mahaweli Ganga,Manampitiya,3a442481-51dc-41c2-a18e-55370d9c11d5,6,4.3,1469493,0,-0.12
2026-08-06T22:31:45.825000+00:00,,2026-08-06T22:31:45.825000+00:00,,5,Maha Oya,Badalgama,fd8e73a8-7e1d-40b1-a06a-587291cf247f,9.6,6.2,1469492,0,2.22
2026-08-06T22:31:41.721000+00:00,,2026-08-06T22:31:41.721000+00:00,,6,Yan Oya,Horowpothana,77b740fb-d7a2-411c-b9a4-5822f316ad63,10.5,7.5,1469491,0,1.65
2026-08-06T22:31:24.375000+00:00,,2026-08-06T22:31:24.375000+00:00,,4,Gin Ganga,Thawalama,990841b8-f00d-48c0-8886-33fdd42eeaf1,7.5,6,1469490,1.8,1.53
2026-08-06T22:30:32.362000+00:00,,2026-08-06T22:30:32.362000+00:00,,,Gal Oya,Ampara,28cfcdbc-7ec6-40a0-b3b2-09e1374f77a4,,,1469489,0,0
2026-08-06T21:54:29.803000+00:00,,2026-08-06T21:54:29.803000+00:00,,4.75,Deduru Oya,Moragaswewa,4093661a-2d8d-4bc0-87e1-dc74b3938910,7,6,1469488,0,-0.04
2026-08-06T21:48:25.412000+00:00,,2026-08-06T21:48:25.412000+00:00,,10,Kalu Ganga,Ellagawa,96421fc6-dff0-4705-bf9a-1f82827c5c0d,12.2,10.7,1469487,0,5.97
2026-08-06T21:47:58.078000+00:00,,2026-08-06T21:47:58.078000+00:00,,6,Yan Oya,Horowpothana,ee3b2cff-271a-4237-97d6-2797137865d8,10.5,7.5,1469486,0,1.64
2026-08-06T21:47:02.774000+00:00,,2026-08-06T21:47:02.774000+00:00,,3.3,Aththanagalu Oya,Dunamale,0c95fc4c-7463-4588-af8f-7e525815e6bd,5.5,4.4,1469485,0,0.7
2026-08-06T21:40:44.847000+00:00,,2026-08-06T21:40:44.847000+00:00,,4,Kelani Ganga,Nagalagam Street,a2f28a3a-6f53-48cf-8e96-f6cb625d6bb7,7,5,1469484,0,0.7
2026-08-06T21:39:30.812000+00:00,,2026-08-06T21:39:30.812000+00:00,,3,Mahaweli Ganga,Thaldena,a9b3d21a-c25a-44b9-8bf8-5f40fd2d454a,5,4,1469483,0,0.14
2026-08-06T21:39:29.389000+00:00,,2026-08-06T21:39:29.389000+00:00,,3,Mahaweli Ganga,Thaldena,f600f8a9-36b7-42f8-a71a-2b2d1f20a971,5,4,1469482,0,0.14
2026-08-06T21:39:14.719000+00:00,,2026-08-06T21:39:14.719000+00:00,,10,Kalu Ganga,Ellagawa,94658a3a-5265-46b2-b733-94fef1415ec5,12.2,10.7,1469481,0,5.94
2026-08-06T21:38:29.539000+00:00,,2026-08-06T21:38:29.539000+00:00,,4,Nilwala Ganga,Pitabeddara,d9797688-a05d-42a8-9c7c-b68036c80a33,6.5,5,1469480,0,0.44
2026-08-06T21:38:06.016000+00:00,,2026-08-06T21:38:06.016000+00:00,,4,Gin Ganga,Thawalama,cb742621-d75c-4379-8421-5d7baf2db507,7.5,6,1469479,2.2,1.49
2026-08-06T21:36:37.937000+00:00,,2026-08-06T21:36:37.937000+00:00,,5,Kumbukkan Oya,Nakkala,fef9f412-c711-4571-8075-b6a460b367e5,7.5,6,1469478,0,0.57
2026-08-06T21:35:56.920000+00:00,,2026-08-06T21:35:56.920000+00:00,,4,Kalu Ganga,Magura,fd03d407-9350-41d1-81ef-35b07cf2be76,7.5,6,1469477,0,1.4
2026-08-06T21:35:37.114000+00:00,,2026-08-06T21:35:37.114000+00:00,,1.5,Kelani Ganga,Norwood,c48be888-c9be-4c52-b5b8-3dcba199d548,4.5,3,1469476,0,1.02
2026-08-06T21:35:31.184000+00:00,,2026-08-06T21:35:31.184000+00:00,,3,Kelani Ganga,Holombuwa,d183b9c3-3bac-4fd9-8a6c-42d48f3c6487,5,3.4,1469475,0,0.59
2026-08-06T21:35:20.286000+00:00,,2026-08-06T21:35:20.286000+00:00,,5,Maha Oya,Badalgama,e8495089-2287-497a-a16f-eb1bbe853c6e,9.6,6.2,1469474,0,2.22
2026-08-06T21:35:15.084000+00:00,,2026-08-07T03:04:59.153000+00:00,irrigationgis,15,Kelani Ganga,Glencourse,400c9bf9-fdf0-4e90-a7e2-13ca212ad289,19,15.5,1469473,0,11.75
2026-08-06T21:34:59.091000+00:00,,2026-08-06T21:34:59.091000+00:00,,3,Kalu Ganga,Putupaula,1fcb4f20-a704-4215-b0db-edfa1d02d6d5,5,4,1469472,0,0.9
2026-08-06T21:34:56.620000+00:00,,2026-08-06T21:34:56.620000+00:00,,5.2,Kalu Ganga,Rathnapura,8e525f4c-342d-4a2b-bea5-7d17371f5cd1,9.5,7.5,1469471,0,2.33
2026-08-06T21:34:29.296000+00:00,,2026-08-06T21:34:29.296000+00:00,,4,Kirindi Oya,Thanamalwila,6a838719-9a2e-4f16-8b41-860db746a98d,5.5,5,1469470,0,0.03
2026-08-06T21:34:15.543000+00:00,,2026-08-06T21:34:15.543000+00:00,,3,Kelani Ganga,Kithulgala,19561363-67f2-4959-b698-2fba263d3378,6,4,1469469,0,2.53
2026-08-06T21:34:14.323000+00:00,,2026-08-06T21:34:14.323000+00:00,,3,Kelani Ganga,Kithulgala,f97aa4d7-ac2c-4128-bb7d-1aca79dd42f9,6,4,1469468,0,2.55
2026-08-06T21:34:06.366000+00:00,,2026-08-06T21:34:06.366000+00:00,,4,Maduru Oya,Padiyathalawa,9b35e2d9-7f13-4235-b0ea-2aa81e56c2e2,6,4.5,1469467,0,0.09
2026-08-06T21:33:03.724000+00:00,,2026-08-06T21:33:03.724000+00:00,,3.5,Mahaweli Ganga,Nawalapitiya,7298a59d-50a3-43ba-9c2f-a2a46b188dde,6,5,1469466,4.3,2.33
2026-08-06T21:32:56.798000+00:00,,2026-08-06T21:32:56.798000+00:00,,5.5,Maha Oya,Giriulla,e0cae31e-5498-4b83-830d-0345b9ceb57f,7.5,6.5,1469465,0,1.16
2026-08-06T21:32:45.896000+00:00,,2026-08-06T21:32:45.896000+00:00,,4,Menik Ganga,Katharagama,ade2b44b-e2d6-49b3-bbdc-f2bcf76d53f5,6.5,4.6,1469464,0,-0.22
2026-08-06T21:32:43.891000+00:00,,2026-08-06T21:32:43.891000+00:00,,2.5,Nilwala Ganga,Urawa,a1968c27-6b33-42d0-af20-e346d070a4c0,6,4,1469463,0,0.15
2026-08-06T21:32:42.088000+00:00,,2026-08-07T21:15:49.293000+00:00,irrigationgis,6.5,Kelani Ganga,Hanwella,18a46e7c-7010-4f94-abc5-2a3dad7669ef,9.5,7.5,1469462,0,4.01
2026-08-06T21:32:36.635000+00:00,,2026-08-06T21:32:36.635000+00:00,,4.5,Heda Oya,Siyambalanduwa,7a7bb2ee-8068-4632-a792-17bb56b2276d,7,6,1469461,0,0.16
2026-08-06T21:32:33.743000+00:00,,2026-08-06T21:32:33.743000+00:00,,,Gal Oya,Ampara,9e1119a1-d454-447a-a692-4af7b92c7ebc,,,1469460,0,0
2026-08-06T21:32:21.880000+00:00,,2026-08-06T21:32:21.880000+00:00,,4,Menik Ganga,Katharagama,0d9794ae-3e04-4da4-bdf7-3483f2009dcc,6.5,4.6,1469459,0,-0.22
2026-08-06T21:32:10.852000+00:00,,2026-08-07T02:59:40.336000+00:00,irrigationgis,4.8,Kelani Ganga,Deraniyagala,49d8e200-10e7-4e5d-92fe-bd97676fa358,7,5.8,1469458,0,1.31
2026-08-06T21:31:55.454000+00:00,,2026-08-06T21:31:55.454000+00:00,,1.4,Nilwala Ganga,Thalgahagoda,260d51a4-68b7-48f1-a43f-5ba4c91ea28b,2.8,1.7,1469457,1.6,0.16
2026-08-06T21:31:46.613000+00:00,,2026-08-06T21:31:46.613000+00:00,,3,Mahaweli Ganga,Manampitiya,0e97c37c-308b-4055-9392-c6c176e6ab98,6,4.3,1469456,0,-0.1
2026-08-06T21:31:41.951000+00:00,,2026-08-06T21:31:41.951000+00:00,,6.9,Kirindi Oya,Kuda Oya,f115cea6-3c8c-421e-bb6f-23212448f461,8.8,8.4,1469455,0,0.94
2026-08-06T21:31:34.674000+00:00,,2026-08-06T21:31:34.674000+00:00,,3.5,Gin Ganga,Baddegama,f275d7fe-4aca-4cca-b259-8844f4cb937f,5,4,1469454,0,1.07
2026-08-06T21:31:33.657000+00:00,,2026-08-07T02:59:40.336000+00:00,irrigationgis,4.8,Kelani Ganga,Deraniyagala,edc7c2ee-b823-4d98-9a9e-ba42ef62400e,7,5.8,1469453,0,1.31
2026-08-06T21:30:54.809000+00:00,,2026-08-06T21:30:54.809000+00:00,,4.4,Kirindi Oya,Wellawaya,7eb52e3e-1085-40f8-abe1-30372fcdb15c,5.9,5.4,1469452,0,1.05
2026-08-06T21:30:52.187000+00:00,,2026-08-06T21:30:52.187000+00:00,,5,Mahaweli Ganga,Peradeniya,682004e0-8858-484b-83de-393c4946965d,9,7,1469451,0,4.3
2026-08-06T21:10:55.646000+00:00,,2026-08-06T21:10:55.646000+00:00,,4,Gin Ganga,Thawalama,98c1f45a-b7b0-44fe-aa0a-79a8679c125b,7.5,6,1469450,0,1.49
2026-08-06T21:00:57.938000+00:00,,2026-08-06T21:00:57.938000+00:00,,,Gal Oya,Ampara,3457ba51-3c7e-4994-9d8d-ad0ec2916b26,,,1469449,0,0
2026-08-06T20:49:50.235000+00:00,,2026-08-07T21:15:49.293000+00:00,irrigationgis,6.5,Kelani Ganga,Hanwella,a92de13e-8ea4-48d1-acba-74a00fd647d8,9.5,7.5,1469448,0,3.56
2026-08-06T20:43:21.679000+00:00,,2026-08-06T20:43:21.679000+00:00,,4,Kalu Ganga,Magura,4e9c9510-9892-4af5-a424-4c9fcefa8904,7.5,6,1469447,4.2,1.4
2026-08-06T20:39:42.307000+00:00,,2026-08-06T20:39:42.307000+00:00,,3,Walawe Ganga,Moraketiya,fa2d7cb8-cdf1-4b73-a838-ae67338e0190,7,5,1469446,0,0.65
2026-08-06T20:37:47.707000+00:00,,2026-08-07T03:04:59.153000+00:00,irrigationgis,15,Kelani Ganga,Glencourse,fc5041c3-9bb4-48c5-9f99-a250b17e0b66,19,15.5,1469445,0,11.87
2026-08-06T20:37:31.375000+00:00,,2026-08-06T20:37:31.375000+00:00,,1.5,Kelani Ganga,Norwood,a9e175cd-46c2-4c7b-bf9f-0211bf14aa69,4.5,3,1469444,2.6,1.01
2026-08-06T20:37:12.256000+00:00,,2026-08-06T20:37:12.256000+00:00,,2.5,Nilwala Ganga,Urawa,b8de20b9-7a57-4843-b255-31dcf2622492,6,4,1469443,3.2,0.15
2026-08-06T20:36:54.702000+00:00,,2026-08-06T20:36:54.702000+00:00,,3.5,Gin Ganga,Baddegama,bfefb049-bff4-45ea-a482-b50716adf8a5,5,4,1469442,0,1.08
2026-08-06T20:36:14.801000+00:00,,2026-08-06T20:36:14.801000+00:00,,5,Nilwala Ganga,Panadugama,27582fcb-46fb-4fdc-8c7e-4cb34dd658dd,7.5,6,1469441,0,2.39
2026-08-06T20:35:08.253000+00:00,,2026-08-06T20:35:08.253000+00:00,,5,Kumbukkan Oya,Nakkala,e635f56f-9dc1-4cf7-ad0b-9f7df71b111d,7.5,6,1469440,0,0.57
2026-08-06T20:35:06.881000+00:00,,2026-08-06T20:35:06.881000+00:00,,5,Kumbukkan Oya,Nakkala,2ab3f8b9-fe56-4c7f-a469-9e15d30e6072,7.5,6,1469439,0,0.57
2026-08-06T20:34:24.641000+00:00,,2026-08-06T20:34:24.641000+00:00,,5.2,Kalu Ganga,Rathnapura,723838d1-7f96-42b1-8e89-9bd8af0e6a9c,9.5,7.5,1469438,0,2.34
2026-08-06T20:34:20.764000+00:00,,2026-08-06T20:34:20.764000+00:00,,4,Kelani Ganga,Nagalagam Street,b31b2b6b-ad63-4e81-8ba7-ab76113452fb,7,5,1469437,,0.6
2026-08-06T20:34:15.015000+00:00,,2026-08-06T20:34:15.015000+00:00,,4,Kirindi Oya,Thanamalwila,d8261dc3-a517-41d1-a253-59e3673d6561,5.5,5,1469436,0,0.01
2026-08-06T20:34:01.128000+00:00,,2026-08-06T20:34:01.128000+00:00,,4,Ma Oya,Yaka Wewa,fd6155d1-2900-4ee9-9948-e1d925f9c51f,6,5,1469435,0,0.42
2026-08-06T20:33:52.538000+00:00,,2026-08-06T20:33:52.538000+00:00,,4,Menik Ganga,Katharagama,f6f8feaf-66ed-40a3-b0b1-24716514d091,6.5,4.6,1469434,0,-0.22
2026-08-06T20:33:44.054000+00:00,,2026-08-06T20:33:44.054000+00:00,,5.5,Maha Oya,Giriulla,613bde27-6785-4253-bea9-b75c8cf4b906,7.5,6.5,1469433,0,1.16
2026-08-06T20:33:34.232000+00:00,,2026-08-06T20:33:34.232000+00:00,,5,Mahaweli Ganga,Peradeniya,b3843891-859a-418f-ba0f-1d34311d1aef,9,7,1469432,0,4.38
2026-08-06T20:33:32.076000+00:00,,2026-08-06T20:33:32.076000+00:00,,5,Kalu Ganga,Kalawellawa (Millakanda),4811fc0e-a632-44ef-8323-2dc0c456b969,8,6.5,1469431,4.8,2.88
2026-08-06T20:33:22.233000+00:00,,2026-08-06T20:33:22.233000+00:00,,3,Kelani Ganga,Holombuwa,61955d5b-86bb-4d9e-a564-3550e76087ae,5,3.4,1469430,0,0.59
2026-08-06T20:33:14.527000+00:00,,2026-08-06T20:33:14.527000+00:00,,5,Maha Oya,Badalgama,6c0fadb0-b5af-42d7-ae3b-d0f14d3bf48f,9.6,6.2,1469429,0,2.21
2026-08-06T20:32:45.779000+00:00,,2026-08-06T20:32:45.779000+00:00,,10,Kalu Ganga,Ellagawa,aadc1adc-c8c7-40ff-acd3-f233ee26c37e,12.2,10.7,1469428,0,5.97
2026-08-06T20:32:17.080000+00:00,,2026-08-06T20:32:17.080000+00:00,,4.4,Kirindi Oya,Wellawaya,41cb72f4-4bfa-4514-8076-c4dfb947c8ca,5.9,5.4,1469427,0,1.02
2026-08-06T20:32:16.852000+00:00,,2026-08-06T20:32:16.852000+00:00,,3.3,Aththanagalu Oya,Dunamale,b93d281e-31a6-4162-b014-cba17896828f,5.5,4.4,1469426,0,0.7
2026-08-06T20:32:08.656000+00:00,,2026-08-06T20:32:08.656000+00:00,,1.4,Nilwala Ganga,Thalgahagoda,a3453bdd-4ef3-4989-8d37-97c049376d60,2.8,1.7,1469425,0,0.19
2026-08-06T20:32:06.780000+00:00,,2026-08-06T20:32:06.780000+00:00,,6,Yan Oya,Horowpothana,dd2abdaa-498f-4e23-8aed-5b7e0e47ae84,10.5,7.5,1469424,0,1.64
2026-08-06T20:32:03.984000+00:00,,2026-08-06T20:32:03.984000+00:00,,3,Mahaweli Ganga,Manampitiya,c26b54d3-bcc6-41b3-8cd0-fa4dc29b15db,6,4.3,1469423,0,-0.1
2026-08-06T20:31:59.382000+00:00,,2026-08-06T20:31:59.382000+00:00,,4,Nilwala Ganga,Pitabeddara,1bea55d7-0c2c-44c6-96c1-267d428f9048,6.5,5,1469422,0,0.44
2026-08-06T20:31:59.270000+00:00,,2026-08-06T20:31:59.270000+00:00,,3.5,Mahaweli Ganga,Nawalapitiya,d57c7535-1f5e-48c2-ae26-7740eed61626,6,5,1469421,0,2.41
2026-08-06T20:31:26.477000+00:00,,2026-08-06T20:31:26.477000+00:00,,6.9,Kirindi Oya,Kuda Oya,f7f0a3ed-36b9-4932-a3b3-7a05dce0add8,8.8,8.4,1469420,0,0.94
2026-08-06T20:31:10.102000+00:00,,2026-08-06T20:31:10.102000+00:00,,4,Maduru Oya,Padiyathalawa,3cf55899-b370-4abf-af18-24f339a93d9e,6,4.5,1469419,0,0.09
2026-08-06T20:30:07.961000+00:00,,2026-08-06T20:30:07.961000+00:00,,4.5,Heda Oya,Siyambalanduwa,83937ed6-9fb6-46be-8071-d1cf0773bfd0,7,6,1469418,0,0.16
2026-08-06T20:18:02.868000+00:00,,2026-08-06T20:18:02.868000+00:00,,5.2,Kalu Ganga,Rathnapura,56b3da9f-7b1f-4fb7-bc23-906b7a7632ad,9.5,7.5,1469417,0,2.34
2026-08-06T19:51:54.688000+00:00,,2026-08-06T19:51:54.688000+00:00,,4,Kalu Ganga,Magura,fe858eab-5eb5-492d-af21-985ecc2310c5,7.5,6,1469416,0,1.4
2026-08-06T19:46:27.680000+00:00,,2026-08-06T19:46:27.680000+00:00,,4.75,Deduru Oya,Moragaswewa,50dd2e0d-98df-4976-9f77-bd134f7c23d1,7,6,1469415,0,-0.04
2026-08-06T19:43:43.913000+00:00,,2026-08-06T19:43:43.913000+00:00,,5,Kalu Ganga,Kalawellawa (Millakanda),760f33d9-40d2-418f-8c02-d470f6e5762a,8,6.5,1469414,4.8,2.88
2026-08-06T19:43:19.139000+00:00,,2026-08-06T19:43:19.139000+00:00,,4,Gin Ganga,Thawalama,95d016da-a45d-49d0-84c4-43fb77633edb,7.5,6,1469413,0,1.49
2026-08-06T19:39:57.556000+00:00,,2026-08-06T19:39:57.556000+00:00,,3.5,Gin Ganga,Baddegama,84b5e3d6-4707-4b7d-aeb6-bc216859b5aa,5,4,1469412,0,1.09
2026-08-06T19:38:05.512000+00:00,,2026-08-06T19:38:05.512000+00:00,,3,Kelani Ganga,Kithulgala,542a7c45-0280-4e68-b1c4-3ef288a08900,6,4,1469411,0,2.55
2026-08-06T19:36:50.609000+00:00,,2026-08-07T21:15:49.293000+00:00,irrigationgis,6.5,Kelani Ganga,Hanwella,d2deab6e-011d-41aa-982f-7d2dbfc9b6f9,9.5,7.5,1469410,0,3.53
2026-08-06T19:35:50.571000+00:00,,2026-08-06T19:35:50.571000+00:00,,4,Kirindi Oya,Thanamalwila,22026a61-acd2-4c71-aa50-2b480e163c51,5.5,5,1469409,0,0.01
2026-08-06T19:35:23.205000+00:00,,2026-08-06T19:35:23.205000+00:00,,3,Kelani Ganga,Holombuwa,cb235158-d4b5-4c4d-b759-319c3c22c298,5,3.4,1469408,0,0.6
2026-08-06T19:34:45.398000+00:00,,2026-08-06T19:34:45.398000+00:00,,3,Kalu Ganga,Putupaula,b7537eee-c759-44f7-9e8a-aa57bbc31e70,5,4,1469407,0,0.97
2026-08-06T19:34:35.053000+00:00,,2026-08-07T03:04:59.153000+00:00,irrigationgis,15,Kelani Ganga,Glencourse,fedd8b55-9631-4ada-bb1f-a0dfe75d0566,19,15.5,1469406,0,11.98
2026-08-06T19:34:02.677000+00:00,,2026-08-06T19:34:02.677000+00:00,,5,Mahaweli Ganga,Peradeniya,37d97655-97fe-4e17-836f-c1e99f7ec90f,9,7,1469405,0.3,4.4
2026-08-06T19:33:57.350000+00:00,,2026-08-06T19:33:57.350000+00:00,,5.5,Maha Oya,Giriulla,9a5ba792-9dcd-47a6-bba1-e8d30d37d0bf,7.5,6.5,1469404,0,1.16
2026-08-06T19:33:55.316000+00:00,,2026-08-06T19:33:55.316000+00:00,,3,Mahaweli Ganga,Manampitiya,3948ea06-74d6-419e-b22f-7eeb8349568e,6,4.3,1469403,0,-0.1
2026-08-06T19:33:49.284000+00:00,,2026-08-06T19:33:49.284000+00:00,,4,Ma Oya,Yaka Wewa,999ac9a7-7380-477b-826c-0f56c2d51897,6,5,1469402,0,0.42
2026-08-06T19:33:48.826000+00:00,,2026-08-06T19:33:48.826000+00:00,,10,Kalu Ganga,Ellagawa,e1d9b1b7-268b-4fc1-88d6-8f040c42edba,12.2,10.7,1469401,0,5.98
2026-08-06T19:33:34.203000+00:00,,2026-08-06T19:33:34.203000+00:00,,2.5,Nilwala Ganga,Urawa,83d6e75d-f4e9-4117-b4b6-fae723ac30ae,6,4,1469400,0,0.14
2026-08-06T19:33:24.505000+00:00,,2026-08-06T19:33:24.505000+00:00,,4,Menik Ganga,Katharagama,237bff4b-76e4-4746-bd42-e5b0cfd50c6b,6.5,4.6,1469399,0,-0.22
2026-08-06T19:33:10.730000+00:00,,2026-08-06T19:33:10.730000+00:00,,6,Yan Oya,Horowpothana,6dc7b0ec-ac71-40dc-9447-612391bb380a,10.5,7.5,1469398,0,1.64
2026-08-06T19:32:52.825000+00:00,,2026-08-06T19:32:52.825000+00:00,,4.4,Kirindi Oya,Wellawaya,c16677bc-cc41-44b0-a15d-06f1640ec40d,5.9,5.4,1469397,0,0.93
2026-08-06T19:32:42.296000+00:00,,2026-08-07T02:59:40.336000+00:00,irrigationgis,4.8,Kelani Ganga,Deraniyagala,70eaa831-b4a1-4cff-963b-ed91fa49ec3e,7,5.8,1469396,0,1.37
2026-08-06T19:32:39.554000+00:00,,2026-08-06T19:32:39.554000+00:00,,5,Maha Oya,Badalgama,89443a4d-473c-4f9e-8efc-45dd37a7ed28,9.6,6.2,1469395,0,2.21
2026-08-06T19:32:04.561000+00:00,,2026-08-06T19:32:04.561000+00:00,,3,Mahaweli Ganga,Thaldena,2cb82df6-d6ff-4f9d-9a1d-abe332d1beae,5,4,1469394,0,0.14
2026-08-06T19:31:46.287000+00:00,,2026-08-06T19:31:46.287000+00:00,,4,Kelani Ganga,Nagalagam Street,e5fc34c9-13ef-4dbb-84d6-c7b9fa79c835,7,5,1469393,0,0.6
2026-08-06T19:31:41.539000+00:00,,2026-08-06T19:31:41.539000+00:00,,,Gal Oya,Ampara,79ef5adc-1f0f-4293-980e-615213ee279b,,,1469392,0,0
2026-08-06T19:31:34.982000+00:00,,2026-08-06T19:31:34.982000+00:00,,3.5,Mahaweli Ganga,Nawalapitiya,3fd1261b-ada6-4dbd-883a-5b2b4458b83c,6,5,1469391,0.2,2.46
2026-08-06T19:31:30.784000+00:00,,2026-08-06T19:31:30.784000+00:00,,4.5,Heda Oya,Siyambalanduwa,e53ae499-123c-4f3a-8691-614058f5d12e,7,6,1469390,0,0.16
2026-08-06T19:31:26.317000+00:00,,2026-08-06T19:31:26.317000+00:00,,3.3,Aththanagalu Oya,Dunamale,b164dbb5-e868-4ff6-842e-b6e2d920720a,5.5,4.4,1469389,0,0.7
2026-08-06T19:31:24.142000+00:00,,2026-08-06T19:31:24.142000+00:00,,3,Walawe Ganga,Moraketiya,06c70a7b-616b-4133-bf80-ba4ada215d25,7,5,1469388,0,0.65
2026-08-06T19:31:18.157000+00:00,,2026-08-06T19:31:18.157000+00:00,,6.9,Kirindi Oya,Kuda Oya,8c1a100e-550f-4e47-afe5-b3ccd9125baf,8.8,8.4,1469387,0,0.94
2026-08-06T19:31:11.840000+00:00,,2026-08-06T19:31:11.840000+00:00,,4,Nilwala Ganga,Pitabeddara,02bb3e66-325e-4291-86ae-45dd27a37587,6.5,5,1469386,0,0.44
2026-08-06T19:30:18.323000+00:00,,2026-08-06T19:30:18.323000+00:00,,1.4,Nilwala Ganga,Thalgahagoda,e5c758be-75cc-4b77-ad95-ee11496e7639,2.8,1.7,1469385,0,0.21
2026-08-06T19:06:34.605000+00:00,,2026-08-06T19:06:34.605000+00:00,,4,Kelani Ganga,Nagalagam Street,4aa2f223-0f39-4efa-91f8-251bfe6c7c03,7,5,1469384,0,0.8
2026-08-06T19:04:02.278000+00:00,,2026-08-06T19:04:02.278000+00:00,,5,Kalu Ganga,Kalawellawa (Millakanda),471c80c3-ed93-4b12-b89e-6034e4ede91c,8,6.5,1469383,0,2.88
2026-08-06T19:01:50.217000+00:00,,2026-08-06T19:01:50.217000+00:00,,10,Kalu Ganga,Ellagawa,240ae55e-6731-4607-801e-04e38d8b74c8,12.2,10.7,1469382,0,5.98
2026-08-06T18:44:41.016000+00:00,,2026-08-06T18:44:41.016000+00:00,,3.5,Mahaweli Ganga,Nawalapitiya,8a6d21a7-e6e8-44e2-b1c5-8e8884cbbe04,6,5,1469381,0,2.5
2026-08-06T18:43:26.802000+00:00,,2026-08-06T18:43:26.802000+00:00,,5,Maha Oya,Badalgama,bcb25f21-e035-4044-b369-d93037d1411b,9.6,6.2,1469380,0,2.22
2026-08-06T18:38:39.620000+00:00,,2026-08-06T18:38:39.620000+00:00,,5,Nilwala Ganga,Panadugama,df8b15d0-8f49-44f6-af1a-1a9bc529b882,7.5,6,1469379,2.4,2.39
2026-08-06T18:37:53.095000+00:00,,2026-08-07T21:15:49.293000+00:00,irrigationgis,6.5,Kelani Ganga,Hanwella,43b6f1ff-8586-42c2-8c5f-03394f176ab7,9.5,7.5,1469378,0,3.47
2026-08-06T18:36:32.641000+00:00,,2026-08-07T03:04:59.153000+00:00,irrigationgis,15,Kelani Ganga,Glencourse,5fad275a-4bd0-4189-8b64-ba7255134239,19,15.5,1469377,0,12.07
2026-08-06T18:36:12.569000+00:00,,2026-08-06T18:36:12.569000+00:00,,3,Walawe Ganga,Moraketiya,ea7a3971-c2bb-44d8-86e9-661bbf9524e7,7,5,1469376,0,0.64
2026-08-06T18:35:27.220000+00:00,,2026-08-06T18:35:27.220000+00:00,,5,Mahaweli Ganga,Peradeniya,2fa418f4-525b-4680-8fec-8c43b3038b16,9,7,1469375,0,4.56
2026-08-06T18:35:21.165000+00:00,,2026-08-06T18:35:21.165000+00:00,,3,Kelani Ganga,Kithulgala,b76c4f13-3e03-4b4e-8e15-4c2aaeb273d8,6,4,1469374,0,2.55
2026-08-06T18:35:10.887000+00:00,,2026-08-07T02:59:40.336000+00:00,irrigationgis,4.8,Kelani Ganga,Deraniyagala,3576ed20-732c-4c36-9b63-caa45765bd1d,7,5.8,1469373,0,1.44
2026-08-06T18:34:36.453000+00:00,,2026-08-06T18:34:36.453000+00:00,,4,Maduru Oya,Padiyathalawa,7c8fc284-0523-4f5b-957c-3d80f4a98ee2,6,4.5,1469372,0,0.09
2026-08-06T18:34:22.239000+00:00,,2026-08-06T18:34:22.239000+00:00,,4,Kirindi Oya,Thanamalwila,1c4cbe35-ae7a-474c-8cf4-8a6a2ec4113e,5.5,5,1469371,0,0.01
2026-08-06T18:34:19.639000+00:00,,2026-08-06T18:34:19.639000+00:00,,1.5,Kelani Ganga,Norwood,82aa9744-9801-45df-972c-466fe1b4fc33,4.5,3,1469370,0,0.99
2026-08-06T18:33:44.384000+00:00,,2026-08-06T18:33:44.384000+00:00,,5.5,Maha Oya,Giriulla,4c7cfbf4-3afa-48fc-ba95-7696b812d923,7.5,6.5,1469369,0,1.15
2026-08-06T18:33:43.038000+00:00,,2026-08-06T18:33:43.038000+00:00,,2.5,Nilwala Ganga,Urawa,e60b4a34-afc4-4079-9f29-2e132d7e3d62,6,4,1469368,0,0.14
2026-08-06T18:33:41.958000+00:00,,2026-08-06T18:33:41.958000+00:00,,3,Kelani Ganga,Holombuwa,b68828c8-4e87-4e02-af89-9acfa433cc27,5,3.4,1469367,0,0.6
2026-08-06T18:33:29.525000+00:00,,2026-08-06T18:33:29.525000+00:00,,5,Maha Oya,Badalgama,77a6b454-f8ea-4ef2-9f62-f02c32e75daa,9.6,6.2,1469366,0,2.22
2026-08-06T18:33:19.014000+00:00,,2026-08-06T18:33:19.014000+00:00,,4,Nilwala Ganga,Pitabeddara,4b07d88b-2d83-4954-99a6-86faaf043c8d,6.5,5,1469365,0,0.44
2026-08-06T18:33:17.426000+00:00,,2026-08-06T18:33:17.426000+00:00,,4,Nilwala Ganga,Pitabeddara,fd4e91e7-8260-4983-af49-a02fc0dc01c5,6.5,5,1469364,0,0.44
2026-08-06T18:32:59.060000+00:00,,2026-08-06T18:32:59.060000+00:00,,4,Ma Oya,Yaka Wewa,a84eeec7-6043-4b17-9031-2fc3ebc59b65,6,5,1469363,0,0.42
2026-08-06T18:32:52.943000+00:00,,2026-08-06T18:32:52.943000+00:00,,3.5,Gin Ganga,Baddegama,5a738f2e-2f89-45e5-9100-34e454113ec6,5,4,1469362,0,1.11
2026-08-06T18:32:37.204000+00:00,,2026-08-06T18:32:37.204000+00:00,,4.75,Deduru Oya,Moragaswewa,48ccfc11-72e6-4706-8e84-32fd68fbee76,7,6,1469361,0,-0.04
2026-08-06T18:32:18.594000+00:00,,2026-08-06T18:32:18.594000+00:00,,4,Menik Ganga,Katharagama,c583fafc-ca92-4d1c-afa3-097cd1fe80aa,6.5,4.6,1469360,0,-0.22
2026-08-06T18:32:13.309000+00:00,,2026-08-06T18:32:13.309000+00:00,,3,Kalu Ganga,Putupaula,24530940-6262-4aab-b27f-ecb883850563,5,4,1469359,0,1
2026-08-06T18:32:13.155000+00:00,,2026-08-06T18:32:13.155000+00:00,,3,Mahaweli Ganga,Manampitiya,bfc466f1-9878-493e-b913-cd0dbe875d29,6,4.3,1469358,0,-0.07
2026-08-06T18:32:11.917000+00:00,,2026-08-06T18:32:11.917000+00:00,,5.2,Kalu Ganga,Rathnapura,3a217d4d-2faa-40ff-b344-da0fd5cb48fe,9.5,7.5,1469357,0,2.4
2026-08-06T18:32:03.448000+00:00,,2026-08-06T18:32:03.448000+00:00,,4,Kelani Ganga,Nagalagam Street,4fa88788-fe33-4ea1-8ec9-40f9dd0e273b,7,5,1469356,0,0.7
2026-08-06T18:31:53.075000+00:00,,2026-08-06T18:31:53.075000+00:00,,3.3,Aththanagalu Oya,Dunamale,f28d4110-2512-4788-8cd0-18fbaed81abd,5.5,4.4,1469355,0,0.7
2026-08-06T18:31:51.374000+00:00,,2026-08-06T18:31:51.374000+00:00,,3,Mahaweli Ganga,Thaldena,e8398e81-c92c-48ac-963c-f9aaf0abd1e5,5,4,1469354,0,0.14
2026-08-06T18:31:44.051000+00:00,,2026-08-06T18:31:44.051000+00:00,,4.5,Heda Oya,Siyambalanduwa,98a1dfa5-76db-4ba4-b8c6-7fdb733ef80c,7,6,1469353,0,0.16
2026-08-06T18:31:27.924000+00:00,,2026-08-06T18:31:27.924000+00:00,,4,Kalu Ganga,Magura,ec4cb3d6-d5e3-4487-a80d-8e3db08f1daf,7.5,6,1469352,0,1.4
2026-08-06T18:31:22.096000+00:00,,2026-08-06T18:31:22.096000+00:00,,4,Gin Ganga,Thawalama,be8dc023-da63-4d21-93ed-77081ecdb6eb,7.5,6,1469351,0,1.5
2026-08-06T18:31:20.806000+00:00,,2026-08-06T18:31:20.806000+00:00,,4.4,Kirindi Oya,Wellawaya,ef188d64-8ddb-4a1c-b7e7-337fd17b875b,5.9,5.4,1469350,0,0.95
2026-08-06T18:30:46.990000+00:00,,2026-08-06T18:30:46.990000+00:00,,,Gal Oya,Ampara,10957e63-7511-49fd-b871-e31aa9b50a28,,,1469349,0,0
2026-08-06T18:30:36.280000+00:00,,2026-08-06T18:30:36.280000+00:00,,1.4,Nilwala Ganga,Thalgahagoda,f7522940-0bf9-435e-8de3-47adc631df62,2.8,1.7,1469348,0,0.26
2026-08-06T18:29:23.436000+00:00,,2026-08-06T18:29:23.436000+00:00,,5,Mahaweli Ganga,Peradeniya,951bc95f-0e14-48e4-8f3c-760e9bf3b911,9,7,1469347,0,4.65
2026-08-06T18:29:15.912000+00:00,,2026-08-06T18:29:15.912000+00:00,,1.4,Nilwala Ganga,Thalgahagoda,dba8f0f7-bda9-4efe-a151-59f2630a32ff,2.8,1.7,1469346,0,0.26
2026-08-06T18:03:23.714000+00:00,,2026-08-06T18:03:23.714000+00:00,,3.5,Mahaweli Ganga,Nawalapitiya,96fc7b2f-ff80-4a6b-91fc-1b7c4f5abe90,6,5,1469345,0,2.5
2026-08-06T17:44:17.087000+00:00,,2026-08-06T17:44:17.087000+00:00,,1.4,Nilwala Ganga,Thalgahagoda,30f678cc-e3d5-48bf-a25c-8195fa4db796,2.8,1.7,1469344,0,0.27
2026-08-06T17:44:08.542000+00:00,,2026-08-06T17:44:08.542000+00:00,,3.3,Aththanagalu Oya,Dunamale,fef23692-578d-4241-ae13-cbade50624db,5.5,4.4,1469343,0,0.7
2026-08-06T17:42:34.579000+00:00,,2026-08-06T17:42:34.579000+00:00,,10,Kalu Ganga,Ellagawa,3047f4f0-3e09-4bd5-875e-ec0550e5ec33,12.2,10.7,1469342,0.6,6
2026-08-06T17:41:35.165000+00:00,,2026-08-06T17:41:35.165000+00:00,,4,Kelani Ganga,Nagalagam Street,1dcd10d2-8fed-40af-b9e6-a70370ee42ca,7,5,1469341,0,0.9
2026-08-06T17:38:18.308000+00:00,,2026-08-06T17:38:18.308000+00:00,,3.5,Gin Ganga,Baddegama,0775b361-2c4f-4959-9ede-c8d2e780f9c4,5,4,1469340,0,1.14
2026-08-06T17:38:02.887000+00:00,,2026-08-06T17:38:02.887000+00:00,,5,Nilwala Ganga,Panadugama,46c1733f-21bc-40ef-b258-235a965f7bef,7.5,6,1469339,0,2.4
2026-08-06T17:37:30.525000+00:00,,2026-08-06T17:37:30.525000+00:00,,4,Kalu Ganga,Magura,c51be213-b293-4870-874f-c1b9fa69e72f,7.5,6,1469338,0,1.41
2026-08-06T17:36:32.365000+00:00,,2026-08-06T17:36:32.365000+00:00,,3,Walawe Ganga,Moraketiya,af930fc7-48bd-41f7-a660-5492088f810b,7,5,1469337,0,0.64
2026-08-06T17:36:21.421000+00:00,,2026-08-06T17:36:21.421000+00:00,,4,Menik Ganga,Katharagama,2965847c-6f5c-4f6f-bb23-f0fa7fa98717,6.5,4.6,1469336,0,-0.22
2026-08-06T17:35:55.358000+00:00,,2026-08-06T17:35:55.358000+00:00,,5,Maha Oya,Badalgama,0233ee7c-38bd-4c78-beb9-a4ddc88eab23,9.6,6.2,1469335,0,2.22
2026-08-06T17:35:49.550000+00:00,,2026-08-06T17:35:49.550000+00:00,,3,Kelani Ganga,Kithulgala,483bdd18-9888-4da9-8504-dd33e54de5f6,6,4,1469334,0,2.55
2026-08-06T17:35:21.498000+00:00,,2026-08-07T03:04:59.153000+00:00,irrigationgis,15,Kelani Ganga,Glencourse,d4f07f11-66ff-4e4f-936d-ae2dcfc4ec77,19,15.5,1469333,0,12.13
2026-08-06T17:35:01.584000+00:00,,2026-08-06T17:35:01.584000+00:00,,4,Kirindi Oya,Thanamalwila,0850066a-feca-43cb-9910-d2e3353308ad,5.5,5,1469332,0,0.01
2026-08-06T17:35:00.298000+00:00,,2026-08-06T17:35:00.298000+00:00,,3,Kelani Ganga,Holombuwa,9a4d0bfd-32a4-476a-a81a-fe89455958d9,5,3.4,1469331,0,0.62
2026-08-06T17:34:47.019000+00:00,,2026-08-07T02:59:40.336000+00:00,irrigationgis,4.8,Kelani Ganga,Deraniyagala,95f19d47-83c9-4828-a4bf-c026e50758c7,7,5.8,1469330,0,1.46
2026-08-06T17:34:44.098000+00:00,,2026-08-06T17:34:44.098000+00:00,,6.9,Kirindi Oya,Kuda Oya,dcbfc644-3a44-44a0-9d44-40abdde3500c,8.8,8.4,1469329,0,0.94
2026-08-06T17:34:43.871000+00:00,,2026-08-06T17:34:43.871000+00:00,,4,Maduru Oya,Padiyathalawa,39246d0e-1db6-45bf-8b35-9a7394bd2d21,6,4.5,1469328,0,0.09
2026-08-06T17:34:21.687000+00:00,,2026-08-06T17:34:21.687000+00:00,,5.2,Kalu Ganga,Rathnapura,d3e8e60c-44d5-4faf-b909-5e22c4e54631,9.5,7.5,1469327,6.4,2.45
2026-08-06T17:34:15.510000+00:00,,2026-08-06T17:34:15.510000+00:00,,4,Gin Ganga,Thawalama,ea61765a-bc1b-4272-bf0d-366411ef9f03,7.5,6,1469326,0,1.5
2026-08-06T17:34:14.325000+00:00,,2026-08-06T17:34:14.325000+00:00,,3,Mahaweli Ganga,Thaldena,6820c057-068f-4c18-bb28-39b9a7fdeb37,5,4,1469325,0,0.16
2026-08-06T17:34:09.952000+00:00,,2026-08-06T17:34:09.952000+00:00,,3,Mahaweli Ganga,Manampitiya,cb60b8ae-1fe8-4434-9c86-91f9fda16ebd,6,4.3,1469324,0,-0.09
2026-08-06T17:34:01.215000+00:00,,2026-08-06T17:34:01.215000+00:00,,5.5,Maha Oya,Giriulla,b2248b6c-6d62-4b0d-9252-4520ddfbd5df,7.5,6.5,1469323,0,1.15
2026-08-06T17:33:59.500000+00:00,,2026-08-06T17:33:59.500000+00:00,,1.4,Nilwala Ganga,Thalgahagoda,fbb85723-0ea6-42da-8279-3ece7aa9cfc0,2.8,1.7,1469322,0,0.27
2026-08-06T17:33:57.300000+00:00,,2026-08-06T17:33:57.300000+00:00,,2.5,Nilwala Ganga,Urawa,a8e78613-c281-4dc0-96ab-ea3e752785c7,6,4,1469321,2.6,0.14
2026-08-06T17:33:52.013000+00:00,,2026-08-06T17:33:52.013000+00:00,,3,Kalu Ganga,Putupaula,34bcf761-5b96-4602-aeb5-78bf2f901c27,5,4,1469320,0,1.05
2026-08-06T17:33:04.386000+00:00,,2026-08-06T17:33:04.386000+00:00,,4.75,Deduru Oya,Moragaswewa,15bbc421-cf3d-42ce-afae-89035e06cb49,7,6,1469319,0,-0.03
2026-08-06T17:32:25.706000+00:00,,2026-08-06T17:32:25.706000+00:00,,1.5,Kelani Ganga,Norwood,46c8bec7-1d8d-4b8c-989e-3dd38b696ae4,4.5,3,1469318,0,1
2026-08-06T17:32:13.390000+00:00,,2026-08-07T21:15:49.293000+00:00,irrigationgis,6.5,Kelani Ganga,Hanwella,b5e8ad3f-e2d6-4140-a222-6e60a0c3c204,9.5,7.5,1469317,0,3.4
2026-08-06T17:31:46.314000+00:00,,2026-08-06T17:31:46.314000+00:00,,4.5,Heda Oya,Siyambalanduwa,8ce3cd5a-3c16-44f0-aed7-dd33a2f6a568,7,6,1469316,0,0.16
2026-08-06T17:31:45.490000+00:00,,2026-08-06T17:31:45.490000+00:00,,4,Ma Oya,Yaka Wewa,1b9f94cc-c35f-4e72-b6eb-c1e796424e1a,6,5,1469315,0,0.42
2026-08-06T17:30:49.579000+00:00,,2026-08-06T17:30:49.579000+00:00,,6,Yan Oya,Horowpothana,bcb0b2c7-f133-4900-aa84-ac27557f9879,10.5,7.5,1469314,0,1.63
2026-08-06T17:30:33.596000+00:00,,2026-08-06T17:30:33.596000+00:00,,,Gal Oya,Ampara,931721ee-e44a-4ff4-9a52-4fc73608d9b0,,,1469313,0,0
2026-08-06T17:30:21.989000+00:00,,2026-08-06T17:30:21.989000+00:00,,4.4,Kirindi Oya,Wellawaya,edd24989-a2cc-4535-946f-a7c436848b06,5.9,5.4,1469312,0,0.96
2026-08-06T17:30:17.923000+00:00,,2026-08-06T17:30:17.923000+00:00,,5,Kumbukkan Oya,Nakkala,22aab52c-49e6-4771-92cf-489ba23b46d9,7.5,6,1469311,0,0.57
2026-08-06T16:57:35.726000+00:00,,2026-08-06T16:57:35.726000+00:00,,4,Kelani Ganga,Nagalagam Street,d4d5d4db-9e7a-4e56-aa68-813d4b419a14,7,5,1469310,0,1
2026-08-06T16:43:50.846000+00:00,,2026-08-06T16:43:50.846000+00:00,,3,Kalu Ganga,Putupaula,5e82dcd1-3908-418d-99be-a48a74b12e3c,5,4,1469309,0.7,1.1
2026-08-06T16:39:23.571000+00:00,,2026-08-06T16:39:23.571000+00:00,,3,Kelani Ganga,Holombuwa,984722a3-ec1c-4094-aa6c-47bb9a3693f2,5,3.4,1469308,0,0.65
2026-08-06T16:39:00.813000+00:00,,2026-08-06T16:39:00.813000+00:00,,4,Menik Ganga,Katharagama,a38c429c-eea1-4a08-9efd-a5098883547c,6.5,4.6,1469307,0,-0.22
2026-08-06T16:38:55.571000+00:00,,2026-08-06T16:38:55.571000+00:00,,2.5,Nilwala Ganga,Urawa,8c14fd8a-7106-4cf8-ada3-07977277aee9,6,4,1469306,0,0.14
2026-08-06T16:38:10.907000+00:00,,2026-08-06T16:38:10.907000+00:00,,3,Walawe Ganga,Moraketiya,9d96f77c-bf49-469e-8994-88f30177489a,7,5,1469305,0,0.64
2026-08-06T16:38:04.639000+00:00,,2026-08-06T16:38:04.639000+00:00,,3.5,Gin Ganga,Baddegama,77465c8e-d1be-4819-85b5-82fcbe8cc4e6,5,4,1469304,0,1.14
2026-08-06T16:37:08.673000+00:00,,2026-08-06T16:37:08.673000+00:00,,3,Kelani Ganga,Kithulgala,3846e21f-6de7-4a1f-87a3-1ccb816d2e7b,6,4,1469303,0,2.65
2026-08-06T16:36:55.013000+00:00,,2026-08-06T16:36:55.013000+00:00,,3,Mahaweli Ganga,Thaldena,90cb75a1-482f-4c30-8957-c24511f6ed00,5,4,1469302,0,0.19
2026-08-06T16:36:05.258000+00:00,,2026-08-06T16:36:05.258000+00:00,,4,Kalu Ganga,Magura,c194760f-47a3-46b4-81ad-a834dd10f7d3,7.5,6,1469301,3.7,1.41
2026-08-06T16:35:54.579000+00:00,,2026-08-06T16:35:54.579000+00:00,,5,Kumbukkan Oya,Nakkala,c3cd9858-04ce-4b4e-aac0-da0f58080740,7.5,6,1469300,0,0.57
2026-08-06T16:35:31.685000+00:00,,2026-08-06T16:35:31.685000+00:00,,5,Maha Oya,Badalgama,161604e8-e46d-4c93-b29f-ab9c4354479e,9.6,6.2,1469299,0,2.22
2026-08-06T16:35:20.067000+00:00,,2026-08-06T16:35:20.067000+00:00,,5.2,Kalu Ganga,Rathnapura,e0c972be-5904-4dd0-83c5-fe206cfe8156,9.5,7.5,1469298,2.8,2.47
2026-08-06T16:34:59.567000+00:00,,2026-08-07T03:04:59.153000+00:00,irrigationgis,15,Kelani Ganga,Glencourse,827e506b-323c-4859-b34d-ed544a08c700,19,15.5,1469297,0,12.13
2026-08-06T16:34:57.579000+00:00,,2026-08-06T16:34:57.579000+00:00,,1.4,Nilwala Ganga,Thalgahagoda,a383ab43-8331-4767-9fa5-cc307273a863,2.8,1.7,1469296,0,0.27
2026-08-06T16:34:40.601000+00:00,,2026-08-06T16:34:40.601000+00:00,,3.3,Aththanagalu Oya,Dunamale,f68be888-54d6-4f96-bd30-dfb626874ece,5.5,4.4,1469295,0,0.7
2026-08-06T16:34:29.732000+00:00,,2026-08-06T16:34:29.732000+00:00,,6.9,Kirindi Oya,Kuda Oya,b8e4b787-3981-425d-ad8a-4566c67ef87d,8.8,8.4,1469294,0,0.94
2026-08-06T16:34:26.009000+00:00,,2026-08-06T16:34:26.009000+00:00,,4,Gin Ganga,Thawalama,c8c84d78-850e-4d86-8ad4-308e8d9c2efd,7.5,6,1469293,0,1.5
2026-08-06T16:34:17.021000+00:00,,2026-08-06T16:34:17.021000+00:00,,5,Kalu Ganga,Kalawellawa (Millakanda),c4fd8809-3b17-4d30-9e26-db30c83e954e,8,6.5,1469292,1,2.92
2026-08-06T16:33:30.648000+00:00,,2026-08-06T16:33:30.648000+00:00,,4,Kirindi Oya,Thanamalwila,48badb7d-cb9c-4153-ad01-2c585e6dd7e6,5.5,5,1469291,0,0.01
2026-08-06T16:33:24.666000+00:00,,2026-08-06T16:33:24.666000+00:00,,4,Nilwala Ganga,Pitabeddara,d8a472ed-b704-4d9f-b75b-f47e9436abb0,6.5,5,1469290,0,0.45
2026-08-06T16:33:11.824000+00:00,,2026-08-06T16:33:11.824000+00:00,,5.5,Maha Oya,Giriulla,968daa49-bb5c-47d1-b2db-e179d67234ba,7.5,6.5,1469289,0,1.14
2026-08-06T16:32:57.663000+00:00,,2026-08-06T16:32:57.663000+00:00,,4,Ma Oya,Yaka Wewa,11e06aec-6604-4100-b0dc-93331b4bd3ec,6,5,1469288,0,0.42
2026-08-06T16:32:50.131000+00:00,,2026-08-06T16:32:50.131000+00:00,,4.5,Heda Oya,Siyambalanduwa,c0505081-5844-49ae-a99d-19fd72bf512f,7,6,1469287,0,0.16
2026-08-06T16:32:48.570000+00:00,,2026-08-07T02:59:40.336000+00:00,irrigationgis,4.8,Kelani Ganga,Deraniyagala,e490ebab-bbad-4e27-a6cb-705b1e25fe1d,7,5.8,1469286,0,1.62
2026-08-06T16:32:45.553000+00:00,,2026-08-06T16:32:45.553000+00:00,,3.5,Mahaweli Ganga,Nawalapitiya,4d393ad8-7df0-4883-94bd-543725383eb7,6,5,1469285,0,2.59
2026-08-06T16:32:30.767000+00:00,,2026-08-06T16:32:30.767000+00:00,,1.5,Kelani Ganga,Norwood,a89bce19-e20f-4546-a832-58b6341cac9f,4.5,3,1469284,1.3,1
2026-08-06T16:32:29.110000+00:00,,2026-08-06T16:32:29.110000+00:00,,4.75,Deduru Oya,Moragaswewa,9cdc9e55-41c6-4f8e-93fd-d49baee89569,7,6,1469283,0,-0.03
2026-08-06T16:32:09.860000+00:00,,2026-08-07T21:15:49.293000+00:00,irrigationgis,6.5,Kelani Ganga,Hanwella,f9e40365-d2bb-459f-be46-5b88471fb045,9.5,7.5,1469282,0,3.32
2026-08-06T16:32:08.185000+00:00,,2026-08-06T16:32:08.185000+00:00,,6,Yan Oya,Horowpothana,a8844752-4848-4db1-9dc5-4725e13d580b,10.5,7.5,1469281,0,1.62
2026-08-06T16:32:06.870000+00:00,,2026-08-06T16:32:06.870000+00:00,,4,Maduru Oya,Padiyathalawa,869ee19b-fba7-4ca0-beb8-c2a80f5aa915,6,4.5,1469280,0,0.09
2026-08-06T16:32:05.372000+00:00,,2026-08-06T16:32:05.372000+00:00,,3,Mahaweli Ganga,Manampitiya,b4f12e17-59f3-4360-aa6d-f340b45a1472,6,4.3,1469279,0,-0.1
2026-08-06T16:31:53.822000+00:00,,2026-08-06T16:31:53.822000+00:00,,10,Kalu Ganga,Ellagawa,d1090139-2e11-43c8-a957-84c9dd894743,12.2,10.7,1469278,6.4,6
2026-08-06T16:30:40.211000+00:00,,2026-08-06T16:30:40.211000+00:00,,,Gal Oya,Ampara,bbdeb330-d7e4-4a6f-89dc-b74b183c4550,,,1469277,0,0
2026-08-06T16:30:31.791000+00:00,,2026-08-06T16:30:31.791000+00:00,,4.4,Kirindi Oya,Wellawaya,b0f9afbd-81b1-430e-88cf-d7fb2d2ea25e,5.9,5.4,1469276,0,0.97
2026-08-06T15:47:48.457000+00:00,,2026-08-06T15:47:48.457000+00:00,,5,Kalu Ganga,Kalawellawa (Millakanda),b1e980ad-2624-40ea-bbf2-0a590091f50f,8,6.5,1469275,1,1.92
2026-08-06T15:45:25.644000+00:00,,2026-08-06T15:45:25.644000+00:00,,5.2,Kalu Ganga,Rathnapura,8af7db0d-73a3-450f-a9cc-0d152bc1ac2d,9.5,7.5,1469274,0,2.53
2026-08-06T15:45:01.228000+00:00,,2026-08-06T15:45:01.228000+00:00,,5.2,Kalu Ganga,Rathnapura,db2eb41e-39e7-47db-9390-6f6eef1f689f,9.5,7.5,1469273,0,2.53
2026-08-06T15:44:03.053000+00:00,,2026-08-06T15:44:03.053000+00:00,,10,Kalu Ganga,Ellagawa,7f3ca27c-3a6e-43ad-9432-b17190ae81c6,12.2,10.7,1469272,1,6.03
2026-08-06T15:44:00.794000+00:00,,2026-08-06T15:44:00.794000+00:00,,10,Kalu Ganga,Ellagawa,c4defab7-c574-4b88-bd7c-398c3a194a5e,12.2,10.7,1469271,0,6.13
2026-08-06T15:40:15.165000+00:00,,2026-08-06T15:40:15.165000+00:00,,2.5,Nilwala Ganga,Urawa,448b0602-b17e-42ee-afa1-073fe30199af,6,4,1469270,0,0.14
2026-08-06T15:36:37.625000+00:00,,2026-08-06T15:36:37.625000+00:00,,3,Kalu Ganga,Putupaula,30b1e35c-f4f9-4696-af1d-1d7da2cfed42,5,4,1469269,0.5,1.17
2026-08-06T15:36:29.490000+00:00,,2026-08-06T15:36:29.490000+00:00,,4,Maduru Oya,Padiyathalawa,91a1aac6-bc25-4337-9cd5-caa2097de559,6,4.5,1469268,0,0.09
2026-08-06T15:36:28.235000+00:00,,2026-08-06T15:36:28.235000+00:00,,3,Kelani Ganga,Holombuwa,19acf0f1-dd85-42ed-bacc-3f5d4b1d8284,5,3.4,1469267,0,0.66
2026-08-06T15:36:26.305000+00:00,,2026-08-06T15:36:26.305000+00:00,,1.4,Nilwala Ganga,Thalgahagoda,b8609596-6a21-49fc-8c6f-f3f6cb8fd790,2.8,1.7,1469266,0,0.28
2026-08-06T15:36:23.573000+00:00,,2026-08-06T15:36:23.573000+00:00,,3,Kelani Ganga,Kithulgala,e3993392-5bcd-4793-b8fb-ca45db77ea30,6,4,1469265,1.3,2.69
2026-08-06T15:36:08.863000+00:00,,2026-08-06T15:36:08.863000+00:00,,4,Kalu Ganga,Magura,8cd442df-ce6d-4ef6-bd7d-a0ccfdacf2d2,7.5,6,1469264,0,1.41
2026-08-06T15:36:07.594000+00:00,,2026-08-06T15:36:07.594000+00:00,,4,Kalu Ganga,Magura,4c9690b0-4cef-4063-9597-add4e6ab0c6a,7.5,6,1469263,0,1.41
2026-08-06T15:35:45.965000+00:00,,2026-08-06T15:35:45.965000+00:00,,5,Nilwala Ganga,Panadugama,9a2085a3-7afa-449d-b3c3-4e8173aad9c8,7.5,6,1469262,0,2.4
2026-08-06T15:35:34.112000+00:00,,2026-08-06T15:35:34.112000+00:00,,4,Ma Oya,Yaka Wewa,e4cee562-9b8b-44ad-bf64-9dc3f61860f9,6,5,1469261,0,0.42
2026-08-06T15:35:26.786000+00:00,,2026-08-06T15:35:26.786000+00:00,,5,Kumbukkan Oya,Nakkala,224d2f03-0b85-4b54-bee6-9c8d6569df90,7.5,6,1469260,0,0.57
2026-08-06T15:35:25.180000+00:00,,2026-08-06T15:35:25.180000+00:00,,3.5,Gin Ganga,Baddegama,d0eb455f-12d7-45a9-b1c1-43c50f0d721e,5,4,1469259,0,1.15
2026-08-06T15:35:06.820000+00:00,,2026-08-06T15:35:06.820000+00:00,,4,Kirindi Oya,Thanamalwila,ce9e95ce-2e0a-4e9b-ad82-db399312ed88,5.5,5,1469258,0,0.02
2026-08-06T15:35:02.482000+00:00,,2026-08-06T15:35:02.482000+00:00,,4.75,Deduru Oya,Moragaswewa,2c0d8b26-8ae1-40f7-ba20-4b7b2d644136,7,6,1469257,0,-0.03
2026-08-06T15:35:01.366000+00:00,,2026-08-06T15:35:01.366000+00:00,,6.9,Kirindi Oya,Kuda Oya,ac914b6e-85f9-49d8-bf59-a027e20efdde,8.8,8.4,1469256,0,0.94
2026-08-06T15:35:00.143000+00:00,,2026-08-06T15:35:00.143000+00:00,,1.5,Kelani Ganga,Norwood,1e9cabe6-7da6-4cdc-a1be-4ecb98b95ba8,4.5,3,1469255,0,1.01
2026-08-06T15:34:59.227000+00:00,,2026-08-06T15:34:59.227000+00:00,,4,Maduru Oya,Padiyathalawa,fe77f737-292b-4a0c-848b-1a37d6a8551b,6,4.5,1469254,0,0.09
2026-08-06T15:34:40.645000+00:00,,2026-08-07T03:04:59.153000+00:00,irrigationgis,15,Kelani Ganga,Glencourse,2ce27aa6-0939-42de-8c29-8e81b7283569,19,15.5,1469253,0,12.1
2026-08-06T15:34:35.397000+00:00,,2026-08-06T15:34:35.397000+00:00,,4,Kelani Ganga,Nagalagam Street,5c94f377-e672-4617-88ee-3e9ca67b4f0f,7,5,1469252,0,1.1
2026-08-06T15:34:10.731000+00:00,,2026-08-07T02:59:40.336000+00:00,irrigationgis,4.8,Kelani Ganga,Deraniyagala,f460f3a3-b5f7-4de3-987e-17cc59c215e5,7,5.8,1469251,0,1.64
2026-08-06T15:33:46.268000+00:00,,2026-08-06T15:33:46.268000+00:00,,5.5,Maha Oya,Giriulla,1840dc63-8951-43e6-8d6f-477390907391,7.5,6.5,1469250,0,1.14
2026-08-06T15:33:42.879000+00:00,,2026-08-06T15:33:42.879000+00:00,,3.5,Mahaweli Ganga,Nawalapitiya,aa961c0e-4e1b-4167-b560-a11b4c146332,6,5,1469249,0.2,2.65
2026-08-06T15:33:06.751000+00:00,,2026-08-06T15:33:06.751000+00:00,,5,Maha Oya,Badalgama,88339a0d-1278-4316-9e8d-d391be37aedc,9.6,6.2,1469248,0,2.22
2026-08-06T15:32:59.612000+00:00,,2026-08-06T15:32:59.612000+00:00,,3,Walawe Ganga,Moraketiya,8f6db07d-8ba8-4cd2-865c-013886e0bb16,7,5,1469247,0,0.64
2026-08-06T15:32:19.834000+00:00,,2026-08-06T15:32:19.834000+00:00,,4,Menik Ganga,Katharagama,a63b2784-14fe-47bc-8e7a-52ac66d58b83,6.5,4.6,1469246,0,-0.22
2026-08-06T15:32:11.150000+00:00,,2026-08-06T15:32:11.150000+00:00,,3,Mahaweli Ganga,Manampitiya,c24c5731-ef11-4019-b0ca-2cae792a108a,6,4.3,1469245,0,-0.1
2026-08-06T15:32:10.218000+00:00,,2026-08-07T21:15:49.293000+00:00,irrigationgis,6.5,Kelani Ganga,Hanwella,a7cd12b9-6373-4013-b38d-c72acfa669f3,9.5,7.5,1469244,0,3.24
2026-08-06T15:32:06.543000+00:00,,2026-08-06T15:32:06.543000+00:00,,6,Yan Oya,Horowpothana,bb42006a-79f3-4493-b577-e5b1f7b37cba,10.5,7.5,1469243,0,1.62
2026-08-06T15:31:56.434000+00:00,,2026-08-06T15:31:56.434000+00:00,,3.3,Aththanagalu Oya,Dunamale,44ca0c77-9180-42d8-87c0-b88bc91d9484,5.5,4.4,1469242,0,0.7
2026-08-06T15:31:33.194000+00:00,,2026-08-06T15:31:33.194000+00:00,,3,Mahaweli Ganga,Thaldena,9970e411-d2eb-450a-8a78-cdf6721292d5,5,4,1469241,0,0.19
2026-08-06T15:31:24.279000+00:00,,2026-08-06T15:31:24.279000+00:00,,4,Nilwala Ganga,Pitabeddara,d17fe2d5-6565-40ce-b9a3-e54c719a0c43,6.5,5,1469240,0,0.45
2026-08-06T15:31:15.713000+00:00,,2026-08-06T15:31:15.713000+00:00,,4.5,Heda Oya,Siyambalanduwa,2b00dee8-0f76-4d9d-90d6-04cf76245249,7,6,1469239,0,0.16
2026-08-06T15:31:07.258000+00:00,,2026-08-06T15:31:07.258000+00:00,,5,Mahaweli Ganga,Peradeniya,a4210a66-3043-4ef2-9247-8baefcfb7d5e,9,7,1469238,0,4.76
2026-08-06T15:30:55.505000+00:00,,2026-08-06T15:30:55.505000+00:00,,4,Gin Ganga,Thawalama,ad0e0b2e-02ad-4b73-a0e3-06c5f078b7b5,7.5,6,1469237,0,1.5
2026-08-06T15:30:44.105000+00:00,,2026-08-06T15:30:44.105000+00:00,,,Gal Oya,Ampara,53172f33-dee9-4b7b-a1c7-d892bad9737e,,,1469236,0,0
2026-08-06T15:30:12.600000+00:00,,2026-08-06T15:30:12.600000+00:00,,4.4,Kirindi Oya,Wellawaya,4211ef8c-279c-4daf-875a-ee21272b0ad1,5.9,5.4,1469235,0,0.98
2026-08-06T14:42:11.465000+00:00,,2026-08-06T14:42:11.465000+00:00,,3,Kelani Ganga,Kithulgala,9097d117-781a-4b5a-82ec-bcaf738b44cb,6,4,1469234,0,2.7
2026-08-06T14:40:47.630000+00:00,,2026-08-06T14:40:47.630000+00:00,,4,Menik Ganga,Katharagama,c55c3307-7154-4f01-aeb1-220443a5bf9d,6.5,4.6,1469233,0,-0.22
2026-08-06T14:37:41.667000+00:00,,2026-08-06T14:37:41.667000+00:00,,4,Gin Ganga,Thawalama,c1997a37-cc73-4530-baf6-308b2e52faef,7.5,6,1469232,0,1.5
2026-08-06T14:37:26.087000+00:00,,2026-08-06T14:37:26.087000+00:00,,3.5,Gin Ganga,Baddegama,2a77acd2-4b94-49cc-9450-e8bb80df0e42,5,4,1469231,0,1.15
2026-08-06T14:36:38.134000+00:00,,2026-08-06T14:36:38.134000+00:00,,5,Nilwala Ganga,Panadugama,0b1cc668-fdb2-47f4-923e-76c8357dfd29,7.5,6,1469230,0,2.4
2026-08-06T14:35:27.832000+00:00,,2026-08-06T14:35:27.832000+00:00,,4,Gin Ganga,Thawalama,5b7673b2-5a33-4127-bd11-5c2fdb379706,7.5,6,1469229,0,1.5
2026-08-06T14:35:04.905000+00:00,,2026-08-06T14:35:04.905000+00:00,,3,Kelani Ganga,Holombuwa,749639c7-6464-4f4e-b56e-22455171534e,5,3.4,1469228,0,0.66
2026-08-06T14:35:03.816000+00:00,,2026-08-07T03:04:59.153000+00:00,irrigationgis,15,Kelani Ganga,Glencourse,2cea41e2-3e62-4c79-a653-95bda71e4ee2,19,15.5,1469227,0,12.06
2026-08-06T14:34:53.057000+00:00,,2026-08-06T14:34:53.057000+00:00,,5.5,Maha Oya,Giriulla,de2aa620-c6a8-4665-8935-65a2f0a14719,7.5,6.5,1469226,0,1.14
2026-08-06T14:34:43.429000+00:00,,2026-08-06T14:34:43.429000+00:00,,1.5,Kelani Ganga,Norwood,8987a883-938c-465c-9b32-0f4781446a27,4.5,3,1469225,1.2,0.99
2026-08-06T14:33:59.530000+00:00,,2026-08-06T14:33:59.530000+00:00,,1.4,Nilwala Ganga,Thalgahagoda,94aa80e0-feda-4408-9571-da95430f322b,2.8,1.7,1469224,0,0.28
2026-08-06T14:33:49.879000+00:00,,2026-08-06T14:33:49.879000+00:00,,4,Kelani Ganga,Nagalagam Street,88c8fa37-bea2-4029-97e6-249632a87d3c,7,5,1469223,0,1.4
2026-08-06T14:33:49.664000+00:00,,2026-08-06T14:33:49.664000+00:00,,3,Kalu Ganga,Putupaula,88e90a33-9335-45de-89ef-f54959eafcc3,5,4,1469222,0,1.2
2026-08-06T14:33:42.409000+00:00,,2026-08-06T14:33:42.409000+00:00,,3.3,Aththanagalu Oya,Dunamale,d064647e-930d-4b42-9465-f08084856996,5.5,4.4,1469221,0,0.69
2026-08-06T14:33:28.143000+00:00,,2026-08-06T14:33:28.143000+00:00,,3,Walawe Ganga,Moraketiya,d3af31c4-f3a1-4ed2-b65c-6035730c8f89,7,5,1469220,0,0.64
2026-08-06T14:33:27.135000+00:00,,2026-08-06T14:33:27.135000+00:00,,3,Mahaweli Ganga,Thaldena,8985e9ac-fb40-4cdb-af47-21f70aa611f3,5,4,1469219,0,0.18
2026-08-06T14:33:17.420000+00:00,,2026-08-06T14:33:17.420000+00:00,,5,Maha Oya,Badalgama,e23e6940-04cc-4f63-9902-ce424415946a,9.6,6.2,1469218,0,2.23
2026-08-06T14:32:58.521000+00:00,,2026-08-07T02:59:40.336000+00:00,irrigationgis,4.8,Kelani Ganga,Deraniyagala,ec34986f-cd13-4bf6-9e4e-6d2c8b72c8f4,7,5.8,1469217,0,1.83
2026-08-06T14:32:43.066000+00:00,,2026-08-06T14:32:43.066000+00:00,,2.5,Nilwala Ganga,Urawa,5519a243-d7af-4a9a-9afe-7c593ab29f56,6,4,1469216,0,0.14
2026-08-06T14:32:32.284000+00:00,,2026-08-06T14:32:32.284000+00:00,,4,Nilwala Ganga,Pitabeddara,116dc677-4865-4b2e-b85e-5240991c7c87,6.5,5,1469215,0,0.45
2026-08-06T14:32:31.443000+00:00,,2026-08-07T21:15:49.293000+00:00,irrigationgis,6.5,Kelani Ganga,Hanwella,5ebb5762-f5c6-47fd-a6c2-20eef8454a7f,9.5,7.5,1469214,0,3.15
2026-08-06T14:32:29.295000+00:00,,2026-08-06T14:32:29.295000+00:00,,3,Mahaweli Ganga,Manampitiya,90d23620-8e17-4a67-b6a6-42825aedacef,6,4.3,1469213,0,-0.1
2026-08-06T14:32:12.676000+00:00,,2026-08-06T14:32:12.676000+00:00,,5,Mahaweli Ganga,Peradeniya,df950e87-e6c5-40e5-a92c-5b433b477ea1,9,7,1469212,0,4.72
2026-08-06T14:32:11.563000+00:00,,2026-08-06T14:32:11.563000+00:00,,4.75,Deduru Oya,Moragaswewa,8208015a-2a2d-4af5-9d34-59cbac163ab0,7,6,1469211,0,-0.03
2026-08-06T14:32:00.698000+00:00,,2026-08-06T14:32:00.698000+00:00,,5.2,Kalu Ganga,Rathnapura,34e479c4-9f50-4e49-9407-6e20a301b48f,9.5,7.5,1469210,0,2.54
2026-08-06T14:31:44.380000+00:00,,2026-08-06T14:31:44.380000+00:00,,4,Ma Oya,Yaka Wewa,8b775af2-4261-45ea-a97c-d8e0072769cd,6,5,1469209,0,0.42
2026-08-06T14:31:22.656000+00:00,,2026-08-06T14:31:22.656000+00:00,,6.9,Kirindi Oya,Kuda Oya,30e1841d-81a1-40ff-bb4c-3e71e89c43e8,8.8,8.4,1469208,0,0.94
2026-08-06T14:31:18.501000+00:00,,2026-08-06T14:31:18.501000+00:00,,3.5,Mahaweli Ganga,Nawalapitiya,49d12935-2f1f-4e31-aca2-cc3bab25f7b9,6,5,1469207,2.5,2.7
2026-08-06T14:31:17.533000+00:00,,2026-08-06T14:31:17.533000+00:00,,6,Yan Oya,Horowpothana,a8f5d7c3-d080-4073-b793-5abd40cb46c6,10.5,7.5,1469206,0,1.62
2026-08-06T14:31:14.225000+00:00,,2026-08-06T14:31:14.225000+00:00,,4.4,Kirindi Oya,Wellawaya,d23645ee-0cde-497f-900e-66f9dce0ca67,5.9,5.4,1469205,0,1
2026-08-06T14:31:11.301000+00:00,,2026-08-06T14:31:11.301000+00:00,,,Gal Oya,Ampara,cc00a1d2-8d6c-48f2-a023-338096d99916,,,1469204,0,0
2026-08-06T14:31:10.222000+00:00,,2026-08-06T14:31:10.222000+00:00,,4,Kirindi Oya,Thanamalwila,4cb9c436-d56b-4180-8242-ca18cb58fd60,5.5,5,1469203,0,0.02
2026-08-06T14:31:02.272000+00:00,,2026-08-06T14:31:02.272000+00:00,,5,Kumbukkan Oya,Nakkala,2c4599f8-9956-4187-9d3c-16a27daa3f5d,7.5,6,1469202,0,0.57
2026-08-06T14:30:06.726000+00:00,,2026-08-06T14:30:06.726000+00:00,,4.5,Heda Oya,Siyambalanduwa,77232417-eeb1-4eab-9cda-da5c2f862a4c,7,6,1469201,0,0.16
2026-08-06T13:48:44.030000+00:00,,2026-08-06T13:48:44.030000+00:00,,5,Nilwala Ganga,Panadugama,62c86745-e6f3-4a12-b99f-cb69c4c53b49,7.5,6,1469200,0,2.4
2026-08-06T13:42:26.968000+00:00,,2026-08-06T13:42:26.968000+00:00,,3,Kelani Ganga,Kithulgala,db19b42c-90e5-42ba-bed4-021d33e28a7f,6,4,1469199,0,2.75
2026-08-06T13:37:33.791000+00:00,,2026-08-06T13:37:33.791000+00:00,,3.5,Gin Ganga,Baddegama,5fe66632-b86f-46b8-a617-fe1c6b6cb155,5,4,1469198,0,1.15
2026-08-06T13:37:08.949000+00:00,,2026-08-06T13:37:08.949000+00:00,,2.5,Nilwala Ganga,Urawa,f31375e9-9e4a-44a2-bc7b-ddcd0256b3f4,6,4,1469197,0,0.14
2026-08-06T13:36:31.581000+00:00,,2026-08-06T13:36:31.581000+00:00,,4,Kalu Ganga,Magura,639ea6fd-e1fd-4a43-bfe9-4ba44c7dc3c3,7.5,6,1469196,0,1.41
2026-08-06T13:36:22.402000+00:00,,2026-08-06T13:36:22.402000+00:00,,3,Kelani Ganga,Holombuwa,b1f17970-8d1b-4186-8249-9e213a09bd40,5,3.4,1469195,0,0.7
2026-08-06T13:35:58.675000+00:00,,2026-08-06T13:35:58.675000+00:00,,5,Maha Oya,Badalgama,5a96e9b6-20e7-475c-9000-cf0e1f666794,9.6,6.2,1469194,0,2.24
2026-08-06T13:35:55.295000+00:00,,2026-08-06T13:35:55.295000+00:00,,10,Kalu Ganga,Ellagawa,76aba7a1-7ffa-4729-a6ff-0f896af07446,12.2,10.7,1469193,0.8,6.24
2026-08-06T13:35:27.842000+00:00,,2026-08-07T03:04:59.153000+00:00,irrigationgis,15,Kelani Ganga,Glencourse,f43deb35-b2e0-4bf7-b81d-7ac922207ca0,19,15.5,1469192,0,11.98
2026-08-06T13:35:27.201000+00:00,,2026-08-06T13:35:27.201000+00:00,,5.2,Kalu Ganga,Rathnapura,09f2621c-c8df-4eb6-85d9-9b9eeb17f9bb,9.5,7.5,1469191,0.8,2.48
2026-08-06T13:35:25.148000+00:00,,2026-08-06T13:35:25.148000+00:00,,4,Nilwala Ganga,Pitabeddara,55869bc0-663d-415e-8af6-5a1eca84bca8,6.5,5,1469190,0,0.45
2026-08-06T13:35:00.195000+00:00,,2026-08-06T13:35:00.195000+00:00,,5,Mahaweli Ganga,Peradeniya,df6b9028-d04b-436d-b2e0-17903874989f,9,7,1469189,0,4.68
2026-08-06T13:34:47.328000+00:00,,2026-08-06T13:34:47.328000+00:00,,4,Kirindi Oya,Thanamalwila,182a572d-736c-4577-8c59-c47920d0027f,5.5,5,1469188,0,0.02
2026-08-06T13:34:28.263000+00:00,,2026-08-06T13:34:28.263000+00:00,,4,Menik Ganga,Katharagama,287fdd06-ac6e-424c-8bc6-65930171c5a5,6.5,4.6,1469187,0,-0.22
2026-08-06T13:33:54.513000+00:00,,2026-08-06T13:33:54.513000+00:00,,4,Kelani Ganga,Nagalagam Street,dcd50d42-630a-4972-9d5e-ce1e78114db2,7,5,1469186,0,1.6
2026-08-06T13:33:24.287000+00:00,,2026-08-06T13:33:24.287000+00:00,,3,Walawe Ganga,Moraketiya,3cd9170b-b49e-426f-ab56-0f7d80df8aed,7,5,1469185,0,0.65
2026-08-06T13:33:02.248000+00:00,,2026-08-06T13:33:02.248000+00:00,,1.5,Kelani Ganga,Norwood,900d3bf9-1206-4337-98aa-f4c9fca7df25,4.5,3,1469184,0,1.02
2026-08-06T13:32:53.169000+00:00,,2026-08-06T13:32:53.169000+00:00,,3,Kalu Ganga,Putupaula,beaedce2-590e-4cbe-885d-73f8c8c795f0,5,4,1469183,0,1.23
2026-08-06T13:32:34.718000+00:00,,2026-08-06T13:32:34.718000+00:00,,4.5,Heda Oya,Siyambalanduwa,49ec1227-c87b-4294-8f2b-55fe13c28f45,7,6,1469182,0,0.16
2026-08-06T13:32:27.610000+00:00,,2026-08-06T13:32:27.610000+00:00,,3,Mahaweli Ganga,Thaldena,95cbcfe9-692c-477d-91b7-9a9fd272c91d,5,4,1469181,0,0.14
2026-08-06T13:32:26.129000+00:00,,2026-08-06T13:32:26.129000+00:00,,3,Mahaweli Ganga,Thaldena,a9bed406-0331-4c70-b283-323a3a867901,5,4,1469180,0,0.14
2026-08-06T13:32:22.023000+00:00,,2026-08-06T13:32:22.023000+00:00,,4.75,Deduru Oya,Moragaswewa,9018d3f0-2f99-41f0-b88a-bda1be8ee483,7,6,1469179,0,-0.03
2026-08-06T13:32:19.445000+00:00,,2026-08-07T21:15:49.293000+00:00,irrigationgis,6.5,Kelani Ganga,Hanwella,8b245a44-6003-4e9a-987d-aeba27933d8b,9.5,7.5,1469178,0,3.06
2026-08-06T13:32:16.817000+00:00,,2026-08-06T13:32:16.817000+00:00,,5.5,Maha Oya,Giriulla,e5e7d9cf-de38-47d5-97ed-49c3e365bdb8,7.5,6.5,1469177,0,1.13
2026-08-06T13:32:13.030000+00:00,,2026-08-06T13:32:13.030000+00:00,,4,Ma Oya,Yaka Wewa,fb0de626-e900-40fe-a77d-2044cbe0725e,6,5,1469176,0,0.42
2026-08-06T13:31:49.976000+00:00,,2026-08-06T13:31:49.976000+00:00,,5,Kalu Ganga,Kalawellawa (Millakanda),8c028720-7700-442f-b854-6696398ed9aa,8,6.5,1469175,0,2.98
2026-08-06T13:31:46.823000+00:00,,2026-08-06T13:31:46.823000+00:00,,4.4,Kirindi Oya,Wellawaya,9fca055a-c226-4856-8900-fa63f1986f6d,5.9,5.4,1469174,0,1.02
2026-08-06T13:31:45.811000+00:00,,2026-08-06T13:31:45.811000+00:00,,3.5,Mahaweli Ganga,Nawalapitiya,53adefbf-eaca-4823-8431-51dfaf31f9ab,6,5,1469173,0,2.8
2026-08-06T13:31:42.500000+00:00,,2026-08-06T13:31:42.500000+00:00,,5,Kumbukkan Oya,Nakkala,86c30edd-3f2f-4cc6-9663-cb5d737f54a6,7.5,6,1469172,0,0.57
2026-08-06T13:31:41.498000+00:00,,2026-08-07T02:59:40.336000+00:00,irrigationgis,4.8,Kelani Ganga,Deraniyagala,f14fb05b-fa86-4616-9b91-378a5eee3d27,7,5.8,1469171,0,2.03
2026-08-06T13:31:40.027000+00:00,,2026-08-06T13:31:40.027000+00:00,,3.3,Aththanagalu Oya,Dunamale,8abc4a77-3cfa-4e61-b891-537e4d81faf1,5.5,4.4,1469170,0,0.68
2026-08-06T13:31:38.888000+00:00,,2026-08-06T13:31:38.888000+00:00,,3,Mahaweli Ganga,Manampitiya,90569a56-2bca-4aba-8f9a-3039d5396de2,6,4.3,1469169,0,-0.1
2026-08-06T13:31:35.125000+00:00,,2026-08-06T13:31:35.125000+00:00,,4,Gin Ganga,Thawalama,23ba03c9-2a1f-4d1a-9c74-112214ca76b8,7.5,6,1469168,0,1.5
2026-08-06T13:31:30.462000+00:00,,2026-08-06T13:31:30.462000+00:00,,6.9,Kirindi Oya,Kuda Oya,22bffc53-2900-4c88-b7f8-74de46b09810,8.8,8.4,1469167,0,0.94
2026-08-06T13:31:19.242000+00:00,,2026-08-06T13:31:19.242000+00:00,,4,Maduru Oya,Padiyathalawa,41896a98-6123-4949-b67a-a3f5f86ee13b,6,4.5,1469166,0,0.09
2026-08-06T13:30:43.137000+00:00,,2026-08-06T13:30:43.137000+00:00,,6,Yan Oya,Horowpothana,cc2a05c8-60c7-4201-af1f-dd251c9d03f0,10.5,7.5,1469165,0,1.61
2026-08-06T13:30:34.605000+00:00,,2026-08-06T13:30:34.605000+00:00,,,Gal Oya,Ampara,3072ebc8-0029-48e4-a5c8-5629acacc048,,,1469164,0,0
2026-08-06T13:30:23.860000+00:00,,2026-08-06T13:30:23.860000+00:00,,1.4,Nilwala Ganga,Thalgahagoda,ba103e4f-419a-4b8d-b467-11671c53c785,2.8,1.7,1469163,0,0.27
2026-08-06T12:43:28.193000+00:00,,2026-08-06T12:43:28.193000+00:00,,4,Maduru Oya,Padiyathalawa,78b1b84a-e6ea-4291-a72f-13900d0e369e,6,4.5,1469162,0,0.09
2026-08-06T12:42:59.823000+00:00,,2026-08-06T12:42:59.823000+00:00,,5,Nilwala Ganga,Panadugama,41c324ba-29c3-43fd-b07b-3133a359fe23,7.5,6,1469161,0,2.4
2026-08-06T12:41:00.795000+00:00,,2026-08-06T12:41:00.795000+00:00,,5,Mahaweli Ganga,Peradeniya,6558287e-38ce-400f-a22e-9b05a725bc90,9,7,1469160,0,4.55
2026-08-06T12:40:11.274000+00:00,,2026-08-06T12:40:11.274000+00:00,,3,Kelani Ganga,Holombuwa,e938d3cb-49a6-4214-8b5c-e7fcde4e20a8,5,3.4,1469159,0,0.74
2026-08-06T12:38:09.103000+00:00,,2026-08-06T12:38:09.103000+00:00,,4.84,Mee Oya,Galgamuwa,b758025b-518e-4eb6-8eb8-baf1c6d7c50e,8,5.94,1469158,0,0.02
2026-08-06T12:37:46.575000+00:00,,2026-08-06T12:37:46.575000+00:00,,4,Maduru Oya,Padiyathalawa,f539e09a-ccdb-4016-b2fe-3d0e30c4d564,6,4.5,1469157,0,0.09
2026-08-06T12:37:36.151000+00:00,,2026-08-06T12:37:36.151000+00:00,,4.5,Heda Oya,Siyambalanduwa,ec82e728-af3a-43dc-a6c1-961e5b674171,7,6,1469156,0,0.15
2026-08-06T12:36:57.994000+00:00,,2026-08-06T12:36:57.994000+00:00,,1.4,Nilwala Ganga,Thalgahagoda,40236b56-d37a-4e8e-bf16-6aaacaffb63a,2.8,1.7,1469155,0,0.25
2026-08-06T12:36:55.483000+00:00,,2026-08-06T12:36:55.483000+00:00,,3.3,Aththanagalu Oya,Dunamale,7d517e33-d242-4f2e-af11-3c15ffa2de0c,5.5,4.4,1469154,0,0.68
2026-08-06T12:36:23.920000+00:00,,2026-08-06T12:36:23.920000+00:00,,4,Menik Ganga,Katharagama,811ebe92-aada-436e-9dfb-98b54a25c39d,6.5,4.6,1469153,0,-0.22
2026-08-06T12:36:12.044000+00:00,,2026-08-06T12:36:12.044000+00:00,,5.2,Kalu Ganga,Rathnapura,23176056-f3dd-487b-9051-e3efb2384dcb,9.5,7.5,1469152,0,2.3
2026-08-06T12:35:56.206000+00:00,,2026-08-06T12:35:56.206000+00:00,,4,Gin Ganga,Thawalama,fda27f82-c0f1-4276-9660-8a17c4d9adee,7.5,6,1469151,0,1.5
2026-08-06T12:35:31.003000+00:00,,2026-08-06T12:35:31.003000+00:00,,5,Maha Oya,Badalgama,b8f5844b-2ab4-4f76-8c31-0c171e3d80dd,9.6,6.2,1469150,0,2.25
2026-08-06T12:34:30.905000+00:00,,2026-08-06T12:34:30.905000+00:00,,3,Mahaweli Ganga,Manampitiya,d09a2694-ead5-41ae-a5c3-6eb51bba7638,6,4.3,1469149,0,-0.1
2026-08-06T12:34:22.833000+00:00,,2026-08-06T12:34:22.833000+00:00,,4,Kelani Ganga,Nagalagam Street,2f62d017-c761-43ff-8c73-beb7a416fd0d,7,5,1469148,0,1.6
2026-08-06T12:34:13.845000+00:00,,2026-08-06T12:34:13.845000+00:00,,5,Kumbukkan Oya,Nakkala,f1e96e38-6140-42ed-8eed-320408802067,7.5,6,1469147,0,0.56
2026-08-06T12:34:13.598000+00:00,,2026-08-06T12:34:13.598000+00:00,,4,Kirindi Oya,Thanamalwila,7dd3b527-c382-4f0f-8860-0a14b03c3987,5.5,5,1469146,0,0.02
2026-08-06T12:33:55.223000+00:00,,2026-08-06T12:33:55.223000+00:00,,1.5,Kelani Ganga,Norwood,4e8948db-8068-4004-87e6-c98d3e028866,4.5,3,1469145,1.4,1.03
2026-08-06T12:33:49.597000+00:00,,2026-08-06T12:33:49.597000+00:00,,2.5,Nilwala Ganga,Urawa,a1e91797-c566-4a21-a6f2-8fa48aea1199,6,4,1469144,0,0.14
2026-08-06T12:33:15.482000+00:00,,2026-08-07T21:15:49.293000+00:00,irrigationgis,6.5,Kelani Ganga,Hanwella,ff2aca3c-8a49-4ec7-a74c-5eb0224633df,9.5,7.5,1469143,0,2.95
2026-08-06T12:32:49.199000+00:00,,2026-08-06T12:32:49.199000+00:00,,5.5,Maha Oya,Giriulla,6e195777-8998-4938-a072-6f524f67e5e6,7.5,6.5,1469142,0,1.13
2026-08-06T12:32:47.728000+00:00,,2026-08-06T12:32:47.728000+00:00,,4,Kalu Ganga,Magura,8d4a6a2b-d9c9-45c6-8d19-1708764c9b10,7.5,6,1469141,0,1.41
2026-08-06T12:32:45.505000+00:00,,2026-08-07T03:04:59.153000+00:00,irrigationgis,15,Kelani Ganga,Glencourse,77b3c32c-2808-40a9-837a-d8cbcf61d69f,19,15.5,1469140,0,11.83
2026-08-06T12:32:43.144000+00:00,,2026-08-06T12:32:43.144000+00:00,,4.4,Kirindi Oya,Wellawaya,db391072-fa5d-4cd9-9162-c3d35aa096f8,5.9,5.4,1469139,0,1.05
2026-08-06T12:32:42.379000+00:00,,2026-08-06T12:32:42.379000+00:00,,6,Yan Oya,Horowpothana,5420b36b-3c9f-4de9-8fcc-e7c3a67a0036,10.5,7.5,1469138,0,1.61
2026-08-06T12:32:31.854000+00:00,,2026-08-07T02:59:40.336000+00:00,irrigationgis,4.8,Kelani Ganga,Deraniyagala,19b0dc83-3946-4b4e-83b5-902169a54145,7,5.8,1469137,0,2.04
2026-08-06T12:32:31.472000+00:00,,2026-08-06T12:32:31.472000+00:00,,4,Nilwala Ganga,Pitabeddara,efbae61e-1fdb-493d-a259-a312d058bd22,6.5,5,1469136,0,0.45
2026-08-06T12:32:14.682000+00:00,,2026-08-06T12:32:14.682000+00:00,,4.75,Deduru Oya,Moragaswewa,77dd8812-9740-4f42-acab-c15bd317538d,7,6,1469135,0,-0.03
2026-08-06T12:32:09.947000+00:00,,2026-08-06T12:32:09.947000+00:00,,3,Walawe Ganga,Moraketiya,a01556a6-7224-473d-af31-efe611af7055,7,5,1469134,0,0.67
2026-08-06T12:32:06.325000+00:00,,2026-08-06T12:32:06.325000+00:00,,3,Kelani Ganga,Kithulgala,992dad88-1481-4152-8987-6d9e9181f0be,6,4,1469133,0,3.1
2026-08-06T12:32:04.776000+00:00,,2026-08-06T12:32:04.776000+00:00,,4,Ma Oya,Yaka Wewa,838fe204-978e-418c-bc2c-6340b4a35483,6,5,1469132,0,0.42
2026-08-06T12:32:00.039000+00:00,,2026-08-06T12:32:00.039000+00:00,,10,Kalu Ganga,Ellagawa,a056a721-1080-4aa7-acb2-3a786fc0712c,12.2,10.7,1469131,0,6.34
2026-08-06T12:31:34.747000+00:00,,2026-08-06T12:31:34.747000+00:00,,3,Kalu Ganga,Putupaula,c82be92c-2d9f-4afd-b3cb-729d8cedfce0,5,4,1469130,0,1.26
2026-08-06T12:31:22.042000+00:00,,2026-08-06T12:31:22.042000+00:00,,3.5,Mahaweli Ganga,Nawalapitiya,af9b0ca1-b2b4-4be3-8fa0-5fe600198593,6,5,1469129,0,2.95
2026-08-06T12:31:20.410000+00:00,,2026-08-06T12:31:20.410000+00:00,,3.5,Gin Ganga,Baddegama,aa558ea4-b3a7-4acf-b4b8-90e0a0f1bf4b,5,4,1469128,0,1.15
2026-08-06T12:31:16.864000+00:00,,2026-08-06T12:31:16.864000+00:00,,5,Kalu Ganga,Kalawellawa (Millakanda),33e34635-caaf-4bae-8d86-47d57c036121,8,6.5,1469127,0,3.02
2026-08-06T12:31:16.228000+00:00,,2026-08-06T12:31:16.228000+00:00,,6.9,Kirindi Oya,Kuda Oya,dfb06ffb-4b91-442f-8c3a-2e84cb39a9af,8.8,8.4,1469126,0,0.94
2026-08-06T12:31:06.529000+00:00,,2026-08-06T12:31:06.529000+00:00,,5,Malwathu Oya,Thanthirimale,3983aef6-8a11-4af2-9df9-b7ea5893afee,7.8,6.8,1469125,0,0.83
2026-08-06T12:30:32.309000+00:00,,2026-08-06T12:30:32.309000+00:00,,,Gal Oya,Ampara,49c1be68-8085-4c35-adf6-96de99559c5b,,,1469124,0,0
2026-08-06T12:30:20.306000+00:00,,2026-08-06T12:30:20.306000+00:00,,5,Mahaweli Ganga,Weraganthota,43f91796-b03b-49d3-bd80-3e4c46dcbe3d,8,6,1469123,0,-3.44
2026-08-06T12:30:17.549000+00:00,,2026-08-06T12:30:17.549000+00:00,,4.4,Kirindi Oya,Wellawaya,f564bc14-0d48-4d64-be85-bc82a6ea34c4,5.9,5.4,1469122,0,1.05
2026-08-06T11:47:54.016000+00:00,,2026-08-06T11:47:54.016000+00:00,,3,Mahaweli Ganga,Thaldena,d0cb5098-649f-43a9-b708-9b2b661235cf,5,4,1469121,0,0.14
2026-08-06T11:43:32.154000+00:00,,2026-08-06T11:43:32.154000+00:00,,4.4,Kirindi Oya,Wellawaya,c0ef89cc-cf9e-45b6-a44d-770c234979d0,5.9,5.4,1469120,0,1.06
2026-08-06T11:41:52.288000+00:00,,2026-08-06T11:41:52.288000+00:00,,5.2,Kalu Ganga,Rathnapura,1cc94a26-6200-4c08-9f13-4a8df293978b,9.5,7.5,1469119,0,2.15
2026-08-06T11:41:03.440000+00:00,,2026-08-06T11:41:03.440000+00:00,,,Gal Oya,Ampara,b05c288a-f2e4-4115-b34a-24e1ddb27e9a,,,1469118,0,0
2026-08-06T11:40:14.864000+00:00,,2026-08-06T11:40:14.864000+00:00,,5,Nilwala Ganga,Panadugama,0ca5325c-39f4-4688-aa80-371c28657eea,7.5,6,1469117,0,2.41
2026-08-06T11:38:42.513000+00:00,,2026-08-06T11:38:42.513000+00:00,,4,Kalu Ganga,Magura,c2fedd72-58a4-4064-b625-b4842e9c0c64,7.5,6,1469116,0,1.42
2026-08-06T11:38:02.089000+00:00,,2026-08-06T11:38:02.089000+00:00,,1.4,Nilwala Ganga,Thalgahagoda,1567dcc0-af9e-40ab-bf80-b377f2b20fa1,2.8,1.7,1469115,0,0.25
2026-08-06T11:37:32.266000+00:00,,2026-08-06T11:37:32.266000+00:00,,4,Gin Ganga,Thawalama,61ae31eb-57ba-41b1-aeb3-a2c34e7bff2b,7.5,6,1469114,0,1.5
2026-08-06T11:37:24.546000+00:00,,2026-08-06T11:37:24.546000+00:00,,4.75,Deduru Oya,Moragaswewa,db753de1-df23-434a-a9b9-00624296b7e6,7,6,1469113,0,-0.03
2026-08-06T11:35:46.780000+00:00,,2026-08-06T11:35:46.780000+00:00,,2.5,Nilwala Ganga,Urawa,52fc240a-073a-4e1f-bd41-d08308ff1651,6,4,1469112,0,0.13
2026-08-06T11:35:16.931000+00:00,,2026-08-06T11:35:16.931000+00:00,,4.5,Heda Oya,Siyambalanduwa,b127ea36-8ea0-4ca5-a8a9-352ba088641b,7,6,1469111,0,0.15
2026-08-06T11:35:05.828000+00:00,,2026-08-06T11:35:05.828000+00:00,,4,Maduru Oya,Padiyathalawa,141be638-8315-43f4-a302-b8e6f78fd17a,6,4.5,1469110,0,0.09
2026-08-06T11:34:54.868000+00:00,,2026-08-06T11:34:54.868000+00:00,,5,Maha Oya,Badalgama,0d84a072-f35e-43fa-bd9a-8d102b5685dd,9.6,6.2,1469109,0,2.25
2026-08-06T11:34:31.548000+00:00,,2026-08-06T11:34:31.548000+00:00,,3,Walawe Ganga,Moraketiya,1b2c188c-1115-4376-93e3-3bf013fea621,7,5,1469108,0,0.67
2026-08-06T11:34:08.401000+00:00,,2026-08-06T11:34:08.401000+00:00,,4.84,Mee Oya,Galgamuwa,b7272be0-35f2-4fcd-9438-a5a41c793cea,8,5.94,1469107,0,0.02
2026-08-06T11:34:01.413000+00:00,,2026-08-06T11:34:01.413000+00:00,,3,Kalu Ganga,Putupaula,b3161ebc-9aa3-4fc5-929a-1f2f28744ec2,5,4,1469106,0,1.3
2026-08-06T11:33:59.876000+00:00,,2026-08-06T11:33:59.876000+00:00,,3.3,Aththanagalu Oya,Dunamale,04762b30-ed6d-4ece-afef-a5181c0640f7,5.5,4.4,1469105,0,0.67
2026-08-06T11:33:56.138000+00:00,,2026-08-06T11:33:56.138000+00:00,,3,Mahaweli Ganga,Manampitiya,f8c1e825-54fa-4efb-b86d-21cfdbd6c8f8,6,4.3,1469104,0,-0.12
2026-08-06T11:33:44.009000+00:00,,2026-08-06T11:33:44.009000+00:00,,3,Kelani Ganga,Holombuwa,70eac8ff-48a1-400b-9892-5c6205c4c027,5,3.4,1469103,0,0.58
2026-08-06T11:33:32.330000+00:00,,2026-08-06T11:33:32.330000+00:00,,4,Menik Ganga,Katharagama,168ae5d8-2dbd-4a68-863c-02e28121c1c9,6.5,4.6,1469102,0,-0.22
2026-08-06T11:33:32.249000+00:00,,2026-08-07T02:59:40.336000+00:00,irrigationgis,4.8,Kelani Ganga,Deraniyagala,5dcd3b7b-2a39-41ed-ba59-b222ad91479c,7,5.8,1469101,0,1.83
2026-08-06T11:33:19.708000+00:00,,2026-08-06T11:33:19.708000+00:00,,4,Ma Oya,Yaka Wewa,5fbb1af0-78e1-40d9-9c75-24177615e6fd,6,5,1469100,0,0.42
2026-08-06T11:33:12.484000+00:00,,2026-08-06T11:33:12.484000+00:00,,3,Walawe Ganga,Moraketiya,d78ed50c-31ae-4b13-aa2d-496aea57f7e4,7,5,1469099,0,0.67
2026-08-06T11:33:09.773000+00:00,,2026-08-06T11:33:09.773000+00:00,,4,Kirindi Oya,Thanamalwila,c5583323-74a7-4747-964a-7812c52448a1,5.5,5,1469098,0,0.03
2026-08-06T11:33:02.162000+00:00,,2026-08-06T11:33:02.162000+00:00,,5,Mahaweli Ganga,Peradeniya,a53b9589-d9d5-4b9c-be34-53e073b48b10,9,7,1469097,0,4.38
2026-08-06T11:32:55.073000+00:00,,2026-08-06T11:32:55.073000+00:00,,4,Kelani Ganga,Nagalagam Street,81dcaa9a-836b-4fa7-b4ab-1e473a743d8f,7,5,1469096,0,1.6
2026-08-06T11:32:50.979000+00:00,,2026-08-07T03:04:59.153000+00:00,irrigationgis,15,Kelani Ganga,Glencourse,5216cece-7f38-45e4-92f9-21ad9384d2c7,19,15.5,1469095,0,11.65
2026-08-06T11:32:41.784000+00:00,,2026-08-06T11:32:41.784000+00:00,,1.5,Kelani Ganga,Norwood,51406693-63ce-49ff-bd31-9e8e8c39b14e,4.5,3,1469094,0,0.99
2026-08-06T11:32:25.354000+00:00,,2026-08-06T11:32:25.354000+00:00,,3,Kelani Ganga,Kithulgala,ef2fa4b8-1031-4647-899e-19db5bc66c1d,6,4,1469093,0,2.98
2026-08-06T11:32:20.515000+00:00,,2026-08-06T11:32:20.515000+00:00,,5,Kalu Ganga,Kalawellawa (Millakanda),8a0f4371-521c-44ff-a1fd-af50e0ea1260,8,6.5,1469092,0,3.08
2026-08-06T11:32:19.990000+00:00,,2026-08-06T11:32:19.990000+00:00,,5,Kumbukkan Oya,Nakkala,c361be95-8902-40f7-9797-06173be6c2a7,7.5,6,1469091,0,0.56
2026-08-06T11:32:16.410000+00:00,,2026-08-07T21:15:49.293000+00:00,irrigationgis,6.5,Kelani Ganga,Hanwella,e2a52e78-8b46-4133-b112-47d6fdff3f6c,9.5,7.5,1469090,0,2.93
2026-08-06T11:32:13.613000+00:00,,2026-08-06T11:32:13.613000+00:00,,6.9,Kirindi Oya,Kuda Oya,a7903db6-ca06-48fc-8f1e-ee9aa2b5ad68,8.8,8.4,1469089,0,0.95
2026-08-06T11:31:57.673000+00:00,,2026-08-06T11:31:57.673000+00:00,,10,Kalu Ganga,Ellagawa,bcad9c15-3e48-4208-8427-6992e4ccfee8,12.2,10.7,1469088,0,6.44
2026-08-06T11:31:49.400000+00:00,,2026-08-06T11:31:49.400000+00:00,,5.5,Maha Oya,Giriulla,576e431a-7c59-4fd4-8459-42d8db562ba6,7.5,6.5,1469087,0,1.13
2026-08-06T11:31:38.819000+00:00,,2026-08-06T11:31:38.819000+00:00,,4,Nilwala Ganga,Pitabeddara,00e5d956-ef4f-461a-b82d-486003f2b3dc,6.5,5,1469086,0,0.46
2026-08-06T11:31:32.780000+00:00,,2026-08-06T11:31:32.780000+00:00,,3.5,Mahaweli Ganga,Nawalapitiya,bd432c2b-2866-4109-81c2-d1c7cde391a1,6,5,1469085,0,3.2
2026-08-06T11:31:15.859000+00:00,,2026-08-06T11:31:15.859000+00:00,,5,Malwathu Oya,Thanthirimale,dfa24641-c8c5-4446-936a-eb9a5d033161,7.8,6.8,1469084,0,0.84
2026-08-06T11:31:09.625000+00:00,,2026-08-06T11:31:09.625000+00:00,,3.5,Gin Ganga,Baddegama,7aab74df-163b-4887-8442-aacb455b015b,5,4,1469083,0,1.14
2026-08-06T11:30:34.711000+00:00,,2026-08-06T11:30:34.711000+00:00,,6,Yan Oya,Horowpothana,ce839203-7719-48d1-aada-639676efe8cc,10.5,7.5,1469082,0,1.6
2026-08-06T11:30:26.826000+00:00,,2026-08-06T11:30:26.826000+00:00,,5,Mahaweli Ganga,Weraganthota,95d0f0f5-e04a-4e3f-a457-9105e9535782,8,6,1469081,0,-3.43
2026-08-06T10:47:26.501000+00:00,,2026-08-06T10:47:26.501000+00:00,,2.5,Nilwala Ganga,Urawa,8e98858c-5fb0-40db-a591-d76d64682cb2,6,4,1469080,0,0.12
2026-08-06T10:44:49.789000+00:00,,2026-08-06T10:44:49.789000+00:00,,3.3,Aththanagalu Oya,Dunamale,137ddc98-5dfe-4415-96c4-6a346d0d1c21,5.5,4.4,1469079,0,0.66
2026-08-06T10:41:27.671000+00:00,,2026-08-06T10:41:27.671000+00:00,,4,Gin Ganga,Thawalama,7eac1a9e-42f1-4da4-9994-4a23099e4432,7.5,6,1469078,0,1.46
2026-08-06T10:40:02.417000+00:00,,2026-08-06T10:40:02.417000+00:00,,4,Kalu Ganga,Magura,5e0675e5-c60e-4cca-a0f2-786e63674b2b,7.5,6,1469077,0,1.42
2026-08-06T10:37:21.565000+00:00,,2026-08-06T10:37:21.565000+00:00,,4,Maduru Oya,Padiyathalawa,5ef15dfe-8f20-4261-8ca7-0e6a717b51b1,6,4.5,1469076,0,0.09
2026-08-06T10:36:52.845000+00:00,,2026-08-06T10:36:52.845000+00:00,,1.5,Kelani Ganga,Norwood,4103061c-f20c-4b13-8034-90144c1e3bd6,4.5,3,1469075,3.8,0.99
2026-08-06T10:36:51.852000+00:00,,2026-08-06T10:36:51.852000+00:00,,10,Kalu Ganga,Ellagawa,1c6cbfbc-ba46-404d-aa9b-f3aa04f2732a,12.2,10.7,1469074,0,6.56
2026-08-06T10:36:47.542000+00:00,,2026-08-06T10:36:47.542000+00:00,,5,Nilwala Ganga,Panadugama,86b8f029-cf5f-41ee-b2dc-f8b8809c06c0,7.5,6,1469073,0,2.41
2026-08-06T10:36:30.367000+00:00,,2026-08-07T03:04:59.153000+00:00,irrigationgis,15,Kelani Ganga,Glencourse,aed94879-6a62-4496-a61f-49b66f46df91,19,15.5,1469072,0,11.4
2026-08-06T10:36:27.935000+00:00,,2026-08-06T10:36:27.935000+00:00,,3,Walawe Ganga,Moraketiya,df6a8b55-a95b-4a85-bc6a-b74a6b2ef730,7,5,1469071,0,0.67
2026-08-06T10:36:26.457000+00:00,,2026-08-06T10:36:26.457000+00:00,,,Gal Oya,Ampara,232fac65-62e7-4dfc-992c-5e474725fbc4,,,1469070,0,0
2026-08-06T10:36:07.881000+00:00,,2026-08-06T10:36:07.881000+00:00,,5,Mahaweli Ganga,Peradeniya,c42b2a2c-e60e-48b5-a812-f5cdad21360b,9,7,1469069,0,4.35
2026-08-06T10:35:55.650000+00:00,,2026-08-06T10:35:55.650000+00:00,,1.4,Nilwala Ganga,Thalgahagoda,14bee36b-5e37-4ebb-9095-dc1983ded085,2.8,1.7,1469068,0,0.25
2026-08-06T10:35:01.883000+00:00,,2026-08-06T10:35:01.883000+00:00,,3,Kelani Ganga,Holombuwa,7052f1df-964b-4c87-a82e-a784f0a94fdc,5,3.4,1469067,0,0.6
2026-08-06T10:34:55.964000+00:00,,2026-08-06T10:34:55.964000+00:00,,5.5,Maha Oya,Giriulla,ef363dbb-f409-4fa1-86c1-c17ab39100d9,7.5,6.5,1469066,0,1.13
2026-08-06T10:34:46.793000+00:00,,2026-08-06T10:34:46.793000+00:00,,3.5,Gin Ganga,Baddegama,a2957216-f79c-459c-b069-bb8959dd95d2,5,4,1469065,0,1.14
2026-08-06T10:34:37.158000+00:00,,2026-08-06T10:34:37.158000+00:00,,3,Kalu Ganga,Putupaula,89cf2807-7d3a-440f-bb21-68b89f5a2b29,5,4,1469064,0,1.33
2026-08-06T10:33:51.658000+00:00,,2026-08-06T10:33:51.658000+00:00,,4,Kirindi Oya,Thanamalwila,0c5b06bb-1188-4444-8fb3-3b0f1404a300,5.5,5,1469063,0,0.03
2026-08-06T10:33:51.607000+00:00,,2026-08-06T10:33:51.607000+00:00,,4,Menik Ganga,Katharagama,8ad9b7e6-ba24-485a-b3b7-c86a9fdee0ca,6.5,4.6,1469062,0,-0.22
2026-08-06T10:33:50.258000+00:00,,2026-08-06T10:33:50.258000+00:00,,4,Nilwala Ganga,Pitabeddara,b269f566-b446-4d82-8084-c3640c2c1b83,6.5,5,1469061,0,0.46
2026-08-06T10:33:50.014000+00:00,,2026-08-06T10:33:50.014000+00:00,,3,Mahaweli Ganga,Manampitiya,2991176e-5029-4f95-b281-d8484963b4e1,6,4.3,1469060,0,0.01
2026-08-06T10:33:45.461000+00:00,,2026-08-06T10:33:45.461000+00:00,,5,Maha Oya,Badalgama,f9fccf26-dcf1-468d-9a3d-c9c2daac057c,9.6,6.2,1469059,0,2.25
2026-08-06T10:33:40.652000+00:00,,2026-08-06T10:33:40.652000+00:00,,3.5,Mahaweli Ganga,Nawalapitiya,551060a3-b482-45f4-9285-587adc4e85e3,6,5,1469058,0,3.15
2026-08-06T10:33:29.754000+00:00,,2026-08-06T10:33:29.754000+00:00,,6,Yan Oya,Horowpothana,a1a09202-d659-40ca-adcb-ddfb0bae2fc8,10.5,7.5,1469057,0,1.6
2026-08-06T10:33:27.234000+00:00,,2026-08-06T10:33:27.234000+00:00,,4.4,Kirindi Oya,Wellawaya,aa08fc91-91f2-46e5-a2b7-904973b68ad5,5.9,5.4,1469056,0,1.08
2026-08-06T10:32:50.813000+00:00,,2026-08-07T02:59:40.336000+00:00,irrigationgis,4.8,Kelani Ganga,Deraniyagala,5e9f645f-01c4-43cf-b1ec-9b265369d1de,7,5.8,1469055,0,1.92
2026-08-06T10:32:49.273000+00:00,,2026-08-06T10:32:49.273000+00:00,,4.84,Mee Oya,Galgamuwa,c0ffbb0b-1ab1-4121-8e7b-1ac587d35d6d,8,5.94,1469054,0,0.02
2026-08-06T10:32:45.227000+00:00,,2026-08-06T10:32:45.227000+00:00,,5,Kalu Ganga,Kalawellawa (Millakanda),88c6bd55-7e99-4f26-b899-ca151d0463b8,8,6.5,1469053,0,3.18
2026-08-06T10:32:28.819000+00:00,,2026-08-06T10:32:28.819000+00:00,,3,Mahaweli Ganga,Thaldena,93f4f842-b3e3-4390-aa16-a38c196bf68a,5,4,1469052,0,0.14
2026-08-06T10:32:25.003000+00:00,,2026-08-06T10:32:25.003000+00:00,,4,Kelani Ganga,Nagalagam Street,743344d7-ce09-4815-8933-70d1bd2b0daa,7,5,1469051,0,1.4
2026-08-06T10:32:16.080000+00:00,,2026-08-06T10:32:16.080000+00:00,,3,Kelani Ganga,Kithulgala,71b0bcc6-eea5-4e8a-ad7e-6e2a34369297,6,4,1469050,0,2.8
2026-08-06T10:32:13.524000+00:00,,2026-08-07T21:15:49.293000+00:00,irrigationgis,6.5,Kelani Ganga,Hanwella,841e05ee-5bf4-45f7-a386-1a9c9cf3ba46,9.5,7.5,1469049,0,2.92
2026-08-06T10:32:07.831000+00:00,,2026-08-06T10:32:07.831000+00:00,,5.2,Kalu Ganga,Rathnapura,616ced8e-e0af-4fe1-9441-22137c780a52,9.5,7.5,1469048,0,2.07
2026-08-06T10:31:55.924000+00:00,,2026-08-06T10:31:55.924000+00:00,,5,Kumbukkan Oya,Nakkala,aab48139-da11-4d08-8397-71602eca8fd4,7.5,6,1469047,0,0.56
2026-08-06T10:31:52.922000+00:00,,2026-08-06T10:31:52.922000+00:00,,4,Ma Oya,Yaka Wewa,f8546160-7708-4cf0-b31e-df3a8c9ab49f,6,5,1469046,0,0.42
2026-08-06T10:31:23.125000+00:00,,2026-08-06T10:31:23.125000+00:00,,5,Malwathu Oya,Thanthirimale,b00ee6c5-2e10-4758-9d95-b797d0f95114,7.8,6.8,1469045,0,0.85
2026-08-06T10:30:55.720000+00:00,,2026-08-06T10:30:55.720000+00:00,,4.75,Deduru Oya,Moragaswewa,85b17ce6-1024-4233-afdc-cc3796009f52,7,6,1469044,0,-0.02
2026-08-06T10:30:51.418000+00:00,,2026-08-06T10:30:51.418000+00:00,,6.9,Kirindi Oya,Kuda Oya,14dd51e4-d24d-4370-83eb-6ad76009af09,8.8,8.4,1469043,0,0.95
2026-08-06T10:30:18.871000+00:00,,2026-08-06T10:30:18.871000+00:00,,4.5,Heda Oya,Siyambalanduwa,02210c26-35c7-4973-b3c9-e4e197bc0395,7,6,1469042,0,0.15
2026-08-06T10:30:16.857000+00:00,,2026-08-06T10:30:16.857000+00:00,,5,Mahaweli Ganga,Weraganthota,f3d489b3-7ea0-4b76-8e62-a9ef3a882be9,8,6,1469041,0,-3.42
2026-08-06T09:41:32.297000+00:00,,2026-08-06T09:41:32.297000+00:00,,5,Nilwala Ganga,Panadugama,c98f2332-bacf-4aaa-a16e-9295ad5153ba,7.5,6,1469039,0.3,2.42
2026-08-06T09:41:25.687000+00:00,,2026-08-06T09:41:25.687000+00:00,,4,Menik Ganga,Katharagama,e4c9039a-3e47-4bb5-ba8e-534d8346211e,6.5,4.6,1469038,0,-0.22
2026-08-06T09:39:28.293000+00:00,,2026-08-07T03:04:59.153000+00:00,irrigationgis,15,Kelani Ganga,Glencourse,7fe4cbf0-4710-4a6d-bc45-587a75426c69,19,15.5,1469037,0,11.37
2026-08-06T09:37:50.686000+00:00,,2026-08-06T09:37:50.686000+00:00,,4,Gin Ganga,Thawalama,ab3b5162-00ec-41fe-9250-e331ca1d4fce,7.5,6,1469036,0,1.37
2026-08-06T09:37:45.686000+00:00,,2026-08-06T09:37:45.686000+00:00,,1.5,Kelani Ganga,Norwood,72175371-50cc-4e4a-835d-50cdfa2908f4,4.5,3,1469035,1.1,1.01
2026-08-06T09:37:42.273000+00:00,,2026-08-06T09:37:42.273000+00:00,,4,Kalu Ganga,Magura,a2cd73a5-c2c2-42a8-90ec-f02ed22a43fe,7.5,6,1469034,0,1.42
2026-08-06T09:37:36.288000+00:00,,2026-08-06T09:37:36.288000+00:00,,5.2,Kalu Ganga,Rathnapura,40b239a9-df21-4035-9e0c-008bf85f99d7,9.5,7.5,1469033,0,2.05
2026-08-06T09:36:54.530000+00:00,,2026-08-06T09:36:54.530000+00:00,,4,Ma Oya,Yaka Wewa,ccf9bf07-84d8-439f-ae4c-f9b6384efa2f,6,5,1469032,0,0.42
2026-08-06T09:36:47.543000+00:00,,2026-08-06T09:36:47.543000+00:00,,4,Maduru Oya,Padiyathalawa,9fccf8e9-dd22-47b1-b933-447cf52be164,6,4.5,1469031,0,0.09
2026-08-06T09:35:51.591000+00:00,,2026-08-06T09:35:51.591000+00:00,,5.5,Maha Oya,Giriulla,bd319d1f-d570-4662-b85f-d677e9a21895,7.5,6.5,1469030,0,1.13
2026-08-06T09:35:12.127000+00:00,,2026-08-06T09:35:12.127000+00:00,,5,Kumbukkan Oya,Nakkala,a295c46b-4fae-4a74-b925-1b5ab720ee2e,7.5,6,1469029,0,0.55
2026-08-06T09:35:10.507000+00:00,,2026-08-06T09:35:10.507000+00:00,,2.5,Nilwala Ganga,Urawa,6ed55a3b-0a8d-4657-b26c-c8883feb99cb,6,4,1469028,0,0.1
2026-08-06T09:35:09.340000+00:00,,2026-08-06T09:35:09.340000+00:00,,3,Kelani Ganga,Holombuwa,b4725ea4-1ed6-4a62-b4cc-b2829abd5794,5,3.4,1469027,0,0.64
2026-08-06T09:35:06.765000+00:00,,2026-08-06T09:35:06.765000+00:00,,3,Walawe Ganga,Moraketiya,4defb9df-a5e1-46f5-93b5-d23c41f7bb54,7,5,1469026,0,0.67
2026-08-06T09:35:06.007000+00:00,,2026-08-06T09:35:06.007000+00:00,,10,Kalu Ganga,Ellagawa,c8cd06ff-a490-4f2d-ac08-dbb8f00ca601,12.2,10.7,1469025,0,6.7
2026-08-06T09:35:05.808000+00:00,,2026-08-06T09:35:05.808000+00:00,,3.3,Aththanagalu Oya,Dunamale,0ca30599-3e9b-4bab-b276-3092b75b871a,5.5,4.4,1469024,0,0.66
2026-08-06T09:34:57.227000+00:00,,2026-08-06T09:34:57.227000+00:00,,5,Maha Oya,Badalgama,764b063a-4dd0-4fcd-a3f6-36435ff8dee8,9.6,6.2,1469023,0,2.26
2026-08-06T09:34:49.618000+00:00,,2026-08-06T09:34:49.618000+00:00,,4.75,Deduru Oya,Moragaswewa,5b03fb94-19bb-49e3-8f72-1a4bf05dc521,7,6,1469022,0,-0.02
2026-08-06T09:34:48.563000+00:00,,2026-08-07T21:15:49.293000+00:00,irrigationgis,6.5,Kelani Ganga,Hanwella,0912345f-e695-4a03-9e2d-eb2b40be44c1,9.5,7.5,1469021,0,2.93
2026-08-06T09:34:18.473000+00:00,,2026-08-06T09:34:18.473000+00:00,,3,Kelani Ganga,Kithulgala,901cba55-5856-4e86-86e0-a2128a3d90ce,6,4,1469020,2,3.06
2026-08-06T09:34:03.508000+00:00,,2026-08-06T09:34:03.508000+00:00,,3,Kalu Ganga,Putupaula,c858f251-e483-484b-9d76-c7bcab0e9811,5,4,1469019,0,1.38
2026-08-06T09:33:57.605000+00:00,,2026-08-07T02:59:40.336000+00:00,irrigationgis,4.8,Kelani Ganga,Deraniyagala,0c29ea60-6057-4870-a345-c3365471c9e0,7,5.8,1469018,5.9,2
2026-08-06T09:33:51.442000+00:00,,2026-08-06T09:33:51.442000+00:00,,3.5,Gin Ganga,Baddegama,56b7025d-b596-4266-8d7e-06291ce4686b,5,4,1469017,0,1.13
2026-08-06T09:33:43.004000+00:00,,2026-08-06T09:33:43.004000+00:00,,4.84,Mee Oya,Galgamuwa,59659fd3-906c-4223-a961-5a899261bf28,8,5.94,1469016,0,0.02
2026-08-06T09:33:36.212000+00:00,,2026-08-06T09:33:36.212000+00:00,,4,Menik Ganga,Katharagama,dd69b1f6-bf66-4fed-bd7d-e25fac3dcf21,6.5,4.6,1469015,0,-0.22
2026-08-06T09:33:33.003000+00:00,,2026-08-06T09:33:33.003000+00:00,,4,Nilwala Ganga,Pitabeddara,e4f97e86-8e96-41c2-8beb-145cc660fc9b,6.5,5,1469014,0,0.46
2026-08-06T09:33:20.505000+00:00,,2026-08-06T09:33:20.505000+00:00,,4,Kelani Ganga,Nagalagam Street,085b2e24-64d6-4a58-93ed-e1ee625a60eb,7,5,1469013,0,1.4
2026-08-06T09:32:51.037000+00:00,,2026-08-06T09:32:51.037000+00:00,,4.4,Kirindi Oya,Wellawaya,792cbd57-fe28-4d9d-a152-7f409f991c40,5.9,5.4,1469012,0,1
2026-08-06T09:32:43.446000+00:00,,2026-08-06T09:32:43.446000+00:00,,1.4,Nilwala Ganga,Thalgahagoda,962ded8b-db37-4616-86ec-b4fb20ca80fc,2.8,1.7,1469011,0,0.28
2026-08-06T09:32:16.901000+00:00,,2026-08-06T09:32:16.901000+00:00,,5,Kalu Ganga,Kalawellawa (Millakanda),ef4e68de-f131-48b9-8117-e055f79263d7,8,6.5,1469010,0,3.22
2026-08-06T09:32:12.382000+00:00,,2026-08-06T09:32:12.382000+00:00,,6,Yan Oya,Horowpothana,e19386c6-ccb8-4661-8dce-c174ad2c3e2b,10.5,7.5,1469009,0,1.59
2026-08-06T09:32:00.966000+00:00,,2026-08-06T09:32:00.966000+00:00,,5,Malwathu Oya,Thanthirimale,61b969b3-4aca-4aec-82cf-b66800ff6b32,7.8,6.8,1469008,0,0.85
2026-08-06T09:31:52.903000+00:00,,2026-08-06T09:31:52.903000+00:00,,3.5,Mahaweli Ganga,Nawalapitiya,88718e52-e6e1-47c1-936a-c7bc7eeb8662,6,5,1469007,0.4,3.05
2026-08-06T09:31:43.947000+00:00,,2026-08-06T09:31:43.947000+00:00,,3,Mahaweli Ganga,Manampitiya,af6a01d2-57c4-45b6-950c-1c8e450384c1,6,4.3,1469006,0,-0.1
2026-08-06T09:31:33.690000+00:00,,2026-08-06T09:31:33.690000+00:00,,4,Kirindi Oya,Thanamalwila,6e06d4b5-2022-4aae-9403-fcbec8c9ef7b,5.5,5,1469005,0,0.03
2026-08-06T09:31:25.989000+00:00,,2026-08-06T09:31:25.989000+00:00,,5,Mahaweli Ganga,Peradeniya,d00c8973-ff3e-469c-8c1d-bc566fc39f33,9,7,1469004,0,4.3
2026-08-06T09:31:13.351000+00:00,,2026-08-06T09:31:13.351000+00:00,,,Gal Oya,Ampara,93d939c0-a540-4d1f-a348-5307b7cad24a,,,1469003,0,0
2026-08-06T09:30:31.001000+00:00,,2026-08-06T09:30:31.001000+00:00,,6.9,Kirindi Oya,Kuda Oya,8933c94d-6458-4a5b-b334-913d3b8b576c,8.8,8.4,1469002,0,0.96
2026-08-06T09:30:28.627000+00:00,,2026-08-06T09:30:28.627000+00:00,,4.5,Heda Oya,Siyambalanduwa,8cdcddf9-a562-487c-a1b3-55757b5cf729,7,6,1469001,0,0.15
2026-08-06T09:30:15.204000+00:00,,2026-08-06T09:30:15.204000+00:00,,5,Mahaweli Ganga,Weraganthota,f180edf9-6daf-4fd8-b530-c07a0d39d7eb,8,6,1469000,0,-3.42
2026-08-06T09:30:07.709000+00:00,,2026-08-06T09:30:07.709000+00:00,,3,Mahaweli Ganga,Thaldena,c7cdbb37-32e9-47f0-8bfa-e68828de2755,5,4,1468999,0,0.13
2026-08-06T09:29:24.415000+00:00,,2026-08-06T09:29:24.415000+00:00,,6.9,Kirindi Oya,Kuda Oya,78a983bc-de65-4d05-bf99-bb1f5ed7568f,8.8,8.4,1468998,0,0.96
2026-08-06T09:12:00.800000+00:00,,2026-08-06T09:12:00.800000+00:00,,4.75,Deduru Oya,Moragaswewa,ccba9635-bc84-443e-843c-79d97c3b6c49,7,6,1468997,0,-0.01
2026-08-06T08:44:20.273000+00:00,,2026-08-06T08:44:20.273000+00:00,,5,Nilwala Ganga,Panadugama,d090f1e1-978b-4402-b3e6-6b455856df9c,7.5,6,1468996,0,2.43
2026-08-06T08:41:51.023000+00:00,,2026-08-06T08:41:51.023000+00:00,,4,Kalu Ganga,Magura,fe02d5a3-14b4-4741-aea8-6e2600c34024,7.5,6,1468995,0,1.42
2026-08-06T08:41:11.232000+00:00,,2026-08-06T08:41:11.232000+00:00,,6,Yan Oya,Horowpothana,c60ffac7-823f-4483-8f5f-59b0f533965e,10.5,7.5,1468994,0,1.59
2026-08-06T08:39:32.590000+00:00,,2026-08-06T08:39:32.590000+00:00,,4,Maduru Oya,Padiyathalawa,5ff10b41-b759-4f6c-a49c-13786464170b,6,4.5,1468993,0,0.1
2026-08-06T08:38:28.565000+00:00,,2026-08-06T08:38:28.565000+00:00,,5,Mahaweli Ganga,Peradeniya,34a24038-f1b0-47bb-ac30-72fe5ab87c5e,9,7,1468992,0.5,4.27
2026-08-06T08:38:18.721000+00:00,,2026-08-06T08:38:18.721000+00:00,,5.2,Kalu Ganga,Rathnapura,0d25692d-6ba9-4640-a8eb-10db91ead4d7,9.5,7.5,1468991,0,2.03
2026-08-06T08:37:55.987000+00:00,,2026-08-06T08:37:55.987000+00:00,,3.3,Aththanagalu Oya,Dunamale,995f701d-8bbf-4cce-91eb-c8b56dbc4703,5.5,4.4,1468990,0,0.66
2026-08-06T08:36:46.282000+00:00,,2026-08-06T08:36:46.282000+00:00,,4,Nilwala Ganga,Pitabeddara,182c34ce-9f21-49d0-b265-74ed5c7e207d,6.5,5,1468989,0,0.47
2026-08-06T08:35:44.014000+00:00,,2026-08-06T08:35:44.014000+00:00,,4,Gin Ganga,Thawalama,d343b344-bd15-4102-b162-c76750ab17c0,7.5,6,1468988,0,1.41
2026-08-06T08:35:24.125000+00:00,,2026-08-06T08:35:24.125000+00:00,,3,Kelani Ganga,Holombuwa,709b7bec-3b2d-4a18-9afa-a4cb0b2d59a7,5,3.4,1468987,0,0.64
2026-08-06T08:35:10.570000+00:00,,2026-08-06T08:35:10.570000+00:00,,3.5,Gin Ganga,Baddegama,95daa492-8ae6-4d8f-a05d-0f9961e12eb1,5,4,1468986,0,1.12
2026-08-06T08:35:08.704000+00:00,,2026-08-06T08:35:08.704000+00:00,,1.5,Kelani Ganga,Norwood,5ef722d9-a34b-4964-a4c6-ffce8098996f,4.5,3,1468985,0.8,0.99
2026-08-06T08:34:34.330000+00:00,,2026-08-06T08:34:34.330000+00:00,,2.5,Nilwala Ganga,Urawa,c1bbaaed-0ac2-41d8-bc93-703bf2918e12,6,4,1468984,0,0.07
2026-08-06T08:34:13.569000+00:00,,2026-08-06T08:34:13.569000+00:00,,4,Kelani Ganga,Nagalagam Street,0d98fec7-7019-45b4-8bf7-0ab6cb731da3,7,5,1468983,0,1.3
2026-08-06T08:34:10.743000+00:00,,2026-08-06T08:34:10.743000+00:00,,4,Menik Ganga,Katharagama,39da98dc-d60a-4a10-8d20-52618cafb1ad,6.5,4.6,1468982,0,-0.22
2026-08-06T08:34:10.107000+00:00,,2026-08-06T08:34:10.107000+00:00,,3,Kalu Ganga,Putupaula,73c9b0f4-3e92-436b-95d8-a7a1d8649941,5,4,1468981,0,1.45
2026-08-06T08:34:06.467000+00:00,,2026-08-06T08:34:06.467000+00:00,,5,Maha Oya,Badalgama,d50b8e08-5653-4ea3-9035-ef3059a433cb,9.6,6.2,1468980,0,2.27
2026-08-06T08:33:47.197000+00:00,,2026-08-06T08:33:47.197000+00:00,,3,Mahaweli Ganga,Manampitiya,351c29f4-4cb7-4ac4-b832-f7741bf8fdd7,6,4.3,1468979,0,-0.1
2026-08-06T08:33:29.661000+00:00,,2026-08-06T08:33:29.661000+00:00,,3,Kelani Ganga,Kithulgala,09507614-5b18-4cad-911d-b424c1802a07,6,4,1468978,4.2,2.98
2026-08-06T08:33:20.372000+00:00,,2026-08-07T03:04:59.153000+00:00,irrigationgis,15,Kelani Ganga,Glencourse,fc278b7c-fce3-47d6-a6dc-d9155f9f3415,19,15.5,1468977,0.6,11.33
2026-08-06T08:33:09.644000+00:00,,2026-08-06T08:33:09.644000+00:00,,4.4,Kirindi Oya,Wellawaya,39b1b7e9-2cf9-41b1-80b8-974e5c75cba7,5.9,5.4,1468976,0,0.98
2026-08-06T08:33:06.436000+00:00,,2026-08-06T08:33:06.436000+00:00,,5.5,Maha Oya,Giriulla,13de2733-8c9c-4cc8-8fbf-e9cd884d8b35,7.5,6.5,1468975,0,1.14
2026-08-06T08:32:54.215000+00:00,,2026-08-07T21:15:49.293000+00:00,irrigationgis,6.5,Kelani Ganga,Hanwella,bd9df854-ba54-47ca-bd91-9a45db214a56,9.5,7.5,1468974,0,2.95
2026-08-06T08:32:40.484000+00:00,,2026-08-06T08:32:40.484000+00:00,,10,Kalu Ganga,Ellagawa,78929dbd-0f57-415e-bd31-930b4ed2d0f7,12.2,10.7,1468973,0,6.84
2026-08-06T08:32:37.524000+00:00,,2026-08-06T08:32:37.524000+00:00,,4,Ma Oya,Yaka Wewa,12937ee4-b091-4ed6-a85c-78d7d793dcb2,6,5,1468972,0,0.42
2026-08-06T08:32:35.967000+00:00,,2026-08-07T02:59:40.336000+00:00,irrigationgis,4.8,Kelani Ganga,Deraniyagala,1703215a-0471-4e0d-8a21-8726986317b7,7,5.8,1468971,0.5,1.77
2026-08-06T08:32:33.455000+00:00,,2026-08-06T08:32:33.455000+00:00,,4.84,Mee Oya,Galgamuwa,18e72b1f-70fe-4690-896c-53ee79a07dc6,8,5.94,1468970,0,0.02
2026-08-06T08:32:30.851000+00:00,,2026-08-06T08:32:30.851000+00:00,,5,Kalu Ganga,Kalawellawa (Millakanda),833b1932-a4e8-4a5b-9da5-0780a0af365f,8,6.5,1468969,0,3.28
2026-08-06T08:32:01.193000+00:00,,2026-08-06T08:32:01.193000+00:00,,3.5,Mahaweli Ganga,Nawalapitiya,06267a83-7d65-4bad-ac3f-5d987bdd070b,6,5,1468968,2.8,2.95
2026-08-06T08:31:39.820000+00:00,,2026-08-06T08:31:39.820000+00:00,,3,Walawe Ganga,Moraketiya,4a9ee91b-2b46-4d7a-ba46-e365066195a6,7,5,1468967,0,0.68
2026-08-06T08:31:10.901000+00:00,,2026-08-06T08:31:10.901000+00:00,,1.4,Nilwala Ganga,Thalgahagoda,9386f19a-774f-423e-a823-801c7218b3c8,2.8,1.7,1468966,0,0.3
2026-08-06T08:31:08.780000+00:00,,2026-08-06T08:31:08.780000+00:00,,4,Kirindi Oya,Thanamalwila,e4e03cd6-635d-4c75-947b-a83dea2e5f12,5.5,5,1468965,0,0.02
2026-08-06T08:31:06.418000+00:00,,2026-08-06T08:31:06.418000+00:00,,3,Mahaweli Ganga,Thaldena,322cac8f-1b5a-4627-8f08-b2f0215468bc,5,4,1468964,0,0.13
2026-08-06T08:31:06.047000+00:00,,2026-08-06T08:31:06.047000+00:00,,6.9,Kirindi Oya,Kuda Oya,30d31bae-305a-4d66-9833-9ee68cf1ec44,8.8,8.4,1468963,0,0.96
2026-08-06T08:31:05.259000+00:00,,2026-08-06T08:31:05.259000+00:00,,5,Malwathu Oya,Thanthirimale,7b5f981a-c217-491e-80ed-5d0e6e8553b6,7.8,6.8,1468962,0,0.86
2026-08-06T08:31:03.386000+00:00,,2026-08-06T08:31:03.386000+00:00,,5,Mahaweli Ganga,Weraganthota,cb88942b-ba4b-4962-a192-7d7f73d9e5b7,8,6,1468961,0,-3.42
2026-08-06T08:30:50.572000+00:00,,2026-08-06T08:30:50.572000+00:00,,,Gal Oya,Ampara,6e072d88-ae29-43fc-9626-8d06fd1923eb,,,1468960,0,0
2026-08-06T08:30:44.896000+00:00,,2026-08-06T08:30:44.896000+00:00,,4.5,Heda Oya,Siyambalanduwa,dc009329-b956-4157-8876-5fd7ab6d5208,7,6,1468959,0,0.15
2026-08-06T08:30:06.234000+00:00,,2026-08-06T08:30:06.234000+00:00,,5,Kumbukkan Oya,Nakkala,82792a9b-eef0-48bb-805b-32da1320eb5a,7.5,6,1468958,0,0.53
2026-08-06T07:55:44.506000+00:00,,2026-08-06T07:55:44.506000+00:00,,5.5,Maha Oya,Giriulla,26749f54-ca5b-45a0-8928-820201f33e9a,7.5,6.5,1468957,0,1.15
2026-08-06T07:45:42.329000+00:00,,2026-08-06T07:45:42.329000+00:00,,1.4,Nilwala Ganga,Thalgahagoda,9d6f402f-5f70-4d7d-8463-9260ecc09467,2.8,1.7,1468956,0,0.3
2026-08-06T07:39:21.742000+00:00,,2026-08-06T07:39:21.742000+00:00,,5,Nilwala Ganga,Panadugama,4885aa51-1560-4b38-9585-412381c0a655,7.5,6,1468955,0,2.43
2026-08-06T07:38:56.529000+00:00,,2026-08-06T07:38:56.529000+00:00,,2.5,Nilwala Ganga,Urawa,b5415d43-0b2d-4251-bb32-fa097475f1a6,6,4,1468954,0,0.07
2026-08-06T07:38:01.049000+00:00,,2026-08-06T07:38:01.049000+00:00,,4,Kalu Ganga,Magura,86c75c11-460a-46c1-99fb-c1ecbb2396f3,7.5,6,1468953,0,1.43
2026-08-06T07:37:50.979000+00:00,,2026-08-06T07:37:50.979000+00:00,,3.3,Aththanagalu Oya,Dunamale,95112b21-bbf0-46c4-955d-775551259dfa,5.5,4.4,1468952,0,0.65
2026-08-06T07:37:36.655000+00:00,,2026-08-06T07:37:36.655000+00:00,,5,Mahaweli Ganga,Peradeniya,3063a6c4-d4a3-485e-b792-60fb0a0249a6,9,7,1468951,0,4.25
2026-08-06T07:36:38.162000+00:00,,2026-08-06T07:36:38.162000+00:00,,5,Maha Oya,Badalgama,e18b78ba-42cd-4507-857a-ea3743974def,9.6,6.2,1468950,0,2.28
2026-08-06T07:36:10.854000+00:00,,2026-08-06T07:36:10.854000+00:00,,10,Kalu Ganga,Ellagawa,67139c25-8a25-4b3c-bf7d-4e1b5d06a411,12.2,10.7,1468949,1.8,6.99
2026-08-06T07:35:55.875000+00:00,,2026-08-06T07:35:55.875000+00:00,,3,Walawe Ganga,Moraketiya,d1ca8362-9513-479e-b27f-252eed3e7500,7,5,1468948,0,0.67
2026-08-06T07:35:12.736000+00:00,,2026-08-06T07:35:12.736000+00:00,,4,Gin Ganga,Thawalama,ea6e8274-d594-4fea-9e74-cebc54dd50ff,7.5,6,1468947,0,1.45
2026-08-06T07:34:57.216000+00:00,,2026-08-07T21:15:49.293000+00:00,irrigationgis,6.5,Kelani Ganga,Hanwella,d1611771-bf25-4d99-bbc6-4b2bef9c42e3,9.5,7.5,1468946,0,2.98
2026-08-06T07:34:49.138000+00:00,,2026-08-07T03:04:59.153000+00:00,irrigationgis,15,Kelani Ganga,Glencourse,02be23e5-d863-4275-ad38-019ce83e7e5f,19,15.5,1468945,0,11.31
2026-08-06T07:34:44.621000+00:00,,2026-08-06T07:34:44.621000+00:00,,5,Kalu Ganga,Kalawellawa (Millakanda),099aa980-0ae0-4ea4-928f-366849280b80,8,6.5,1468944,0,3.32
2026-08-06T07:34:38.881000+00:00,,2026-08-06T07:34:38.881000+00:00,,3,Mahaweli Ganga,Manampitiya,4bdb2745-a7bd-4f1d-9bb1-102376bf0b57,6,4.3,1468943,0,-0.09
2026-08-06T07:34:25.840000+00:00,,2026-08-06T07:34:25.840000+00:00,,3,Kelani Ganga,Holombuwa,c845c262-9b63-4369-87f1-c97e39f594a2,5,3.4,1468942,0,0.64
2026-08-06T07:34:06.768000+00:00,,2026-08-06T07:34:06.768000+00:00,,3,Mahaweli Ganga,Thaldena,0b269cc1-b219-4383-91a6-2ea43ac06c7b,5,4,1468941,0,0.1
2026-08-06T07:33:57.935000+00:00,,2026-08-06T07:33:57.935000+00:00,,3.5,Gin Ganga,Baddegama,69cc564d-021f-45a8-838b-bb9c0f6dae93,5,4,1468940,0,1.12
2026-08-06T07:33:42.218000+00:00,,2026-08-06T07:33:42.218000+00:00,,4.75,Deduru Oya,Moragaswewa,188facdd-cc02-4e05-b9ce-6d8ceeab6fee,7,6,1468939,0,-0.01
2026-08-06T07:33:35.895000+00:00,,2026-08-06T07:33:35.895000+00:00,,4,Maduru Oya,Padiyathalawa,932fd5b5-4c82-401b-9947-444eecfaeda5,6,4.5,1468938,0,0.1
2026-08-06T07:33:23.649000+00:00,,2026-08-06T07:33:23.649000+00:00,,3,Kelani Ganga,Kithulgala,c68c6ee6-e87a-47d2-88b6-a0835f585451,6,4,1468937,6.5,3.05
2026-08-06T07:33:22.842000+00:00,,2026-08-06T07:33:22.842000+00:00,,4,Kelani Ganga,Nagalagam Street,69a6526a-5f2a-4526-b5e3-e5c46df8cd8f,7,5,1468936,0,1.3
2026-08-06T07:33:06.698000+00:00,,2026-08-06T07:33:06.698000+00:00,,4,Ma Oya,Yaka Wewa,5adb010f-d2eb-4858-be4c-473c314b7e4e,6,5,1468935,0,0.42
2026-08-06T07:32:53.505000+00:00,,2026-08-06T07:32:53.505000+00:00,,1.5,Kelani Ganga,Norwood,24738d72-ef6e-4b2d-94ed-8e3bc73d93d3,4.5,3,1468934,0,0.98
2026-08-06T07:32:51.773000+00:00,,2026-08-06T07:32:51.773000+00:00,,4.4,Kirindi Oya,Wellawaya,80539dd5-310c-4ff0-9622-a6610f663319,5.9,5.4,1468933,0,1.01
2026-08-06T07:32:22.062000+00:00,,2026-08-07T02:59:40.336000+00:00,irrigationgis,4.8,Kelani Ganga,Deraniyagala,88d6e90b-8352-4207-bf49-0e78bd9fb283,7,5.8,1468932,0,1.5
2026-08-06T07:32:18.694000+00:00,,2026-08-06T07:32:18.694000+00:00,,4,Menik Ganga,Katharagama,a47b5ff5-3ded-404a-9879-4dcdc5bc877c,6.5,4.6,1468931,0,-0.22
2026-08-06T07:32:04.036000+00:00,,2026-08-06T07:32:04.036000+00:00,,3,Kalu Ganga,Putupaula,ee77ace2-eea7-4a95-b264-e2f5d78bcbc8,5,4,1468930,0,1.5
2026-08-06T07:31:45.345000+00:00,,2026-08-06T07:31:45.345000+00:00,,6.9,Kirindi Oya,Kuda Oya,75064f08-5784-4554-8fae-784585b045c0,8.8,8.4,1468929,0,0.96
2026-08-06T07:31:40.745000+00:00,,2026-08-06T07:31:40.745000+00:00,,4,Kirindi Oya,Thanamalwila,b68c34c4-73e0-4d48-989d-94001754f3fb,5.5,5,1468928,0,0.02
2026-08-06T07:31:34.317000+00:00,,2026-08-06T07:31:34.317000+00:00,,3.5,Mahaweli Ganga,Nawalapitiya,d1df9d91-0f0e-4104-92aa-8fb8ad20beea,6,5,1468927,0,2.78
2026-08-06T07:31:25.985000+00:00,,2026-08-06T07:31:25.985000+00:00,,5.2,Kalu Ganga,Rathnapura,06035814-76b7-4179-965b-8afbcefeb513,9.5,7.5,1468926,0.3,2.03
2026-08-06T07:31:23.151000+00:00,,2026-08-06T07:31:23.151000+00:00,,4.5,Heda Oya,Siyambalanduwa,bed0f6f0-389f-49f0-84c8-c6ab22c3dee1,7,6,1468925,0,0.15
2026-08-06T07:31:17.424000+00:00,,2026-08-06T07:31:17.424000+00:00,,4,Nilwala Ganga,Pitabeddara,7c24dcbc-8062-4ad8-9d43-ad1606dcae3b,6.5,5,1468924,0,0.47
2026-08-06T07:31:05.880000+00:00,,2026-08-06T07:31:05.880000+00:00,,5,Malwathu Oya,Thanthirimale,2cbd96d3-9a38-4aa4-8274-cdec16ad19db,7.8,6.8,1468923,0,0.86
2026-08-06T07:30:50.002000+00:00,,2026-08-06T07:30:50.002000+00:00,,6,Yan Oya,Horowpothana,7a909cf6-0067-4296-b3cf-c069546ec5aa,10.5,7.5,1468922,0,1.58
2026-08-06T07:30:45.205000+00:00,,2026-08-06T07:30:45.205000+00:00,,4.84,Mee Oya,Galgamuwa,2c507bbc-ba9f-4637-8f9e-83f1176c2d41,8,5.94,1468921,0,0.02
2026-08-06T07:30:42.355000+00:00,,2026-08-06T07:30:42.355000+00:00,,,Gal Oya,Ampara,ef31977a-ff07-411d-812e-d9ad39142b23,,,1468920,0,0
2026-08-06T07:30:18.438000+00:00,,2026-08-06T07:30:18.438000+00:00,,5,Mahaweli Ganga,Weraganthota,181664dc-c8e3-4500-a7da-7f1c67aba84f,8,6,1468919,0,-3.42
2026-08-06T07:30:18.168000+00:00,,2026-08-06T07:30:18.168000+00:00,,5,Kumbukkan Oya,Nakkala,ccb3ed28-6b91-42d2-947b-b0fdf831af3e,7.5,6,1468918,0,0.53
2026-08-06T07:10:23.821000+00:00,,2026-08-06T07:10:23.821000+00:00,,,Gal Oya,Ampara,4fe9c589-6850-4394-ab7f-ee67eab1e0ae,,,1468917,0,0
2026-08-06T06:49:07.705000+00:00,,2026-08-06T06:49:07.705000+00:00,,2.5,Nilwala Ganga,Urawa,490e9603-6011-4ae0-b9c5-080aff6a6e26,6,4,1468916,0,0.06
2026-08-06T06:39:20.017000+00:00,,2026-08-06T06:39:20.017000+00:00,,4,Gin Ganga,Thawalama,90bbaa72-9044-498d-9e83-171e9b019c42,7.5,6,1468915,0,1.48
2026-08-06T06:38:25.377000+00:00,,2026-08-06T06:38:25.377000+00:00,,4,Kalu Ganga,Magura,ac7874a7-0242-42d8-9985-4779d58d4838,7.5,6,1468914,0,1.43
2026-08-06T06:36:53.269000+00:00,,2026-08-06T06:36:53.269000+00:00,,5,Nilwala Ganga,Panadugama,c84afcb4-f5c2-4887-b4c6-9064707688ad,7.5,6,1468913,0,2.44
2026-08-06T06:36:33.744000+00:00,,2026-08-07T03:04:59.153000+00:00,irrigationgis,15,Kelani Ganga,Glencourse,9c1e49eb-1d73-4ed4-a3ec-831aa3d2590f,19,15.5,1468912,0,11.31
2026-08-06T06:36:32.722000+00:00,,2026-08-06T06:36:32.722000+00:00,,6.9,Kirindi Oya,Kuda Oya,de0f57fc-f0f9-492d-894d-885c9ad133d3,8.8,8.4,1468911,0,0.96
2026-08-06T06:36:09.776000+00:00,,2026-08-06T06:36:09.776000+00:00,,5,Maha Oya,Badalgama,cc1a9374-a9e8-4841-a853-d6b09ecee0e2,9.6,6.2,1468910,0,2.28
2026-08-06T06:36:02.105000+00:00,,2026-08-06T06:36:02.105000+00:00,,4,Kelani Ganga,Nagalagam Street,3d4dedd7-2e91-4a83-bb37-f617dc44daee,7,5,1468909,0,1.5
2026-08-06T06:36:00.483000+00:00,,2026-08-06T06:36:00.483000+00:00,,3.3,Aththanagalu Oya,Dunamale,33e96417-2172-423e-955c-0234addc00c4,5.5,4.4,1468908,0,0.65
2026-08-06T06:35:59.138000+00:00,,2026-08-06T06:35:59.138000+00:00,,1.5,Kelani Ganga,Norwood,5c97c78a-0756-4e36-8385-0a47ff8b1c72,4.5,3,1468907,4.1,0.98
2026-08-06T06:35:56.082000+00:00,,2026-08-06T06:35:56.082000+00:00,,3.5,Gin Ganga,Baddegama,033eb50e-ca0d-40a0-ad3f-7f40c906c4c8,5,4,1468906,0,1.14
2026-08-06T06:35:28.692000+00:00,,2026-08-06T06:35:28.692000+00:00,,5.2,Kalu Ganga,Rathnapura,ed7631e5-8055-49a0-848c-24f7f8268786,9.5,7.5,1468905,0,2.08
2026-08-06T06:35:11.594000+00:00,,2026-08-07T21:15:49.293000+00:00,irrigationgis,6.5,Kelani Ganga,Hanwella,f811b2f1-8ddc-4338-a5b8-8210ca10fa9a,9.5,7.5,1468904,0,3.02
2026-08-06T06:35:04.069000+00:00,,2026-08-06T06:35:04.069000+00:00,,4.4,Kirindi Oya,Wellawaya,fe2125f2-43af-444d-8323-87771159e7e3,5.9,5.4,1468903,0,0.86
2026-08-06T06:34:55.457000+00:00,,2026-08-06T06:34:55.457000+00:00,,3,Kelani Ganga,Holombuwa,508d510a-7cd5-49d4-9716-cc82325bf7d8,5,3.4,1468902,0,0.64
2026-08-06T06:34:27.272000+00:00,,2026-08-06T06:34:27.272000+00:00,,4,Menik Ganga,Katharagama,d9df8174-a0c6-4318-bd0c-bb9771e4b113,6.5,4.6,1468901,0,-0.22
2026-08-06T06:34:26.367000+00:00,,2026-08-06T06:34:26.367000+00:00,,4,Maduru Oya,Padiyathalawa,c0a1cf5d-cbfd-4e0b-a6b7-317a227b51ae,6,4.5,1468900,0,0.1
2026-08-06T06:33:12.016000+00:00,,2026-08-06T06:33:12.016000+00:00,,10,Kalu Ganga,Ellagawa,456a783d-caeb-4a0d-81dc-7dce952dbb86,12.2,10.7,1468899,0,7.15
2026-08-06T06:33:06.001000+00:00,,2026-08-06T06:33:06.001000+00:00,,6,Yan Oya,Horowpothana,92d36b1d-d4d0-4677-8c01-753e0e9c8bc5,10.5,7.5,1468898,0,1.58
2026-08-06T06:33:03.888000+00:00,,2026-08-06T06:33:03.888000+00:00,,4.75,Deduru Oya,Moragaswewa,86f99603-92cb-4dc8-a599-3cabe6a916b3,7,6,1468897,0,-0.01
2026-08-06T06:32:55.446000+00:00,,2026-08-06T06:32:55.446000+00:00,,3,Walawe Ganga,Moraketiya,a8f88cc5-8138-45a7-9112-b852ffcbdf83,7,5,1468896,0,0.66
2026-08-06T06:32:53.351000+00:00,,2026-08-06T06:32:53.351000+00:00,,4.84,Mee Oya,Galgamuwa,7b7814e3-7b9c-4718-827a-c4ebea48deaf,8,5.94,1468895,0,0.02
2026-08-06T06:32:47.946000+00:00,,2026-08-06T06:32:47.946000+00:00,,4.4,Kirindi Oya,Wellawaya,8e4d67f9-21f5-42f2-a3b0-dfd621e88ed6,5.9,5.4,1468894,0,0.86
2026-08-06T06:32:46.510000+00:00,,2026-08-06T06:32:46.510000+00:00,,3,Mahaweli Ganga,Thaldena,c84aabdb-7081-43c9-893a-798ffd9e087f,5,4,1468893,0,0.14
2026-08-06T06:32:45.653000+00:00,,2026-08-06T06:32:45.653000+00:00,,5,Malwathu Oya,Thanthirimale,b2a15828-8fcd-4438-8e46-7f7753b197ff,7.8,6.8,1468892,0,0.87
2026-08-06T06:32:42.316000+00:00,,2026-08-06T06:32:42.316000+00:00,,5,Kumbukkan Oya,Nakkala,14c70f7e-129f-4d8d-84d4-6a410a3f4284,7.5,6,1468891,0,0.53
2026-08-06T06:32:31.596000+00:00,,2026-08-06T06:32:31.596000+00:00,,5,Kalu Ganga,Kalawellawa (Millakanda),2693596a-36a2-4e7e-a42a-d42077039624,8,6.5,1468890,0,3.36
2026-08-06T06:32:31.374000+00:00,,2026-08-06T06:32:31.374000+00:00,,4,Kirindi Oya,Thanamalwila,a74721b6-e8d8-4688-9f5d-9a6bed5c1819,5.5,5,1468889,0,0.02
2026-08-06T06:32:29.190000+00:00,,2026-08-07T02:59:40.336000+00:00,irrigationgis,4.8,Kelani Ganga,Deraniyagala,54fe53a3-422f-4b17-a50d-bd89dc61216c,7,5.8,1468888,0.3,1.39
2026-08-06T06:32:25.624000+00:00,,2026-08-06T06:32:25.624000+00:00,,3,Kelani Ganga,Kithulgala,d5a68148-df57-42bd-a914-a223a40c85d8,6,4,1468887,9.8,3.2
2026-08-06T06:32:09.631000+00:00,,2026-08-06T06:32:09.631000+00:00,,3,Kalu Ganga,Putupaula,8e490f97-ffb5-4523-9ace-428058c0cad4,5,4,1468886,0,1.56
2026-08-06T06:32:08.757000+00:00,,2026-08-06T06:32:08.757000+00:00,,3,Mahaweli Ganga,Manampitiya,e4e4c1c0-2933-471a-8557-61bb557558bc,6,4.3,1468885,0,-0.08
2026-08-06T06:32:06.724000+00:00,,2026-08-06T06:32:06.724000+00:00,,5,Mahaweli Ganga,Peradeniya,ca6a2ea8-6d3f-4653-ae97-4073115cd262,9,7,1468884,7.8,4.18
2026-08-06T06:31:55.167000+00:00,,2026-08-06T06:31:55.167000+00:00,,4,Nilwala Ganga,Pitabeddara,0c9ed699-1dba-4360-8961-5c142e6eebc6,6.5,5,1468883,0,0.48
2026-08-06T06:31:52.854000+00:00,,2026-08-06T06:31:52.854000+00:00,,1.4,Nilwala Ganga,Thalgahagoda,b9dbc015-940b-45af-accc-abafcbcf10bf,2.8,1.7,1468882,0,0.3
2026-08-06T06:31:44.650000+00:00,,2026-08-06T06:31:44.650000+00:00,,4.5,Heda Oya,Siyambalanduwa,46674477-0544-4c9f-a21f-32701c564070,7,6,1468881,0,0.16
2026-08-06T06:31:15.572000+00:00,,2026-08-06T06:31:15.572000+00:00,,5.5,Maha Oya,Giriulla,fcba28f7-94a0-427b-8d43-27940af77278,7.5,6.5,1468880,0,1.15
2026-08-06T06:31:15.071000+00:00,,2026-08-06T06:31:15.071000+00:00,,4,Ma Oya,Yaka Wewa,fbfbf3f3-cd57-4571-ad10-4461b59e218e,6,5,1468879,0,0.42
2026-08-06T06:31:10.056000+00:00,,2026-08-06T06:31:10.056000+00:00,,3.5,Mahaweli Ganga,Nawalapitiya,e682d30e-2721-4f94-a936-7376da8b3355,6,5,1468878,0,2.3
2026-08-06T06:30:52.160000+00:00,,2026-08-06T06:30:52.160000+00:00,,,Gal Oya,Ampara,ce05cc44-4297-4c91-a78e-38775ba1a870,,,1468877,0,0
2026-08-06T06:30:34.715000+00:00,,2026-08-06T06:30:34.715000+00:00,,6.9,Kirindi Oya,Kuda Oya,d783599b-67a8-4372-badf-ccbcf1d117d8,8.8,8.4,1468876,0,0.96
2026-08-06T06:30:30.101000+00:00,,2026-08-06T06:30:30.101000+00:00,,5,Mahaweli Ganga,Weraganthota,71061191-d751-4bb2-b11c-dc2093b4bb1b,8,6,1468875,0,-3.43
